date,state_name,county_name,measure_id,measure_name,synthetic_aq_index,is_spike,zscore,is_anomaly
1999-01-01,Pennsylvania,Lancaster,85,Percent of days with PM2.5 levels over the National Ambient Air Quality Standard (NAAQS),0.2164222175092314,False,,False
1999-01-02,Pennsylvania,Lancaster,85,Percent of days with PM2.5 levels over the National Ambient Air Quality Standard (NAAQS),0.2540410246319238,False,,False
1999-01-03,Pennsylvania,Lancaster,85,Percent of days with PM2.5 levels over the National Ambient Air Quality Standard (NAAQS),0.1790144992772316,False,,False
1999-01-04,Pennsylvania,Lancaster,85,Percent of days with PM2.5 levels over the National Ambient Air Quality Standard (NAAQS),0.0604117091990299,False,,False
1999-01-05,Pennsylvania,Lancaster,85,Percent of days with PM2.5 levels over the National Ambient Air Quality Standard (NAAQS),0.327394393383847,False,,False
1999-01-06,Pennsylvania,Lancaster,85,Percent of days with PM2.5 levels over the National Ambient Air Quality Standard (NAAQS),0.2038963815324107,False,,False
1999-01-07,Pennsylvania,Lancaster,85,Percent of days with PM2.5 levels over the National Ambient Air Quality Standard (NAAQS),0.3492429016174249,False,,False
1999-01-08,Pennsylvania,Lancaster,85,Percent of days with PM2.5 levels over the National Ambient Air Quality Standard (NAAQS),0.1774605637022052,False,,False
1999-01-09,Pennsylvania,Lancaster,85,Percent of days with PM2.5 levels over the National Ambient Air Quality Standard (NAAQS),0.214818851907086,False,,False
1999-01-10,Pennsylvania,Lancaster,85,Percent of days with PM2.5 levels over the National Ambient Air Quality Standard (NAAQS),0.2050752136669339,False,,False
1999-01-11,Pennsylvania,Lancaster,85,Percent of days with PM2.5 levels over the National Ambient Air Quality Standard (NAAQS),0.3240128888567035,False,,False
1999-01-12,Pennsylvania,Lancaster,85,Percent of days with PM2.5 levels over the National Ambient Air Quality Standard (NAAQS),0.2166964177482064,False,,False
1999-01-13,Pennsylvania,Lancaster,85,Percent of days with PM2.5 levels over the National Ambient Air Quality Standard (NAAQS),0.2433126063434074,False,,False
1999-01-14,Pennsylvania,Lancaster,85,Percent of days with PM2.5 levels over the National Ambient Air Quality Standard (NAAQS),0.2146581476930275,False,,False
1999-01-15,Pennsylvania,Lancaster,85,Percent of days with PM2.5 levels over the National Ambient Air Quality Standard (NAAQS),0.2771241546243467,False,,False
1999-01-16,Pennsylvania,Lancaster,85,Percent of days with PM2.5 levels over the National Ambient Air Quality Standard (NAAQS),0.2604529133711697,False,,False
1999-01-17,Pennsylvania,Lancaster,85,Percent of days with PM2.5 levels over the National Ambient Air Quality Standard (NAAQS),0.2497352894762863,False,,False
1999-01-18,Pennsylvania,Lancaster,85,Percent of days with PM2.5 levels over the National Ambient Air Quality Standard (NAAQS),0.1339213472327672,False,,False
1999-01-19,Pennsylvania,Lancaster,85,Percent of days with PM2.5 levels over the National Ambient Air Quality Standard (NAAQS),0.166994320433049,False,,False
1999-01-20,Pennsylvania,Lancaster,85,Percent of days with PM2.5 levels over the National Ambient Air Quality Standard (NAAQS),0.2883645343726825,False,,False
1999-01-21,Pennsylvania,Lancaster,85,Percent of days with PM2.5 levels over the National Ambient Air Quality Standard (NAAQS),0.1847238343675114,False,,False
1999-01-22,Pennsylvania,Lancaster,85,Percent of days with PM2.5 levels over the National Ambient Air Quality Standard (NAAQS),0.2460503486372784,False,,False
1999-01-23,Pennsylvania,Lancaster,85,Percent of days with PM2.5 levels over the National Ambient Air Quality Standard (NAAQS),0.3099519472406221,False,,False
1999-01-24,Pennsylvania,Lancaster,85,Percent of days with PM2.5 levels over the National Ambient Air Quality Standard (NAAQS),0.3573553285607593,False,,False
1999-01-25,Pennsylvania,Lancaster,85,Percent of days with PM2.5 levels over the National Ambient Air Quality Standard (NAAQS),0.3072132645142062,False,,False
1999-01-26,Pennsylvania,Lancaster,85,Percent of days with PM2.5 levels over the National Ambient Air Quality Standard (NAAQS),0.2521566562771191,False,,False
1999-01-27,Pennsylvania,Lancaster,85,Percent of days with PM2.5 levels over the National Ambient Air Quality Standard (NAAQS),0.1704880135187332,False,,False
1999-01-28,Pennsylvania,Lancaster,85,Percent of days with PM2.5 levels over the National Ambient Air Quality Standard (NAAQS),0.1452847078630521,False,-1.2633923818359545,False
1999-01-29,Pennsylvania,Lancaster,85,Percent of days with PM2.5 levels over the National Ambient Air Quality Standard (NAAQS),0.2706972587501168,False,0.5043007885504324,False
1999-01-30,Pennsylvania,Lancaster,85,Percent of days with PM2.5 levels over the National Ambient Air Quality Standard (NAAQS),0.2549718262885707,False,0.27926321971060475,False
1999-01-31,Pennsylvania,Lancaster,85,Percent of days with PM2.5 levels over the National Ambient Air Quality Standard (NAAQS),0.198375347082034,False,-0.542318424495578,False
1999-02-01,Pennsylvania,Lancaster,85,Percent of days with PM2.5 levels over the National Ambient Air Quality Standard (NAAQS),0.2229372164214197,False,-0.3132234882057706,False
1999-02-02,Pennsylvania,Lancaster,85,Percent of days with PM2.5 levels over the National Ambient Air Quality Standard (NAAQS),0.1828982577873018,False,-0.9104233020061647,False
1999-02-03,Pennsylvania,Lancaster,85,Percent of days with PM2.5 levels over the National Ambient Air Quality Standard (NAAQS),0.0789128339058956,False,-2.322663052797498,False
1999-02-04,Pennsylvania,Lancaster,85,Percent of days with PM2.5 levels over the National Ambient Air Quality Standard (NAAQS),0.2750493220366845,False,0.7259632467167791,False
1999-02-05,Pennsylvania,Lancaster,85,Percent of days with PM2.5 levels over the National Ambient Air Quality Standard (NAAQS),0.2213280527188861,False,-0.15984511022680237,False
1999-02-06,Pennsylvania,Lancaster,85,Percent of days with PM2.5 levels over the National Ambient Air Quality Standard (NAAQS),0.2471459981126166,False,0.23961728658167605,False
1999-02-07,Pennsylvania,Lancaster,85,Percent of days with PM2.5 levels over the National Ambient Air Quality Standard (NAAQS),0.2196796145094442,False,-0.21435335984190435,False
1999-02-08,Pennsylvania,Lancaster,85,Percent of days with PM2.5 levels over the National Ambient Air Quality Standard (NAAQS),0.2046633953698021,False,-0.405252089253851,False
1999-02-09,Pennsylvania,Lancaster,85,Percent of days with PM2.5 levels over the National Ambient Air Quality Standard (NAAQS),0.135826595232513,False,-1.458845923518581,False
1999-02-10,Pennsylvania,Lancaster,85,Percent of days with PM2.5 levels over the National Ambient Air Quality Standard (NAAQS),0.1932410131682583,False,-0.4965246290668416,False
1999-02-11,Pennsylvania,Lancaster,85,Percent of days with PM2.5 levels over the National Ambient Air Quality Standard (NAAQS),0.04896184077707,False,-2.411147748970139,False
1999-02-12,Pennsylvania,Lancaster,85,Percent of days with PM2.5 levels over the National Ambient Air Quality Standard (NAAQS),0.2625760605830091,False,0.646617243617692,False
1999-02-13,Pennsylvania,Lancaster,85,Percent of days with PM2.5 levels over the National Ambient Air Quality Standard (NAAQS),0.2134769973399686,False,-0.033867258238678116,False
1999-02-14,Pennsylvania,Lancaster,85,Percent of days with PM2.5 levels over the National Ambient Air Quality Standard (NAAQS),0.2172976723140414,False,0.03825723459481692,False
1999-02-15,Pennsylvania,Lancaster,85,Percent of days with PM2.5 levels over the National Ambient Air Quality Standard (NAAQS),0.2273977410144375,False,0.1401086309261415,False
1999-02-16,Pennsylvania,Lancaster,85,Percent of days with PM2.5 levels over the National Ambient Air Quality Standard (NAAQS),0.181260724259512,False,-0.5582873526775313,False
1999-02-17,Pennsylvania,Lancaster,85,Percent of days with PM2.5 levels over the National Ambient Air Quality Standard (NAAQS),0.2173619646120614,False,0.021248084269812305,False
1999-02-18,Pennsylvania,Lancaster,85,Percent of days with PM2.5 levels over the National Ambient Air Quality Standard (NAAQS),0.1647682846036119,False,-0.7678098630053706,False
1999-02-19,Pennsylvania,Lancaster,85,Percent of days with PM2.5 levels over the National Ambient Air Quality Standard (NAAQS),0.2042395858300909,False,-0.1454523329269042,False
1999-02-20,Pennsylvania,Lancaster,85,Percent of days with PM2.5 levels over the National Ambient Air Quality Standard (NAAQS),0.133012148531719,False,-1.1555801659575342,False
1999-02-21,Pennsylvania,Lancaster,85,Percent of days with PM2.5 levels over the National Ambient Air Quality Standard (NAAQS),0.2496754071003127,False,0.7939017497089133,False
1999-02-22,Pennsylvania,Lancaster,85,Percent of days with PM2.5 levels over the National Ambient Air Quality Standard (NAAQS),0.2897049326763261,False,1.522619095950908,False
1999-02-23,Pennsylvania,Lancaster,85,Percent of days with PM2.5 levels over the National Ambient Air Quality Standard (NAAQS),0.1754642622772983,False,-0.4396836316723325,False
1999-02-24,Pennsylvania,Lancaster,85,Percent of days with PM2.5 levels over the National Ambient Air Quality Standard (NAAQS),0.164933848539784,False,-0.621742875932832,False
1999-02-25,Pennsylvania,Lancaster,85,Percent of days with PM2.5 levels over the National Ambient Air Quality Standard (NAAQS),0.1810433092471088,False,-0.36479197756380594,False
1999-02-26,Pennsylvania,Lancaster,85,Percent of days with PM2.5 levels over the National Ambient Air Quality Standard (NAAQS),0.2188811516768724,False,0.35935686435520475,False
1999-02-27,Pennsylvania,Lancaster,85,Percent of days with PM2.5 levels over the National Ambient Air Quality Standard (NAAQS),0.2733582060126502,False,1.3356800215664622,False
1999-02-28,Pennsylvania,Lancaster,85,Percent of days with PM2.5 levels over the National Ambient Air Quality Standard (NAAQS),0.0971930319530555,False,-1.7070523097782264,False
1999-03-01,Pennsylvania,Lancaster,85,Percent of days with PM2.5 levels over the National Ambient Air Quality Standard (NAAQS),0.2675053036759592,False,1.1659612796682308,False
1999-03-02,Pennsylvania,Lancaster,85,Percent of days with PM2.5 levels over the National Ambient Air Quality Standard (NAAQS),0.2168681576556471,False,0.2947623032991939,False
1999-03-03,Pennsylvania,Lancaster,85,Percent of days with PM2.5 levels over the National Ambient Air Quality Standard (NAAQS),0.2168315041891391,False,0.23004751465548404,False
1999-03-04,Pennsylvania,Lancaster,85,Percent of days with PM2.5 levels over the National Ambient Air Quality Standard (NAAQS),0.3023298968767273,False,1.7262067507744236,False
1999-03-05,Pennsylvania,Lancaster,85,Percent of days with PM2.5 levels over the National Ambient Air Quality Standard (NAAQS),0.1281087439526948,False,-1.2719901187032037,False
1999-03-06,Pennsylvania,Lancaster,85,Percent of days with PM2.5 levels over the National Ambient Air Quality Standard (NAAQS),0.2654158745906927,False,1.0724659264583372,False
1999-03-07,Pennsylvania,Lancaster,85,Percent of days with PM2.5 levels over the National Ambient Air Quality Standard (NAAQS),0.3175838301340372,False,1.7852998109467186,False
1999-03-08,Pennsylvania,Lancaster,85,Percent of days with PM2.5 levels over the National Ambient Air Quality Standard (NAAQS),0.2100143973166964,False,0.060625713193840816,False
1999-03-09,Pennsylvania,Lancaster,85,Percent of days with PM2.5 levels over the National Ambient Air Quality Standard (NAAQS),0.186211936998232,False,-0.3570562906797116,False
1999-03-10,Pennsylvania,Lancaster,85,Percent of days with PM2.5 levels over the National Ambient Air Quality Standard (NAAQS),0.3172455630448108,False,1.6275076190748827,False
1999-03-11,Pennsylvania,Lancaster,85,Percent of days with PM2.5 levels over the National Ambient Air Quality Standard (NAAQS),0.1973397248976298,False,-0.3645854365537056,False
1999-03-12,Pennsylvania,Lancaster,85,Percent of days with PM2.5 levels over the National Ambient Air Quality Standard (NAAQS),0.1054977301540672,False,-1.8039928347887462,False
1999-03-13,Pennsylvania,Lancaster,85,Percent of days with PM2.5 levels over the National Ambient Air Quality Standard (NAAQS),0.2283351405692623,False,0.2645609172843742,False
1999-03-14,Pennsylvania,Lancaster,85,Percent of days with PM2.5 levels over the National Ambient Air Quality Standard (NAAQS),0.1390700839276211,False,-1.1647625526509529,False
1999-03-15,Pennsylvania,Lancaster,85,Percent of days with PM2.5 levels over the National Ambient Air Quality Standard (NAAQS),0.1700565219567422,False,-0.6177938427913605,False
1999-03-16,Pennsylvania,Lancaster,85,Percent of days with PM2.5 levels over the National Ambient Air Quality Standard (NAAQS),0.1881040910829311,False,-0.3271552025653429,False
1999-03-17,Pennsylvania,Lancaster,85,Percent of days with PM2.5 levels over the National Ambient Air Quality Standard (NAAQS),0.3085607891868349,False,1.520861121461933,False
1999-03-18,Pennsylvania,Lancaster,85,Percent of days with PM2.5 levels over the National Ambient Air Quality Standard (NAAQS),0.2331363069577488,False,0.30543070666577044,False
1999-03-19,Pennsylvania,Lancaster,85,Percent of days with PM2.5 levels over the National Ambient Air Quality Standard (NAAQS),0.2859918398910313,False,1.0694006165647025,False
1999-03-20,Pennsylvania,Lancaster,85,Percent of days with PM2.5 levels over the National Ambient Air Quality Standard (NAAQS),0.1620756999143524,False,-0.8746908256045025,False
1999-03-21,Pennsylvania,Lancaster,85,Percent of days with PM2.5 levels over the National Ambient Air Quality Standard (NAAQS),0.2410263181886685,False,0.3717312590240372,False
1999-03-22,Pennsylvania,Lancaster,85,Percent of days with PM2.5 levels over the National Ambient Air Quality Standard (NAAQS),0.2871000362439858,False,1.1007377764261035,False
1999-03-23,Pennsylvania,Lancaster,85,Percent of days with PM2.5 levels over the National Ambient Air Quality Standard (NAAQS),0.1378243110964627,False,-1.2082711032987832,False
1999-03-24,Pennsylvania,Lancaster,85,Percent of days with PM2.5 levels over the National Ambient Air Quality Standard (NAAQS),0.3602153529822109,False,1.979388708662098,False
1999-03-25,Pennsylvania,Lancaster,85,Percent of days with PM2.5 levels over the National Ambient Air Quality Standard (NAAQS),0.1096971954795297,False,-1.533653932552675,False
1999-03-26,Pennsylvania,Lancaster,85,Percent of days with PM2.5 levels over the National Ambient Air Quality Standard (NAAQS),0.2946492529014219,False,0.9726760935323198,False
1999-03-27,Pennsylvania,Lancaster,85,Percent of days with PM2.5 levels over the National Ambient Air Quality Standard (NAAQS),0.2848183205022467,False,0.8298035573728448,False
1999-03-28,Pennsylvania,Lancaster,85,Percent of days with PM2.5 levels over the National Ambient Air Quality Standard (NAAQS),0.2692173120845364,False,0.5647888026808916,False
1999-03-29,Pennsylvania,Lancaster,85,Percent of days with PM2.5 levels over the National Ambient Air Quality Standard (NAAQS),0.2002628911093954,False,-0.38680233844740614,False
1999-03-30,Pennsylvania,Lancaster,85,Percent of days with PM2.5 levels over the National Ambient Air Quality Standard (NAAQS),0.2592514072488147,False,0.43493209749611933,False
1999-03-31,Pennsylvania,Lancaster,85,Percent of days with PM2.5 levels over the National Ambient Air Quality Standard (NAAQS),0.2248450789740489,False,-0.06035615031285766,False
1999-04-01,Pennsylvania,Lancaster,85,Percent of days with PM2.5 levels over the National Ambient Air Quality Standard (NAAQS),0.1037353735926883,False,-1.6345592063525405,False
1999-04-02,Pennsylvania,Lancaster,85,Percent of days with PM2.5 levels over the National Ambient Air Quality Standard (NAAQS),0.324596750469424,False,1.3199762814620981,False
1999-04-03,Pennsylvania,Lancaster,85,Percent of days with PM2.5 levels over the National Ambient Air Quality Standard (NAAQS),0.1709519878065736,False,-0.7502830840337,False
1999-04-04,Pennsylvania,Lancaster,85,Percent of days with PM2.5 levels over the National Ambient Air Quality Standard (NAAQS),0.0855254558049639,False,-1.7532622728092746,False
1999-04-05,Pennsylvania,Lancaster,85,Percent of days with PM2.5 levels over the National Ambient Air Quality Standard (NAAQS),0.1331864814959379,False,-1.0593962059492659,False
1999-04-06,Pennsylvania,Lancaster,85,Percent of days with PM2.5 levels over the National Ambient Air Quality Standard (NAAQS),0.1333516827053039,False,-1.0147130640670141,False
1999-04-07,Pennsylvania,Lancaster,85,Percent of days with PM2.5 levels over the National Ambient Air Quality Standard (NAAQS),0.2210615493258385,False,0.15620706551052435,False
1999-04-08,Pennsylvania,Lancaster,85,Percent of days with PM2.5 levels over the National Ambient Air Quality Standard (NAAQS),0.2302726876981572,False,0.2624032092214423,False
1999-04-09,Pennsylvania,Lancaster,85,Percent of days with PM2.5 levels over the National Ambient Air Quality Standard (NAAQS),0.3312560141752291,False,1.4835843221061693,False
1999-04-10,Pennsylvania,Lancaster,85,Percent of days with PM2.5 levels over the National Ambient Air Quality Standard (NAAQS),0.2279916025668688,False,0.1249738972662091,False
1999-04-11,Pennsylvania,Lancaster,85,Percent of days with PM2.5 levels over the National Ambient Air Quality Standard (NAAQS),0.2712969411434293,False,0.6412459015601037,False
1999-04-12,Pennsylvania,Lancaster,85,Percent of days with PM2.5 levels over the National Ambient Air Quality Standard (NAAQS),0.2980950305524583,False,0.9309546858838854,False
1999-04-13,Pennsylvania,Lancaster,85,Percent of days with PM2.5 levels over the National Ambient Air Quality Standard (NAAQS),0.2674209820351424,False,0.48763700209199373,False
1999-04-14,Pennsylvania,Lancaster,85,Percent of days with PM2.5 levels over the National Ambient Air Quality Standard (NAAQS),0.2036201009898999,False,-0.3140630944258904,False
1999-04-15,Pennsylvania,Lancaster,85,Percent of days with PM2.5 levels over the National Ambient Air Quality Standard (NAAQS),0.2394078010752777,False,0.16618744493589913,False
1999-04-16,Pennsylvania,Lancaster,85,Percent of days with PM2.5 levels over the National Ambient Air Quality Standard (NAAQS),0.266191507198337,False,0.5409066651735377,False
1999-04-17,Pennsylvania,Lancaster,85,Percent of days with PM2.5 levels over the National Ambient Air Quality Standard (NAAQS),0.256860078092864,False,0.3726079689049134,False
1999-04-18,Pennsylvania,Lancaster,85,Percent of days with PM2.5 levels over the National Ambient Air Quality Standard (NAAQS),0.0944975807056751,False,-1.689013371691226,False
1999-04-19,Pennsylvania,Lancaster,85,Percent of days with PM2.5 levels over the National Ambient Air Quality Standard (NAAQS),0.1871619405913427,False,-0.4431374829777321,False
1999-04-20,Pennsylvania,Lancaster,85,Percent of days with PM2.5 levels over the National Ambient Air Quality Standard (NAAQS),0.1866675886754653,False,-0.4814795554184062,False
1999-04-21,Pennsylvania,Lancaster,85,Percent of days with PM2.5 levels over the National Ambient Air Quality Standard (NAAQS),0.1775514729763622,False,-0.549947032921062,False
1999-04-22,Pennsylvania,Lancaster,85,Percent of days with PM2.5 levels over the National Ambient Air Quality Standard (NAAQS),0.1146305384674187,False,-1.4535264561392574,False
1999-04-23,Pennsylvania,Lancaster,85,Percent of days with PM2.5 levels over the National Ambient Air Quality Standard (NAAQS),0.1794431618243782,False,-0.47835327920691784,False
1999-04-24,Pennsylvania,Lancaster,85,Percent of days with PM2.5 levels over the National Ambient Air Quality Standard (NAAQS),0.2217943223784665,False,0.17557726644803182,False
1999-04-25,Pennsylvania,Lancaster,85,Percent of days with PM2.5 levels over the National Ambient Air Quality Standard (NAAQS),0.3019807864361942,False,1.3258761284098102,False
1999-04-26,Pennsylvania,Lancaster,85,Percent of days with PM2.5 levels over the National Ambient Air Quality Standard (NAAQS),0.2084119327215772,False,-0.044618475852846576,False
1999-04-27,Pennsylvania,Lancaster,85,Percent of days with PM2.5 levels over the National Ambient Air Quality Standard (NAAQS),0.1763679354720922,False,-0.47189577485495104,False
1999-04-28,Pennsylvania,Lancaster,85,Percent of days with PM2.5 levels over the National Ambient Air Quality Standard (NAAQS),0.2911108100687302,False,1.149160062860061,False
1999-04-29,Pennsylvania,Lancaster,85,Percent of days with PM2.5 levels over the National Ambient Air Quality Standard (NAAQS),0.2791751481289926,False,0.9164529651664144,False
1999-04-30,Pennsylvania,Lancaster,85,Percent of days with PM2.5 levels over the National Ambient Air Quality Standard (NAAQS),0.2080043832816192,False,-0.07724842943771454,False
1999-05-01,Pennsylvania,Lancaster,85,Percent of days with PM2.5 levels over the National Ambient Air Quality Standard (NAAQS),0.3151766023220391,False,1.4575484640233034,False
1999-05-02,Pennsylvania,Lancaster,85,Percent of days with PM2.5 levels over the National Ambient Air Quality Standard (NAAQS),0.0526340412197614,False,-2.372870698331738,False
1999-05-03,Pennsylvania,Lancaster,85,Percent of days with PM2.5 levels over the National Ambient Air Quality Standard (NAAQS),0.2717272270369631,False,0.7329982752889381,False
1999-05-04,Pennsylvania,Lancaster,85,Percent of days with PM2.5 levels over the National Ambient Air Quality Standard (NAAQS),0.3403684851498315,False,1.6042685853869394,False
1999-05-05,Pennsylvania,Lancaster,85,Percent of days with PM2.5 levels over the National Ambient Air Quality Standard (NAAQS),0.1465373711482638,False,-1.1284425334199197,False
1999-05-06,Pennsylvania,Lancaster,85,Percent of days with PM2.5 levels over the National Ambient Air Quality Standard (NAAQS),0.2163308340206838,False,-0.13805448853123692,False
1999-05-07,Pennsylvania,Lancaster,85,Percent of days with PM2.5 levels over the National Ambient Air Quality Standard (NAAQS),0.172509431391909,False,-0.6991228695704618,False
1999-05-08,Pennsylvania,Lancaster,85,Percent of days with PM2.5 levels over the National Ambient Air Quality Standard (NAAQS),0.2061588053991429,False,-0.19707427223891424,False
1999-05-09,Pennsylvania,Lancaster,85,Percent of days with PM2.5 levels over the National Ambient Air Quality Standard (NAAQS),0.2028819807128236,False,-0.21134766805805677,False
1999-05-10,Pennsylvania,Lancaster,85,Percent of days with PM2.5 levels over the National Ambient Air Quality Standard (NAAQS),0.2032409775856752,False,-0.1605486694597121,False
1999-05-11,Pennsylvania,Lancaster,85,Percent of days with PM2.5 levels over the National Ambient Air Quality Standard (NAAQS),0.2331382942953294,False,0.3137175126415562,False
1999-05-12,Pennsylvania,Lancaster,85,Percent of days with PM2.5 levels over the National Ambient Air Quality Standard (NAAQS),0.1952136604670049,False,-0.2615192356636997,False
1999-05-13,Pennsylvania,Lancaster,85,Percent of days with PM2.5 levels over the National Ambient Air Quality Standard (NAAQS),0.1971148356979401,False,-0.20990014330411108,False
1999-05-14,Pennsylvania,Lancaster,85,Percent of days with PM2.5 levels over the National Ambient Air Quality Standard (NAAQS),0.2939412568673791,False,1.2377993807594407,False
1999-05-15,Pennsylvania,Lancaster,85,Percent of days with PM2.5 levels over the National Ambient Air Quality Standard (NAAQS),0.0785936036498105,False,-1.8042307123508523,False
1999-05-16,Pennsylvania,Lancaster,85,Percent of days with PM2.5 levels over the National Ambient Air Quality Standard (NAAQS),0.2687722253337574,False,0.8424097392654061,False
1999-05-17,Pennsylvania,Lancaster,85,Percent of days with PM2.5 levels over the National Ambient Air Quality Standard (NAAQS),0.0976733323959997,False,-1.5600706641098971,False
1999-05-18,Pennsylvania,Lancaster,85,Percent of days with PM2.5 levels over the National Ambient Air Quality Standard (NAAQS),0.1849083961113883,False,-0.33077380950109514,False
1999-05-19,Pennsylvania,Lancaster,85,Percent of days with PM2.5 levels over the National Ambient Air Quality Standard (NAAQS),0.1907609521583415,False,-0.255639180715074,False
1999-05-20,Pennsylvania,Lancaster,85,Percent of days with PM2.5 levels over the National Ambient Air Quality Standard (NAAQS),0.2993754513521762,False,1.1922411451072514,False
1999-05-21,Pennsylvania,Lancaster,85,Percent of days with PM2.5 levels over the National Ambient Air Quality Standard (NAAQS),0.1800947643948345,False,-0.5032114526460016,False
1999-05-22,Pennsylvania,Lancaster,85,Percent of days with PM2.5 levels over the National Ambient Air Quality Standard (NAAQS),0.2552762686553441,False,0.5452869514769607,False
1999-05-23,Pennsylvania,Lancaster,85,Percent of days with PM2.5 levels over the National Ambient Air Quality Standard (NAAQS),0.2370288317076455,False,0.32881014284355947,False
1999-05-24,Pennsylvania,Lancaster,85,Percent of days with PM2.5 levels over the National Ambient Air Quality Standard (NAAQS),0.2466483195719534,False,0.44695698346593155,False
1999-05-25,Pennsylvania,Lancaster,85,Percent of days with PM2.5 levels over the National Ambient Air Quality Standard (NAAQS),0.3893934873894732,False,2.183837637402282,False
1999-05-26,Pennsylvania,Lancaster,85,Percent of days with PM2.5 levels over the National Ambient Air Quality Standard (NAAQS),0.1635843227147222,False,-0.7298937461625438,False
1999-05-27,Pennsylvania,Lancaster,85,Percent of days with PM2.5 levels over the National Ambient Air Quality Standard (NAAQS),0.1916072067268697,False,-0.3214082915128429,False
1999-05-28,Pennsylvania,Lancaster,85,Percent of days with PM2.5 levels over the National Ambient Air Quality Standard (NAAQS),0.2110818758294734,False,-0.06273501679683596,False
1999-05-29,Pennsylvania,Lancaster,85,Percent of days with PM2.5 levels over the National Ambient Air Quality Standard (NAAQS),0.1381699086298421,False,-0.9684455019543536,False
1999-05-30,Pennsylvania,Lancaster,85,Percent of days with PM2.5 levels over the National Ambient Air Quality Standard (NAAQS),0.2670104010695015,False,0.7381771649620704,False
1999-05-31,Pennsylvania,Lancaster,85,Percent of days with PM2.5 levels over the National Ambient Air Quality Standard (NAAQS),0.2627827864195787,False,0.6828558784691706,False
1999-06-01,Pennsylvania,Lancaster,85,Percent of days with PM2.5 levels over the National Ambient Air Quality Standard (NAAQS),0.2484848242861188,False,0.5532304157313357,False
1999-06-02,Pennsylvania,Lancaster,85,Percent of days with PM2.5 levels over the National Ambient Air Quality Standard (NAAQS),0.2220989345970371,False,0.09521521620418313,False
1999-06-03,Pennsylvania,Lancaster,85,Percent of days with PM2.5 levels over the National Ambient Air Quality Standard (NAAQS),0.1224259886815698,False,-1.4055207576377822,False
1999-06-04,Pennsylvania,Lancaster,85,Percent of days with PM2.5 levels over the National Ambient Air Quality Standard (NAAQS),0.3619352860642215,False,2.042474632077181,False
1999-06-05,Pennsylvania,Lancaster,85,Percent of days with PM2.5 levels over the National Ambient Air Quality Standard (NAAQS),0.2400063444743129,False,0.2750117099735039,False
1999-06-06,Pennsylvania,Lancaster,85,Percent of days with PM2.5 levels over the National Ambient Air Quality Standard (NAAQS),0.2602969262665601,False,0.5343280505184222,False
1999-06-07,Pennsylvania,Lancaster,85,Percent of days with PM2.5 levels over the National Ambient Air Quality Standard (NAAQS),0.1902362951214604,False,-0.4583853839093368,False
1999-06-08,Pennsylvania,Lancaster,85,Percent of days with PM2.5 levels over the National Ambient Air Quality Standard (NAAQS),0.2435922883838476,False,0.295956436837637,False
1999-06-09,Pennsylvania,Lancaster,85,Percent of days with PM2.5 levels over the National Ambient Air Quality Standard (NAAQS),0.1293764411524828,False,-1.2591817569101378,False
1999-06-10,Pennsylvania,Lancaster,85,Percent of days with PM2.5 levels over the National Ambient Air Quality Standard (NAAQS),0.1498039828500681,False,-0.9389473063166902,False
1999-06-11,Pennsylvania,Lancaster,85,Percent of days with PM2.5 levels over the National Ambient Air Quality Standard (NAAQS),0.2303781764317524,False,0.19309097666687627,False
1999-06-12,Pennsylvania,Lancaster,85,Percent of days with PM2.5 levels over the National Ambient Air Quality Standard (NAAQS),0.3025304800704961,False,1.140282216829427,False
1999-06-13,Pennsylvania,Lancaster,85,Percent of days with PM2.5 levels over the National Ambient Air Quality Standard (NAAQS),0.2542451176734489,False,0.4443753678213169,False
1999-06-14,Pennsylvania,Lancaster,85,Percent of days with PM2.5 levels over the National Ambient Air Quality Standard (NAAQS),0.2734536815444747,False,0.6745702583284144,False
1999-06-15,Pennsylvania,Lancaster,85,Percent of days with PM2.5 levels over the National Ambient Air Quality Standard (NAAQS),0.1566461836395695,False,-1.1161972437596772,False
1999-06-16,Pennsylvania,Lancaster,85,Percent of days with PM2.5 levels over the National Ambient Air Quality Standard (NAAQS),0.373739538837146,False,1.9706138187090487,False
1999-06-17,Pennsylvania,Lancaster,85,Percent of days with PM2.5 levels over the National Ambient Air Quality Standard (NAAQS),0.2549381498050966,False,0.3008482252150853,False
1999-06-18,Pennsylvania,Lancaster,85,Percent of days with PM2.5 levels over the National Ambient Air Quality Standard (NAAQS),0.2180778234634778,False,-0.25557833030903193,False
1999-06-19,Pennsylvania,Lancaster,85,Percent of days with PM2.5 levels over the National Ambient Air Quality Standard (NAAQS),0.2154814792071911,False,-0.2728349790346679,False
1999-06-20,Pennsylvania,Lancaster,85,Percent of days with PM2.5 levels over the National Ambient Air Quality Standard (NAAQS),0.159807076446642,False,-1.0265036095001725,False
1999-06-21,Pennsylvania,Lancaster,85,Percent of days with PM2.5 levels over the National Ambient Air Quality Standard (NAAQS),0.1590477192075184,False,-0.9751202270948784,False
1999-06-22,Pennsylvania,Lancaster,85,Percent of days with PM2.5 levels over the National Ambient Air Quality Standard (NAAQS),0.1465581831141176,False,-1.121042535816148,False
1999-06-23,Pennsylvania,Lancaster,85,Percent of days with PM2.5 levels over the National Ambient Air Quality Standard (NAAQS),0.0795695978169407,False,-1.9689934032633836,False
1999-06-24,Pennsylvania,Lancaster,85,Percent of days with PM2.5 levels over the National Ambient Air Quality Standard (NAAQS),0.2700166546015989,False,0.7227467776217305,False
1999-06-25,Pennsylvania,Lancaster,85,Percent of days with PM2.5 levels over the National Ambient Air Quality Standard (NAAQS),0.2981684200952792,False,1.056820490751262,False
1999-06-26,Pennsylvania,Lancaster,85,Percent of days with PM2.5 levels over the National Ambient Air Quality Standard (NAAQS),0.1565350426624988,False,-0.9388408418710856,False
1999-06-27,Pennsylvania,Lancaster,85,Percent of days with PM2.5 levels over the National Ambient Air Quality Standard (NAAQS),0.2040340385713252,False,-0.23885707219940389,False
1999-06-28,Pennsylvania,Lancaster,85,Percent of days with PM2.5 levels over the National Ambient Air Quality Standard (NAAQS),0.1781523046764295,False,-0.5636273886154419,False
1999-06-29,Pennsylvania,Lancaster,85,Percent of days with PM2.5 levels over the National Ambient Air Quality Standard (NAAQS),0.3088907560232193,False,1.2295188322489616,False
1999-06-30,Pennsylvania,Lancaster,85,Percent of days with PM2.5 levels over the National Ambient Air Quality Standard (NAAQS),0.2633106738822686,False,0.5750178296461603,False
1999-07-01,Pennsylvania,Lancaster,85,Percent of days with PM2.5 levels over the National Ambient Air Quality Standard (NAAQS),0.3296934687809148,False,1.38387764111368,False
1999-07-02,Pennsylvania,Lancaster,85,Percent of days with PM2.5 levels over the National Ambient Air Quality Standard (NAAQS),0.2442255648386527,False,0.286995698857378,False
1999-07-03,Pennsylvania,Lancaster,85,Percent of days with PM2.5 levels over the National Ambient Air Quality Standard (NAAQS),0.1298692694094647,False,-1.2915400134576975,False
1999-07-04,Pennsylvania,Lancaster,85,Percent of days with PM2.5 levels over the National Ambient Air Quality Standard (NAAQS),0.3413698580044845,False,1.5988647310981277,False
1999-07-05,Pennsylvania,Lancaster,85,Percent of days with PM2.5 levels over the National Ambient Air Quality Standard (NAAQS),0.1859619228325131,False,-0.5089884602061207,False
1999-07-06,Pennsylvania,Lancaster,85,Percent of days with PM2.5 levels over the National Ambient Air Quality Standard (NAAQS),0.2370708161237135,False,0.18765849376526178,False
1999-07-07,Pennsylvania,Lancaster,85,Percent of days with PM2.5 levels over the National Ambient Air Quality Standard (NAAQS),0.2436141951253723,False,0.228111746286995,False
1999-07-08,Pennsylvania,Lancaster,85,Percent of days with PM2.5 levels over the National Ambient Air Quality Standard (NAAQS),0.2613140961815011,False,0.42857827479248534,False
1999-07-09,Pennsylvania,Lancaster,85,Percent of days with PM2.5 levels over the National Ambient Air Quality Standard (NAAQS),0.165367939737975,False,-0.8947068180854784,False
1999-07-10,Pennsylvania,Lancaster,85,Percent of days with PM2.5 levels over the National Ambient Air Quality Standard (NAAQS),0.2081396329616702,False,-0.2507041060342485,False
1999-07-11,Pennsylvania,Lancaster,85,Percent of days with PM2.5 levels over the National Ambient Air Quality Standard (NAAQS),0.365431735543798,False,1.8254648073254751,False
1999-07-12,Pennsylvania,Lancaster,85,Percent of days with PM2.5 levels over the National Ambient Air Quality Standard (NAAQS),0.2302230993027744,False,0.02946850680882168,False
1999-07-13,Pennsylvania,Lancaster,85,Percent of days with PM2.5 levels over the National Ambient Air Quality Standard (NAAQS),0.1900687903232165,False,-0.5366678677351278,False
1999-07-14,Pennsylvania,Lancaster,85,Percent of days with PM2.5 levels over the National Ambient Air Quality Standard (NAAQS),0.2315323495129267,False,0.10957513196713536,False
1999-07-15,Pennsylvania,Lancaster,85,Percent of days with PM2.5 levels over the National Ambient Air Quality Standard (NAAQS),0.2897554002489033,False,0.9437228428394892,False
1999-07-16,Pennsylvania,Lancaster,85,Percent of days with PM2.5 levels over the National Ambient Air Quality Standard (NAAQS),0.2043666304463004,False,-0.300860632118621,False
1999-07-17,Pennsylvania,Lancaster,85,Percent of days with PM2.5 levels over the National Ambient Air Quality Standard (NAAQS),0.2475679763667362,False,0.31445982146715046,False
1999-07-18,Pennsylvania,Lancaster,85,Percent of days with PM2.5 levels over the National Ambient Air Quality Standard (NAAQS),0.2637755640929311,False,0.5038631658009948,False
1999-07-19,Pennsylvania,Lancaster,85,Percent of days with PM2.5 levels over the National Ambient Air Quality Standard (NAAQS),0.2809547359851154,False,0.7022805623145149,False
1999-07-20,Pennsylvania,Lancaster,85,Percent of days with PM2.5 levels over the National Ambient Air Quality Standard (NAAQS),0.2289083084110293,False,-0.12658889221843594,False
1999-07-21,Pennsylvania,Lancaster,85,Percent of days with PM2.5 levels over the National Ambient Air Quality Standard (NAAQS),0.1865631569049897,False,-0.9435563808703836,False
1999-07-22,Pennsylvania,Lancaster,85,Percent of days with PM2.5 levels over the National Ambient Air Quality Standard (NAAQS),0.2719304596344185,False,0.5376193010659782,False
1999-07-23,Pennsylvania,Lancaster,85,Percent of days with PM2.5 levels over the National Ambient Air Quality Standard (NAAQS),0.2486082442756286,False,0.1666273472334234,False
1999-07-24,Pennsylvania,Lancaster,85,Percent of days with PM2.5 levels over the National Ambient Air Quality Standard (NAAQS),0.1424973092770521,False,-1.6770067518236775,False
1999-07-25,Pennsylvania,Lancaster,85,Percent of days with PM2.5 levels over the National Ambient Air Quality Standard (NAAQS),0.1882717988567287,False,-0.8626875904197315,False
1999-07-26,Pennsylvania,Lancaster,85,Percent of days with PM2.5 levels over the National Ambient Air Quality Standard (NAAQS),0.1477244467700533,False,-1.5080454404936743,False
1999-07-27,Pennsylvania,Lancaster,85,Percent of days with PM2.5 levels over the National Ambient Air Quality Standard (NAAQS),0.1854897326958972,False,-0.8090895510249076,False
1999-07-28,Pennsylvania,Lancaster,85,Percent of days with PM2.5 levels over the National Ambient Air Quality Standard (NAAQS),0.2085316539334593,False,-0.3809953211961199,False
1999-07-29,Pennsylvania,Lancaster,85,Percent of days with PM2.5 levels over the National Ambient Air Quality Standard (NAAQS),0.2407904982143294,False,0.242404095555815,False
1999-07-30,Pennsylvania,Lancaster,85,Percent of days with PM2.5 levels over the National Ambient Air Quality Standard (NAAQS),0.2810359580709854,False,0.9377722642502729,False
1999-07-31,Pennsylvania,Lancaster,85,Percent of days with PM2.5 levels over the National Ambient Air Quality Standard (NAAQS),0.311586412721119,False,1.4047945735379683,False
1999-08-01,Pennsylvania,Lancaster,85,Percent of days with PM2.5 levels over the National Ambient Air Quality Standard (NAAQS),0.2832224918960747,False,0.9781397846493816,False
1999-08-02,Pennsylvania,Lancaster,85,Percent of days with PM2.5 levels over the National Ambient Air Quality Standard (NAAQS),0.1696008923676862,False,-1.2178255920283734,False
1999-08-03,Pennsylvania,Lancaster,85,Percent of days with PM2.5 levels over the National Ambient Air Quality Standard (NAAQS),0.1287745318794598,False,-1.8068805406269428,False
1999-08-04,Pennsylvania,Lancaster,85,Percent of days with PM2.5 levels over the National Ambient Air Quality Standard (NAAQS),0.2403325795556707,False,0.21109688245312108,False
1999-08-05,Pennsylvania,Lancaster,85,Percent of days with PM2.5 levels over the National Ambient Air Quality Standard (NAAQS),0.2250879718946583,False,-0.04139062146526699,False
1999-08-06,Pennsylvania,Lancaster,85,Percent of days with PM2.5 levels over the National Ambient Air Quality Standard (NAAQS),0.3008339240793617,False,1.242313457978547,False
1999-08-07,Pennsylvania,Lancaster,85,Percent of days with PM2.5 levels over the National Ambient Air Quality Standard (NAAQS),0.2063574390611047,False,-0.46636742562272265,False
1999-08-08,Pennsylvania,Lancaster,85,Percent of days with PM2.5 levels over the National Ambient Air Quality Standard (NAAQS),0.1032881265017204,False,-2.2106556452482518,False
1999-08-09,Pennsylvania,Lancaster,85,Percent of days with PM2.5 levels over the National Ambient Air Quality Standard (NAAQS),0.18167461445639,False,-0.7212706809362449,False
1999-08-10,Pennsylvania,Lancaster,85,Percent of days with PM2.5 levels over the National Ambient Air Quality Standard (NAAQS),0.2375750055691004,False,0.27316907254853173,False
1999-08-11,Pennsylvania,Lancaster,85,Percent of days with PM2.5 levels over the National Ambient Air Quality Standard (NAAQS),0.2086607410812773,False,-0.24395355157955953,False
1999-08-12,Pennsylvania,Lancaster,85,Percent of days with PM2.5 levels over the National Ambient Air Quality Standard (NAAQS),0.1717684353636513,False,-0.8592153426460782,False
1999-08-13,Pennsylvania,Lancaster,85,Percent of days with PM2.5 levels over the National Ambient Air Quality Standard (NAAQS),0.2065062820305839,False,-0.2109864713582866,False
1999-08-14,Pennsylvania,Lancaster,85,Percent of days with PM2.5 levels over the National Ambient Air Quality Standard (NAAQS),0.3038281383672704,False,1.5108601466798495,False
1999-08-15,Pennsylvania,Lancaster,85,Percent of days with PM2.5 levels over the National Ambient Air Quality Standard (NAAQS),0.2530870735746223,False,0.6084946468835056,False
1999-08-16,Pennsylvania,Lancaster,85,Percent of days with PM2.5 levels over the National Ambient Air Quality Standard (NAAQS),0.2524303346557442,False,0.6254312487512004,False
1999-08-17,Pennsylvania,Lancaster,85,Percent of days with PM2.5 levels over the National Ambient Air Quality Standard (NAAQS),0.1837428892478416,False,-0.6031795356347464,False
1999-08-18,Pennsylvania,Lancaster,85,Percent of days with PM2.5 levels over the National Ambient Air Quality Standard (NAAQS),0.1396161426628371,False,-1.3378733054326852,False
1999-08-19,Pennsylvania,Lancaster,85,Percent of days with PM2.5 levels over the National Ambient Air Quality Standard (NAAQS),0.2169910519202492,False,0.06962098187113087,False
1999-08-20,Pennsylvania,Lancaster,85,Percent of days with PM2.5 levels over the National Ambient Air Quality Standard (NAAQS),0.2940323417379885,False,1.3898442328713476,False
1999-08-21,Pennsylvania,Lancaster,85,Percent of days with PM2.5 levels over the National Ambient Air Quality Standard (NAAQS),0.2341258626778678,False,0.2907774666438092,False
1999-08-22,Pennsylvania,Lancaster,85,Percent of days with PM2.5 levels over the National Ambient Air Quality Standard (NAAQS),0.3007643458183578,False,1.3772456573054281,False
1999-08-23,Pennsylvania,Lancaster,85,Percent of days with PM2.5 levels over the National Ambient Air Quality Standard (NAAQS),0.2005478200121376,False,-0.4218056846690721,False
1999-08-24,Pennsylvania,Lancaster,85,Percent of days with PM2.5 levels over the National Ambient Air Quality Standard (NAAQS),0.0957874819621241,False,-2.0772684919343725,False
1999-08-25,Pennsylvania,Lancaster,85,Percent of days with PM2.5 levels over the National Ambient Air Quality Standard (NAAQS),0.2917182578533352,False,1.1047650644753404,False
1999-08-26,Pennsylvania,Lancaster,85,Percent of days with PM2.5 levels over the National Ambient Air Quality Standard (NAAQS),0.2245386241361192,False,0.02298700564832872,False
1999-08-27,Pennsylvania,Lancaster,85,Percent of days with PM2.5 levels over the National Ambient Air Quality Standard (NAAQS),0.3049693011391757,False,1.2965374864155719,False
1999-08-28,Pennsylvania,Lancaster,85,Percent of days with PM2.5 levels over the National Ambient Air Quality Standard (NAAQS),0.2937301240370973,False,1.1422179864888062,False
1999-08-29,Pennsylvania,Lancaster,85,Percent of days with PM2.5 levels over the National Ambient Air Quality Standard (NAAQS),0.1826379508767161,False,-0.6090833452479244,False
1999-08-30,Pennsylvania,Lancaster,85,Percent of days with PM2.5 levels over the National Ambient Air Quality Standard (NAAQS),0.1744532821155101,False,-0.7479864160894516,False
1999-08-31,Pennsylvania,Lancaster,85,Percent of days with PM2.5 levels over the National Ambient Air Quality Standard (NAAQS),0.2178720929763031,False,-0.09005450520327801,False
1999-09-01,Pennsylvania,Lancaster,85,Percent of days with PM2.5 levels over the National Ambient Air Quality Standard (NAAQS),0.1435967625249599,False,-1.2696547755171461,False
1999-09-02,Pennsylvania,Lancaster,85,Percent of days with PM2.5 levels over the National Ambient Air Quality Standard (NAAQS),0.2804417219150876,False,0.9643070436276893,False
1999-09-03,Pennsylvania,Lancaster,85,Percent of days with PM2.5 levels over the National Ambient Air Quality Standard (NAAQS),0.0951520885309821,False,-1.877976280982034,False
1999-09-04,Pennsylvania,Lancaster,85,Percent of days with PM2.5 levels over the National Ambient Air Quality Standard (NAAQS),0.1858205298402002,False,-0.43564104947350824,False
1999-09-05,Pennsylvania,Lancaster,85,Percent of days with PM2.5 levels over the National Ambient Air Quality Standard (NAAQS),0.2932165712331364,False,1.1841846135088758,False
1999-09-06,Pennsylvania,Lancaster,85,Percent of days with PM2.5 levels over the National Ambient Air Quality Standard (NAAQS),0.2647750973625285,False,0.6730967287326681,False
1999-09-07,Pennsylvania,Lancaster,85,Percent of days with PM2.5 levels over the National Ambient Air Quality Standard (NAAQS),0.3146523136934271,False,1.38529105299428,False
1999-09-08,Pennsylvania,Lancaster,85,Percent of days with PM2.5 levels over the National Ambient Air Quality Standard (NAAQS),0.1784878980739007,False,-0.7205759607925094,False
1999-09-09,Pennsylvania,Lancaster,85,Percent of days with PM2.5 levels over the National Ambient Air Quality Standard (NAAQS),0.373814304707427,False,2.0391517739327187,False
1999-09-10,Pennsylvania,Lancaster,85,Percent of days with PM2.5 levels over the National Ambient Air Quality Standard (NAAQS),0.1967588354481359,False,-0.5040026685742278,False
1999-09-11,Pennsylvania,Lancaster,85,Percent of days with PM2.5 levels over the National Ambient Air Quality Standard (NAAQS),0.1420636006207924,False,-1.1978796212614857,False
1999-09-12,Pennsylvania,Lancaster,85,Percent of days with PM2.5 levels over the National Ambient Air Quality Standard (NAAQS),0.1835691904272109,False,-0.5686656470621968,False
1999-09-13,Pennsylvania,Lancaster,85,Percent of days with PM2.5 levels over the National Ambient Air Quality Standard (NAAQS),0.2922827098637633,False,0.9427253517552178,False
1999-09-14,Pennsylvania,Lancaster,85,Percent of days with PM2.5 levels over the National Ambient Air Quality Standard (NAAQS),0.1586186359709449,False,-0.9088602504294296,False
1999-09-15,Pennsylvania,Lancaster,85,Percent of days with PM2.5 levels over the National Ambient Air Quality Standard (NAAQS),0.3245007010923124,False,1.2936914964812012,False
1999-09-16,Pennsylvania,Lancaster,85,Percent of days with PM2.5 levels over the National Ambient Air Quality Standard (NAAQS),0.2269160229681889,False,-0.057277168146259626,False
1999-09-17,Pennsylvania,Lancaster,85,Percent of days with PM2.5 levels over the National Ambient Air Quality Standard (NAAQS),0.2641324504081199,False,0.47603189710180754,False
1999-09-18,Pennsylvania,Lancaster,85,Percent of days with PM2.5 levels over the National Ambient Air Quality Standard (NAAQS),0.2997914598489521,False,0.9250902509365616,False
1999-09-19,Pennsylvania,Lancaster,85,Percent of days with PM2.5 levels over the National Ambient Air Quality Standard (NAAQS),0.2728188460837213,False,0.5750197634412444,False
1999-09-20,Pennsylvania,Lancaster,85,Percent of days with PM2.5 levels over the National Ambient Air Quality Standard (NAAQS),0.1967105974975381,False,-0.4778715208942366,False
1999-09-21,Pennsylvania,Lancaster,85,Percent of days with PM2.5 levels over the National Ambient Air Quality Standard (NAAQS),0.1929208738912101,False,-0.617411019787086,False
1999-09-22,Pennsylvania,Lancaster,85,Percent of days with PM2.5 levels over the National Ambient Air Quality Standard (NAAQS),0.244812696720403,False,0.17696318270745928,False
1999-09-23,Pennsylvania,Lancaster,85,Percent of days with PM2.5 levels over the National Ambient Air Quality Standard (NAAQS),0.2345722563582445,False,0.018164282326753777,False
1999-09-24,Pennsylvania,Lancaster,85,Percent of days with PM2.5 levels over the National Ambient Air Quality Standard (NAAQS),0.2263777485176808,False,-0.06401211112759199,False
1999-09-25,Pennsylvania,Lancaster,85,Percent of days with PM2.5 levels over the National Ambient Air Quality Standard (NAAQS),0.295228509233894,False,0.9897953758502546,False
1999-09-26,Pennsylvania,Lancaster,85,Percent of days with PM2.5 levels over the National Ambient Air Quality Standard (NAAQS),0.2080006265513432,False,-0.3630019670998759,False
1999-09-27,Pennsylvania,Lancaster,85,Percent of days with PM2.5 levels over the National Ambient Air Quality Standard (NAAQS),0.2828832472415021,False,0.7366948859714232,False
1999-09-28,Pennsylvania,Lancaster,85,Percent of days with PM2.5 levels over the National Ambient Air Quality Standard (NAAQS),0.3232754713494739,False,1.2658021272956343,False
1999-09-29,Pennsylvania,Lancaster,85,Percent of days with PM2.5 levels over the National Ambient Air Quality Standard (NAAQS),0.1906561273644282,False,-0.7776390364873006,False
1999-09-30,Pennsylvania,Lancaster,85,Percent of days with PM2.5 levels over the National Ambient Air Quality Standard (NAAQS),0.1216178309400996,False,-1.6744472481868118,False
1999-10-01,Pennsylvania,Lancaster,85,Percent of days with PM2.5 levels over the National Ambient Air Quality Standard (NAAQS),0.184720268253529,False,-0.8528285607188633,False
1999-10-02,Pennsylvania,Lancaster,85,Percent of days with PM2.5 levels over the National Ambient Air Quality Standard (NAAQS),0.3017527349020606,False,0.938747788239172,False
1999-10-03,Pennsylvania,Lancaster,85,Percent of days with PM2.5 levels over the National Ambient Air Quality Standard (NAAQS),0.3239520417987412,False,1.2498603781932636,False
1999-10-04,Pennsylvania,Lancaster,85,Percent of days with PM2.5 levels over the National Ambient Air Quality Standard (NAAQS),0.2565209960260008,False,0.20589459506831656,False
1999-10-05,Pennsylvania,Lancaster,85,Percent of days with PM2.5 levels over the National Ambient Air Quality Standard (NAAQS),0.2480303744340879,False,0.11341443232999075,False
1999-10-06,Pennsylvania,Lancaster,85,Percent of days with PM2.5 levels over the National Ambient Air Quality Standard (NAAQS),0.2591049749513379,False,0.24864640497031706,False
1999-10-07,Pennsylvania,Lancaster,85,Percent of days with PM2.5 levels over the National Ambient Air Quality Standard (NAAQS),0.2257546702365435,False,-0.22746259131424987,False
1999-10-08,Pennsylvania,Lancaster,85,Percent of days with PM2.5 levels over the National Ambient Air Quality Standard (NAAQS),0.3239263004310004,False,1.4014570963011603,False
1999-10-09,Pennsylvania,Lancaster,85,Percent of days with PM2.5 levels over the National Ambient Air Quality Standard (NAAQS),0.239056765346652,False,-0.13759792537303653,False
1999-10-10,Pennsylvania,Lancaster,85,Percent of days with PM2.5 levels over the National Ambient Air Quality Standard (NAAQS),0.0851092012514262,False,-2.579849523741105,False
1999-10-11,Pennsylvania,Lancaster,85,Percent of days with PM2.5 levels over the National Ambient Air Quality Standard (NAAQS),0.2212137702976778,False,-0.3178981191648602,False
1999-10-12,Pennsylvania,Lancaster,85,Percent of days with PM2.5 levels over the National Ambient Air Quality Standard (NAAQS),0.2548448421244288,False,0.18731644175815623,False
1999-10-13,Pennsylvania,Lancaster,85,Percent of days with PM2.5 levels over the National Ambient Air Quality Standard (NAAQS),0.1888581866602642,False,-0.8790046084209256,False
1999-10-14,Pennsylvania,Lancaster,85,Percent of days with PM2.5 levels over the National Ambient Air Quality Standard (NAAQS),0.1977904247875783,False,-0.6983560071894431,False
1999-10-15,Pennsylvania,Lancaster,85,Percent of days with PM2.5 levels over the National Ambient Air Quality Standard (NAAQS),0.0877810119732242,False,-2.251405705498423,False
1999-10-16,Pennsylvania,Lancaster,85,Percent of days with PM2.5 levels over the National Ambient Air Quality Standard (NAAQS),0.2185218562003687,False,-0.16453711649348474,False
1999-10-17,Pennsylvania,Lancaster,85,Percent of days with PM2.5 levels over the National Ambient Air Quality Standard (NAAQS),0.2962702528869882,False,1.052083207647779,False
1999-10-18,Pennsylvania,Lancaster,85,Percent of days with PM2.5 levels over the National Ambient Air Quality Standard (NAAQS),0.1869664621445906,False,-0.6663787755394224,False
1999-10-19,Pennsylvania,Lancaster,85,Percent of days with PM2.5 levels over the National Ambient Air Quality Standard (NAAQS),0.0771363879791865,False,-2.130589943725554,False
1999-10-20,Pennsylvania,Lancaster,85,Percent of days with PM2.5 levels over the National Ambient Air Quality Standard (NAAQS),0.2353326987278731,False,0.1513198498334962,False
1999-10-21,Pennsylvania,Lancaster,85,Percent of days with PM2.5 levels over the National Ambient Air Quality Standard (NAAQS),0.1690402343235116,False,-0.7617898259790701,False
1999-10-22,Pennsylvania,Lancaster,85,Percent of days with PM2.5 levels over the National Ambient Air Quality Standard (NAAQS),0.1899758922520185,False,-0.4432218505486246,False
1999-10-23,Pennsylvania,Lancaster,85,Percent of days with PM2.5 levels over the National Ambient Air Quality Standard (NAAQS),0.272519504050575,False,0.7484121770707466,False
1999-10-24,Pennsylvania,Lancaster,85,Percent of days with PM2.5 levels over the National Ambient Air Quality Standard (NAAQS),0.2991403275042514,False,1.0607645651923603,False
1999-10-25,Pennsylvania,Lancaster,85,Percent of days with PM2.5 levels over the National Ambient Air Quality Standard (NAAQS),0.2137671501253926,False,-0.10532726425123445,False
1999-10-26,Pennsylvania,Lancaster,85,Percent of days with PM2.5 levels over the National Ambient Air Quality Standard (NAAQS),0.3681217288915449,False,1.988167774148946,False
1999-10-27,Pennsylvania,Lancaster,85,Percent of days with PM2.5 levels over the National Ambient Air Quality Standard (NAAQS),0.2767527641978622,False,0.692486418135734,False
1999-10-28,Pennsylvania,Lancaster,85,Percent of days with PM2.5 levels over the National Ambient Air Quality Standard (NAAQS),0.1620723477183933,False,-0.9086450204133291,False
1999-10-29,Pennsylvania,Lancaster,85,Percent of days with PM2.5 levels over the National Ambient Air Quality Standard (NAAQS),0.3521693731133516,False,1.5854276606714324,False
1999-10-30,Pennsylvania,Lancaster,85,Percent of days with PM2.5 levels over the National Ambient Air Quality Standard (NAAQS),0.1959152145469057,False,-0.4531946901292764,False
1999-10-31,Pennsylvania,Lancaster,85,Percent of days with PM2.5 levels over the National Ambient Air Quality Standard (NAAQS),0.2757056222460696,False,0.6627143491807282,False
1999-11-01,Pennsylvania,Lancaster,85,Percent of days with PM2.5 levels over the National Ambient Air Quality Standard (NAAQS),0.1628676743495605,False,-0.8417582781003234,False
1999-11-02,Pennsylvania,Lancaster,85,Percent of days with PM2.5 levels over the National Ambient Air Quality Standard (NAAQS),0.1925792342467016,False,-0.4078624913904857,False
1999-11-03,Pennsylvania,Lancaster,85,Percent of days with PM2.5 levels over the National Ambient Air Quality Standard (NAAQS),0.1993676828513044,False,-0.28692892875570414,False
1999-11-04,Pennsylvania,Lancaster,85,Percent of days with PM2.5 levels over the National Ambient Air Quality Standard (NAAQS),0.2384901276176808,False,0.24271429602880662,False
1999-11-05,Pennsylvania,Lancaster,85,Percent of days with PM2.5 levels over the National Ambient Air Quality Standard (NAAQS),0.1667339661935769,False,-0.683484092195363,False
1999-11-06,Pennsylvania,Lancaster,85,Percent of days with PM2.5 levels over the National Ambient Air Quality Standard (NAAQS),0.2005894814017418,False,-0.18640277794741242,False
1999-11-07,Pennsylvania,Lancaster,85,Percent of days with PM2.5 levels over the National Ambient Air Quality Standard (NAAQS),0.1154648666059365,False,-1.4428159743366449,False
1999-11-08,Pennsylvania,Lancaster,85,Percent of days with PM2.5 levels over the National Ambient Air Quality Standard (NAAQS),0.2341357921667978,False,0.27281748259770255,False
1999-11-09,Pennsylvania,Lancaster,85,Percent of days with PM2.5 levels over the National Ambient Air Quality Standard (NAAQS),0.2655799516536456,False,0.720451251417092,False
1999-11-10,Pennsylvania,Lancaster,85,Percent of days with PM2.5 levels over the National Ambient Air Quality Standard (NAAQS),0.1523037906377534,False,-0.8858158205538104,False
1999-11-11,Pennsylvania,Lancaster,85,Percent of days with PM2.5 levels over the National Ambient Air Quality Standard (NAAQS),0.1164370874532759,False,-1.3118739349331279,False
1999-11-12,Pennsylvania,Lancaster,85,Percent of days with PM2.5 levels over the National Ambient Air Quality Standard (NAAQS),0.2796424567609015,False,0.8841910163213575,False
1999-11-13,Pennsylvania,Lancaster,85,Percent of days with PM2.5 levels over the National Ambient Air Quality Standard (NAAQS),0.2488074121771919,False,0.42236761595839334,False
1999-11-14,Pennsylvania,Lancaster,85,Percent of days with PM2.5 levels over the National Ambient Air Quality Standard (NAAQS),0.1450796704109386,False,-0.9956194448711488,False
1999-11-15,Pennsylvania,Lancaster,85,Percent of days with PM2.5 levels over the National Ambient Air Quality Standard (NAAQS),0.1306537621786068,False,-1.148139342712378,False
1999-11-16,Pennsylvania,Lancaster,85,Percent of days with PM2.5 levels over the National Ambient Air Quality Standard (NAAQS),0.1820356344535721,False,-0.5103651979224196,False
1999-11-17,Pennsylvania,Lancaster,85,Percent of days with PM2.5 levels over the National Ambient Air Quality Standard (NAAQS),0.2139566388759761,False,-0.01576497877142717,False
1999-11-18,Pennsylvania,Lancaster,85,Percent of days with PM2.5 levels over the National Ambient Air Quality Standard (NAAQS),0.2291606549572154,False,0.18376516128361842,False
1999-11-19,Pennsylvania,Lancaster,85,Percent of days with PM2.5 levels over the National Ambient Air Quality Standard (NAAQS),0.3476356125677128,False,1.7935220929247149,False
1999-11-20,Pennsylvania,Lancaster,85,Percent of days with PM2.5 levels over the National Ambient Air Quality Standard (NAAQS),0.1941277206700541,False,-0.37395706118356054,False
1999-11-21,Pennsylvania,Lancaster,85,Percent of days with PM2.5 levels over the National Ambient Air Quality Standard (NAAQS),0.2089803135812262,False,-0.11539759729595313,False
1999-11-22,Pennsylvania,Lancaster,85,Percent of days with PM2.5 levels over the National Ambient Air Quality Standard (NAAQS),0.2788438383358511,False,0.874021850513289,False
1999-11-23,Pennsylvania,Lancaster,85,Percent of days with PM2.5 levels over the National Ambient Air Quality Standard (NAAQS),0.1529897443961657,False,-0.9288899538441405,False
1999-11-24,Pennsylvania,Lancaster,85,Percent of days with PM2.5 levels over the National Ambient Air Quality Standard (NAAQS),0.1351596748597312,False,-1.1276890313224897,False
1999-11-25,Pennsylvania,Lancaster,85,Percent of days with PM2.5 levels over the National Ambient Air Quality Standard (NAAQS),0.2318986626884284,False,0.36797662920876273,False
1999-11-26,Pennsylvania,Lancaster,85,Percent of days with PM2.5 levels over the National Ambient Air Quality Standard (NAAQS),0.2752425419646859,False,1.1995557793920035,False
1999-11-27,Pennsylvania,Lancaster,85,Percent of days with PM2.5 levels over the National Ambient Air Quality Standard (NAAQS),0.2437319951256495,False,0.6191383821163149,False
1999-11-28,Pennsylvania,Lancaster,85,Percent of days with PM2.5 levels over the National Ambient Air Quality Standard (NAAQS),0.2860978530336639,False,1.3315534941574125,False
1999-11-29,Pennsylvania,Lancaster,85,Percent of days with PM2.5 levels over the National Ambient Air Quality Standard (NAAQS),0.2043358884135138,False,-0.09175807784652498,False
1999-11-30,Pennsylvania,Lancaster,85,Percent of days with PM2.5 levels over the National Ambient Air Quality Standard (NAAQS),0.116576663521626,False,-1.4955022643520768,False
1999-12-01,Pennsylvania,Lancaster,85,Percent of days with PM2.5 levels over the National Ambient Air Quality Standard (NAAQS),0.3387247355079422,False,1.941689475998248,False
1999-12-02,Pennsylvania,Lancaster,85,Percent of days with PM2.5 levels over the National Ambient Air Quality Standard (NAAQS),0.2324245841973317,False,0.31784560234278253,False
1999-12-03,Pennsylvania,Lancaster,85,Percent of days with PM2.5 levels over the National Ambient Air Quality Standard (NAAQS),0.3826519734226896,False,2.263623886549403,False
1999-12-04,Pennsylvania,Lancaster,85,Percent of days with PM2.5 levels over the National Ambient Air Quality Standard (NAAQS),0.0861820162001635,False,-1.6915405033860187,False
1999-12-05,Pennsylvania,Lancaster,85,Percent of days with PM2.5 levels over the National Ambient Air Quality Standard (NAAQS),0.1524978399156331,False,-0.8568887458216125,False
1999-12-06,Pennsylvania,Lancaster,85,Percent of days with PM2.5 levels over the National Ambient Air Quality Standard (NAAQS),0.2177064275514064,False,0.022120814590988896,False
1999-12-07,Pennsylvania,Lancaster,85,Percent of days with PM2.5 levels over the National Ambient Air Quality Standard (NAAQS),0.1696036424912943,False,-0.5765265299253487,False
1999-12-08,Pennsylvania,Lancaster,85,Percent of days with PM2.5 levels over the National Ambient Air Quality Standard (NAAQS),0.3234464835816614,False,1.3690576095532778,False
1999-12-09,Pennsylvania,Lancaster,85,Percent of days with PM2.5 levels over the National Ambient Air Quality Standard (NAAQS),0.0939763997699377,False,-1.5952680316434977,False
1999-12-10,Pennsylvania,Lancaster,85,Percent of days with PM2.5 levels over the National Ambient Air Quality Standard (NAAQS),0.2929847789851392,False,0.9544092197123412,False
1999-12-11,Pennsylvania,Lancaster,85,Percent of days with PM2.5 levels over the National Ambient Air Quality Standard (NAAQS),0.2393854880920209,False,0.27314423641290586,False
1999-12-12,Pennsylvania,Lancaster,85,Percent of days with PM2.5 levels over the National Ambient Air Quality Standard (NAAQS),0.2760192942378749,False,0.688176863686152,False
1999-12-13,Pennsylvania,Lancaster,85,Percent of days with PM2.5 levels over the National Ambient Air Quality Standard (NAAQS),0.3055127024414847,False,0.9969564224906428,False
1999-12-14,Pennsylvania,Lancaster,85,Percent of days with PM2.5 levels over the National Ambient Air Quality Standard (NAAQS),0.2896117770980958,False,0.7372775196254191,False
1999-12-15,Pennsylvania,Lancaster,85,Percent of days with PM2.5 levels over the National Ambient Air Quality Standard (NAAQS),0.3370593078777661,False,1.257798295090785,False
1999-12-16,Pennsylvania,Lancaster,85,Percent of days with PM2.5 levels over the National Ambient Air Quality Standard (NAAQS),0.1474095569286612,False,-1.0708407652953176,False
1999-12-17,Pennsylvania,Lancaster,85,Percent of days with PM2.5 levels over the National Ambient Air Quality Standard (NAAQS),0.1048127746439597,False,-1.4812813335560897,False
1999-12-18,Pennsylvania,Lancaster,85,Percent of days with PM2.5 levels over the National Ambient Air Quality Standard (NAAQS),0.2253167705878354,False,-0.01770143873983536,False
1999-12-19,Pennsylvania,Lancaster,85,Percent of days with PM2.5 levels over the National Ambient Air Quality Standard (NAAQS),0.1694427730709519,False,-0.681744518482102,False
1999-12-20,Pennsylvania,Lancaster,85,Percent of days with PM2.5 levels over the National Ambient Air Quality Standard (NAAQS),0.1074949310855469,False,-1.3266234668994956,False
1999-12-21,Pennsylvania,Lancaster,85,Percent of days with PM2.5 levels over the National Ambient Air Quality Standard (NAAQS),0.2172549959378243,False,-0.05125136448969997,False
1999-12-22,Pennsylvania,Lancaster,85,Percent of days with PM2.5 levels over the National Ambient Air Quality Standard (NAAQS),0.247430116156167,False,0.26841043470969106,False
1999-12-23,Pennsylvania,Lancaster,85,Percent of days with PM2.5 levels over the National Ambient Air Quality Standard (NAAQS),0.233280594786961,False,0.09438420539737324,False
1999-12-24,Pennsylvania,Lancaster,85,Percent of days with PM2.5 levels over the National Ambient Air Quality Standard (NAAQS),0.2435934238042373,False,0.23605783636220926,False
1999-12-25,Pennsylvania,Lancaster,85,Percent of days with PM2.5 levels over the National Ambient Air Quality Standard (NAAQS),0.2753683031992638,False,0.610175256728615,False
1999-12-26,Pennsylvania,Lancaster,85,Percent of days with PM2.5 levels over the National Ambient Air Quality Standard (NAAQS),0.2844173557437905,False,0.7222106727708073,False
1999-12-27,Pennsylvania,Lancaster,85,Percent of days with PM2.5 levels over the National Ambient Air Quality Standard (NAAQS),0.2120655503048548,False,-0.16847203146372755,False
1999-12-28,Pennsylvania,Lancaster,85,Percent of days with PM2.5 levels over the National Ambient Air Quality Standard (NAAQS),0.1458580736933948,False,-1.0095475053614449,False
1999-12-29,Pennsylvania,Lancaster,85,Percent of days with PM2.5 levels over the National Ambient Air Quality Standard (NAAQS),0.1301701469932951,False,-1.1277087567893251,False
1999-12-30,Pennsylvania,Lancaster,85,Percent of days with PM2.5 levels over the National Ambient Air Quality Standard (NAAQS),0.2530351057480236,False,0.41476275693097264,False
1999-12-31,Pennsylvania,Lancaster,85,Percent of days with PM2.5 levels over the National Ambient Air Quality Standard (NAAQS),0.348241129116605,False,1.6806539426761908,False
2000-01-01,Pennsylvania,Lancaster,85,Percent of days with PM2.5 levels over the National Ambient Air Quality Standard (NAAQS),0.926996896304216,False,4.480247914744388,True
2000-01-02,Pennsylvania,Lancaster,85,Percent of days with PM2.5 levels over the National Ambient Air Quality Standard (NAAQS),0.5983936132156699,False,2.0366070329289374,False
2000-01-03,Pennsylvania,Lancaster,85,Percent of days with PM2.5 levels over the National Ambient Air Quality Standard (NAAQS),0.5614847102582454,False,1.6460654049281174,False
2000-01-04,Pennsylvania,Lancaster,85,Percent of days with PM2.5 levels over the National Ambient Air Quality Standard (NAAQS),0.6516234120106751,False,1.9291057498223014,False
2000-01-05,Pennsylvania,Lancaster,85,Percent of days with PM2.5 levels over the National Ambient Air Quality Standard (NAAQS),0.4190269180740997,False,0.6497561773988316,False
2000-01-06,Pennsylvania,Lancaster,85,Percent of days with PM2.5 levels over the National Ambient Air Quality Standard (NAAQS),0.8266326984347406,False,2.4258443922615416,False
2000-01-07,Pennsylvania,Lancaster,85,Percent of days with PM2.5 levels over the National Ambient Air Quality Standard (NAAQS),0.2923242423449951,False,-0.15237893890701357,False
2000-01-08,Pennsylvania,Lancaster,85,Percent of days with PM2.5 levels over the National Ambient Air Quality Standard (NAAQS),0.9184717227877344,False,2.4282160613118258,False
2000-01-09,Pennsylvania,Lancaster,85,Percent of days with PM2.5 levels over the National Ambient Air Quality Standard (NAAQS),0.4708225377050815,False,0.49125636725336447,False
2000-01-10,Pennsylvania,Lancaster,85,Percent of days with PM2.5 levels over the National Ambient Air Quality Standard (NAAQS),1.129250141262202,False,2.6892715176141695,False
2000-01-11,Pennsylvania,Lancaster,85,Percent of days with PM2.5 levels over the National Ambient Air Quality Standard (NAAQS),0.7407283579932322,False,1.196549090931926,False
2000-01-12,Pennsylvania,Lancaster,85,Percent of days with PM2.5 levels over the National Ambient Air Quality Standard (NAAQS),0.5715415950929484,False,0.5688045562993387,False
2000-01-13,Pennsylvania,Lancaster,85,Percent of days with PM2.5 levels over the National Ambient Air Quality Standard (NAAQS),0.5982949129764964,False,0.6116356526990083,False
2000-01-14,Pennsylvania,Lancaster,85,Percent of days with PM2.5 levels over the National Ambient Air Quality Standard (NAAQS),0.920466514078467,False,1.603144940995483,False
2000-01-15,Pennsylvania,Lancaster,85,Percent of days with PM2.5 levels over the National Ambient Air Quality Standard (NAAQS),0.5304530586799566,False,0.22705388514883607,False
2000-01-16,Pennsylvania,Lancaster,85,Percent of days with PM2.5 levels over the National Ambient Air Quality Standard (NAAQS),0.5639107644026521,False,0.3000436290957404,False
2000-01-17,Pennsylvania,Lancaster,85,Percent of days with PM2.5 levels over the National Ambient Air Quality Standard (NAAQS),0.8630275450896625,False,1.2676842328182614,False
2000-01-18,Pennsylvania,Lancaster,85,Percent of days with PM2.5 levels over the National Ambient Air Quality Standard (NAAQS),0.5954559573898622,False,0.2742727880047544,False
2000-01-19,Pennsylvania,Lancaster,85,Percent of days with PM2.5 levels over the National Ambient Air Quality Standard (NAAQS),1.045417722982308,False,1.7270047364969903,False
2000-01-20,Pennsylvania,Lancaster,85,Percent of days with PM2.5 levels over the National Ambient Air Quality Standard (NAAQS),0.4357004900614937,False,-0.4244019341200098,False
2000-01-21,Pennsylvania,Lancaster,85,Percent of days with PM2.5 levels over the National Ambient Air Quality Standard (NAAQS),0.3840485702425475,False,-0.6354461637987997,False
2000-01-22,Pennsylvania,Lancaster,85,Percent of days with PM2.5 levels over the National Ambient Air Quality Standard (NAAQS),0.7084536025593277,False,0.4850533576505003,False
2000-01-23,Pennsylvania,Lancaster,85,Percent of days with PM2.5 levels over the National Ambient Air Quality Standard (NAAQS),0.4651900305901057,False,-0.43710848655017337,False
2000-01-24,Pennsylvania,Lancaster,85,Percent of days with PM2.5 levels over the National Ambient Air Quality Standard (NAAQS),0.8821425589362155,False,1.045828696559553,False
2000-01-25,Pennsylvania,Lancaster,85,Percent of days with PM2.5 levels over the National Ambient Air Quality Standard (NAAQS),0.6402954925062859,False,0.06581050493395216,False
2000-01-26,Pennsylvania,Lancaster,85,Percent of days with PM2.5 levels over the National Ambient Air Quality Standard (NAAQS),0.4915415833471505,False,-0.6321691539998651,False
2000-01-27,Pennsylvania,Lancaster,85,Percent of days with PM2.5 levels over the National Ambient Air Quality Standard (NAAQS),0.7529138685932948,False,0.4500741717930221,False
2000-01-28,Pennsylvania,Lancaster,85,Percent of days with PM2.5 levels over the National Ambient Air Quality Standard (NAAQS),0.6389156264198751,False,-0.12496181990786907,False
2000-01-29,Pennsylvania,Lancaster,85,Percent of days with PM2.5 levels over the National Ambient Air Quality Standard (NAAQS),0.8326888358549147,False,0.8293155821854519,False
2000-01-30,Pennsylvania,Lancaster,85,Percent of days with PM2.5 levels over the National Ambient Air Quality Standard (NAAQS),0.7349995193980888,False,0.3315816991244726,False
2000-01-31,Pennsylvania,Lancaster,85,Percent of days with PM2.5 levels over the National Ambient Air Quality Standard (NAAQS),0.8397975816703034,False,0.7861581001812795,False
2000-02-01,Pennsylvania,Lancaster,85,Percent of days with PM2.5 levels over the National Ambient Air Quality Standard (NAAQS),0.72992107190771,False,0.24325808149103262,False
2000-02-02,Pennsylvania,Lancaster,85,Percent of days with PM2.5 levels over the National Ambient Air Quality Standard (NAAQS),0.9587933444575732,False,1.2519660006900881,False
2000-02-03,Pennsylvania,Lancaster,85,Percent of days with PM2.5 levels over the National Ambient Air Quality Standard (NAAQS),0.437920384232537,False,-1.1651110876390018,False
2000-02-04,Pennsylvania,Lancaster,85,Percent of days with PM2.5 levels over the National Ambient Air Quality Standard (NAAQS),0.8721914609696099,False,0.8331645431039829,False
2000-02-05,Pennsylvania,Lancaster,85,Percent of days with PM2.5 levels over the National Ambient Air Quality Standard (NAAQS),0.8962789501435557,False,0.9615054210987374,False
2000-02-06,Pennsylvania,Lancaster,85,Percent of days with PM2.5 levels over the National Ambient Air Quality Standard (NAAQS),0.546983978499827,False,-0.8165773259716695,False
2000-02-07,Pennsylvania,Lancaster,85,Percent of days with PM2.5 levels over the National Ambient Air Quality Standard (NAAQS),0.6703757965607039,False,-0.11578879132771626,False
2000-02-08,Pennsylvania,Lancaster,85,Percent of days with PM2.5 levels over the National Ambient Air Quality Standard (NAAQS),0.6433322026976147,False,-0.2480634804009286,False
2000-02-09,Pennsylvania,Lancaster,85,Percent of days with PM2.5 levels over the National Ambient Air Quality Standard (NAAQS),0.655696477872437,False,-0.19700968734525534,False
2000-02-10,Pennsylvania,Lancaster,85,Percent of days with PM2.5 levels over the National Ambient Air Quality Standard (NAAQS),0.855164476590815,False,0.8705151718195608,False
2000-02-11,Pennsylvania,Lancaster,85,Percent of days with PM2.5 levels over the National Ambient Air Quality Standard (NAAQS),0.4972732756773042,False,-1.057782242703127,False
2000-02-12,Pennsylvania,Lancaster,85,Percent of days with PM2.5 levels over the National Ambient Air Quality Standard (NAAQS),0.4235480767123531,False,-1.4162120316967755,False
2000-02-13,Pennsylvania,Lancaster,85,Percent of days with PM2.5 levels over the National Ambient Air Quality Standard (NAAQS),0.8451170049385921,False,0.8444619897769892,False
2000-02-14,Pennsylvania,Lancaster,85,Percent of days with PM2.5 levels over the National Ambient Air Quality Standard (NAAQS),0.5787052922395994,False,-0.5643854347510298,False
2000-02-15,Pennsylvania,Lancaster,85,Percent of days with PM2.5 levels over the National Ambient Air Quality Standard (NAAQS),0.6197691726256785,False,-0.3426021823466675,False
2000-02-16,Pennsylvania,Lancaster,85,Percent of days with PM2.5 levels over the National Ambient Air Quality Standard (NAAQS),0.7664727076748022,False,0.56943604657052,False
2000-02-17,Pennsylvania,Lancaster,85,Percent of days with PM2.5 levels over the National Ambient Air Quality Standard (NAAQS),0.7321604692657385,False,0.31167061176981414,False
2000-02-18,Pennsylvania,Lancaster,85,Percent of days with PM2.5 levels over the National Ambient Air Quality Standard (NAAQS),0.687935987600898,False,-0.03403693599480463,False
2000-02-19,Pennsylvania,Lancaster,85,Percent of days with PM2.5 levels over the National Ambient Air Quality Standard (NAAQS),0.2474770753429891,False,-2.503347284868899,False
2000-02-20,Pennsylvania,Lancaster,85,Percent of days with PM2.5 levels over the National Ambient Air Quality Standard (NAAQS),0.6989760757625744,False,0.0845795927258145,False
2000-02-21,Pennsylvania,Lancaster,85,Percent of days with PM2.5 levels over the National Ambient Air Quality Standard (NAAQS),0.5546311646378449,False,-0.7254676078931409,False
2000-02-22,Pennsylvania,Lancaster,85,Percent of days with PM2.5 levels over the National Ambient Air Quality Standard (NAAQS),0.1617602097302591,False,-2.6032779518586886,False
2000-02-23,Pennsylvania,Lancaster,85,Percent of days with PM2.5 levels over the National Ambient Air Quality Standard (NAAQS),0.8380326791824364,False,0.8919976017966449,False
2000-02-24,Pennsylvania,Lancaster,85,Percent of days with PM2.5 levels over the National Ambient Air Quality Standard (NAAQS),0.7200544907698524,False,0.27809388829583764,False
2000-02-25,Pennsylvania,Lancaster,85,Percent of days with PM2.5 levels over the National Ambient Air Quality Standard (NAAQS),0.8234069923407585,False,0.7794612988053952,False
2000-02-26,Pennsylvania,Lancaster,85,Percent of days with PM2.5 levels over the National Ambient Air Quality Standard (NAAQS),0.9422532083492176,False,1.3476103588641695,False
2000-02-27,Pennsylvania,Lancaster,85,Percent of days with PM2.5 levels over the National Ambient Air Quality Standard (NAAQS),0.7812692250485538,False,0.5169454368418979,False
2000-02-28,Pennsylvania,Lancaster,85,Percent of days with PM2.5 levels over the National Ambient Air Quality Standard (NAAQS),0.863461176883992,False,0.9264626932284015,False
2000-02-29,Pennsylvania,Lancaster,85,Percent of days with PM2.5 levels over the National Ambient Air Quality Standard (NAAQS),0.7975954112601064,False,0.5779978141277745,False
2000-03-01,Pennsylvania,Lancaster,85,Percent of days with PM2.5 levels over the National Ambient Air Quality Standard (NAAQS),0.8634466225404497,False,0.9461877913516673,False
2000-03-02,Pennsylvania,Lancaster,85,Percent of days with PM2.5 levels over the National Ambient Air Quality Standard (NAAQS),0.6878066210342,False,-0.0023824268423577964,False
2000-03-03,Pennsylvania,Lancaster,85,Percent of days with PM2.5 levels over the National Ambient Air Quality Standard (NAAQS),0.4091261162496056,False,-1.3656265482595835,False
2000-03-04,Pennsylvania,Lancaster,85,Percent of days with PM2.5 levels over the National Ambient Air Quality Standard (NAAQS),0.6602686716509097,False,-0.01613728620595196,False
2000-03-05,Pennsylvania,Lancaster,85,Percent of days with PM2.5 levels over the National Ambient Air Quality Standard (NAAQS),0.6385037482408752,False,-0.15093242866506845,False
2000-03-06,Pennsylvania,Lancaster,85,Percent of days with PM2.5 levels over the National Ambient Air Quality Standard (NAAQS),1.0269930997521295,False,1.7563399607126235,False
2000-03-07,Pennsylvania,Lancaster,85,Percent of days with PM2.5 levels over the National Ambient Air Quality Standard (NAAQS),0.6359280419703033,False,-0.21766061957969657,False
2000-03-08,Pennsylvania,Lancaster,85,Percent of days with PM2.5 levels over the National Ambient Air Quality Standard (NAAQS),0.8410793823931269,False,0.7759815050124728,False
2000-03-09,Pennsylvania,Lancaster,85,Percent of days with PM2.5 levels over the National Ambient Air Quality Standard (NAAQS),0.6320101372847448,False,-0.2309771345943898,False
2000-03-10,Pennsylvania,Lancaster,85,Percent of days with PM2.5 levels over the National Ambient Air Quality Standard (NAAQS),0.7169040481579243,False,0.16121845052484454,False
2000-03-11,Pennsylvania,Lancaster,85,Percent of days with PM2.5 levels over the National Ambient Air Quality Standard (NAAQS),0.7778354555929199,False,0.42282765060092437,False
2000-03-12,Pennsylvania,Lancaster,85,Percent of days with PM2.5 levels over the National Ambient Air Quality Standard (NAAQS),0.7476642337129895,False,0.28405350410721103,False
2000-03-13,Pennsylvania,Lancaster,85,Percent of days with PM2.5 levels over the National Ambient Air Quality Standard (NAAQS),0.8167925910414597,False,0.6093634864211204,False
2000-03-14,Pennsylvania,Lancaster,85,Percent of days with PM2.5 levels over the National Ambient Air Quality Standard (NAAQS),0.7671309633308198,False,0.31533513926144074,False
2000-03-15,Pennsylvania,Lancaster,85,Percent of days with PM2.5 levels over the National Ambient Air Quality Standard (NAAQS),0.6321228513862814,False,-0.38416349418781204,False
2000-03-16,Pennsylvania,Lancaster,85,Percent of days with PM2.5 levels over the National Ambient Air Quality Standard (NAAQS),0.7616205396288473,False,0.30514506307633155,False
2000-03-17,Pennsylvania,Lancaster,85,Percent of days with PM2.5 levels over the National Ambient Air Quality Standard (NAAQS),0.6447998934293259,False,-0.31250909861753196,False
2000-03-18,Pennsylvania,Lancaster,85,Percent of days with PM2.5 levels over the National Ambient Air Quality Standard (NAAQS),0.6484868935455298,False,-0.41920557886252574,False
2000-03-19,Pennsylvania,Lancaster,85,Percent of days with PM2.5 levels over the National Ambient Air Quality Standard (NAAQS),0.8683915095654414,False,0.8672420402550929,False
2000-03-20,Pennsylvania,Lancaster,85,Percent of days with PM2.5 levels over the National Ambient Air Quality Standard (NAAQS),0.867111047423936,False,0.7988294335698956,False
2000-03-21,Pennsylvania,Lancaster,85,Percent of days with PM2.5 levels over the National Ambient Air Quality Standard (NAAQS),0.619395691261659,False,-1.0565223068708645,False
2000-03-22,Pennsylvania,Lancaster,85,Percent of days with PM2.5 levels over the National Ambient Air Quality Standard (NAAQS),0.9557853941579104,False,1.5479011227040742,False
2000-03-23,Pennsylvania,Lancaster,85,Percent of days with PM2.5 levels over the National Ambient Air Quality Standard (NAAQS),0.3644073373004723,False,-2.5364158618420625,False
2000-03-24,Pennsylvania,Lancaster,85,Percent of days with PM2.5 levels over the National Ambient Air Quality Standard (NAAQS),0.477305656198407,False,-1.6178855375862717,False
2000-03-25,Pennsylvania,Lancaster,85,Percent of days with PM2.5 levels over the National Ambient Air Quality Standard (NAAQS),0.3081548139174618,False,-2.352140770402955,False
2000-03-26,Pennsylvania,Lancaster,85,Percent of days with PM2.5 levels over the National Ambient Air Quality Standard (NAAQS),0.8852090564371361,False,1.007890048566614,False
2000-03-27,Pennsylvania,Lancaster,85,Percent of days with PM2.5 levels over the National Ambient Air Quality Standard (NAAQS),0.4638170402059724,False,-1.3246650827666135,False
2000-03-28,Pennsylvania,Lancaster,85,Percent of days with PM2.5 levels over the National Ambient Air Quality Standard (NAAQS),0.5849686479161652,False,-0.5929662624525333,False
2000-03-29,Pennsylvania,Lancaster,85,Percent of days with PM2.5 levels over the National Ambient Air Quality Standard (NAAQS),0.754464385611045,False,0.3979272310652884,False
2000-03-30,Pennsylvania,Lancaster,85,Percent of days with PM2.5 levels over the National Ambient Air Quality Standard (NAAQS),0.7167404896131114,False,0.17418567142607935,False
2000-03-31,Pennsylvania,Lancaster,85,Percent of days with PM2.5 levels over the National Ambient Air Quality Standard (NAAQS),0.6975879028839325,False,0.004550920971447116,False
2000-04-01,Pennsylvania,Lancaster,85,Percent of days with PM2.5 levels over the National Ambient Air Quality Standard (NAAQS),0.6761736341514392,False,-0.1290324026439883,False
2000-04-02,Pennsylvania,Lancaster,85,Percent of days with PM2.5 levels over the National Ambient Air Quality Standard (NAAQS),0.5317281493726614,False,-0.9681677823143274,False
2000-04-03,Pennsylvania,Lancaster,85,Percent of days with PM2.5 levels over the National Ambient Air Quality Standard (NAAQS),0.8784611721693851,False,1.2010485060156788,False
2000-04-04,Pennsylvania,Lancaster,85,Percent of days with PM2.5 levels over the National Ambient Air Quality Standard (NAAQS),0.4951709536332463,False,-1.1592705190045995,False
2000-04-05,Pennsylvania,Lancaster,85,Percent of days with PM2.5 levels over the National Ambient Air Quality Standard (NAAQS),0.8604400803625518,False,1.0828362493004415,False
2000-04-06,Pennsylvania,Lancaster,85,Percent of days with PM2.5 levels over the National Ambient Air Quality Standard (NAAQS),0.5037201004807079,False,-1.0564174066227292,False
2000-04-07,Pennsylvania,Lancaster,85,Percent of days with PM2.5 levels over the National Ambient Air Quality Standard (NAAQS),0.5840164515973374,False,-0.5423909431100868,False
2000-04-08,Pennsylvania,Lancaster,85,Percent of days with PM2.5 levels over the National Ambient Air Quality Standard (NAAQS),0.3892212133436575,False,-1.5591064772245766,False
2000-04-09,Pennsylvania,Lancaster,85,Percent of days with PM2.5 levels over the National Ambient Air Quality Standard (NAAQS),0.4381937845427984,False,-1.1868231633650421,False
2000-04-10,Pennsylvania,Lancaster,85,Percent of days with PM2.5 levels over the National Ambient Air Quality Standard (NAAQS),0.6039570124755983,False,-0.21750404828852335,False
2000-04-11,Pennsylvania,Lancaster,85,Percent of days with PM2.5 levels over the National Ambient Air Quality Standard (NAAQS),0.5092575793232511,False,-0.7052488161313919,False
2000-04-12,Pennsylvania,Lancaster,85,Percent of days with PM2.5 levels over the National Ambient Air Quality Standard (NAAQS),0.7106196627498527,False,0.42598584573391063,False
2000-04-13,Pennsylvania,Lancaster,85,Percent of days with PM2.5 levels over the National Ambient Air Quality Standard (NAAQS),0.5937920786143139,False,-0.20595641862789113,False
2000-04-14,Pennsylvania,Lancaster,85,Percent of days with PM2.5 levels over the National Ambient Air Quality Standard (NAAQS),0.5104602551137353,False,-0.6512271083104596,False
2000-04-15,Pennsylvania,Lancaster,85,Percent of days with PM2.5 levels over the National Ambient Air Quality Standard (NAAQS),0.4703106519410114,False,-0.8324854693486282,False
2000-04-16,Pennsylvania,Lancaster,85,Percent of days with PM2.5 levels over the National Ambient Air Quality Standard (NAAQS),0.3619694546303011,False,-1.3439399102841756,False
2000-04-17,Pennsylvania,Lancaster,85,Percent of days with PM2.5 levels over the National Ambient Air Quality Standard (NAAQS),0.4835462320769869,False,-0.6042973845388209,False
2000-04-18,Pennsylvania,Lancaster,85,Percent of days with PM2.5 levels over the National Ambient Air Quality Standard (NAAQS),0.73211356781671,False,0.817531241827774,False
2000-04-19,Pennsylvania,Lancaster,85,Percent of days with PM2.5 levels over the National Ambient Air Quality Standard (NAAQS),0.9930617476821996,False,2.279200165136341,False
2000-04-20,Pennsylvania,Lancaster,85,Percent of days with PM2.5 levels over the National Ambient Air Quality Standard (NAAQS),0.7703097919621523,False,0.9454005004271542,False
2000-04-21,Pennsylvania,Lancaster,85,Percent of days with PM2.5 levels over the National Ambient Air Quality Standard (NAAQS),0.8215926170391274,False,1.1526905712908129,False
2000-04-22,Pennsylvania,Lancaster,85,Percent of days with PM2.5 levels over the National Ambient Air Quality Standard (NAAQS),0.1988052911049928,False,-2.2615256850602186,False
2000-04-23,Pennsylvania,Lancaster,85,Percent of days with PM2.5 levels over the National Ambient Air Quality Standard (NAAQS),0.771162456544865,False,0.8951297678544218,False
2000-04-24,Pennsylvania,Lancaster,85,Percent of days with PM2.5 levels over the National Ambient Air Quality Standard (NAAQS),0.6439193160322138,False,0.1503200692684252,False
2000-04-25,Pennsylvania,Lancaster,85,Percent of days with PM2.5 levels over the National Ambient Air Quality Standard (NAAQS),0.2529507975498714,False,-1.858631989463092,False
2000-04-26,Pennsylvania,Lancaster,85,Percent of days with PM2.5 levels over the National Ambient Air Quality Standard (NAAQS),0.5563632375324018,False,-0.22416394006897725,False
2000-04-27,Pennsylvania,Lancaster,85,Percent of days with PM2.5 levels over the National Ambient Air Quality Standard (NAAQS),0.7568313170271052,False,0.8319908353562688,False
2000-04-28,Pennsylvania,Lancaster,85,Percent of days with PM2.5 levels over the National Ambient Air Quality Standard (NAAQS),0.527720333207797,False,-0.3510965300879607,False
2000-04-29,Pennsylvania,Lancaster,85,Percent of days with PM2.5 levels over the National Ambient Air Quality Standard (NAAQS),0.725831240964803,False,0.6885955989422307,False
2000-04-30,Pennsylvania,Lancaster,85,Percent of days with PM2.5 levels over the National Ambient Air Quality Standard (NAAQS),0.8364537719446375,False,1.1851275331578228,False
2000-05-01,Pennsylvania,Lancaster,85,Percent of days with PM2.5 levels over the National Ambient Air Quality Standard (NAAQS),0.713599279092011,False,0.601549383107394,False
2000-05-02,Pennsylvania,Lancaster,85,Percent of days with PM2.5 levels over the National Ambient Air Quality Standard (NAAQS),0.5120915691913442,False,-0.47473035648764433,False
2000-05-03,Pennsylvania,Lancaster,85,Percent of days with PM2.5 levels over the National Ambient Air Quality Standard (NAAQS),0.9191086880821678,False,1.6545114467969966,False
2000-05-04,Pennsylvania,Lancaster,85,Percent of days with PM2.5 levels over the National Ambient Air Quality Standard (NAAQS),0.6384766650303269,False,0.1600751695868047,False
2000-05-05,Pennsylvania,Lancaster,85,Percent of days with PM2.5 levels over the National Ambient Air Quality Standard (NAAQS),0.5637605870606027,False,-0.22919399470390786,False
2000-05-06,Pennsylvania,Lancaster,85,Percent of days with PM2.5 levels over the National Ambient Air Quality Standard (NAAQS),0.6955917502265933,False,0.41590563328677915,False
2000-05-07,Pennsylvania,Lancaster,85,Percent of days with PM2.5 levels over the National Ambient Air Quality Standard (NAAQS),0.9445821393321774,False,1.6032731090847674,False
2000-05-08,Pennsylvania,Lancaster,85,Percent of days with PM2.5 levels over the National Ambient Air Quality Standard (NAAQS),0.789926837727882,False,0.7562149117439407,False
2000-05-09,Pennsylvania,Lancaster,85,Percent of days with PM2.5 levels over the National Ambient Air Quality Standard (NAAQS),0.3414795304823759,False,-1.4701038944833147,False
2000-05-10,Pennsylvania,Lancaster,85,Percent of days with PM2.5 levels over the National Ambient Air Quality Standard (NAAQS),0.8648386153537245,False,1.0834534843857495,False
2000-05-11,Pennsylvania,Lancaster,85,Percent of days with PM2.5 levels over the National Ambient Air Quality Standard (NAAQS),0.773345659843086,False,0.6027193899084389,False
2000-05-12,Pennsylvania,Lancaster,85,Percent of days with PM2.5 levels over the National Ambient Air Quality Standard (NAAQS),0.549479211384116,False,-0.4905767462884245,False
2000-05-13,Pennsylvania,Lancaster,85,Percent of days with PM2.5 levels over the National Ambient Air Quality Standard (NAAQS),0.5066472993669959,False,-0.7089196090919653,False
2000-05-14,Pennsylvania,Lancaster,85,Percent of days with PM2.5 levels over the National Ambient Air Quality Standard (NAAQS),0.1389935772775198,False,-2.2943481464771676,False
2000-05-15,Pennsylvania,Lancaster,85,Percent of days with PM2.5 levels over the National Ambient Air Quality Standard (NAAQS),0.5618651960159283,False,-0.3874439425580233,False
2000-05-16,Pennsylvania,Lancaster,85,Percent of days with PM2.5 levels over the National Ambient Air Quality Standard (NAAQS),0.7897741300022434,False,0.6436739808286327,False
2000-05-17,Pennsylvania,Lancaster,85,Percent of days with PM2.5 levels over the National Ambient Air Quality Standard (NAAQS),0.8586363168610023,False,1.0089587575490848,False
2000-05-18,Pennsylvania,Lancaster,85,Percent of days with PM2.5 levels over the National Ambient Air Quality Standard (NAAQS),0.5122965982405034,False,-0.5739868623344837,False
2000-05-19,Pennsylvania,Lancaster,85,Percent of days with PM2.5 levels over the National Ambient Air Quality Standard (NAAQS),0.3272333576495521,False,-1.3329482867543636,False
2000-05-20,Pennsylvania,Lancaster,85,Percent of days with PM2.5 levels over the National Ambient Air Quality Standard (NAAQS),0.5336942412751818,False,-0.47063907869043364,False
2000-05-21,Pennsylvania,Lancaster,85,Percent of days with PM2.5 levels over the National Ambient Air Quality Standard (NAAQS),0.6592153538362828,False,0.1717851374214294,False
2000-05-22,Pennsylvania,Lancaster,85,Percent of days with PM2.5 levels over the National Ambient Air Quality Standard (NAAQS),1.02203753668559,False,1.7939614019270653,False
2000-05-23,Pennsylvania,Lancaster,85,Percent of days with PM2.5 levels over the National Ambient Air Quality Standard (NAAQS),0.5021565701988114,False,-0.7176552392942376,False
2000-05-24,Pennsylvania,Lancaster,85,Percent of days with PM2.5 levels over the National Ambient Air Quality Standard (NAAQS),0.5302524021088397,False,-0.5726416830133221,False
2000-05-25,Pennsylvania,Lancaster,85,Percent of days with PM2.5 levels over the National Ambient Air Quality Standard (NAAQS),0.9569039004302132,False,1.4447273942335928,False
2000-05-26,Pennsylvania,Lancaster,85,Percent of days with PM2.5 levels over the National Ambient Air Quality Standard (NAAQS),0.4854384055298301,False,-0.7884669989569301,False
2000-05-27,Pennsylvania,Lancaster,85,Percent of days with PM2.5 levels over the National Ambient Air Quality Standard (NAAQS),0.9130553325453372,False,1.1754622841258635,False
2000-05-28,Pennsylvania,Lancaster,85,Percent of days with PM2.5 levels over the National Ambient Air Quality Standard (NAAQS),0.658890771973412,False,0.03102068650674055,False
2000-05-29,Pennsylvania,Lancaster,85,Percent of days with PM2.5 levels over the National Ambient Air Quality Standard (NAAQS),0.6274193263708536,False,-0.10201957051847525,False
2000-05-30,Pennsylvania,Lancaster,85,Percent of days with PM2.5 levels over the National Ambient Air Quality Standard (NAAQS),0.4964897166373354,False,-0.7117810008658394,False
2000-05-31,Pennsylvania,Lancaster,85,Percent of days with PM2.5 levels over the National Ambient Air Quality Standard (NAAQS),0.4940704901258357,False,-0.6673270996432279,False
2000-06-01,Pennsylvania,Lancaster,85,Percent of days with PM2.5 levels over the National Ambient Air Quality Standard (NAAQS),0.7414121982768805,False,0.4969508254480102,False
2000-06-02,Pennsylvania,Lancaster,85,Percent of days with PM2.5 levels over the National Ambient Air Quality Standard (NAAQS),0.3764827253489881,False,-1.1801000554866419,False
2000-06-03,Pennsylvania,Lancaster,85,Percent of days with PM2.5 levels over the National Ambient Air Quality Standard (NAAQS),0.664844665966132,False,0.16520144628883132,False
2000-06-04,Pennsylvania,Lancaster,85,Percent of days with PM2.5 levels over the National Ambient Air Quality Standard (NAAQS),0.8215212061389813,False,0.9386225468724072,False
2000-06-05,Pennsylvania,Lancaster,85,Percent of days with PM2.5 levels over the National Ambient Air Quality Standard (NAAQS),0.6736618620616804,False,0.2551936764265011,False
2000-06-06,Pennsylvania,Lancaster,85,Percent of days with PM2.5 levels over the National Ambient Air Quality Standard (NAAQS),0.7020541799050153,False,0.3414726364749333,False
2000-06-07,Pennsylvania,Lancaster,85,Percent of days with PM2.5 levels over the National Ambient Air Quality Standard (NAAQS),0.5965822554388064,False,-0.14094470362373562,False
2000-06-08,Pennsylvania,Lancaster,85,Percent of days with PM2.5 levels over the National Ambient Air Quality Standard (NAAQS),0.5796121645106771,False,-0.19450641843071217,False
2000-06-09,Pennsylvania,Lancaster,85,Percent of days with PM2.5 levels over the National Ambient Air Quality Standard (NAAQS),0.8642751888012495,False,1.1906407892234916,False
2000-06-10,Pennsylvania,Lancaster,85,Percent of days with PM2.5 levels over the National Ambient Air Quality Standard (NAAQS),0.7709408592559522,False,0.6708936982723582,False
2000-06-11,Pennsylvania,Lancaster,85,Percent of days with PM2.5 levels over the National Ambient Air Quality Standard (NAAQS),0.8419528653953331,False,1.0162063515877173,False
2000-06-12,Pennsylvania,Lancaster,85,Percent of days with PM2.5 levels over the National Ambient Air Quality Standard (NAAQS),0.8121649781641297,False,0.7917226529922589,False
2000-06-13,Pennsylvania,Lancaster,85,Percent of days with PM2.5 levels over the National Ambient Air Quality Standard (NAAQS),0.6682203670504075,False,0.00379277730912618,False
2000-06-14,Pennsylvania,Lancaster,85,Percent of days with PM2.5 levels over the National Ambient Air Quality Standard (NAAQS),0.8644452640577486,False,1.1181887344818036,False
2000-06-15,Pennsylvania,Lancaster,85,Percent of days with PM2.5 levels over the National Ambient Air Quality Standard (NAAQS),0.6908044201047087,False,0.09619585434691233,False
2000-06-16,Pennsylvania,Lancaster,85,Percent of days with PM2.5 levels over the National Ambient Air Quality Standard (NAAQS),0.6190443872929481,False,-0.4097524753958298,False
2000-06-17,Pennsylvania,Lancaster,85,Percent of days with PM2.5 levels over the National Ambient Air Quality Standard (NAAQS),0.7281045992647913,False,0.2327027723986027,False
2000-06-18,Pennsylvania,Lancaster,85,Percent of days with PM2.5 levels over the National Ambient Air Quality Standard (NAAQS),0.4503010497060902,False,-1.4278003997200786,False
2000-06-19,Pennsylvania,Lancaster,85,Percent of days with PM2.5 levels over the National Ambient Air Quality Standard (NAAQS),0.9767063115318846,False,1.834336430696035,False
2000-06-20,Pennsylvania,Lancaster,85,Percent of days with PM2.5 levels over the National Ambient Air Quality Standard (NAAQS),0.8838118669151181,False,1.1679430882772504,False
2000-06-21,Pennsylvania,Lancaster,85,Percent of days with PM2.5 levels over the National Ambient Air Quality Standard (NAAQS),0.5775434804383499,False,-0.7550334508455798,False
2000-06-22,Pennsylvania,Lancaster,85,Percent of days with PM2.5 levels over the National Ambient Air Quality Standard (NAAQS),0.560572251699445,False,-0.8051228163588974,False
2000-06-23,Pennsylvania,Lancaster,85,Percent of days with PM2.5 levels over the National Ambient Air Quality Standard (NAAQS),0.2934348683874817,False,-2.3122183474140985,False
2000-06-24,Pennsylvania,Lancaster,85,Percent of days with PM2.5 levels over the National Ambient Air Quality Standard (NAAQS),0.6872201974506139,False,0.11655413854823556,False
2000-06-25,Pennsylvania,Lancaster,85,Percent of days with PM2.5 levels over the National Ambient Air Quality Standard (NAAQS),0.6358894680183981,False,-0.20055658972061322,False
2000-06-26,Pennsylvania,Lancaster,85,Percent of days with PM2.5 levels over the National Ambient Air Quality Standard (NAAQS),0.6550087200530339,False,-0.08683113160805056,False
2000-06-27,Pennsylvania,Lancaster,85,Percent of days with PM2.5 levels over the National Ambient Air Quality Standard (NAAQS),0.2514768920774924,False,-2.3358362127299666,False
2000-06-28,Pennsylvania,Lancaster,85,Percent of days with PM2.5 levels over the National Ambient Air Quality Standard (NAAQS),0.5757000303126023,False,-0.5053870165688107,False
2000-06-29,Pennsylvania,Lancaster,85,Percent of days with PM2.5 levels over the National Ambient Air Quality Standard (NAAQS),0.3671864642361581,False,-1.5628253146367417,False
2000-06-30,Pennsylvania,Lancaster,85,Percent of days with PM2.5 levels over the National Ambient Air Quality Standard (NAAQS),0.7986712940870627,False,0.7672742535546737,False
2000-07-01,Pennsylvania,Lancaster,85,Percent of days with PM2.5 levels over the National Ambient Air Quality Standard (NAAQS),0.3900022875257399,False,-1.4541958067359548,False
2000-07-02,Pennsylvania,Lancaster,85,Percent of days with PM2.5 levels over the National Ambient Air Quality Standard (NAAQS),0.2652303658117842,False,-1.9130223378844693,False
2000-07-03,Pennsylvania,Lancaster,85,Percent of days with PM2.5 levels over the National Ambient Air Quality Standard (NAAQS),0.683621177992799,False,0.24946776040915566,False
2000-07-04,Pennsylvania,Lancaster,85,Percent of days with PM2.5 levels over the National Ambient Air Quality Standard (NAAQS),0.4503516561947973,False,-0.898131041981192,False
2000-07-05,Pennsylvania,Lancaster,85,Percent of days with PM2.5 levels over the National Ambient Air Quality Standard (NAAQS),0.48826630498093,False,-0.6791628688656419,False
2000-07-06,Pennsylvania,Lancaster,85,Percent of days with PM2.5 levels over the National Ambient Air Quality Standard (NAAQS),0.4452598271506128,False,-0.8607272116962054,False
2000-07-07,Pennsylvania,Lancaster,85,Percent of days with PM2.5 levels over the National Ambient Air Quality Standard (NAAQS),0.9063254784581732,False,1.4182708548494045,False
2000-07-08,Pennsylvania,Lancaster,85,Percent of days with PM2.5 levels over the National Ambient Air Quality Standard (NAAQS),0.5989056902850208,False,-0.07077831510930596,False
2000-07-09,Pennsylvania,Lancaster,85,Percent of days with PM2.5 levels over the National Ambient Air Quality Standard (NAAQS),0.6816672448176461,False,0.3797081670619176,False
2000-07-10,Pennsylvania,Lancaster,85,Percent of days with PM2.5 levels over the National Ambient Air Quality Standard (NAAQS),0.5828967891595219,False,-0.08492719739114092,False
2000-07-11,Pennsylvania,Lancaster,85,Percent of days with PM2.5 levels over the National Ambient Air Quality Standard (NAAQS),0.5813528415414702,False,-0.07697576888721824,False
2000-07-12,Pennsylvania,Lancaster,85,Percent of days with PM2.5 levels over the National Ambient Air Quality Standard (NAAQS),0.663824117019009,False,0.4064843062016031,False
2000-07-13,Pennsylvania,Lancaster,85,Percent of days with PM2.5 levels over the National Ambient Air Quality Standard (NAAQS),0.4658761665416133,False,-0.6228484867744482,False
2000-07-14,Pennsylvania,Lancaster,85,Percent of days with PM2.5 levels over the National Ambient Air Quality Standard (NAAQS),0.5687452337520978,False,-0.055965773557545236,False
2000-07-15,Pennsylvania,Lancaster,85,Percent of days with PM2.5 levels over the National Ambient Air Quality Standard (NAAQS),0.7239709122405553,False,0.7867829021864083,False
2000-07-16,Pennsylvania,Lancaster,85,Percent of days with PM2.5 levels over the National Ambient Air Quality Standard (NAAQS),0.4682917735116115,False,-0.6049976413697418,False
2000-07-17,Pennsylvania,Lancaster,85,Percent of days with PM2.5 levels over the National Ambient Air Quality Standard (NAAQS),0.5245432304461256,False,-0.2330268358094023,False
2000-07-18,Pennsylvania,Lancaster,85,Percent of days with PM2.5 levels over the National Ambient Air Quality Standard (NAAQS),0.7404766429224835,False,1.148543334664069,False
2000-07-19,Pennsylvania,Lancaster,85,Percent of days with PM2.5 levels over the National Ambient Air Quality Standard (NAAQS),0.5456427892342001,False,-0.07260725281704053,False
2000-07-20,Pennsylvania,Lancaster,85,Percent of days with PM2.5 levels over the National Ambient Air Quality Standard (NAAQS),0.5502340029328872,False,-0.04132776398141611,False
2000-07-21,Pennsylvania,Lancaster,85,Percent of days with PM2.5 levels over the National Ambient Air Quality Standard (NAAQS),0.5531650590216813,False,-0.08600631511426093,False
2000-07-22,Pennsylvania,Lancaster,85,Percent of days with PM2.5 levels over the National Ambient Air Quality Standard (NAAQS),0.4202931524598366,False,-0.9053728613431736,False
2000-07-23,Pennsylvania,Lancaster,85,Percent of days with PM2.5 levels over the National Ambient Air Quality Standard (NAAQS),0.94948059065609,False,2.28143252371268,False
2000-07-24,Pennsylvania,Lancaster,85,Percent of days with PM2.5 levels over the National Ambient Air Quality Standard (NAAQS),0.640550584042198,False,0.438949154855984,False
2000-07-25,Pennsylvania,Lancaster,85,Percent of days with PM2.5 levels over the National Ambient Air Quality Standard (NAAQS),0.4387099185890635,False,-0.858710319830279,False
2000-07-26,Pennsylvania,Lancaster,85,Percent of days with PM2.5 levels over the National Ambient Air Quality Standard (NAAQS),0.6444003893583968,False,0.430669327970671,False
2000-07-27,Pennsylvania,Lancaster,85,Percent of days with PM2.5 levels over the National Ambient Air Quality Standard (NAAQS),0.4513188295393417,False,-0.8280042120967265,False
2000-07-28,Pennsylvania,Lancaster,85,Percent of days with PM2.5 levels over the National Ambient Air Quality Standard (NAAQS),0.7302725942212085,False,1.0118821815690069,False
2000-07-29,Pennsylvania,Lancaster,85,Percent of days with PM2.5 levels over the National Ambient Air Quality Standard (NAAQS),0.5865149634713238,False,0.0175413541994099,False
2000-07-30,Pennsylvania,Lancaster,85,Percent of days with PM2.5 levels over the National Ambient Air Quality Standard (NAAQS),1.1361175459848252,False,3.1054698121271613,True
2000-07-31,Pennsylvania,Lancaster,85,Percent of days with PM2.5 levels over the National Ambient Air Quality Standard (NAAQS),0.5149559394405492,False,-0.5589831217994878,False
2000-08-01,Pennsylvania,Lancaster,85,Percent of days with PM2.5 levels over the National Ambient Air Quality Standard (NAAQS),0.724179685360989,False,0.6323599203420879,False
2000-08-02,Pennsylvania,Lancaster,85,Percent of days with PM2.5 levels over the National Ambient Air Quality Standard (NAAQS),0.3755033156777052,False,-1.397363229681572,False
2000-08-03,Pennsylvania,Lancaster,85,Percent of days with PM2.5 levels over the National Ambient Air Quality Standard (NAAQS),0.8417468455848732,False,1.2296563930834778,False
2000-08-04,Pennsylvania,Lancaster,85,Percent of days with PM2.5 levels over the National Ambient Air Quality Standard (NAAQS),0.4177054870504564,False,-1.1489972629491745,False
2000-08-05,Pennsylvania,Lancaster,85,Percent of days with PM2.5 levels over the National Ambient Air Quality Standard (NAAQS),0.82985704682633,False,1.2105680444743143,False
2000-08-06,Pennsylvania,Lancaster,85,Percent of days with PM2.5 levels over the National Ambient Air Quality Standard (NAAQS),0.5457152862185628,False,-0.3981553905779748,False
2000-08-07,Pennsylvania,Lancaster,85,Percent of days with PM2.5 levels over the National Ambient Air Quality Standard (NAAQS),0.5177103310280883,False,-0.5432407468450008,False
2000-08-08,Pennsylvania,Lancaster,85,Percent of days with PM2.5 levels over the National Ambient Air Quality Standard (NAAQS),0.537363675452983,False,-0.42048016182125036,False
2000-08-09,Pennsylvania,Lancaster,85,Percent of days with PM2.5 levels over the National Ambient Air Quality Standard (NAAQS),0.6267686912699775,False,0.09796302111385252,False
2000-08-10,Pennsylvania,Lancaster,85,Percent of days with PM2.5 levels over the National Ambient Air Quality Standard (NAAQS),0.7446802406054112,False,0.7178963523624409,False
2000-08-11,Pennsylvania,Lancaster,85,Percent of days with PM2.5 levels over the National Ambient Air Quality Standard (NAAQS),0.6226438029498439,False,0.006408825714488852,False
2000-08-12,Pennsylvania,Lancaster,85,Percent of days with PM2.5 levels over the National Ambient Air Quality Standard (NAAQS),0.6710855667812651,False,0.2972477299061746,False
2000-08-13,Pennsylvania,Lancaster,85,Percent of days with PM2.5 levels over the National Ambient Air Quality Standard (NAAQS),0.5384817406245131,False,-0.48841984761207335,False
2000-08-14,Pennsylvania,Lancaster,85,Percent of days with PM2.5 levels over the National Ambient Air Quality Standard (NAAQS),0.5779090780244032,False,-0.2706917579753514,False
2000-08-15,Pennsylvania,Lancaster,85,Percent of days with PM2.5 levels over the National Ambient Air Quality Standard (NAAQS),0.3467708881901988,False,-1.4902100660568727,False
2000-08-16,Pennsylvania,Lancaster,85,Percent of days with PM2.5 levels over the National Ambient Air Quality Standard (NAAQS),0.6457892020750067,False,0.18276353638667614,False
2000-08-17,Pennsylvania,Lancaster,85,Percent of days with PM2.5 levels over the National Ambient Air Quality Standard (NAAQS),0.7806849470928628,False,0.8896482363835011,False
2000-08-18,Pennsylvania,Lancaster,85,Percent of days with PM2.5 levels over the National Ambient Air Quality Standard (NAAQS),0.7380064425461099,False,0.611034354267202,False
2000-08-19,Pennsylvania,Lancaster,85,Percent of days with PM2.5 levels over the National Ambient Air Quality Standard (NAAQS),0.6454893018512122,False,0.05178355605714162,False
2000-08-20,Pennsylvania,Lancaster,85,Percent of days with PM2.5 levels over the National Ambient Air Quality Standard (NAAQS),0.7105674533922505,False,0.5028964252593173,False
2000-08-21,Pennsylvania,Lancaster,85,Percent of days with PM2.5 levels over the National Ambient Air Quality Standard (NAAQS),0.5558625873396036,False,-0.418582042067984,False
2000-08-22,Pennsylvania,Lancaster,85,Percent of days with PM2.5 levels over the National Ambient Air Quality Standard (NAAQS),0.5076399846571634,False,-0.7366035488686009,False
2000-08-23,Pennsylvania,Lancaster,85,Percent of days with PM2.5 levels over the National Ambient Air Quality Standard (NAAQS),0.7061290208235342,False,0.46930317481324596,False
2000-08-24,Pennsylvania,Lancaster,85,Percent of days with PM2.5 levels over the National Ambient Air Quality Standard (NAAQS),0.7214612781469123,False,0.5134843843092805,False
2000-08-25,Pennsylvania,Lancaster,85,Percent of days with PM2.5 levels over the National Ambient Air Quality Standard (NAAQS),0.6836546027408164,False,0.2892199544538776,False
2000-08-26,Pennsylvania,Lancaster,85,Percent of days with PM2.5 levels over the National Ambient Air Quality Standard (NAAQS),1.0391621458541835,False,2.188057654989834,False
2000-08-27,Pennsylvania,Lancaster,85,Percent of days with PM2.5 levels over the National Ambient Air Quality Standard (NAAQS),0.5398811653965232,False,-0.6178791399179347,False
2000-08-28,Pennsylvania,Lancaster,85,Percent of days with PM2.5 levels over the National Ambient Air Quality Standard (NAAQS),0.7875094045847424,False,0.9647079356221032,False
2000-08-29,Pennsylvania,Lancaster,85,Percent of days with PM2.5 levels over the National Ambient Air Quality Standard (NAAQS),0.3191857620105313,False,-1.909404182209828,False
2000-08-30,Pennsylvania,Lancaster,85,Percent of days with PM2.5 levels over the National Ambient Air Quality Standard (NAAQS),0.5822596451722883,False,-0.3424964897406128,False
2000-08-31,Pennsylvania,Lancaster,85,Percent of days with PM2.5 levels over the National Ambient Air Quality Standard (NAAQS),0.7675844511664348,False,0.8946343525035445,False
2000-09-01,Pennsylvania,Lancaster,85,Percent of days with PM2.5 levels over the National Ambient Air Quality Standard (NAAQS),0.3704142504282242,False,-1.6922984966151149,False
2000-09-02,Pennsylvania,Lancaster,85,Percent of days with PM2.5 levels over the National Ambient Air Quality Standard (NAAQS),1.1191768565926443,False,2.7191483422254654,False
2000-09-03,Pennsylvania,Lancaster,85,Percent of days with PM2.5 levels over the National Ambient Air Quality Standard (NAAQS),0.8105361717766999,False,0.90087368199423,False
2000-09-04,Pennsylvania,Lancaster,85,Percent of days with PM2.5 levels over the National Ambient Air Quality Standard (NAAQS),0.8767988555151017,False,1.1817933116006611,False
2000-09-05,Pennsylvania,Lancaster,85,Percent of days with PM2.5 levels over the National Ambient Air Quality Standard (NAAQS),0.6626877845600065,False,-0.028654961124304122,False
2000-09-06,Pennsylvania,Lancaster,85,Percent of days with PM2.5 levels over the National Ambient Air Quality Standard (NAAQS),0.7126573997169354,False,0.2334607864744246,False
2000-09-07,Pennsylvania,Lancaster,85,Percent of days with PM2.5 levels over the National Ambient Air Quality Standard (NAAQS),0.6905989780335322,False,0.1213432907622846,False
2000-09-08,Pennsylvania,Lancaster,85,Percent of days with PM2.5 levels over the National Ambient Air Quality Standard (NAAQS),0.6757750372563817,False,0.02764971932228187,False
2000-09-09,Pennsylvania,Lancaster,85,Percent of days with PM2.5 levels over the National Ambient Air Quality Standard (NAAQS),0.5711699601235268,False,-0.5364279524252098,False
2000-09-10,Pennsylvania,Lancaster,85,Percent of days with PM2.5 levels over the National Ambient Air Quality Standard (NAAQS),0.6644027263254173,False,-0.04157382409351641,False
2000-09-11,Pennsylvania,Lancaster,85,Percent of days with PM2.5 levels over the National Ambient Air Quality Standard (NAAQS),0.6800097371223035,False,0.025992786676063098,False
2000-09-12,Pennsylvania,Lancaster,85,Percent of days with PM2.5 levels over the National Ambient Air Quality Standard (NAAQS),0.8198129327604176,False,0.7673753594771787,False
2000-09-13,Pennsylvania,Lancaster,85,Percent of days with PM2.5 levels over the National Ambient Air Quality Standard (NAAQS),0.5377786614486249,False,-0.8942472915484401,False
2000-09-14,Pennsylvania,Lancaster,85,Percent of days with PM2.5 levels over the National Ambient Air Quality Standard (NAAQS),0.726919437598171,False,0.24075811762301993,False
2000-09-15,Pennsylvania,Lancaster,85,Percent of days with PM2.5 levels over the National Ambient Air Quality Standard (NAAQS),0.5474668312467311,False,-0.7807717682702593,False
2000-09-16,Pennsylvania,Lancaster,85,Percent of days with PM2.5 levels over the National Ambient Air Quality Standard (NAAQS),0.754970800537893,False,0.41992940268624707,False
2000-09-17,Pennsylvania,Lancaster,85,Percent of days with PM2.5 levels over the National Ambient Air Quality Standard (NAAQS),0.553077471389957,False,-0.7284243097674203,False
2000-09-18,Pennsylvania,Lancaster,85,Percent of days with PM2.5 levels over the National Ambient Air Quality Standard (NAAQS),1.1083400419385987,False,2.184630155599864,False
2000-09-19,Pennsylvania,Lancaster,85,Percent of days with PM2.5 levels over the National Ambient Air Quality Standard (NAAQS),0.6433499062507794,False,-0.3209951157385956,False
2000-09-20,Pennsylvania,Lancaster,85,Percent of days with PM2.5 levels over the National Ambient Air Quality Standard (NAAQS),0.7023685764771562,False,-0.0005206335608822517,False
2000-09-21,Pennsylvania,Lancaster,85,Percent of days with PM2.5 levels over the National Ambient Air Quality Standard (NAAQS),1.0706388270751597,False,1.8031439175579864,False
2000-09-22,Pennsylvania,Lancaster,85,Percent of days with PM2.5 levels over the National Ambient Air Quality Standard (NAAQS),0.3207491331095362,False,-1.8080072865131904,False
2000-09-23,Pennsylvania,Lancaster,85,Percent of days with PM2.5 levels over the National Ambient Air Quality Standard (NAAQS),0.4745353302459147,False,-1.0145066305756791,False
2000-09-24,Pennsylvania,Lancaster,85,Percent of days with PM2.5 levels over the National Ambient Air Quality Standard (NAAQS),0.5858517075287875,False,-0.4800526249175459,False
2000-09-25,Pennsylvania,Lancaster,85,Percent of days with PM2.5 levels over the National Ambient Air Quality Standard (NAAQS),0.5499577479451424,False,-0.6135051680709616,False
2000-09-26,Pennsylvania,Lancaster,85,Percent of days with PM2.5 levels over the National Ambient Air Quality Standard (NAAQS),0.3849201162250852,False,-1.4630515915168034,False
2000-09-27,Pennsylvania,Lancaster,85,Percent of days with PM2.5 levels over the National Ambient Air Quality Standard (NAAQS),0.7078676659367241,False,0.13095863640995284,False
2000-09-28,Pennsylvania,Lancaster,85,Percent of days with PM2.5 levels over the National Ambient Air Quality Standard (NAAQS),0.4064517292508559,False,-1.2808896235735683,False
2000-09-29,Pennsylvania,Lancaster,85,Percent of days with PM2.5 levels over the National Ambient Air Quality Standard (NAAQS),0.4004312184976488,False,-1.3255115553760153,False
2000-09-30,Pennsylvania,Lancaster,85,Percent of days with PM2.5 levels over the National Ambient Air Quality Standard (NAAQS),0.7699616770392067,False,0.6091126937926136,False
2000-10-01,Pennsylvania,Lancaster,85,Percent of days with PM2.5 levels over the National Ambient Air Quality Standard (NAAQS),0.3652822774455971,False,-1.4539035211758908,False
2000-10-02,Pennsylvania,Lancaster,85,Percent of days with PM2.5 levels over the National Ambient Air Quality Standard (NAAQS),0.560201280895851,False,-0.37910622085394996,False
2000-10-03,Pennsylvania,Lancaster,85,Percent of days with PM2.5 levels over the National Ambient Air Quality Standard (NAAQS),0.7468739409802497,False,0.6102266131389171,False
2000-10-04,Pennsylvania,Lancaster,85,Percent of days with PM2.5 levels over the National Ambient Air Quality Standard (NAAQS),0.5658949782915131,False,-0.33445888795446876,False
2000-10-05,Pennsylvania,Lancaster,85,Percent of days with PM2.5 levels over the National Ambient Air Quality Standard (NAAQS),0.6110977823913655,False,-0.07613776678212486,False
2000-10-06,Pennsylvania,Lancaster,85,Percent of days with PM2.5 levels over the National Ambient Air Quality Standard (NAAQS),0.7680978353811303,False,0.7455211432916807,False
2000-10-07,Pennsylvania,Lancaster,85,Percent of days with PM2.5 levels over the National Ambient Air Quality Standard (NAAQS),0.4512268692263357,False,-0.9108543943574104,False
2000-10-08,Pennsylvania,Lancaster,85,Percent of days with PM2.5 levels over the National Ambient Air Quality Standard (NAAQS),0.5423880293334292,False,-0.4070115738690167,False
2000-10-09,Pennsylvania,Lancaster,85,Percent of days with PM2.5 levels over the National Ambient Air Quality Standard (NAAQS),0.7008770256186306,False,0.42092216049442555,False
2000-10-10,Pennsylvania,Lancaster,85,Percent of days with PM2.5 levels over the National Ambient Air Quality Standard (NAAQS),0.5915207945180343,False,-0.11221218515886121,False
2000-10-11,Pennsylvania,Lancaster,85,Percent of days with PM2.5 levels over the National Ambient Air Quality Standard (NAAQS),0.8405439504831981,False,1.1380563736995684,False
2000-10-12,Pennsylvania,Lancaster,85,Percent of days with PM2.5 levels over the National Ambient Air Quality Standard (NAAQS),0.6539592632938839,False,0.1752391499633881,False
2000-10-13,Pennsylvania,Lancaster,85,Percent of days with PM2.5 levels over the National Ambient Air Quality Standard (NAAQS),0.6406401895727655,False,0.08783326375151933,False
2000-10-14,Pennsylvania,Lancaster,85,Percent of days with PM2.5 levels over the National Ambient Air Quality Standard (NAAQS),0.5678826700734226,False,-0.26307630677737753,False
2000-10-15,Pennsylvania,Lancaster,85,Percent of days with PM2.5 levels over the National Ambient Air Quality Standard (NAAQS),0.4601636850091264,False,-0.8100617129710442,False
2000-10-16,Pennsylvania,Lancaster,85,Percent of days with PM2.5 levels over the National Ambient Air Quality Standard (NAAQS),0.2488327881848221,False,-1.900390521003078,False
2000-10-17,Pennsylvania,Lancaster,85,Percent of days with PM2.5 levels over the National Ambient Air Quality Standard (NAAQS),0.6583388482009902,False,0.422766620451038,False
2000-10-18,Pennsylvania,Lancaster,85,Percent of days with PM2.5 levels over the National Ambient Air Quality Standard (NAAQS),0.7390574937454618,False,0.8682411102561589,False
2000-10-19,Pennsylvania,Lancaster,85,Percent of days with PM2.5 levels over the National Ambient Air Quality Standard (NAAQS),0.3447229011694389,False,-1.38070267392564,False
2000-10-20,Pennsylvania,Lancaster,85,Percent of days with PM2.5 levels over the National Ambient Air Quality Standard (NAAQS),0.4896175141513029,False,-0.5079856338796426,False
2000-10-21,Pennsylvania,Lancaster,85,Percent of days with PM2.5 levels over the National Ambient Air Quality Standard (NAAQS),0.5647610969761377,False,-0.025151271897964057,False
2000-10-22,Pennsylvania,Lancaster,85,Percent of days with PM2.5 levels over the National Ambient Air Quality Standard (NAAQS),0.6978131564272917,False,0.8365410530524936,False
2000-10-23,Pennsylvania,Lancaster,85,Percent of days with PM2.5 levels over the National Ambient Air Quality Standard (NAAQS),0.3747133838664757,False,-1.2403896170162225,False
2000-10-24,Pennsylvania,Lancaster,85,Percent of days with PM2.5 levels over the National Ambient Air Quality Standard (NAAQS),0.7381601606058663,False,1.0382337212232713,False
2000-10-25,Pennsylvania,Lancaster,85,Percent of days with PM2.5 levels over the National Ambient Air Quality Standard (NAAQS),0.5413536652454485,False,-0.20816706641221266,False
2000-10-26,Pennsylvania,Lancaster,85,Percent of days with PM2.5 levels over the National Ambient Air Quality Standard (NAAQS),0.690965672098027,False,0.7221536823101458,False
2000-10-27,Pennsylvania,Lancaster,85,Percent of days with PM2.5 levels over the National Ambient Air Quality Standard (NAAQS),0.80279454570983,False,1.3640089542396594,False
2000-10-28,Pennsylvania,Lancaster,85,Percent of days with PM2.5 levels over the National Ambient Air Quality Standard (NAAQS),0.7299085947501697,False,0.8984883672802093,False
2000-10-29,Pennsylvania,Lancaster,85,Percent of days with PM2.5 levels over the National Ambient Air Quality Standard (NAAQS),0.5297344462987384,False,-0.5053501497713133,False
2000-10-30,Pennsylvania,Lancaster,85,Percent of days with PM2.5 levels over the National Ambient Air Quality Standard (NAAQS),0.6714028508102264,False,0.45829185367272,False
2000-10-31,Pennsylvania,Lancaster,85,Percent of days with PM2.5 levels over the National Ambient Air Quality Standard (NAAQS),0.6199864761787957,False,0.133056336695276,False
2000-11-01,Pennsylvania,Lancaster,85,Percent of days with PM2.5 levels over the National Ambient Air Quality Standard (NAAQS),0.8243654149890283,False,1.4607968767463513,False
2000-11-02,Pennsylvania,Lancaster,85,Percent of days with PM2.5 levels over the National Ambient Air Quality Standard (NAAQS),0.737408183600046,False,0.8249336519446152,False
2000-11-03,Pennsylvania,Lancaster,85,Percent of days with PM2.5 levels over the National Ambient Air Quality Standard (NAAQS),0.6028791360433923,False,-0.04312164623890372,False
2000-11-04,Pennsylvania,Lancaster,85,Percent of days with PM2.5 levels over the National Ambient Air Quality Standard (NAAQS),0.6597122283150919,False,0.3032779211328915,False
2000-11-05,Pennsylvania,Lancaster,85,Percent of days with PM2.5 levels over the National Ambient Air Quality Standard (NAAQS),0.7033731270816084,False,0.5693315616769344,False
2000-11-06,Pennsylvania,Lancaster,85,Percent of days with PM2.5 levels over the National Ambient Air Quality Standard (NAAQS),0.6072777833029893,False,-0.0828053118016382,False
2000-11-07,Pennsylvania,Lancaster,85,Percent of days with PM2.5 levels over the National Ambient Air Quality Standard (NAAQS),0.6092041027263208,False,-0.07370170616903199,False
2000-11-08,Pennsylvania,Lancaster,85,Percent of days with PM2.5 levels over the National Ambient Air Quality Standard (NAAQS),0.7273861728336696,False,0.8195897689004112,False
2000-11-09,Pennsylvania,Lancaster,85,Percent of days with PM2.5 levels over the National Ambient Air Quality Standard (NAAQS),0.8137367651913787,False,1.3616888083246568,False
2000-11-10,Pennsylvania,Lancaster,85,Percent of days with PM2.5 levels over the National Ambient Air Quality Standard (NAAQS),0.8250534867208483,False,1.3462127511067667,False
2000-11-11,Pennsylvania,Lancaster,85,Percent of days with PM2.5 levels over the National Ambient Air Quality Standard (NAAQS),0.9766440013939546,False,2.0884145546404813,False
2000-11-12,Pennsylvania,Lancaster,85,Percent of days with PM2.5 levels over the National Ambient Air Quality Standard (NAAQS),1.0054982670388752,False,2.0222654632021513,False
2000-11-13,Pennsylvania,Lancaster,85,Percent of days with PM2.5 levels over the National Ambient Air Quality Standard (NAAQS),0.4822986578345652,False,-1.2221311029588995,False
2000-11-14,Pennsylvania,Lancaster,85,Percent of days with PM2.5 levels over the National Ambient Air Quality Standard (NAAQS),0.9186299183856044,False,1.4867409452698732,False
2000-11-15,Pennsylvania,Lancaster,85,Percent of days with PM2.5 levels over the National Ambient Air Quality Standard (NAAQS),0.4507596753232963,False,-1.316612771496322,False
2000-11-16,Pennsylvania,Lancaster,85,Percent of days with PM2.5 levels over the National Ambient Air Quality Standard (NAAQS),0.2673606739161784,False,-2.3192088249569958,False
2000-11-17,Pennsylvania,Lancaster,85,Percent of days with PM2.5 levels over the National Ambient Air Quality Standard (NAAQS),0.7610451467885323,False,0.5007155074763576,False
2000-11-18,Pennsylvania,Lancaster,85,Percent of days with PM2.5 levels over the National Ambient Air Quality Standard (NAAQS),0.5833774268326143,False,-0.5533601989621797,False
2000-11-19,Pennsylvania,Lancaster,85,Percent of days with PM2.5 levels over the National Ambient Air Quality Standard (NAAQS),0.5736905042187271,False,-0.5808236874245107,False
2000-11-20,Pennsylvania,Lancaster,85,Percent of days with PM2.5 levels over the National Ambient Air Quality Standard (NAAQS),0.4520156044680948,False,-1.3478456035382362,False
2000-11-21,Pennsylvania,Lancaster,85,Percent of days with PM2.5 levels over the National Ambient Air Quality Standard (NAAQS),0.7142833983521681,False,0.24147399233859496,False
2000-11-22,Pennsylvania,Lancaster,85,Percent of days with PM2.5 levels over the National Ambient Air Quality Standard (NAAQS),0.7458291953862416,False,0.3918710338602485,False
2000-11-23,Pennsylvania,Lancaster,85,Percent of days with PM2.5 levels over the National Ambient Air Quality Standard (NAAQS),0.3224701977493928,False,-1.9526030497008604,False
2000-11-24,Pennsylvania,Lancaster,85,Percent of days with PM2.5 levels over the National Ambient Air Quality Standard (NAAQS),0.6617813220944555,False,-0.009626081260250231,False
2000-11-25,Pennsylvania,Lancaster,85,Percent of days with PM2.5 levels over the National Ambient Air Quality Standard (NAAQS),0.879436189506008,False,1.172913172457578,False
2000-11-26,Pennsylvania,Lancaster,85,Percent of days with PM2.5 levels over the National Ambient Air Quality Standard (NAAQS),0.6775584672698146,False,0.019552153068741987,False
2000-11-27,Pennsylvania,Lancaster,85,Percent of days with PM2.5 levels over the National Ambient Air Quality Standard (NAAQS),0.5664134645028127,False,-0.5816870675033052,False
2000-11-28,Pennsylvania,Lancaster,85,Percent of days with PM2.5 levels over the National Ambient Air Quality Standard (NAAQS),0.3044415579942323,False,-1.852332170340597,False
2000-11-29,Pennsylvania,Lancaster,85,Percent of days with PM2.5 levels over the National Ambient Air Quality Standard (NAAQS),1.044856131771127,False,1.8643593733970463,False
2000-11-30,Pennsylvania,Lancaster,85,Percent of days with PM2.5 levels over the National Ambient Air Quality Standard (NAAQS),0.4975999246833005,False,-0.7855421893308997,False
2000-12-01,Pennsylvania,Lancaster,85,Percent of days with PM2.5 levels over the National Ambient Air Quality Standard (NAAQS),0.7543639979174699,False,0.4414989250790507,False
2000-12-02,Pennsylvania,Lancaster,85,Percent of days with PM2.5 levels over the National Ambient Air Quality Standard (NAAQS),0.7254488325124727,False,0.2886498783842543,False
2000-12-03,Pennsylvania,Lancaster,85,Percent of days with PM2.5 levels over the National Ambient Air Quality Standard (NAAQS),0.9787236723486684,False,1.4163809334456485,False
2000-12-04,Pennsylvania,Lancaster,85,Percent of days with PM2.5 levels over the National Ambient Air Quality Standard (NAAQS),0.9383414198294876,False,1.144547214809155,False
2000-12-05,Pennsylvania,Lancaster,85,Percent of days with PM2.5 levels over the National Ambient Air Quality Standard (NAAQS),0.4530421502699515,False,-1.027998105007024,False
2000-12-06,Pennsylvania,Lancaster,85,Percent of days with PM2.5 levels over the National Ambient Air Quality Standard (NAAQS),0.671725843226201,False,-0.03817338690703514,False
2000-12-07,Pennsylvania,Lancaster,85,Percent of days with PM2.5 levels over the National Ambient Air Quality Standard (NAAQS),0.8759626892046062,False,0.8621588766855606,False
2000-12-08,Pennsylvania,Lancaster,85,Percent of days with PM2.5 levels over the National Ambient Air Quality Standard (NAAQS),0.574813391434996,False,-0.4415357325559105,False
2000-12-09,Pennsylvania,Lancaster,85,Percent of days with PM2.5 levels over the National Ambient Air Quality Standard (NAAQS),0.4363403096960188,False,-0.9917423434062645,False
2000-12-10,Pennsylvania,Lancaster,85,Percent of days with PM2.5 levels over the National Ambient Air Quality Standard (NAAQS),1.0072107860760555,False,1.6057404281823255,False
2000-12-11,Pennsylvania,Lancaster,85,Percent of days with PM2.5 levels over the National Ambient Air Quality Standard (NAAQS),0.5418057942465127,False,-0.5248348519551913,False
2000-12-12,Pennsylvania,Lancaster,85,Percent of days with PM2.5 levels over the National Ambient Air Quality Standard (NAAQS),0.6466661111255014,False,-0.00011995190396675493,False
2000-12-13,Pennsylvania,Lancaster,85,Percent of days with PM2.5 levels over the National Ambient Air Quality Standard (NAAQS),0.684550719840546,False,0.14133202257483346,False
2000-12-14,Pennsylvania,Lancaster,85,Percent of days with PM2.5 levels over the National Ambient Air Quality Standard (NAAQS),0.3850473318653763,False,-1.3589681751633056,False
2000-12-15,Pennsylvania,Lancaster,85,Percent of days with PM2.5 levels over the National Ambient Air Quality Standard (NAAQS),0.8344758619386902,False,0.8477451725548332,False
2000-12-16,Pennsylvania,Lancaster,85,Percent of days with PM2.5 levels over the National Ambient Air Quality Standard (NAAQS),0.3763228084476141,False,-1.3231439431507501,False
2000-12-17,Pennsylvania,Lancaster,85,Percent of days with PM2.5 levels over the National Ambient Air Quality Standard (NAAQS),0.6398288943866999,False,-0.08111337282162216,False
2000-12-18,Pennsylvania,Lancaster,85,Percent of days with PM2.5 levels over the National Ambient Air Quality Standard (NAAQS),0.5187979903101179,False,-0.6763984024280226,False
2000-12-19,Pennsylvania,Lancaster,85,Percent of days with PM2.5 levels over the National Ambient Air Quality Standard (NAAQS),0.6911495009121654,False,0.15792339046758289,False
2000-12-20,Pennsylvania,Lancaster,85,Percent of days with PM2.5 levels over the National Ambient Air Quality Standard (NAAQS),0.9551785708012684,False,1.349727383308719,False
2000-12-21,Pennsylvania,Lancaster,85,Percent of days with PM2.5 levels over the National Ambient Air Quality Standard (NAAQS),0.3818968512436659,False,-1.3553276856108227,False
2000-12-22,Pennsylvania,Lancaster,85,Percent of days with PM2.5 levels over the National Ambient Air Quality Standard (NAAQS),0.6798555124467665,False,0.05314061159729164,False
2000-12-23,Pennsylvania,Lancaster,85,Percent of days with PM2.5 levels over the National Ambient Air Quality Standard (NAAQS),0.6156721472224296,False,-0.2101700405891432,False
2000-12-24,Pennsylvania,Lancaster,85,Percent of days with PM2.5 levels over the National Ambient Air Quality Standard (NAAQS),0.4510699020801387,False,-0.948875766556522,False
2000-12-25,Pennsylvania,Lancaster,85,Percent of days with PM2.5 levels over the National Ambient Air Quality Standard (NAAQS),0.5952945891314502,False,-0.27017300336919114,False
2000-12-26,Pennsylvania,Lancaster,85,Percent of days with PM2.5 levels over the National Ambient Air Quality Standard (NAAQS),0.752508737864359,False,0.42209854824076415,False
2000-12-27,Pennsylvania,Lancaster,85,Percent of days with PM2.5 levels over the National Ambient Air Quality Standard (NAAQS),0.4800349705820903,False,-0.8906154365219083,False
2000-12-28,Pennsylvania,Lancaster,85,Percent of days with PM2.5 levels over the National Ambient Air Quality Standard (NAAQS),0.6998918514005859,False,0.23959028802937754,False
2000-12-29,Pennsylvania,Lancaster,85,Percent of days with PM2.5 levels over the National Ambient Air Quality Standard (NAAQS),0.6615732392077945,False,0.05215047857474997,False
2000-12-30,Pennsylvania,Lancaster,85,Percent of days with PM2.5 levels over the National Ambient Air Quality Standard (NAAQS),0.5273594145752757,False,-0.6304151736150632,False
2000-12-31,Pennsylvania,Lancaster,85,Percent of days with PM2.5 levels over the National Ambient Air Quality Standard (NAAQS),0.6793902010344777,False,0.25905484427373665,False
2001-01-01,Pennsylvania,Lancaster,85,Percent of days with PM2.5 levels over the National Ambient Air Quality Standard (NAAQS),0.2592841018976146,False,-1.9696829331892767,False
2001-01-02,Pennsylvania,Lancaster,85,Percent of days with PM2.5 levels over the National Ambient Air Quality Standard (NAAQS),0.4195983639329126,False,-1.055209649654353,False
2001-01-03,Pennsylvania,Lancaster,85,Percent of days with PM2.5 levels over the National Ambient Air Quality Standard (NAAQS),0.677342694949102,False,0.38183210662876843,False
2001-01-04,Pennsylvania,Lancaster,85,Percent of days with PM2.5 levels over the National Ambient Air Quality Standard (NAAQS),0.4606395972235909,False,-0.7692200961614492,False
2001-01-05,Pennsylvania,Lancaster,85,Percent of days with PM2.5 levels over the National Ambient Air Quality Standard (NAAQS),0.6100808675789189,False,0.08513119382733893,False
2001-01-06,Pennsylvania,Lancaster,85,Percent of days with PM2.5 levels over the National Ambient Air Quality Standard (NAAQS),0.346695627666521,False,-1.384540065848856,False
2001-01-07,Pennsylvania,Lancaster,85,Percent of days with PM2.5 levels over the National Ambient Air Quality Standard (NAAQS),0.2678905249956269,False,-1.773217417353312,False
2001-01-08,Pennsylvania,Lancaster,85,Percent of days with PM2.5 levels over the National Ambient Air Quality Standard (NAAQS),0.7905806984134075,False,1.2474353280735342,False
2001-01-09,Pennsylvania,Lancaster,85,Percent of days with PM2.5 levels over the National Ambient Air Quality Standard (NAAQS),0.4145959845952991,False,-0.8663832535409828,False
2001-01-10,Pennsylvania,Lancaster,85,Percent of days with PM2.5 levels over the National Ambient Air Quality Standard (NAAQS),0.4606802616660606,False,-0.5591091516513326,False
2001-01-11,Pennsylvania,Lancaster,85,Percent of days with PM2.5 levels over the National Ambient Air Quality Standard (NAAQS),0.4724517989554653,False,-0.5168186287886597,False
2001-01-12,Pennsylvania,Lancaster,85,Percent of days with PM2.5 levels over the National Ambient Air Quality Standard (NAAQS),0.348429620155108,False,-1.1640186857753367,False
2001-01-13,Pennsylvania,Lancaster,85,Percent of days with PM2.5 levels over the National Ambient Air Quality Standard (NAAQS),0.4092935360158488,False,-0.8142687385668284,False
2001-01-14,Pennsylvania,Lancaster,85,Percent of days with PM2.5 levels over the National Ambient Air Quality Standard (NAAQS),0.6730466350504248,False,0.7545917144708848,False
2001-01-15,Pennsylvania,Lancaster,85,Percent of days with PM2.5 levels over the National Ambient Air Quality Standard (NAAQS),0.6468023351929661,False,0.5676785903279119,False
2001-01-16,Pennsylvania,Lancaster,85,Percent of days with PM2.5 levels over the National Ambient Air Quality Standard (NAAQS),0.5411381161570942,False,-0.027115561571224984,False
2001-01-17,Pennsylvania,Lancaster,85,Percent of days with PM2.5 levels over the National Ambient Air Quality Standard (NAAQS),0.1559206452605113,False,-2.227603392957862,False
2001-01-18,Pennsylvania,Lancaster,85,Percent of days with PM2.5 levels over the National Ambient Air Quality Standard (NAAQS),0.5280785545576092,False,0.03594501539639037,False
2001-01-19,Pennsylvania,Lancaster,85,Percent of days with PM2.5 levels over the National Ambient Air Quality Standard (NAAQS),0.5162585631136548,False,-0.0014480227752139093,False
2001-01-20,Pennsylvania,Lancaster,85,Percent of days with PM2.5 levels over the National Ambient Air Quality Standard (NAAQS),0.5748897219929633,False,0.38325113467307753,False
2001-01-21,Pennsylvania,Lancaster,85,Percent of days with PM2.5 levels over the National Ambient Air Quality Standard (NAAQS),0.5577899440882588,False,0.24987567120908127,False
2001-01-22,Pennsylvania,Lancaster,85,Percent of days with PM2.5 levels over the National Ambient Air Quality Standard (NAAQS),0.452365495223461,False,-0.39436747027066965,False
2001-01-23,Pennsylvania,Lancaster,85,Percent of days with PM2.5 levels over the National Ambient Air Quality Standard (NAAQS),0.3243789333100212,False,-1.1430285216636495,False
2001-01-24,Pennsylvania,Lancaster,85,Percent of days with PM2.5 levels over the National Ambient Air Quality Standard (NAAQS),0.9923839496268918,False,2.664440497194156,False
2001-01-25,Pennsylvania,Lancaster,85,Percent of days with PM2.5 levels over the National Ambient Air Quality Standard (NAAQS),0.60332825813646,False,0.5122606389018848,False
2001-01-26,Pennsylvania,Lancaster,85,Percent of days with PM2.5 levels over the National Ambient Air Quality Standard (NAAQS),0.3698178235682309,False,-0.7590813344913433,False
2001-01-27,Pennsylvania,Lancaster,85,Percent of days with PM2.5 levels over the National Ambient Air Quality Standard (NAAQS),0.557521152622791,False,0.30517067732031394,False
2001-01-28,Pennsylvania,Lancaster,85,Percent of days with PM2.5 levels over the National Ambient Air Quality Standard (NAAQS),0.7042126184730109,False,1.1294986113836596,False
2001-01-29,Pennsylvania,Lancaster,85,Percent of days with PM2.5 levels over the National Ambient Air Quality Standard (NAAQS),0.6745059058104408,False,0.8975147542347948,False
2001-01-30,Pennsylvania,Lancaster,85,Percent of days with PM2.5 levels over the National Ambient Air Quality Standard (NAAQS),0.4896210596052678,False,-0.18976559623660436,False
2001-01-31,Pennsylvania,Lancaster,85,Percent of days with PM2.5 levels over the National Ambient Air Quality Standard (NAAQS),0.2933577690168848,False,-1.2363019075956356,False
2001-02-01,Pennsylvania,Lancaster,85,Percent of days with PM2.5 levels over the National Ambient Air Quality Standard (NAAQS),0.3524275255606337,False,-0.8632247558709133,False
2001-02-02,Pennsylvania,Lancaster,85,Percent of days with PM2.5 levels over the National Ambient Air Quality Standard (NAAQS),0.2738999489524471,False,-1.2133862653784775,False
2001-02-03,Pennsylvania,Lancaster,85,Percent of days with PM2.5 levels over the National Ambient Air Quality Standard (NAAQS),0.3942606826049657,False,-0.5587201712558477,False
2001-02-04,Pennsylvania,Lancaster,85,Percent of days with PM2.5 levels over the National Ambient Air Quality Standard (NAAQS),0.1821813006631098,False,-1.6822526365118553,False
2001-02-05,Pennsylvania,Lancaster,85,Percent of days with PM2.5 levels over the National Ambient Air Quality Standard (NAAQS),0.6084722323040618,False,0.7040768955569606,False
2001-02-06,Pennsylvania,Lancaster,85,Percent of days with PM2.5 levels over the National Ambient Air Quality Standard (NAAQS),0.6535902638405582,False,0.9006413290244943,False
2001-02-07,Pennsylvania,Lancaster,85,Percent of days with PM2.5 levels over the National Ambient Air Quality Standard (NAAQS),0.5345093453664702,False,0.21687303728762838,False
2001-02-08,Pennsylvania,Lancaster,85,Percent of days with PM2.5 levels over the National Ambient Air Quality Standard (NAAQS),0.6473585881822322,False,0.8055647875287932,False
2001-02-09,Pennsylvania,Lancaster,85,Percent of days with PM2.5 levels over the National Ambient Air Quality Standard (NAAQS),0.5626023922219543,False,0.2966547902694523,False
2001-02-10,Pennsylvania,Lancaster,85,Percent of days with PM2.5 levels over the National Ambient Air Quality Standard (NAAQS),0.538727225578969,False,0.13738375130094127,False
2001-02-11,Pennsylvania,Lancaster,85,Percent of days with PM2.5 levels over the National Ambient Air Quality Standard (NAAQS),0.7570795278513436,False,1.3279674237949202,False
2001-02-12,Pennsylvania,Lancaster,85,Percent of days with PM2.5 levels over the National Ambient Air Quality Standard (NAAQS),0.4929007414693834,False,-0.10637888012298304,False
2001-02-13,Pennsylvania,Lancaster,85,Percent of days with PM2.5 levels over the National Ambient Air Quality Standard (NAAQS),0.6274149045660917,False,0.6245952766178291,False
2001-02-14,Pennsylvania,Lancaster,85,Percent of days with PM2.5 levels over the National Ambient Air Quality Standard (NAAQS),0.7093941923257548,False,1.0323517532383928,False
2001-02-15,Pennsylvania,Lancaster,85,Percent of days with PM2.5 levels over the National Ambient Air Quality Standard (NAAQS),0.3557627942560228,False,-1.0019221143598496,False
2001-02-16,Pennsylvania,Lancaster,85,Percent of days with PM2.5 levels over the National Ambient Air Quality Standard (NAAQS),0.3877678019138488,False,-0.780579852228087,False
2001-02-17,Pennsylvania,Lancaster,85,Percent of days with PM2.5 levels over the National Ambient Air Quality Standard (NAAQS),0.6386915127894673,False,0.6398671168408216,False
2001-02-18,Pennsylvania,Lancaster,85,Percent of days with PM2.5 levels over the National Ambient Air Quality Standard (NAAQS),0.4918053833732288,False,-0.18294357910835718,False
2001-02-19,Pennsylvania,Lancaster,85,Percent of days with PM2.5 levels over the National Ambient Air Quality Standard (NAAQS),0.5932727883582524,False,0.366278145282802,False
2001-02-20,Pennsylvania,Lancaster,85,Percent of days with PM2.5 levels over the National Ambient Air Quality Standard (NAAQS),0.4958124077486641,False,-0.2296173862650617,False
2001-02-21,Pennsylvania,Lancaster,85,Percent of days with PM2.5 levels over the National Ambient Air Quality Standard (NAAQS),0.2649017825062879,False,-1.5921232409392292,False
2001-02-22,Pennsylvania,Lancaster,85,Percent of days with PM2.5 levels over the National Ambient Air Quality Standard (NAAQS),0.3497151425992995,False,-0.9693387657358671,False
2001-02-23,Pennsylvania,Lancaster,85,Percent of days with PM2.5 levels over the National Ambient Air Quality Standard (NAAQS),0.4806662567436154,False,-0.15255875898828475,False
2001-02-24,Pennsylvania,Lancaster,85,Percent of days with PM2.5 levels over the National Ambient Air Quality Standard (NAAQS),0.4143885343028253,False,-0.5502757541427068,False
2001-02-25,Pennsylvania,Lancaster,85,Percent of days with PM2.5 levels over the National Ambient Air Quality Standard (NAAQS),0.6395946733347455,False,0.947962887164659,False
2001-02-26,Pennsylvania,Lancaster,85,Percent of days with PM2.5 levels over the National Ambient Air Quality Standard (NAAQS),0.5760827556970568,False,0.5621068168772141,False
2001-02-27,Pennsylvania,Lancaster,85,Percent of days with PM2.5 levels over the National Ambient Air Quality Standard (NAAQS),0.5860248358796025,False,0.6018945719910646,False
2001-02-28,Pennsylvania,Lancaster,85,Percent of days with PM2.5 levels over the National Ambient Air Quality Standard (NAAQS),0.6711922465235045,False,1.0985933155820902,False
2001-03-01,Pennsylvania,Lancaster,85,Percent of days with PM2.5 levels over the National Ambient Air Quality Standard (NAAQS),0.3239538573264804,False,-1.250856775297668,False
2001-03-02,Pennsylvania,Lancaster,85,Percent of days with PM2.5 levels over the National Ambient Air Quality Standard (NAAQS),0.7991181599606708,False,1.8054384007916144,False
2001-03-03,Pennsylvania,Lancaster,85,Percent of days with PM2.5 levels over the National Ambient Air Quality Standard (NAAQS),0.3914508034792853,False,-0.9056679932364673,False
2001-03-04,Pennsylvania,Lancaster,85,Percent of days with PM2.5 levels over the National Ambient Air Quality Standard (NAAQS),0.3506906283057272,False,-1.3164679654879354,False
2001-03-05,Pennsylvania,Lancaster,85,Percent of days with PM2.5 levels over the National Ambient Air Quality Standard (NAAQS),0.6602527973025952,False,0.8885760465867819,False
2001-03-06,Pennsylvania,Lancaster,85,Percent of days with PM2.5 levels over the National Ambient Air Quality Standard (NAAQS),0.4747360583705026,False,-0.3917850835495656,False
2001-03-07,Pennsylvania,Lancaster,85,Percent of days with PM2.5 levels over the National Ambient Air Quality Standard (NAAQS),0.5373004501944497,False,0.058062117956444115,False
2001-03-08,Pennsylvania,Lancaster,85,Percent of days with PM2.5 levels over the National Ambient Air Quality Standard (NAAQS),0.4332242823580369,False,-0.6402877852446551,False
2001-03-09,Pennsylvania,Lancaster,85,Percent of days with PM2.5 levels over the National Ambient Air Quality Standard (NAAQS),0.6452617100731541,False,0.8635646604135027,False
2001-03-10,Pennsylvania,Lancaster,85,Percent of days with PM2.5 levels over the National Ambient Air Quality Standard (NAAQS),0.5678881742943995,False,0.30215275906064654,False
2001-03-11,Pennsylvania,Lancaster,85,Percent of days with PM2.5 levels over the National Ambient Air Quality Standard (NAAQS),0.6818964352057364,False,1.1684869698799596,False
2001-03-12,Pennsylvania,Lancaster,85,Percent of days with PM2.5 levels over the National Ambient Air Quality Standard (NAAQS),0.4555033462857584,False,-0.48374273452325034,False
2001-03-13,Pennsylvania,Lancaster,85,Percent of days with PM2.5 levels over the National Ambient Air Quality Standard (NAAQS),0.6000184870168714,False,0.5846341793235451,False
2001-03-14,Pennsylvania,Lancaster,85,Percent of days with PM2.5 levels over the National Ambient Air Quality Standard (NAAQS),0.522714718021372,False,0.06728567440416111,False
2001-03-15,Pennsylvania,Lancaster,85,Percent of days with PM2.5 levels over the National Ambient Air Quality Standard (NAAQS),0.4800927836982637,False,-0.30073356255914624,False
2001-03-16,Pennsylvania,Lancaster,85,Percent of days with PM2.5 levels over the National Ambient Air Quality Standard (NAAQS),0.2107484102999837,False,-2.1845456447093894,False
2001-03-17,Pennsylvania,Lancaster,85,Percent of days with PM2.5 levels over the National Ambient Air Quality Standard (NAAQS),0.5378479036650429,False,0.21661554092368812,False
2001-03-18,Pennsylvania,Lancaster,85,Percent of days with PM2.5 levels over the National Ambient Air Quality Standard (NAAQS),0.5343107811247307,False,0.17932792640553535,False
2001-03-19,Pennsylvania,Lancaster,85,Percent of days with PM2.5 levels over the National Ambient Air Quality Standard (NAAQS),0.4913692479037093,False,-0.11079176364053062,False
2001-03-20,Pennsylvania,Lancaster,85,Percent of days with PM2.5 levels over the National Ambient Air Quality Standard (NAAQS),0.6415322907438136,False,0.947289843276696,False
2001-03-21,Pennsylvania,Lancaster,85,Percent of days with PM2.5 levels over the National Ambient Air Quality Standard (NAAQS),0.3965337151082288,False,-0.916546201839343,False
2001-03-22,Pennsylvania,Lancaster,85,Percent of days with PM2.5 levels over the National Ambient Air Quality Standard (NAAQS),0.4443834382374853,False,-0.5908752281054187,False
2001-03-23,Pennsylvania,Lancaster,85,Percent of days with PM2.5 levels over the National Ambient Air Quality Standard (NAAQS),0.6877228039539549,False,1.2277536818054422,False
2001-03-24,Pennsylvania,Lancaster,85,Percent of days with PM2.5 levels over the National Ambient Air Quality Standard (NAAQS),0.4376751810598047,False,-0.6921708185110086,False
2001-03-25,Pennsylvania,Lancaster,85,Percent of days with PM2.5 levels over the National Ambient Air Quality Standard (NAAQS),0.6436059129892842,False,0.8869706195651561,False
2001-03-26,Pennsylvania,Lancaster,85,Percent of days with PM2.5 levels over the National Ambient Air Quality Standard (NAAQS),0.3937490454424281,False,-0.9644293132560362,False
2001-03-27,Pennsylvania,Lancaster,85,Percent of days with PM2.5 levels over the National Ambient Air Quality Standard (NAAQS),0.4173344421606819,False,-0.7364331405704568,False
2001-03-28,Pennsylvania,Lancaster,85,Percent of days with PM2.5 levels over the National Ambient Air Quality Standard (NAAQS),0.5509122002272288,False,0.30620987458573284,False
2001-03-29,Pennsylvania,Lancaster,85,Percent of days with PM2.5 levels over the National Ambient Air Quality Standard (NAAQS),0.5616117634375601,False,0.3362212909556703,False
2001-03-30,Pennsylvania,Lancaster,85,Percent of days with PM2.5 levels over the National Ambient Air Quality Standard (NAAQS),0.2330535715607331,False,-2.151975802203043,False
2001-03-31,Pennsylvania,Lancaster,85,Percent of days with PM2.5 levels over the National Ambient Air Quality Standard (NAAQS),0.6478830462433133,False,1.1148078715364031,False
2001-04-01,Pennsylvania,Lancaster,85,Percent of days with PM2.5 levels over the National Ambient Air Quality Standard (NAAQS),0.5459425102683265,False,0.2507981587835759,False
2001-04-02,Pennsylvania,Lancaster,85,Percent of days with PM2.5 levels over the National Ambient Air Quality Standard (NAAQS),0.3711678835275104,False,-1.1100923929793183,False
2001-04-03,Pennsylvania,Lancaster,85,Percent of days with PM2.5 levels over the National Ambient Air Quality Standard (NAAQS),0.7500670583289001,False,1.8204238494139406,False
2001-04-04,Pennsylvania,Lancaster,85,Percent of days with PM2.5 levels over the National Ambient Air Quality Standard (NAAQS),0.702975067207193,False,1.3596280735381596,False
2001-04-05,Pennsylvania,Lancaster,85,Percent of days with PM2.5 levels over the National Ambient Air Quality Standard (NAAQS),0.5252430238779421,False,0.007467833142682109,False
2001-04-06,Pennsylvania,Lancaster,85,Percent of days with PM2.5 levels over the National Ambient Air Quality Standard (NAAQS),0.6522885684343608,False,0.9607814344374377,False
2001-04-07,Pennsylvania,Lancaster,85,Percent of days with PM2.5 levels over the National Ambient Air Quality Standard (NAAQS),0.4818486054486111,False,-0.29769959110646316,False
2001-04-08,Pennsylvania,Lancaster,85,Percent of days with PM2.5 levels over the National Ambient Air Quality Standard (NAAQS),0.421615300759064,False,-0.6941822116798723,False
2001-04-09,Pennsylvania,Lancaster,85,Percent of days with PM2.5 levels over the National Ambient Air Quality Standard (NAAQS),0.2481892925822096,False,-1.8414854333850699,False
2001-04-10,Pennsylvania,Lancaster,85,Percent of days with PM2.5 levels over the National Ambient Air Quality Standard (NAAQS),0.8728840386518834,False,2.313862209083961,False
2001-04-11,Pennsylvania,Lancaster,85,Percent of days with PM2.5 levels over the National Ambient Air Quality Standard (NAAQS),0.4807027516947132,False,-0.20818297158199534,False
2001-04-12,Pennsylvania,Lancaster,85,Percent of days with PM2.5 levels over the National Ambient Air Quality Standard (NAAQS),0.4483269480274481,False,-0.4087541998759073,False
2001-04-13,Pennsylvania,Lancaster,85,Percent of days with PM2.5 levels over the National Ambient Air Quality Standard (NAAQS),0.3488979538545799,False,-1.1384596954863484,False
2001-04-14,Pennsylvania,Lancaster,85,Percent of days with PM2.5 levels over the National Ambient Air Quality Standard (NAAQS),0.4415645161568814,False,-0.4847066541907839,False
2001-04-15,Pennsylvania,Lancaster,85,Percent of days with PM2.5 levels over the National Ambient Air Quality Standard (NAAQS),0.5488021265895342,False,0.2358689336201638,False
2001-04-16,Pennsylvania,Lancaster,85,Percent of days with PM2.5 levels over the National Ambient Air Quality Standard (NAAQS),0.4975958433356898,False,-0.11124126355874037,False
2001-04-17,Pennsylvania,Lancaster,85,Percent of days with PM2.5 levels over the National Ambient Air Quality Standard (NAAQS),0.4370925857937853,False,-0.4751286230049016,False
2001-04-18,Pennsylvania,Lancaster,85,Percent of days with PM2.5 levels over the National Ambient Air Quality Standard (NAAQS),0.4065862860287785,False,-0.6868409321741524,False
2001-04-19,Pennsylvania,Lancaster,85,Percent of days with PM2.5 levels over the National Ambient Air Quality Standard (NAAQS),0.4338601190439757,False,-0.49735106203572127,False
2001-04-20,Pennsylvania,Lancaster,85,Percent of days with PM2.5 levels over the National Ambient Air Quality Standard (NAAQS),0.4773931127828773,False,-0.15358662396170208,False
2001-04-21,Pennsylvania,Lancaster,85,Percent of days with PM2.5 levels over the National Ambient Air Quality Standard (NAAQS),0.5909290952196444,False,0.6038414736189969,False
2001-04-22,Pennsylvania,Lancaster,85,Percent of days with PM2.5 levels over the National Ambient Air Quality Standard (NAAQS),0.5108241594847882,False,0.07739103848608575,False
2001-04-23,Pennsylvania,Lancaster,85,Percent of days with PM2.5 levels over the National Ambient Air Quality Standard (NAAQS),0.0529746195891835,False,-2.6723710078976217,False
2001-04-24,Pennsylvania,Lancaster,85,Percent of days with PM2.5 levels over the National Ambient Air Quality Standard (NAAQS),0.2932304137482602,False,-1.1430039448235467,False
2001-04-25,Pennsylvania,Lancaster,85,Percent of days with PM2.5 levels over the National Ambient Air Quality Standard (NAAQS),0.5071561554385152,False,0.15277318048846333,False
2001-04-26,Pennsylvania,Lancaster,85,Percent of days with PM2.5 levels over the National Ambient Air Quality Standard (NAAQS),0.3973238088301266,False,-0.4739574185135315,False
2001-04-27,Pennsylvania,Lancaster,85,Percent of days with PM2.5 levels over the National Ambient Air Quality Standard (NAAQS),0.637045769553535,False,0.9083018226212423,False
2001-04-28,Pennsylvania,Lancaster,85,Percent of days with PM2.5 levels over the National Ambient Air Quality Standard (NAAQS),0.453045665659359,False,-0.19145492797641336,False
2001-04-29,Pennsylvania,Lancaster,85,Percent of days with PM2.5 levels over the National Ambient Air Quality Standard (NAAQS),0.590767856151442,False,0.6630591882954668,False
2001-04-30,Pennsylvania,Lancaster,85,Percent of days with PM2.5 levels over the National Ambient Air Quality Standard (NAAQS),0.7417727554876363,False,1.476081209517096,False
2001-05-01,Pennsylvania,Lancaster,85,Percent of days with PM2.5 levels over the National Ambient Air Quality Standard (NAAQS),0.5823559708070891,False,0.5687422276904409,False
2001-05-02,Pennsylvania,Lancaster,85,Percent of days with PM2.5 levels over the National Ambient Air Quality Standard (NAAQS),0.3112083410285223,False,-1.0681624772989524,False
2001-05-03,Pennsylvania,Lancaster,85,Percent of days with PM2.5 levels over the National Ambient Air Quality Standard (NAAQS),0.5765122317791465,False,0.6130458935052847,False
2001-05-04,Pennsylvania,Lancaster,85,Percent of days with PM2.5 levels over the National Ambient Air Quality Standard (NAAQS),0.5087223334807838,False,0.21951566967219488,False
2001-05-05,Pennsylvania,Lancaster,85,Percent of days with PM2.5 levels over the National Ambient Air Quality Standard (NAAQS),0.466971161556765,False,-0.048585664891460024,False
2001-05-06,Pennsylvania,Lancaster,85,Percent of days with PM2.5 levels over the National Ambient Air Quality Standard (NAAQS),0.3907448142838708,False,-0.5354512667678125,False
2001-05-07,Pennsylvania,Lancaster,85,Percent of days with PM2.5 levels over the National Ambient Air Quality Standard (NAAQS),0.7929680399211452,False,1.8869085578379552,False
2001-05-08,Pennsylvania,Lancaster,85,Percent of days with PM2.5 levels over the National Ambient Air Quality Standard (NAAQS),0.2020977161312719,False,-1.7786249453650758,False
2001-05-09,Pennsylvania,Lancaster,85,Percent of days with PM2.5 levels over the National Ambient Air Quality Standard (NAAQS),0.3721156677053687,False,-0.6146527070458635,False
2001-05-10,Pennsylvania,Lancaster,85,Percent of days with PM2.5 levels over the National Ambient Air Quality Standard (NAAQS),0.6840907059982403,False,1.34586599567282,False
2001-05-11,Pennsylvania,Lancaster,85,Percent of days with PM2.5 levels over the National Ambient Air Quality Standard (NAAQS),0.5030670382964737,False,0.1562851966372647,False
2001-05-12,Pennsylvania,Lancaster,85,Percent of days with PM2.5 levels over the National Ambient Air Quality Standard (NAAQS),0.7609957260564698,False,1.6566717734349743,False
2001-05-13,Pennsylvania,Lancaster,85,Percent of days with PM2.5 levels over the National Ambient Air Quality Standard (NAAQS),0.4655835589366414,False,-0.1333243941015236,False
2001-05-14,Pennsylvania,Lancaster,85,Percent of days with PM2.5 levels over the National Ambient Air Quality Standard (NAAQS),0.3417182922213968,False,-0.8469921059092276,False
2001-05-15,Pennsylvania,Lancaster,85,Percent of days with PM2.5 levels over the National Ambient Air Quality Standard (NAAQS),0.4638167575476328,False,-0.11440400020357783,False
2001-05-16,Pennsylvania,Lancaster,85,Percent of days with PM2.5 levels over the National Ambient Air Quality Standard (NAAQS),0.5319902496336218,False,0.2720139420234029,False
2001-05-17,Pennsylvania,Lancaster,85,Percent of days with PM2.5 levels over the National Ambient Air Quality Standard (NAAQS),0.4768022842102039,False,-0.07251145339802038,False
2001-05-18,Pennsylvania,Lancaster,85,Percent of days with PM2.5 levels over the National Ambient Air Quality Standard (NAAQS),0.5168058712748024,False,0.16220726108129416,False
2001-05-19,Pennsylvania,Lancaster,85,Percent of days with PM2.5 levels over the National Ambient Air Quality Standard (NAAQS),0.533567734181292,False,0.27819017246456945,False
2001-05-20,Pennsylvania,Lancaster,85,Percent of days with PM2.5 levels over the National Ambient Air Quality Standard (NAAQS),0.4892672321364771,False,0.011966161293906749,False
2001-05-21,Pennsylvania,Lancaster,85,Percent of days with PM2.5 levels over the National Ambient Air Quality Standard (NAAQS),0.5952533167726674,False,0.6299371526921764,False
2001-05-22,Pennsylvania,Lancaster,85,Percent of days with PM2.5 levels over the National Ambient Air Quality Standard (NAAQS),0.3020764676721383,False,-1.4624383375092327,False
2001-05-23,Pennsylvania,Lancaster,85,Percent of days with PM2.5 levels over the National Ambient Air Quality Standard (NAAQS),0.6129747281822492,False,0.722039215438324,False
2001-05-24,Pennsylvania,Lancaster,85,Percent of days with PM2.5 levels over the National Ambient Air Quality Standard (NAAQS),0.7896682966954071,False,1.776353759306965,False
2001-05-25,Pennsylvania,Lancaster,85,Percent of days with PM2.5 levels over the National Ambient Air Quality Standard (NAAQS),0.5748483232722157,False,0.35365225104117803,False
2001-05-26,Pennsylvania,Lancaster,85,Percent of days with PM2.5 levels over the National Ambient Air Quality Standard (NAAQS),0.7941784188506532,False,1.665759150359954,False
2001-05-27,Pennsylvania,Lancaster,85,Percent of days with PM2.5 levels over the National Ambient Air Quality Standard (NAAQS),0.7193061530310128,False,1.1296757711129073,False
2001-05-28,Pennsylvania,Lancaster,85,Percent of days with PM2.5 levels over the National Ambient Air Quality Standard (NAAQS),0.4178849050129283,False,-0.7053680338144962,False
2001-05-29,Pennsylvania,Lancaster,85,Percent of days with PM2.5 levels over the National Ambient Air Quality Standard (NAAQS),0.6147040848921825,False,0.5487152823810476,False
2001-05-30,Pennsylvania,Lancaster,85,Percent of days with PM2.5 levels over the National Ambient Air Quality Standard (NAAQS),0.5843113300371265,False,0.3028869625720394,False
2001-05-31,Pennsylvania,Lancaster,85,Percent of days with PM2.5 levels over the National Ambient Air Quality Standard (NAAQS),0.4333749381520391,False,-0.6602622322120957,False
2001-06-01,Pennsylvania,Lancaster,85,Percent of days with PM2.5 levels over the National Ambient Air Quality Standard (NAAQS),0.5943683062335487,False,0.37965082503539965,False
2001-06-02,Pennsylvania,Lancaster,85,Percent of days with PM2.5 levels over the National Ambient Air Quality Standard (NAAQS),0.2826350456361577,False,-1.5555560277718805,False
2001-06-03,Pennsylvania,Lancaster,85,Percent of days with PM2.5 levels over the National Ambient Air Quality Standard (NAAQS),0.5872704036570461,False,0.31980484270230086,False
2001-06-04,Pennsylvania,Lancaster,85,Percent of days with PM2.5 levels over the National Ambient Air Quality Standard (NAAQS),0.4977196248382053,False,-0.19343455256501318,False
2001-06-05,Pennsylvania,Lancaster,85,Percent of days with PM2.5 levels over the National Ambient Air Quality Standard (NAAQS),0.5903582757690693,False,0.37025172281335533,False
2001-06-06,Pennsylvania,Lancaster,85,Percent of days with PM2.5 levels over the National Ambient Air Quality Standard (NAAQS),0.7051843436978035,False,1.1387897478858686,False
2001-06-07,Pennsylvania,Lancaster,85,Percent of days with PM2.5 levels over the National Ambient Air Quality Standard (NAAQS),0.4160050162703038,False,-0.9449531142992196,False
2001-06-08,Pennsylvania,Lancaster,85,Percent of days with PM2.5 levels over the National Ambient Air Quality Standard (NAAQS),0.5667989727327359,False,0.16291335674735685,False
2001-06-09,Pennsylvania,Lancaster,85,Percent of days with PM2.5 levels over the National Ambient Air Quality Standard (NAAQS),0.5083349721524176,False,-0.21720623473241837,False
2001-06-10,Pennsylvania,Lancaster,85,Percent of days with PM2.5 levels over the National Ambient Air Quality Standard (NAAQS),0.9164683902371236,False,2.5097104383015028,False
2001-06-11,Pennsylvania,Lancaster,85,Percent of days with PM2.5 levels over the National Ambient Air Quality Standard (NAAQS),0.6926242991758907,False,0.9050240200101282,False
2001-06-12,Pennsylvania,Lancaster,85,Percent of days with PM2.5 levels over the National Ambient Air Quality Standard (NAAQS),0.6980433608510935,False,0.8795761678190264,False
2001-06-13,Pennsylvania,Lancaster,85,Percent of days with PM2.5 levels over the National Ambient Air Quality Standard (NAAQS),0.6802063860713593,False,0.7110661777609635,False
2001-06-14,Pennsylvania,Lancaster,85,Percent of days with PM2.5 levels over the National Ambient Air Quality Standard (NAAQS),0.254918231048273,False,-2.036615688532351,False
2001-06-15,Pennsylvania,Lancaster,85,Percent of days with PM2.5 levels over the National Ambient Air Quality Standard (NAAQS),0.445655090273614,False,-0.7811057360664139,False
2001-06-16,Pennsylvania,Lancaster,85,Percent of days with PM2.5 levels over the National Ambient Air Quality Standard (NAAQS),0.6314098622538266,False,0.38383089832241357,False
2001-06-17,Pennsylvania,Lancaster,85,Percent of days with PM2.5 levels over the National Ambient Air Quality Standard (NAAQS),0.5517605313827932,False,-0.139534134735496,False
2001-06-18,Pennsylvania,Lancaster,85,Percent of days with PM2.5 levels over the National Ambient Air Quality Standard (NAAQS),0.4948236399377809,False,-0.47981247940055266,False
2001-06-19,Pennsylvania,Lancaster,85,Percent of days with PM2.5 levels over the National Ambient Air Quality Standard (NAAQS),0.7719643343018421,False,1.2199023890912408,False
2001-06-20,Pennsylvania,Lancaster,85,Percent of days with PM2.5 levels over the National Ambient Air Quality Standard (NAAQS),0.5283889098591614,False,-0.36341218766022654,False
2001-06-21,Pennsylvania,Lancaster,85,Percent of days with PM2.5 levels over the National Ambient Air Quality Standard (NAAQS),0.4524011533963185,False,-0.8026465734570407,False
2001-06-22,Pennsylvania,Lancaster,85,Percent of days with PM2.5 levels over the National Ambient Air Quality Standard (NAAQS),0.6665582422958732,False,0.6124211614698885,False
2001-06-23,Pennsylvania,Lancaster,85,Percent of days with PM2.5 levels over the National Ambient Air Quality Standard (NAAQS),0.6355433296190766,False,0.4606092238419221,False
2001-06-24,Pennsylvania,Lancaster,85,Percent of days with PM2.5 levels over the National Ambient Air Quality Standard (NAAQS),0.4566711625743479,False,-0.7250670080675059,False
2001-06-25,Pennsylvania,Lancaster,85,Percent of days with PM2.5 levels over the National Ambient Air Quality Standard (NAAQS),0.4407960019142133,False,-0.8470109354766356,False
2001-06-26,Pennsylvania,Lancaster,85,Percent of days with PM2.5 levels over the National Ambient Air Quality Standard (NAAQS),0.391361921467198,False,-1.115449600879266,False
2001-06-27,Pennsylvania,Lancaster,85,Percent of days with PM2.5 levels over the National Ambient Air Quality Standard (NAAQS),0.7471307844815668,False,1.2643474515186466,False
2001-06-28,Pennsylvania,Lancaster,85,Percent of days with PM2.5 levels over the National Ambient Air Quality Standard (NAAQS),0.8517636309723431,False,1.7734397159619453,False
2001-06-29,Pennsylvania,Lancaster,85,Percent of days with PM2.5 levels over the National Ambient Air Quality Standard (NAAQS),0.6132245289675867,False,0.24883378890905414,False
2001-06-30,Pennsylvania,Lancaster,85,Percent of days with PM2.5 levels over the National Ambient Air Quality Standard (NAAQS),0.5879175332774836,False,0.01962430228682694,False
2001-07-01,Pennsylvania,Lancaster,85,Percent of days with PM2.5 levels over the National Ambient Air Quality Standard (NAAQS),0.8532271071363059,False,1.6707207368031551,False
2001-07-02,Pennsylvania,Lancaster,85,Percent of days with PM2.5 levels over the National Ambient Air Quality Standard (NAAQS),0.6626316095139569,False,0.4034879372783057,False
2001-07-03,Pennsylvania,Lancaster,85,Percent of days with PM2.5 levels over the National Ambient Air Quality Standard (NAAQS),0.748426608491323,False,0.9087516399555191,False
2001-07-04,Pennsylvania,Lancaster,85,Percent of days with PM2.5 levels over the National Ambient Air Quality Standard (NAAQS),0.4134984547968125,False,-1.142250934984305,False
2001-07-05,Pennsylvania,Lancaster,85,Percent of days with PM2.5 levels over the National Ambient Air Quality Standard (NAAQS),0.4393759784995951,False,-0.990916323783164,False
2001-07-06,Pennsylvania,Lancaster,85,Percent of days with PM2.5 levels over the National Ambient Air Quality Standard (NAAQS),0.549616766590985,False,-0.2915111175885571,False
2001-07-07,Pennsylvania,Lancaster,85,Percent of days with PM2.5 levels over the National Ambient Air Quality Standard (NAAQS),0.6185542087363669,False,0.11870075905573578,False
2001-07-08,Pennsylvania,Lancaster,85,Percent of days with PM2.5 levels over the National Ambient Air Quality Standard (NAAQS),0.6213747599959338,False,0.2209545398240107,False
2001-07-09,Pennsylvania,Lancaster,85,Percent of days with PM2.5 levels over the National Ambient Air Quality Standard (NAAQS),0.3797294750839911,False,-1.3314472444141148,False
2001-07-10,Pennsylvania,Lancaster,85,Percent of days with PM2.5 levels over the National Ambient Air Quality Standard (NAAQS),0.61962483434459,False,0.30070700575563863,False
2001-07-11,Pennsylvania,Lancaster,85,Percent of days with PM2.5 levels over the National Ambient Air Quality Standard (NAAQS),0.3502829901300757,False,-1.4046630600936545,False
2001-07-12,Pennsylvania,Lancaster,85,Percent of days with PM2.5 levels over the National Ambient Air Quality Standard (NAAQS),0.4004922513589078,False,-1.1756860360539128,False
2001-07-13,Pennsylvania,Lancaster,85,Percent of days with PM2.5 levels over the National Ambient Air Quality Standard (NAAQS),0.5039324578156664,False,-0.4720806036247032,False
2001-07-14,Pennsylvania,Lancaster,85,Percent of days with PM2.5 levels over the National Ambient Air Quality Standard (NAAQS),0.5150073217594304,False,-0.36489948227487945,False
2001-07-15,Pennsylvania,Lancaster,85,Percent of days with PM2.5 levels over the National Ambient Air Quality Standard (NAAQS),0.1847377509403269,False,-2.3212958614292614,False
2001-07-16,Pennsylvania,Lancaster,85,Percent of days with PM2.5 levels over the National Ambient Air Quality Standard (NAAQS),0.1661360314477795,False,-2.1499904391665137,False
2001-07-17,Pennsylvania,Lancaster,85,Percent of days with PM2.5 levels over the National Ambient Air Quality Standard (NAAQS),0.2530742959967854,False,-1.527244060655163,False
2001-07-18,Pennsylvania,Lancaster,85,Percent of days with PM2.5 levels over the National Ambient Air Quality Standard (NAAQS),0.7531117420577218,False,1.2176112207287806,False
2001-07-19,Pennsylvania,Lancaster,85,Percent of days with PM2.5 levels over the National Ambient Air Quality Standard (NAAQS),0.604646434645805,False,0.3731544675965146,False
2001-07-20,Pennsylvania,Lancaster,85,Percent of days with PM2.5 levels over the National Ambient Air Quality Standard (NAAQS),0.6034397434990527,False,0.3815961481991631,False
2001-07-21,Pennsylvania,Lancaster,85,Percent of days with PM2.5 levels over the National Ambient Air Quality Standard (NAAQS),0.5156795411268387,False,-0.08079609598626732,False
2001-07-22,Pennsylvania,Lancaster,85,Percent of days with PM2.5 levels over the National Ambient Air Quality Standard (NAAQS),0.6079966336937914,False,0.4030101565519076,False
2001-07-23,Pennsylvania,Lancaster,85,Percent of days with PM2.5 levels over the National Ambient Air Quality Standard (NAAQS),0.3281453961051349,False,-1.1112136500853196,False
2001-07-24,Pennsylvania,Lancaster,85,Percent of days with PM2.5 levels over the National Ambient Air Quality Standard (NAAQS),0.2879801574867235,False,-1.2828826301225846,False
2001-07-25,Pennsylvania,Lancaster,85,Percent of days with PM2.5 levels over the National Ambient Air Quality Standard (NAAQS),0.5588876336356586,False,0.20711619856846272,False
2001-07-26,Pennsylvania,Lancaster,85,Percent of days with PM2.5 levels over the National Ambient Air Quality Standard (NAAQS),0.4048645030363724,False,-0.58549532231016,False
2001-07-27,Pennsylvania,Lancaster,85,Percent of days with PM2.5 levels over the National Ambient Air Quality Standard (NAAQS),0.6326676782703424,False,0.7376414140918575,False
2001-07-28,Pennsylvania,Lancaster,85,Percent of days with PM2.5 levels over the National Ambient Air Quality Standard (NAAQS),0.4941942559287201,False,-0.04881747203471251,False
2001-07-29,Pennsylvania,Lancaster,85,Percent of days with PM2.5 levels over the National Ambient Air Quality Standard (NAAQS),0.4897884339580074,False,0.0014080291381632244,False
2001-07-30,Pennsylvania,Lancaster,85,Percent of days with PM2.5 levels over the National Ambient Air Quality Standard (NAAQS),0.2961110038651557,False,-1.148654037282591,False
2001-07-31,Pennsylvania,Lancaster,85,Percent of days with PM2.5 levels over the National Ambient Air Quality Standard (NAAQS),0.6266242963634518,False,1.024687864737361,False
2001-08-01,Pennsylvania,Lancaster,85,Percent of days with PM2.5 levels over the National Ambient Air Quality Standard (NAAQS),0.4784654851734854,False,0.02672349350490015,False
2001-08-02,Pennsylvania,Lancaster,85,Percent of days with PM2.5 levels over the National Ambient Air Quality Standard (NAAQS),0.5886950921855931,False,0.7180059270851906,False
2001-08-03,Pennsylvania,Lancaster,85,Percent of days with PM2.5 levels over the National Ambient Air Quality Standard (NAAQS),0.4480621730791051,False,-0.18582613730767264,False
2001-08-04,Pennsylvania,Lancaster,85,Percent of days with PM2.5 levels over the National Ambient Air Quality Standard (NAAQS),0.5976689385905112,False,0.8124037398277822,False
2001-08-05,Pennsylvania,Lancaster,85,Percent of days with PM2.5 levels over the National Ambient Air Quality Standard (NAAQS),0.5153288082388505,False,0.2953317792730457,False
2001-08-06,Pennsylvania,Lancaster,85,Percent of days with PM2.5 levels over the National Ambient Air Quality Standard (NAAQS),0.4566300261955296,False,-0.12071018623348642,False
2001-08-07,Pennsylvania,Lancaster,85,Percent of days with PM2.5 levels over the National Ambient Air Quality Standard (NAAQS),0.6710686294280563,False,1.3066978509504799,False
2001-08-08,Pennsylvania,Lancaster,85,Percent of days with PM2.5 levels over the National Ambient Air Quality Standard (NAAQS),0.6204456493894444,False,0.9007800141466791,False
2001-08-09,Pennsylvania,Lancaster,85,Percent of days with PM2.5 levels over the National Ambient Air Quality Standard (NAAQS),0.3423887745685026,False,-0.9360908954661695,False
2001-08-10,Pennsylvania,Lancaster,85,Percent of days with PM2.5 levels over the National Ambient Air Quality Standard (NAAQS),0.5598151880153059,False,0.4881238313574192,False
2001-08-11,Pennsylvania,Lancaster,85,Percent of days with PM2.5 levels over the National Ambient Air Quality Standard (NAAQS),0.6326731503399541,False,0.9257871445613555,False
2001-08-12,Pennsylvania,Lancaster,85,Percent of days with PM2.5 levels over the National Ambient Air Quality Standard (NAAQS),0.6014022500999561,False,0.673688539552185,False
2001-08-13,Pennsylvania,Lancaster,85,Percent of days with PM2.5 levels over the National Ambient Air Quality Standard (NAAQS),0.5211597162974325,False,0.02852913839784833,False
2001-08-14,Pennsylvania,Lancaster,85,Percent of days with PM2.5 levels over the National Ambient Air Quality Standard (NAAQS),0.6774666963925043,False,1.212784723041618,False
2001-08-15,Pennsylvania,Lancaster,85,Percent of days with PM2.5 levels over the National Ambient Air Quality Standard (NAAQS),0.4842059604378362,False,-0.34859512261572984,False
2001-08-16,Pennsylvania,Lancaster,85,Percent of days with PM2.5 levels over the National Ambient Air Quality Standard (NAAQS),0.7898932420378101,False,2.1397011732857365,False
2001-08-17,Pennsylvania,Lancaster,85,Percent of days with PM2.5 levels over the National Ambient Air Quality Standard (NAAQS),0.3470413417400115,False,-1.3832365225106278,False
2001-08-18,Pennsylvania,Lancaster,85,Percent of days with PM2.5 levels over the National Ambient Air Quality Standard (NAAQS),0.6266091693573584,False,0.803817664873531,False
2001-08-19,Pennsylvania,Lancaster,85,Percent of days with PM2.5 levels over the National Ambient Air Quality Standard (NAAQS),0.4709665791740265,False,-0.3851293224712724,False
2001-08-20,Pennsylvania,Lancaster,85,Percent of days with PM2.5 levels over the National Ambient Air Quality Standard (NAAQS),0.4811922132542345,False,-0.36295394354888816,False
2001-08-21,Pennsylvania,Lancaster,85,Percent of days with PM2.5 levels over the National Ambient Air Quality Standard (NAAQS),0.5944336233885787,False,0.5204451860999214,False
2001-08-22,Pennsylvania,Lancaster,85,Percent of days with PM2.5 levels over the National Ambient Air Quality Standard (NAAQS),0.7973447042637358,False,2.0621259186983347,False
2001-08-23,Pennsylvania,Lancaster,85,Percent of days with PM2.5 levels over the National Ambient Air Quality Standard (NAAQS),0.5241857011928074,False,-0.20585277909357086,False
2001-08-24,Pennsylvania,Lancaster,85,Percent of days with PM2.5 levels over the National Ambient Air Quality Standard (NAAQS),0.5221556985781657,False,-0.1915081818248494,False
2001-08-25,Pennsylvania,Lancaster,85,Percent of days with PM2.5 levels over the National Ambient Air Quality Standard (NAAQS),0.4011033794349002,False,-1.1577954186539037,False
2001-08-26,Pennsylvania,Lancaster,85,Percent of days with PM2.5 levels over the National Ambient Air Quality Standard (NAAQS),0.6264376445667278,False,0.656586727491619,False
2001-08-27,Pennsylvania,Lancaster,85,Percent of days with PM2.5 levels over the National Ambient Air Quality Standard (NAAQS),0.394963077115987,False,-1.3402951597332324,False
2001-08-28,Pennsylvania,Lancaster,85,Percent of days with PM2.5 levels over the National Ambient Air Quality Standard (NAAQS),0.4387885307718867,False,-0.8968162185477189,False
2001-08-29,Pennsylvania,Lancaster,85,Percent of days with PM2.5 levels over the National Ambient Air Quality Standard (NAAQS),0.4051726098372262,False,-1.1403560637280605,False
2001-08-30,Pennsylvania,Lancaster,85,Percent of days with PM2.5 levels over the National Ambient Air Quality Standard (NAAQS),0.4289330915686704,False,-0.8816288549731842,False
2001-08-31,Pennsylvania,Lancaster,85,Percent of days with PM2.5 levels over the National Ambient Air Quality Standard (NAAQS),0.4788937679817975,False,-0.47789715391832727,False
2001-09-01,Pennsylvania,Lancaster,85,Percent of days with PM2.5 levels over the National Ambient Air Quality Standard (NAAQS),0.6124220612191563,False,0.6332139252407329,False
2001-09-02,Pennsylvania,Lancaster,85,Percent of days with PM2.5 levels over the National Ambient Air Quality Standard (NAAQS),0.9168791834443704,False,2.6217403405204367,False
2001-09-03,Pennsylvania,Lancaster,85,Percent of days with PM2.5 levels over the National Ambient Air Quality Standard (NAAQS),0.6431446356048809,False,0.6141336673853979,False
2001-09-04,Pennsylvania,Lancaster,85,Percent of days with PM2.5 levels over the National Ambient Air Quality Standard (NAAQS),0.7789418296547651,False,1.510178334930857,False
2001-09-05,Pennsylvania,Lancaster,85,Percent of days with PM2.5 levels over the National Ambient Air Quality Standard (NAAQS),0.8224450991337132,False,1.6703946097230602,False
2001-09-06,Pennsylvania,Lancaster,85,Percent of days with PM2.5 levels over the National Ambient Air Quality Standard (NAAQS),0.5247032530740419,False,-0.3460681128653715,False
2001-09-07,Pennsylvania,Lancaster,85,Percent of days with PM2.5 levels over the National Ambient Air Quality Standard (NAAQS),0.3743123415981682,False,-1.289871238508774,False
2001-09-08,Pennsylvania,Lancaster,85,Percent of days with PM2.5 levels over the National Ambient Air Quality Standard (NAAQS),0.5696987700843424,False,0.023013499369827793,False
2001-09-09,Pennsylvania,Lancaster,85,Percent of days with PM2.5 levels over the National Ambient Air Quality Standard (NAAQS),0.3003422021546401,False,-1.615049180662185,False
2001-09-10,Pennsylvania,Lancaster,85,Percent of days with PM2.5 levels over the National Ambient Air Quality Standard (NAAQS),0.3773911526116575,False,-1.0714116430542138,False
2001-09-11,Pennsylvania,Lancaster,85,Percent of days with PM2.5 levels over the National Ambient Air Quality Standard (NAAQS),0.3908189316973748,False,-0.920670443765415,False
2001-09-12,Pennsylvania,Lancaster,85,Percent of days with PM2.5 levels over the National Ambient Air Quality Standard (NAAQS),0.5667654003336741,False,0.1463866895865239,False
2001-09-13,Pennsylvania,Lancaster,85,Percent of days with PM2.5 levels over the National Ambient Air Quality Standard (NAAQS),0.3425884555952188,False,-1.1630346300176932,False
2001-09-14,Pennsylvania,Lancaster,85,Percent of days with PM2.5 levels over the National Ambient Air Quality Standard (NAAQS),0.3528228556876522,False,-1.1014864947888514,False
2001-09-15,Pennsylvania,Lancaster,85,Percent of days with PM2.5 levels over the National Ambient Air Quality Standard (NAAQS),0.2850618344799581,False,-1.406638993436553,False
2001-09-16,Pennsylvania,Lancaster,85,Percent of days with PM2.5 levels over the National Ambient Air Quality Standard (NAAQS),0.711085248150155,False,1.1195729210739997,False
2001-09-17,Pennsylvania,Lancaster,85,Percent of days with PM2.5 levels over the National Ambient Air Quality Standard (NAAQS),0.6549181292169861,False,0.73998063692073,False
2001-09-18,Pennsylvania,Lancaster,85,Percent of days with PM2.5 levels over the National Ambient Air Quality Standard (NAAQS),0.6389861338296323,False,0.6331342985114061,False
2001-09-19,Pennsylvania,Lancaster,85,Percent of days with PM2.5 levels over the National Ambient Air Quality Standard (NAAQS),0.5709094125285086,False,0.29355141004377266,False
2001-09-20,Pennsylvania,Lancaster,85,Percent of days with PM2.5 levels over the National Ambient Air Quality Standard (NAAQS),0.4262383431487992,False,-0.5748301839700731,False
2001-09-21,Pennsylvania,Lancaster,85,Percent of days with PM2.5 levels over the National Ambient Air Quality Standard (NAAQS),0.5155668926555269,False,-0.025091145689144136,False
2001-09-22,Pennsylvania,Lancaster,85,Percent of days with PM2.5 levels over the National Ambient Air Quality Standard (NAAQS),0.4051196521300096,False,-0.7043463477466587,False
2001-09-23,Pennsylvania,Lancaster,85,Percent of days with PM2.5 levels over the National Ambient Air Quality Standard (NAAQS),0.2669533847940146,False,-1.427076696526776,False
2001-09-24,Pennsylvania,Lancaster,85,Percent of days with PM2.5 levels over the National Ambient Air Quality Standard (NAAQS),0.654377008549695,False,0.8178310400456051,False
2001-09-25,Pennsylvania,Lancaster,85,Percent of days with PM2.5 levels over the National Ambient Air Quality Standard (NAAQS),0.418184481891897,False,-0.574674990407845,False
2001-09-26,Pennsylvania,Lancaster,85,Percent of days with PM2.5 levels over the National Ambient Air Quality Standard (NAAQS),0.4837639814981164,False,-0.20545737903658143,False
2001-09-27,Pennsylvania,Lancaster,85,Percent of days with PM2.5 levels over the National Ambient Air Quality Standard (NAAQS),0.4209010465249914,False,-0.5772117044069479,False
2001-09-28,Pennsylvania,Lancaster,85,Percent of days with PM2.5 levels over the National Ambient Air Quality Standard (NAAQS),0.7064704712223605,False,1.050064270512818,False
2001-09-29,Pennsylvania,Lancaster,85,Percent of days with PM2.5 levels over the National Ambient Air Quality Standard (NAAQS),0.6850710666793807,False,0.9004390868385707,False
2001-09-30,Pennsylvania,Lancaster,85,Percent of days with PM2.5 levels over the National Ambient Air Quality Standard (NAAQS),0.5653628128336208,False,0.31454403141741366,False
2001-10-01,Pennsylvania,Lancaster,85,Percent of days with PM2.5 levels over the National Ambient Air Quality Standard (NAAQS),0.2547734085389861,False,-1.5296495057528392,False
2001-10-02,Pennsylvania,Lancaster,85,Percent of days with PM2.5 levels over the National Ambient Air Quality Standard (NAAQS),0.4017867076731814,False,-0.5673850718506299,False
2001-10-03,Pennsylvania,Lancaster,85,Percent of days with PM2.5 levels over the National Ambient Air Quality Standard (NAAQS),0.7888630790022375,False,1.9971582442242388,False
2001-10-04,Pennsylvania,Lancaster,85,Percent of days with PM2.5 levels over the National Ambient Air Quality Standard (NAAQS),0.7373166040375452,False,1.5327106320235206,False
2001-10-05,Pennsylvania,Lancaster,85,Percent of days with PM2.5 levels over the National Ambient Air Quality Standard (NAAQS),0.6536367761570275,False,0.9344367102255495,False
2001-10-06,Pennsylvania,Lancaster,85,Percent of days with PM2.5 levels over the National Ambient Air Quality Standard (NAAQS),0.5076582208907029,False,0.029478437411642824,False
2001-10-07,Pennsylvania,Lancaster,85,Percent of days with PM2.5 levels over the National Ambient Air Quality Standard (NAAQS),0.562781518545338,False,0.32824229000042315,False
2001-10-08,Pennsylvania,Lancaster,85,Percent of days with PM2.5 levels over the National Ambient Air Quality Standard (NAAQS),0.4479505585608848,False,-0.4407144437709616,False
2001-10-09,Pennsylvania,Lancaster,85,Percent of days with PM2.5 levels over the National Ambient Air Quality Standard (NAAQS),0.5609662793775056,False,0.2664968004619458,False
2001-10-10,Pennsylvania,Lancaster,85,Percent of days with PM2.5 levels over the National Ambient Air Quality Standard (NAAQS),0.6643076852258555,False,0.9181230247546904,False
2001-10-11,Pennsylvania,Lancaster,85,Percent of days with PM2.5 levels over the National Ambient Air Quality Standard (NAAQS),0.4892746306094855,False,-0.2724354134669365,False
2001-10-12,Pennsylvania,Lancaster,85,Percent of days with PM2.5 levels over the National Ambient Air Quality Standard (NAAQS),0.3381006165581724,False,-1.282294570112073,False
2001-10-13,Pennsylvania,Lancaster,85,Percent of days with PM2.5 levels over the National Ambient Air Quality Standard (NAAQS),0.6120383674222696,False,0.5021606973026489,False
2001-10-14,Pennsylvania,Lancaster,85,Percent of days with PM2.5 levels over the National Ambient Air Quality Standard (NAAQS),0.5166173973235021,False,-0.12528870466672434,False
2001-10-15,Pennsylvania,Lancaster,85,Percent of days with PM2.5 levels over the National Ambient Air Quality Standard (NAAQS),0.5016229207709038,False,-0.19713908261258958,False
2001-10-16,Pennsylvania,Lancaster,85,Percent of days with PM2.5 levels over the National Ambient Air Quality Standard (NAAQS),0.5145755137646952,False,-0.07002458036791262,False
2001-10-17,Pennsylvania,Lancaster,85,Percent of days with PM2.5 levels over the National Ambient Air Quality Standard (NAAQS),0.4441411671885872,False,-0.5591630149500436,False
2001-10-18,Pennsylvania,Lancaster,85,Percent of days with PM2.5 levels over the National Ambient Air Quality Standard (NAAQS),0.3639135845539623,False,-1.1209207971565716,False
2001-10-19,Pennsylvania,Lancaster,85,Percent of days with PM2.5 levels over the National Ambient Air Quality Standard (NAAQS),0.305714164233143,False,-1.4317391705179625,False
2001-10-20,Pennsylvania,Lancaster,85,Percent of days with PM2.5 levels over the National Ambient Air Quality Standard (NAAQS),0.536162930319982,False,0.15424610174756487,False
2001-10-21,Pennsylvania,Lancaster,85,Percent of days with PM2.5 levels over the National Ambient Air Quality Standard (NAAQS),0.6299892694002851,False,0.7658672653244959,False
2001-10-22,Pennsylvania,Lancaster,85,Percent of days with PM2.5 levels over the National Ambient Air Quality Standard (NAAQS),0.5700865794180775,False,0.3465181974903635,False
2001-10-23,Pennsylvania,Lancaster,85,Percent of days with PM2.5 levels over the National Ambient Air Quality Standard (NAAQS),0.4983475004331111,False,-0.22136152425741298,False
2001-10-24,Pennsylvania,Lancaster,85,Percent of days with PM2.5 levels over the National Ambient Air Quality Standard (NAAQS),0.5705348348794002,False,0.30840126958484404,False
2001-10-25,Pennsylvania,Lancaster,85,Percent of days with PM2.5 levels over the National Ambient Air Quality Standard (NAAQS),0.7982467582455858,False,1.8445026371296844,False
2001-10-26,Pennsylvania,Lancaster,85,Percent of days with PM2.5 levels over the National Ambient Air Quality Standard (NAAQS),0.7069206410341662,False,1.182196104598011,False
2001-10-27,Pennsylvania,Lancaster,85,Percent of days with PM2.5 levels over the National Ambient Air Quality Standard (NAAQS),0.4724090617678151,False,-0.4700759993169137,False
2001-10-28,Pennsylvania,Lancaster,85,Percent of days with PM2.5 levels over the National Ambient Air Quality Standard (NAAQS),0.4740887563790018,False,-0.4325093580327612,False
2001-10-29,Pennsylvania,Lancaster,85,Percent of days with PM2.5 levels over the National Ambient Air Quality Standard (NAAQS),0.5539297849208925,False,0.08247774173613989,False
2001-10-30,Pennsylvania,Lancaster,85,Percent of days with PM2.5 levels over the National Ambient Air Quality Standard (NAAQS),0.7131626329414914,False,1.2622104007991433,False
2001-10-31,Pennsylvania,Lancaster,85,Percent of days with PM2.5 levels over the National Ambient Air Quality Standard (NAAQS),0.7967368027677516,False,1.9175026898146574,False
2001-11-01,Pennsylvania,Lancaster,85,Percent of days with PM2.5 levels over the National Ambient Air Quality Standard (NAAQS),0.5638492532928074,False,0.12406002257459976,False
2001-11-02,Pennsylvania,Lancaster,85,Percent of days with PM2.5 levels over the National Ambient Air Quality Standard (NAAQS),0.2607315453816309,False,-2.0969795421123667,False
2001-11-03,Pennsylvania,Lancaster,85,Percent of days with PM2.5 levels over the National Ambient Air Quality Standard (NAAQS),0.2543875843079644,False,-1.9245538117129757,False
2001-11-04,Pennsylvania,Lancaster,85,Percent of days with PM2.5 levels over the National Ambient Air Quality Standard (NAAQS),0.4486444780669784,False,-0.5160725836590977,False
2001-11-05,Pennsylvania,Lancaster,85,Percent of days with PM2.5 levels over the National Ambient Air Quality Standard (NAAQS),0.3874975433710224,False,-0.9222566009650001,False
2001-11-06,Pennsylvania,Lancaster,85,Percent of days with PM2.5 levels over the National Ambient Air Quality Standard (NAAQS),0.2815771636483696,False,-1.5223201752519608,False
2001-11-07,Pennsylvania,Lancaster,85,Percent of days with PM2.5 levels over the National Ambient Air Quality Standard (NAAQS),0.4808977099100028,False,-0.15069180431479143,False
2001-11-08,Pennsylvania,Lancaster,85,Percent of days with PM2.5 levels over the National Ambient Air Quality Standard (NAAQS),0.4329692708175259,False,-0.46182813825609415,False
2001-11-09,Pennsylvania,Lancaster,85,Percent of days with PM2.5 levels over the National Ambient Air Quality Standard (NAAQS),0.3717653659625929,False,-0.8930566193963291,False
2001-11-10,Pennsylvania,Lancaster,85,Percent of days with PM2.5 levels over the National Ambient Air Quality Standard (NAAQS),0.4969674707860232,False,-0.007762661224915021,False
2001-11-11,Pennsylvania,Lancaster,85,Percent of days with PM2.5 levels over the National Ambient Air Quality Standard (NAAQS),0.7309364052592213,False,1.4912944510812325,False
2001-11-12,Pennsylvania,Lancaster,85,Percent of days with PM2.5 levels over the National Ambient Air Quality Standard (NAAQS),0.6141329305213237,False,0.6849330615859216,False
2001-11-13,Pennsylvania,Lancaster,85,Percent of days with PM2.5 levels over the National Ambient Air Quality Standard (NAAQS),0.4389562130906202,False,-0.4452352936961662,False
2001-11-14,Pennsylvania,Lancaster,85,Percent of days with PM2.5 levels over the National Ambient Air Quality Standard (NAAQS),0.7192656531253415,False,1.2846256229622994,False
2001-11-15,Pennsylvania,Lancaster,85,Percent of days with PM2.5 levels over the National Ambient Air Quality Standard (NAAQS),0.3799621442115484,False,-0.875833447521631,False
2001-11-16,Pennsylvania,Lancaster,85,Percent of days with PM2.5 levels over the National Ambient Air Quality Standard (NAAQS),0.3713073027429005,False,-0.9631398768370671,False
2001-11-17,Pennsylvania,Lancaster,85,Percent of days with PM2.5 levels over the National Ambient Air Quality Standard (NAAQS),0.1426815737872559,False,-2.1385233889690336,False
2001-11-18,Pennsylvania,Lancaster,85,Percent of days with PM2.5 levels over the National Ambient Air Quality Standard (NAAQS),0.5589402011083958,False,0.33097828662764467,False
2001-11-19,Pennsylvania,Lancaster,85,Percent of days with PM2.5 levels over the National Ambient Air Quality Standard (NAAQS),0.6857915269551249,False,1.0407034274260079,False
2001-11-20,Pennsylvania,Lancaster,85,Percent of days with PM2.5 levels over the National Ambient Air Quality Standard (NAAQS),0.4328490006883591,False,-0.4194113789111624,False
2001-11-21,Pennsylvania,Lancaster,85,Percent of days with PM2.5 levels over the National Ambient Air Quality Standard (NAAQS),0.6428314755351724,False,0.7790738052435349,False
2001-11-22,Pennsylvania,Lancaster,85,Percent of days with PM2.5 levels over the National Ambient Air Quality Standard (NAAQS),0.6084172768851552,False,0.650860305364792,False
2001-11-23,Pennsylvania,Lancaster,85,Percent of days with PM2.5 levels over the National Ambient Air Quality Standard (NAAQS),0.4545615005729174,False,-0.23199561908789823,False
2001-11-24,Pennsylvania,Lancaster,85,Percent of days with PM2.5 levels over the National Ambient Air Quality Standard (NAAQS),0.5227148073458232,False,0.1814025802926375,False
2001-11-25,Pennsylvania,Lancaster,85,Percent of days with PM2.5 levels over the National Ambient Air Quality Standard (NAAQS),0.4996865455806784,False,0.0322803691877553,False
2001-11-26,Pennsylvania,Lancaster,85,Percent of days with PM2.5 levels over the National Ambient Air Quality Standard (NAAQS),0.4892268428505187,False,-0.018538787402249055,False
2001-11-27,Pennsylvania,Lancaster,85,Percent of days with PM2.5 levels over the National Ambient Air Quality Standard (NAAQS),0.5142154001720187,False,0.1888613018309742,False
2001-11-28,Pennsylvania,Lancaster,85,Percent of days with PM2.5 levels over the National Ambient Air Quality Standard (NAAQS),0.593309750473099,False,0.8053022186707538,False
2001-11-29,Pennsylvania,Lancaster,85,Percent of days with PM2.5 levels over the National Ambient Air Quality Standard (NAAQS),0.8472156256605955,False,2.261453101166253,False
2001-11-30,Pennsylvania,Lancaster,85,Percent of days with PM2.5 levels over the National Ambient Air Quality Standard (NAAQS),0.2489907244554716,False,-1.495478773925158,False
2001-12-01,Pennsylvania,Lancaster,85,Percent of days with PM2.5 levels over the National Ambient Air Quality Standard (NAAQS),0.4670537708102798,False,-0.18353867836616936,False
2001-12-02,Pennsylvania,Lancaster,85,Percent of days with PM2.5 levels over the National Ambient Air Quality Standard (NAAQS),0.749400105225661,False,1.5227374188507907,False
2001-12-03,Pennsylvania,Lancaster,85,Percent of days with PM2.5 levels over the National Ambient Air Quality Standard (NAAQS),0.5370281473963873,False,0.16312257263267654,False
2001-12-04,Pennsylvania,Lancaster,85,Percent of days with PM2.5 levels over the National Ambient Air Quality Standard (NAAQS),0.5870775642818482,False,0.4264834757745312,False
2001-12-05,Pennsylvania,Lancaster,85,Percent of days with PM2.5 levels over the National Ambient Air Quality Standard (NAAQS),0.6045173453508734,False,0.5101413687062649,False
2001-12-06,Pennsylvania,Lancaster,85,Percent of days with PM2.5 levels over the National Ambient Air Quality Standard (NAAQS),0.6427057750762238,False,0.7091592191508957,False
2001-12-07,Pennsylvania,Lancaster,85,Percent of days with PM2.5 levels over the National Ambient Air Quality Standard (NAAQS),0.4848957085253009,False,-0.35373679319196366,False
2001-12-08,Pennsylvania,Lancaster,85,Percent of days with PM2.5 levels over the National Ambient Air Quality Standard (NAAQS),0.638609695157958,False,0.6314152150874613,False
2001-12-09,Pennsylvania,Lancaster,85,Percent of days with PM2.5 levels over the National Ambient Air Quality Standard (NAAQS),0.1022476098658122,False,-2.4897960217178743,False
2001-12-10,Pennsylvania,Lancaster,85,Percent of days with PM2.5 levels over the National Ambient Air Quality Standard (NAAQS),0.2700543761374593,False,-1.3739434993923896,False
2001-12-11,Pennsylvania,Lancaster,85,Percent of days with PM2.5 levels over the National Ambient Air Quality Standard (NAAQS),0.324010471076111,False,-1.021330276506085,False
2001-12-12,Pennsylvania,Lancaster,85,Percent of days with PM2.5 levels over the National Ambient Air Quality Standard (NAAQS),0.3922582298017688,False,-0.5815874974163268,False
2001-12-13,Pennsylvania,Lancaster,85,Percent of days with PM2.5 levels over the National Ambient Air Quality Standard (NAAQS),0.6373588525049652,False,0.782994518432949,False
2001-12-14,Pennsylvania,Lancaster,85,Percent of days with PM2.5 levels over the National Ambient Air Quality Standard (NAAQS),0.5015821379400156,False,-0.0283482424082487,False
2001-12-15,Pennsylvania,Lancaster,85,Percent of days with PM2.5 levels over the National Ambient Air Quality Standard (NAAQS),0.4870650931139157,False,-0.20323788075025875,False
2001-12-16,Pennsylvania,Lancaster,85,Percent of days with PM2.5 levels over the National Ambient Air Quality Standard (NAAQS),0.425150746952364,False,-0.5670825642280114,False
2001-12-17,Pennsylvania,Lancaster,85,Percent of days with PM2.5 levels over the National Ambient Air Quality Standard (NAAQS),0.4931199567336979,False,-0.09124327137298915,False
2001-12-18,Pennsylvania,Lancaster,85,Percent of days with PM2.5 levels over the National Ambient Air Quality Standard (NAAQS),0.6039640673155695,False,0.5921181115739493,False
2001-12-19,Pennsylvania,Lancaster,85,Percent of days with PM2.5 levels over the National Ambient Air Quality Standard (NAAQS),0.5607206926173861,False,0.33308024361079314,False
2001-12-20,Pennsylvania,Lancaster,85,Percent of days with PM2.5 levels over the National Ambient Air Quality Standard (NAAQS),0.6103940649261733,False,0.6602607740120275,False
2001-12-21,Pennsylvania,Lancaster,85,Percent of days with PM2.5 levels over the National Ambient Air Quality Standard (NAAQS),0.6824711811302089,False,1.0612285174027367,False
2001-12-22,Pennsylvania,Lancaster,85,Percent of days with PM2.5 levels over the National Ambient Air Quality Standard (NAAQS),0.6442246348339705,False,0.7765260912123301,False
2001-12-23,Pennsylvania,Lancaster,85,Percent of days with PM2.5 levels over the National Ambient Air Quality Standard (NAAQS),0.403091170116958,False,-0.7360917911204796,False
2001-12-24,Pennsylvania,Lancaster,85,Percent of days with PM2.5 levels over the National Ambient Air Quality Standard (NAAQS),0.2599660817350216,False,-1.519326189203385,False
2001-12-25,Pennsylvania,Lancaster,85,Percent of days with PM2.5 levels over the National Ambient Air Quality Standard (NAAQS),0.5189575726064997,False,0.04608829253930556,False
2001-12-26,Pennsylvania,Lancaster,85,Percent of days with PM2.5 levels over the National Ambient Air Quality Standard (NAAQS),0.4836940884044822,False,-0.14413372022462745,False
2001-12-27,Pennsylvania,Lancaster,85,Percent of days with PM2.5 levels over the National Ambient Air Quality Standard (NAAQS),0.5053776436854099,False,0.06750230959623248,False
2001-12-28,Pennsylvania,Lancaster,85,Percent of days with PM2.5 levels over the National Ambient Air Quality Standard (NAAQS),0.4748944116697755,False,-0.19888025643379156,False
2001-12-29,Pennsylvania,Lancaster,85,Percent of days with PM2.5 levels over the National Ambient Air Quality Standard (NAAQS),0.1772942254954458,False,-2.0311120019648863,False
2001-12-30,Pennsylvania,Lancaster,85,Percent of days with PM2.5 levels over the National Ambient Air Quality Standard (NAAQS),0.6153886815840793,False,0.8531189533219111,False
2001-12-31,Pennsylvania,Lancaster,85,Percent of days with PM2.5 levels over the National Ambient Air Quality Standard (NAAQS),0.3923094507177039,False,-0.604873980461016,False
2002-01-01,Pennsylvania,Lancaster,85,Percent of days with PM2.5 levels over the National Ambient Air Quality Standard (NAAQS),0.4732385103963646,False,-0.03820989500424378,False
2002-01-02,Pennsylvania,Lancaster,85,Percent of days with PM2.5 levels over the National Ambient Air Quality Standard (NAAQS),0.1943747015385629,False,-1.7332708923513696,False
2002-01-03,Pennsylvania,Lancaster,85,Percent of days with PM2.5 levels over the National Ambient Air Quality Standard (NAAQS),0.4273450812854614,False,-0.19249288953891594,False
2002-01-04,Pennsylvania,Lancaster,85,Percent of days with PM2.5 levels over the National Ambient Air Quality Standard (NAAQS),0.4024573226203038,False,-0.3364999333809676,False
2002-01-05,Pennsylvania,Lancaster,85,Percent of days with PM2.5 levels over the National Ambient Air Quality Standard (NAAQS),0.2759889039846109,False,-1.089414317508217,False
2002-01-06,Pennsylvania,Lancaster,85,Percent of days with PM2.5 levels over the National Ambient Air Quality Standard (NAAQS),0.3135285832052751,False,-0.9733292577334016,False
2002-01-07,Pennsylvania,Lancaster,85,Percent of days with PM2.5 levels over the National Ambient Air Quality Standard (NAAQS),0.4290899783888279,False,-0.18518441937465385,False
2002-01-08,Pennsylvania,Lancaster,85,Percent of days with PM2.5 levels over the National Ambient Air Quality Standard (NAAQS),0.2745227026607189,False,-1.305179269606543,False
2002-01-09,Pennsylvania,Lancaster,85,Percent of days with PM2.5 levels over the National Ambient Air Quality Standard (NAAQS),0.4204102454566446,False,-0.24115687658047386,False
2002-01-10,Pennsylvania,Lancaster,85,Percent of days with PM2.5 levels over the National Ambient Air Quality Standard (NAAQS),0.3876982349371561,False,-0.4304978007074305,False
2002-01-11,Pennsylvania,Lancaster,85,Percent of days with PM2.5 levels over the National Ambient Air Quality Standard (NAAQS),0.3173049125216099,False,-0.9052570270797085,False
2002-01-12,Pennsylvania,Lancaster,85,Percent of days with PM2.5 levels over the National Ambient Air Quality Standard (NAAQS),0.3928242468722708,False,-0.31208748425408195,False
2002-01-13,Pennsylvania,Lancaster,85,Percent of days with PM2.5 levels over the National Ambient Air Quality Standard (NAAQS),0.4504756154861092,False,0.11511007522198319,False
2002-01-14,Pennsylvania,Lancaster,85,Percent of days with PM2.5 levels over the National Ambient Air Quality Standard (NAAQS),0.4722755678095299,False,0.2854051314307061,False
2002-01-15,Pennsylvania,Lancaster,85,Percent of days with PM2.5 levels over the National Ambient Air Quality Standard (NAAQS),0.2800378712792309,False,-1.0873387985612304,False
2002-01-16,Pennsylvania,Lancaster,85,Percent of days with PM2.5 levels over the National Ambient Air Quality Standard (NAAQS),0.2028767445274735,False,-1.537040286574637,False
2002-01-17,Pennsylvania,Lancaster,85,Percent of days with PM2.5 levels over the National Ambient Air Quality Standard (NAAQS),0.2867228079771617,False,-0.854670174077188,False
2002-01-18,Pennsylvania,Lancaster,85,Percent of days with PM2.5 levels over the National Ambient Air Quality Standard (NAAQS),0.2507876601506214,False,-1.0917864102034205,False
2002-01-19,Pennsylvania,Lancaster,85,Percent of days with PM2.5 levels over the National Ambient Air Quality Standard (NAAQS),0.4578502495885749,False,0.7331474664783536,False
2002-01-20,Pennsylvania,Lancaster,85,Percent of days with PM2.5 levels over the National Ambient Air Quality Standard (NAAQS),0.4707109449086087,False,0.8174554497755405,False
2002-01-21,Pennsylvania,Lancaster,85,Percent of days with PM2.5 levels over the National Ambient Air Quality Standard (NAAQS),0.4085273789811036,False,0.22134806946465077,False
2002-01-22,Pennsylvania,Lancaster,85,Percent of days with PM2.5 levels over the National Ambient Air Quality Standard (NAAQS),0.2850347531817511,False,-0.8385973375383485,False
2002-01-23,Pennsylvania,Lancaster,85,Percent of days with PM2.5 levels over the National Ambient Air Quality Standard (NAAQS),0.4506432525533272,False,0.7088471450590613,False
2002-01-24,Pennsylvania,Lancaster,85,Percent of days with PM2.5 levels over the National Ambient Air Quality Standard (NAAQS),0.4423717477084126,False,0.6664047024913047,False
2002-01-25,Pennsylvania,Lancaster,85,Percent of days with PM2.5 levels over the National Ambient Air Quality Standard (NAAQS),0.1383735683772265,False,-1.984314163653968,False
2002-01-26,Pennsylvania,Lancaster,85,Percent of days with PM2.5 levels over the National Ambient Air Quality Standard (NAAQS),0.164497051389295,False,-1.7343434901709691,False
2002-01-27,Pennsylvania,Lancaster,85,Percent of days with PM2.5 levels over the National Ambient Air Quality Standard (NAAQS),0.3193801172055116,False,-0.29635215040399077,False
2002-01-28,Pennsylvania,Lancaster,85,Percent of days with PM2.5 levels over the National Ambient Air Quality Standard (NAAQS),0.4310688853297331,False,0.7877694726679173,False
2002-01-29,Pennsylvania,Lancaster,85,Percent of days with PM2.5 levels over the National Ambient Air Quality Standard (NAAQS),0.2610896204087784,False,-0.8172485692207461,False
2002-01-30,Pennsylvania,Lancaster,85,Percent of days with PM2.5 levels over the National Ambient Air Quality Standard (NAAQS),0.2430617447665825,False,-1.0376203654071285,False
2002-01-31,Pennsylvania,Lancaster,85,Percent of days with PM2.5 levels over the National Ambient Air Quality Standard (NAAQS),0.36495032514601,False,0.23001274074007935,False
2002-02-01,Pennsylvania,Lancaster,85,Percent of days with PM2.5 levels over the National Ambient Air Quality Standard (NAAQS),0.5054555481154793,False,1.5736134900420284,False
2002-02-02,Pennsylvania,Lancaster,85,Percent of days with PM2.5 levels over the National Ambient Air Quality Standard (NAAQS),0.3740412349433548,False,0.24130011728541595,False
2002-02-03,Pennsylvania,Lancaster,85,Percent of days with PM2.5 levels over the National Ambient Air Quality Standard (NAAQS),0.2695708849271422,False,-0.7776082517133526,False
2002-02-04,Pennsylvania,Lancaster,85,Percent of days with PM2.5 levels over the National Ambient Air Quality Standard (NAAQS),0.3421304278886484,False,-0.03038268069946924,False
2002-02-05,Pennsylvania,Lancaster,85,Percent of days with PM2.5 levels over the National Ambient Air Quality Standard (NAAQS),0.2265138297385992,False,-1.1507461613315482,False
2002-02-06,Pennsylvania,Lancaster,85,Percent of days with PM2.5 levels over the National Ambient Air Quality Standard (NAAQS),0.160264454310981,False,-1.6387425059650287,False
2002-02-07,Pennsylvania,Lancaster,85,Percent of days with PM2.5 levels over the National Ambient Air Quality Standard (NAAQS),0.2792124845247309,False,-0.48152340299901714,False
2002-02-08,Pennsylvania,Lancaster,85,Percent of days with PM2.5 levels over the National Ambient Air Quality Standard (NAAQS),0.3774531770996081,False,0.42307264127988564,False
2002-02-09,Pennsylvania,Lancaster,85,Percent of days with PM2.5 levels over the National Ambient Air Quality Standard (NAAQS),0.3682955749396066,False,0.3465956652023302,False
2002-02-10,Pennsylvania,Lancaster,85,Percent of days with PM2.5 levels over the National Ambient Air Quality Standard (NAAQS),0.2565217819646971,False,-0.6533151903517053,False
2002-02-11,Pennsylvania,Lancaster,85,Percent of days with PM2.5 levels over the National Ambient Air Quality Standard (NAAQS),0.4000168048624741,False,0.7695084647462131,False
2002-02-12,Pennsylvania,Lancaster,85,Percent of days with PM2.5 levels over the National Ambient Air Quality Standard (NAAQS),0.2868694013768579,False,-0.3499951910692179,False
2002-02-13,Pennsylvania,Lancaster,85,Percent of days with PM2.5 levels over the National Ambient Air Quality Standard (NAAQS),0.2992477794688603,False,-0.26862359397243063,False
2002-02-14,Pennsylvania,Lancaster,85,Percent of days with PM2.5 levels over the National Ambient Air Quality Standard (NAAQS),0.282495207802683,False,-0.4366832362700275,False
2002-02-15,Pennsylvania,Lancaster,85,Percent of days with PM2.5 levels over the National Ambient Air Quality Standard (NAAQS),0.2660440098159569,False,-0.6113149722459782,False
2002-02-16,Pennsylvania,Lancaster,85,Percent of days with PM2.5 levels over the National Ambient Air Quality Standard (NAAQS),0.4731339954075662,False,1.4780044618809212,False
2002-02-17,Pennsylvania,Lancaster,85,Percent of days with PM2.5 levels over the National Ambient Air Quality Standard (NAAQS),0.2377528249391313,False,-0.8371102749483447,False
2002-02-18,Pennsylvania,Lancaster,85,Percent of days with PM2.5 levels over the National Ambient Air Quality Standard (NAAQS),0.2051041936699127,False,-1.093719714078486,False
2002-02-19,Pennsylvania,Lancaster,85,Percent of days with PM2.5 levels over the National Ambient Air Quality Standard (NAAQS),0.5125952745307296,False,1.8606668143605143,False
2002-02-20,Pennsylvania,Lancaster,85,Percent of days with PM2.5 levels over the National Ambient Air Quality Standard (NAAQS),0.4103298188896019,False,0.9046320257716517,False
2002-02-21,Pennsylvania,Lancaster,85,Percent of days with PM2.5 levels over the National Ambient Air Quality Standard (NAAQS),0.2390104629088266,False,-0.7126907771330051,False
2002-02-22,Pennsylvania,Lancaster,85,Percent of days with PM2.5 levels over the National Ambient Air Quality Standard (NAAQS),0.341090500285384,False,0.24664881578780443,False
2002-02-23,Pennsylvania,Lancaster,85,Percent of days with PM2.5 levels over the National Ambient Air Quality Standard (NAAQS),0.651801279332252,False,2.9028506257024405,False
2002-02-24,Pennsylvania,Lancaster,85,Percent of days with PM2.5 levels over the National Ambient Air Quality Standard (NAAQS),0.4725549327409356,False,1.1772722469166452,False
2002-02-25,Pennsylvania,Lancaster,85,Percent of days with PM2.5 levels over the National Ambient Air Quality Standard (NAAQS),0.3543889760656194,False,0.14902376522498578,False
2002-02-26,Pennsylvania,Lancaster,85,Percent of days with PM2.5 levels over the National Ambient Air Quality Standard (NAAQS),0.3841853259221359,False,0.38096498285415015,False
2002-02-27,Pennsylvania,Lancaster,85,Percent of days with PM2.5 levels over the National Ambient Air Quality Standard (NAAQS),0.2946669649792136,False,-0.45516776939277837,False
2002-02-28,Pennsylvania,Lancaster,85,Percent of days with PM2.5 levels over the National Ambient Air Quality Standard (NAAQS),0.4527031925687289,False,0.9537828936785601,False
2002-03-01,Pennsylvania,Lancaster,85,Percent of days with PM2.5 levels over the National Ambient Air Quality Standard (NAAQS),0.3603596515227839,False,0.1721342137350586,False
2002-03-02,Pennsylvania,Lancaster,85,Percent of days with PM2.5 levels over the National Ambient Air Quality Standard (NAAQS),0.1892727672181881,False,-1.3317355733639544,False
2002-03-03,Pennsylvania,Lancaster,85,Percent of days with PM2.5 levels over the National Ambient Air Quality Standard (NAAQS),0.2575239791090098,False,-0.7043022082610678,False
2002-03-04,Pennsylvania,Lancaster,85,Percent of days with PM2.5 levels over the National Ambient Air Quality Standard (NAAQS),0.3105574683260926,False,-0.21212862869699975,False
2002-03-05,Pennsylvania,Lancaster,85,Percent of days with PM2.5 levels over the National Ambient Air Quality Standard (NAAQS),0.3552816555846368,False,0.15487280164108105,False
2002-03-06,Pennsylvania,Lancaster,85,Percent of days with PM2.5 levels over the National Ambient Air Quality Standard (NAAQS),0.3912152504005368,False,0.4324625733972355,False
2002-03-07,Pennsylvania,Lancaster,85,Percent of days with PM2.5 levels over the National Ambient Air Quality Standard (NAAQS),0.3589712058325349,False,0.09171937864551812,False
2002-03-08,Pennsylvania,Lancaster,85,Percent of days with PM2.5 levels over the National Ambient Air Quality Standard (NAAQS),0.444193029238245,False,0.89183559101605,False
2002-03-09,Pennsylvania,Lancaster,85,Percent of days with PM2.5 levels over the National Ambient Air Quality Standard (NAAQS),0.4379610105178252,False,0.797921883057991,False
2002-03-10,Pennsylvania,Lancaster,85,Percent of days with PM2.5 levels over the National Ambient Air Quality Standard (NAAQS),0.4389595633057509,False,0.749829878514294,False
2002-03-11,Pennsylvania,Lancaster,85,Percent of days with PM2.5 levels over the National Ambient Air Quality Standard (NAAQS),0.1788954466458105,False,-1.5960987892264638,False
2002-03-12,Pennsylvania,Lancaster,85,Percent of days with PM2.5 levels over the National Ambient Air Quality Standard (NAAQS),0.580999003723073,False,1.8667330448231334,False
2002-03-13,Pennsylvania,Lancaster,85,Percent of days with PM2.5 levels over the National Ambient Air Quality Standard (NAAQS),0.2447792653658229,False,-0.9905374248008918,False
2002-03-14,Pennsylvania,Lancaster,85,Percent of days with PM2.5 levels over the National Ambient Air Quality Standard (NAAQS),0.36454704106942,False,-0.0004765379414583692,False
2002-03-15,Pennsylvania,Lancaster,85,Percent of days with PM2.5 levels over the National Ambient Air Quality Standard (NAAQS),0.1683031583632814,False,-1.5880864656575668,False
2002-03-16,Pennsylvania,Lancaster,85,Percent of days with PM2.5 levels over the National Ambient Air Quality Standard (NAAQS),0.3337493455582673,False,-0.18733724092156193,False
2002-03-17,Pennsylvania,Lancaster,85,Percent of days with PM2.5 levels over the National Ambient Air Quality Standard (NAAQS),0.2941981797534795,False,-0.5425026782010118,False
2002-03-18,Pennsylvania,Lancaster,85,Percent of days with PM2.5 levels over the National Ambient Air Quality Standard (NAAQS),0.3548738709967944,False,-0.0756472698291696,False
2002-03-19,Pennsylvania,Lancaster,85,Percent of days with PM2.5 levels over the National Ambient Air Quality Standard (NAAQS),0.2303738179344397,False,-1.0906836051126774,False
2002-03-20,Pennsylvania,Lancaster,85,Percent of days with PM2.5 levels over the National Ambient Air Quality Standard (NAAQS),0.3167389655308759,False,-0.29646309690521716,False
2002-03-21,Pennsylvania,Lancaster,85,Percent of days with PM2.5 levels over the National Ambient Air Quality Standard (NAAQS),0.5223063062505606,False,1.4120092512303648,False
2002-03-22,Pennsylvania,Lancaster,85,Percent of days with PM2.5 levels over the National Ambient Air Quality Standard (NAAQS),0.3320589342323634,False,-0.24211174856718745,False
2002-03-23,Pennsylvania,Lancaster,85,Percent of days with PM2.5 levels over the National Ambient Air Quality Standard (NAAQS),0.269196907109356,False,-0.7643459434280081,False
2002-03-24,Pennsylvania,Lancaster,85,Percent of days with PM2.5 levels over the National Ambient Air Quality Standard (NAAQS),0.326314525323715,False,-0.15014731741570006,False
2002-03-25,Pennsylvania,Lancaster,85,Percent of days with PM2.5 levels over the National Ambient Air Quality Standard (NAAQS),0.2431739921237139,False,-0.9441765227176616,False
2002-03-26,Pennsylvania,Lancaster,85,Percent of days with PM2.5 levels over the National Ambient Air Quality Standard (NAAQS),0.4797976629268538,False,1.3576352726292185,False
2002-03-27,Pennsylvania,Lancaster,85,Percent of days with PM2.5 levels over the National Ambient Air Quality Standard (NAAQS),0.3255967117933313,False,-0.1557544370634027,False
2002-03-28,Pennsylvania,Lancaster,85,Percent of days with PM2.5 levels over the National Ambient Air Quality Standard (NAAQS),0.3540796710948519,False,0.16067394098418605,False
2002-03-29,Pennsylvania,Lancaster,85,Percent of days with PM2.5 levels over the National Ambient Air Quality Standard (NAAQS),0.1967153305542833,False,-1.3101567953400475,False
2002-03-30,Pennsylvania,Lancaster,85,Percent of days with PM2.5 levels over the National Ambient Air Quality Standard (NAAQS),0.3415848536092787,False,0.03998720960581055,False
2002-03-31,Pennsylvania,Lancaster,85,Percent of days with PM2.5 levels over the National Ambient Air Quality Standard (NAAQS),0.1601084869450383,False,-1.6728174252185108,False
2002-04-01,Pennsylvania,Lancaster,85,Percent of days with PM2.5 levels over the National Ambient Air Quality Standard (NAAQS),0.3675062672175332,False,0.30110122082785584,False
2002-04-02,Pennsylvania,Lancaster,85,Percent of days with PM2.5 levels over the National Ambient Air Quality Standard (NAAQS),0.1577224541327296,False,-1.5676308313401486,False
2002-04-03,Pennsylvania,Lancaster,85,Percent of days with PM2.5 levels over the National Ambient Air Quality Standard (NAAQS),0.2237471028178506,False,-0.9003306535101059,False
2002-04-04,Pennsylvania,Lancaster,85,Percent of days with PM2.5 levels over the National Ambient Air Quality Standard (NAAQS),0.3731064767134702,False,0.4474455930497318,False
2002-04-05,Pennsylvania,Lancaster,85,Percent of days with PM2.5 levels over the National Ambient Air Quality Standard (NAAQS),0.349506753739689,False,0.27048338755979445,False
2002-04-06,Pennsylvania,Lancaster,85,Percent of days with PM2.5 levels over the National Ambient Air Quality Standard (NAAQS),0.1644368846529143,False,-1.3337545151367265,False
2002-04-07,Pennsylvania,Lancaster,85,Percent of days with PM2.5 levels over the National Ambient Air Quality Standard (NAAQS),0.1789574777186351,False,-1.1191481568413246,False
2002-04-08,Pennsylvania,Lancaster,85,Percent of days with PM2.5 levels over the National Ambient Air Quality Standard (NAAQS),0.3370752581102686,False,0.2832933236790418,False
2002-04-09,Pennsylvania,Lancaster,85,Percent of days with PM2.5 levels over the National Ambient Air Quality Standard (NAAQS),0.325102179145238,False,0.29664130552281404,False
2002-04-10,Pennsylvania,Lancaster,85,Percent of days with PM2.5 levels over the National Ambient Air Quality Standard (NAAQS),0.4538879875351564,False,1.544314377156604,False
2002-04-11,Pennsylvania,Lancaster,85,Percent of days with PM2.5 levels over the National Ambient Air Quality Standard (NAAQS),0.1624902347439815,False,-1.3653888146884736,False
2002-04-12,Pennsylvania,Lancaster,85,Percent of days with PM2.5 levels over the National Ambient Air Quality Standard (NAAQS),0.3881806998761441,False,0.8470083851214817,False
2002-04-13,Pennsylvania,Lancaster,85,Percent of days with PM2.5 levels over the National Ambient Air Quality Standard (NAAQS),0.2117430132105541,False,-0.9090871731293646,False
2002-04-14,Pennsylvania,Lancaster,85,Percent of days with PM2.5 levels over the National Ambient Air Quality Standard (NAAQS),0.2793393748680704,False,-0.218507254026678,False
2002-04-15,Pennsylvania,Lancaster,85,Percent of days with PM2.5 levels over the National Ambient Air Quality Standard (NAAQS),0.3197176172604657,False,0.20407890069547413,False
2002-04-16,Pennsylvania,Lancaster,85,Percent of days with PM2.5 levels over the National Ambient Air Quality Standard (NAAQS),0.0501570510450879,False,-2.243194098510532,False
2002-04-17,Pennsylvania,Lancaster,85,Percent of days with PM2.5 levels over the National Ambient Air Quality Standard (NAAQS),0.1463830891995854,False,-1.2599298589119097,False
2002-04-18,Pennsylvania,Lancaster,85,Percent of days with PM2.5 levels over the National Ambient Air Quality Standard (NAAQS),0.4204094862219366,False,1.3007905141714748,False
2002-04-19,Pennsylvania,Lancaster,85,Percent of days with PM2.5 levels over the National Ambient Air Quality Standard (NAAQS),0.5336793541348746,False,2.1104993547001114,False
2002-04-20,Pennsylvania,Lancaster,85,Percent of days with PM2.5 levels over the National Ambient Air Quality Standard (NAAQS),0.3174395103876529,False,0.21720801111121588,False
2002-04-21,Pennsylvania,Lancaster,85,Percent of days with PM2.5 levels over the National Ambient Air Quality Standard (NAAQS),0.5072624542151196,False,1.707972752369813,False
2002-04-22,Pennsylvania,Lancaster,85,Percent of days with PM2.5 levels over the National Ambient Air Quality Standard (NAAQS),0.2576161257346548,False,-0.34313589810795825,False
2002-04-23,Pennsylvania,Lancaster,85,Percent of days with PM2.5 levels over the National Ambient Air Quality Standard (NAAQS),0.2116723986250016,False,-0.664916552545058,False
2002-04-24,Pennsylvania,Lancaster,85,Percent of days with PM2.5 levels over the National Ambient Air Quality Standard (NAAQS),0.242887483413123,False,-0.3738852866795407,False
2002-04-25,Pennsylvania,Lancaster,85,Percent of days with PM2.5 levels over the National Ambient Air Quality Standard (NAAQS),0.4004561606836047,False,0.9409230970781693,False
2002-04-26,Pennsylvania,Lancaster,85,Percent of days with PM2.5 levels over the National Ambient Air Quality Standard (NAAQS),0.2636925855070414,False,-0.2313545864571321,False
2002-04-27,Pennsylvania,Lancaster,85,Percent of days with PM2.5 levels over the National Ambient Air Quality Standard (NAAQS),0.3365269673126134,False,0.38922807473563703,False
2002-04-28,Pennsylvania,Lancaster,85,Percent of days with PM2.5 levels over the National Ambient Air Quality Standard (NAAQS),0.5358682538036089,False,1.8767414807928464,False
2002-04-29,Pennsylvania,Lancaster,85,Percent of days with PM2.5 levels over the National Ambient Air Quality Standard (NAAQS),0.4708849992201461,False,1.2844769327974677,False
2002-04-30,Pennsylvania,Lancaster,85,Percent of days with PM2.5 levels over the National Ambient Air Quality Standard (NAAQS),0.7114440690540048,False,2.654775005357574,False
2002-05-01,Pennsylvania,Lancaster,85,Percent of days with PM2.5 levels over the National Ambient Air Quality Standard (NAAQS),0.3081714114290566,False,-0.15694550769262625,False
2002-05-02,Pennsylvania,Lancaster,85,Percent of days with PM2.5 levels over the National Ambient Air Quality Standard (NAAQS),0.4423724313504748,False,0.7557885180165,False
2002-05-03,Pennsylvania,Lancaster,85,Percent of days with PM2.5 levels over the National Ambient Air Quality Standard (NAAQS),0.4574980680727595,False,0.8230298836087634,False
2002-05-04,Pennsylvania,Lancaster,85,Percent of days with PM2.5 levels over the National Ambient Air Quality Standard (NAAQS),0.3876521308995596,False,0.2992020521360668,False
2002-05-05,Pennsylvania,Lancaster,85,Percent of days with PM2.5 levels over the National Ambient Air Quality Standard (NAAQS),0.4958764787522843,False,0.9856971298243526,False
2002-05-06,Pennsylvania,Lancaster,85,Percent of days with PM2.5 levels over the National Ambient Air Quality Standard (NAAQS),0.5162758946299398,False,1.0611983784815742,False
2002-05-07,Pennsylvania,Lancaster,85,Percent of days with PM2.5 levels over the National Ambient Air Quality Standard (NAAQS),0.2743080303930321,False,-0.5945912144801128,False
2002-05-08,Pennsylvania,Lancaster,85,Percent of days with PM2.5 levels over the National Ambient Air Quality Standard (NAAQS),0.3216413401568566,False,-0.2385687380536144,False
2002-05-09,Pennsylvania,Lancaster,85,Percent of days with PM2.5 levels over the National Ambient Air Quality Standard (NAAQS),0.4115022046615408,False,0.33248224634391665,False
2002-05-10,Pennsylvania,Lancaster,85,Percent of days with PM2.5 levels over the National Ambient Air Quality Standard (NAAQS),0.3026926802741981,False,-0.4228038366437638,False
2002-05-11,Pennsylvania,Lancaster,85,Percent of days with PM2.5 levels over the National Ambient Air Quality Standard (NAAQS),0.0978138794296124,False,-1.7784291090771551,False
2002-05-12,Pennsylvania,Lancaster,85,Percent of days with PM2.5 levels over the National Ambient Air Quality Standard (NAAQS),0.4885627189746416,False,0.8356142209338754,False
2002-05-13,Pennsylvania,Lancaster,85,Percent of days with PM2.5 levels over the National Ambient Air Quality Standard (NAAQS),0.3707031288192713,False,0.02384232947443067,False
2002-05-14,Pennsylvania,Lancaster,85,Percent of days with PM2.5 levels over the National Ambient Air Quality Standard (NAAQS),0.2386125286476708,False,-0.9949273809414783,False
2002-05-15,Pennsylvania,Lancaster,85,Percent of days with PM2.5 levels over the National Ambient Air Quality Standard (NAAQS),0.2296331879223052,False,-1.1183111545785636,False
2002-05-16,Pennsylvania,Lancaster,85,Percent of days with PM2.5 levels over the National Ambient Air Quality Standard (NAAQS),0.2253260828308523,False,-1.075688982189989,False
2002-05-17,Pennsylvania,Lancaster,85,Percent of days with PM2.5 levels over the National Ambient Air Quality Standard (NAAQS),0.502133843112557,False,1.00147477452964,False
2002-05-18,Pennsylvania,Lancaster,85,Percent of days with PM2.5 levels over the National Ambient Air Quality Standard (NAAQS),0.3020004311146508,False,-0.4967016857117391,False
2002-05-19,Pennsylvania,Lancaster,85,Percent of days with PM2.5 levels over the National Ambient Air Quality Standard (NAAQS),0.2230074821410459,False,-1.0139832564437927,False
2002-05-20,Pennsylvania,Lancaster,85,Percent of days with PM2.5 levels over the National Ambient Air Quality Standard (NAAQS),0.3114625901006391,False,-0.3675838956331594,False
2002-05-21,Pennsylvania,Lancaster,85,Percent of days with PM2.5 levels over the National Ambient Air Quality Standard (NAAQS),0.2206764600878293,False,-1.060137854864797,False
2002-05-22,Pennsylvania,Lancaster,85,Percent of days with PM2.5 levels over the National Ambient Air Quality Standard (NAAQS),0.4598995016583138,False,0.7009939419289222,False
2002-05-23,Pennsylvania,Lancaster,85,Percent of days with PM2.5 levels over the National Ambient Air Quality Standard (NAAQS),0.5695058271292788,False,1.4334328429397474,False
2002-05-24,Pennsylvania,Lancaster,85,Percent of days with PM2.5 levels over the National Ambient Air Quality Standard (NAAQS),0.4952751623792766,False,0.8276605686145719,False
2002-05-25,Pennsylvania,Lancaster,85,Percent of days with PM2.5 levels over the National Ambient Air Quality Standard (NAAQS),0.5095416345881614,False,0.8757091378464659,False
2002-05-26,Pennsylvania,Lancaster,85,Percent of days with PM2.5 levels over the National Ambient Air Quality Standard (NAAQS),0.3712088140862715,False,-0.08508211398631262,False
2002-05-27,Pennsylvania,Lancaster,85,Percent of days with PM2.5 levels over the National Ambient Air Quality Standard (NAAQS),0.3545780407459603,False,-0.17879921952512096,False
2002-05-28,Pennsylvania,Lancaster,85,Percent of days with PM2.5 levels over the National Ambient Air Quality Standard (NAAQS),0.4261727593484892,False,0.49131007405816846,False
2002-05-29,Pennsylvania,Lancaster,85,Percent of days with PM2.5 levels over the National Ambient Air Quality Standard (NAAQS),0.2396706064891205,False,-1.0550052604044942,False
2002-05-30,Pennsylvania,Lancaster,85,Percent of days with PM2.5 levels over the National Ambient Air Quality Standard (NAAQS),0.3019169580257056,False,-0.49447147349875586,False
2002-05-31,Pennsylvania,Lancaster,85,Percent of days with PM2.5 levels over the National Ambient Air Quality Standard (NAAQS),0.4377516042587955,False,0.6531466326934088,False
2002-06-01,Pennsylvania,Lancaster,85,Percent of days with PM2.5 levels over the National Ambient Air Quality Standard (NAAQS),0.245371336061595,False,-0.9102677783088446,False
2002-06-02,Pennsylvania,Lancaster,85,Percent of days with PM2.5 levels over the National Ambient Air Quality Standard (NAAQS),0.233268095162384,False,-0.9418268048804374,False
2002-06-03,Pennsylvania,Lancaster,85,Percent of days with PM2.5 levels over the National Ambient Air Quality Standard (NAAQS),0.3460814581053486,False,0.05606205179089078,False
2002-06-04,Pennsylvania,Lancaster,85,Percent of days with PM2.5 levels over the National Ambient Air Quality Standard (NAAQS),0.2877283512053629,False,-0.4581296879350257,False
2002-06-05,Pennsylvania,Lancaster,85,Percent of days with PM2.5 levels over the National Ambient Air Quality Standard (NAAQS),0.3326346317579696,False,-0.06901647644156572,False
2002-06-06,Pennsylvania,Lancaster,85,Percent of days with PM2.5 levels over the National Ambient Air Quality Standard (NAAQS),0.116312497001826,False,-1.7662834387649111,False
2002-06-07,Pennsylvania,Lancaster,85,Percent of days with PM2.5 levels over the National Ambient Air Quality Standard (NAAQS),0.3982527761816578,False,0.5337065367079585,False
2002-06-08,Pennsylvania,Lancaster,85,Percent of days with PM2.5 levels over the National Ambient Air Quality Standard (NAAQS),0.4666537246957116,False,1.0456189088502053,False
2002-06-09,Pennsylvania,Lancaster,85,Percent of days with PM2.5 levels over the National Ambient Air Quality Standard (NAAQS),0.3109100731868463,False,-0.2627440651918366,False
2002-06-10,Pennsylvania,Lancaster,85,Percent of days with PM2.5 levels over the National Ambient Air Quality Standard (NAAQS),0.3672817695753279,False,0.24367775929094074,False
2002-06-11,Pennsylvania,Lancaster,85,Percent of days with PM2.5 levels over the National Ambient Air Quality Standard (NAAQS),0.2981500685502691,False,-0.4003891415342703,False
2002-06-12,Pennsylvania,Lancaster,85,Percent of days with PM2.5 levels over the National Ambient Air Quality Standard (NAAQS),0.3730358770496774,False,0.23788918148477922,False
2002-06-13,Pennsylvania,Lancaster,85,Percent of days with PM2.5 levels over the National Ambient Air Quality Standard (NAAQS),0.2593804432168795,False,-0.8356068415877257,False
2002-06-14,Pennsylvania,Lancaster,85,Percent of days with PM2.5 levels over the National Ambient Air Quality Standard (NAAQS),0.2411094213280864,False,-0.941870555801294,False
2002-06-15,Pennsylvania,Lancaster,85,Percent of days with PM2.5 levels over the National Ambient Air Quality Standard (NAAQS),0.2402497796378855,False,-0.9161102653372013,False
2002-06-16,Pennsylvania,Lancaster,85,Percent of days with PM2.5 levels over the National Ambient Air Quality Standard (NAAQS),0.4377523676534162,False,0.8873232147311627,False
2002-06-17,Pennsylvania,Lancaster,85,Percent of days with PM2.5 levels over the National Ambient Air Quality Standard (NAAQS),0.2866149176911787,False,-0.5434966252775001,False
2002-06-18,Pennsylvania,Lancaster,85,Percent of days with PM2.5 levels over the National Ambient Air Quality Standard (NAAQS),0.3347297970282058,False,-0.12845385510981047,False
2002-06-19,Pennsylvania,Lancaster,85,Percent of days with PM2.5 levels over the National Ambient Air Quality Standard (NAAQS),0.1773423681847155,False,-1.5292362439963423,False
2002-06-20,Pennsylvania,Lancaster,85,Percent of days with PM2.5 levels over the National Ambient Air Quality Standard (NAAQS),0.4119991504753601,False,0.8325270960559253,False
2002-06-21,Pennsylvania,Lancaster,85,Percent of days with PM2.5 levels over the National Ambient Air Quality Standard (NAAQS),0.572424977733914,False,2.335847614830013,False
2002-06-22,Pennsylvania,Lancaster,85,Percent of days with PM2.5 levels over the National Ambient Air Quality Standard (NAAQS),0.2999952926880661,False,-0.2863004050704004,False
2002-06-23,Pennsylvania,Lancaster,85,Percent of days with PM2.5 levels over the National Ambient Air Quality Standard (NAAQS),0.3257885989187388,False,-0.0004027243809815542,False
2002-06-24,Pennsylvania,Lancaster,85,Percent of days with PM2.5 levels over the National Ambient Air Quality Standard (NAAQS),0.1858910227500823,False,-1.3541804217025906,False
2002-06-25,Pennsylvania,Lancaster,85,Percent of days with PM2.5 levels over the National Ambient Air Quality Standard (NAAQS),0.3922862345514346,False,0.7539936601449234,False
2002-06-26,Pennsylvania,Lancaster,85,Percent of days with PM2.5 levels over the National Ambient Air Quality Standard (NAAQS),0.3787448709854156,False,0.5682757393770971,False
2002-06-27,Pennsylvania,Lancaster,85,Percent of days with PM2.5 levels over the National Ambient Air Quality Standard (NAAQS),0.2484523720407395,False,-0.7463576073405594,False
2002-06-28,Pennsylvania,Lancaster,85,Percent of days with PM2.5 levels over the National Ambient Air Quality Standard (NAAQS),0.2226661132582131,False,-0.9406723308208433,False
2002-06-29,Pennsylvania,Lancaster,85,Percent of days with PM2.5 levels over the National Ambient Air Quality Standard (NAAQS),0.1941034412486958,False,-1.1938382706965784,False
2002-06-30,Pennsylvania,Lancaster,85,Percent of days with PM2.5 levels over the National Ambient Air Quality Standard (NAAQS),0.0652226176713019,False,-2.2210425269122958,False
2002-07-01,Pennsylvania,Lancaster,85,Percent of days with PM2.5 levels over the National Ambient Air Quality Standard (NAAQS),0.4779917194602522,False,1.4786884078688856,False
2002-07-02,Pennsylvania,Lancaster,85,Percent of days with PM2.5 levels over the National Ambient Air Quality Standard (NAAQS),0.3417327188101151,False,0.25606121242306046,False
2002-07-03,Pennsylvania,Lancaster,85,Percent of days with PM2.5 levels over the National Ambient Air Quality Standard (NAAQS),0.3326715157734952,False,0.17592374121065124,False
2002-07-04,Pennsylvania,Lancaster,85,Percent of days with PM2.5 levels over the National Ambient Air Quality Standard (NAAQS),0.1984722617954638,False,-1.0777043378850362,False
2002-07-05,Pennsylvania,Lancaster,85,Percent of days with PM2.5 levels over the National Ambient Air Quality Standard (NAAQS),0.2653336659800581,False,-0.42270837526933025,False
2002-07-06,Pennsylvania,Lancaster,85,Percent of days with PM2.5 levels over the National Ambient Air Quality Standard (NAAQS),0.4209032995558883,False,1.054282909011363,False
2002-07-07,Pennsylvania,Lancaster,85,Percent of days with PM2.5 levels over the National Ambient Air Quality Standard (NAAQS),0.3032438684938096,False,-0.05491808501297391,False
2002-07-08,Pennsylvania,Lancaster,85,Percent of days with PM2.5 levels over the National Ambient Air Quality Standard (NAAQS),0.3940537656199823,False,0.7891315359996703,False
2002-07-09,Pennsylvania,Lancaster,85,Percent of days with PM2.5 levels over the National Ambient Air Quality Standard (NAAQS),0.3904227452050249,False,0.7170783158182591,False
2002-07-10,Pennsylvania,Lancaster,85,Percent of days with PM2.5 levels over the National Ambient Air Quality Standard (NAAQS),0.2070519341435755,False,-0.9230219148883941,False
2002-07-11,Pennsylvania,Lancaster,85,Percent of days with PM2.5 levels over the National Ambient Air Quality Standard (NAAQS),0.4227695598149205,False,0.9923860601453351,False
2002-07-12,Pennsylvania,Lancaster,85,Percent of days with PM2.5 levels over the National Ambient Air Quality Standard (NAAQS),0.4019324655356586,False,0.749619184007129,False
2002-07-13,Pennsylvania,Lancaster,85,Percent of days with PM2.5 levels over the National Ambient Air Quality Standard (NAAQS),0.4690109183415835,False,1.2547078144269679,False
2002-07-14,Pennsylvania,Lancaster,85,Percent of days with PM2.5 levels over the National Ambient Air Quality Standard (NAAQS),0.3524734858546361,False,0.25548999880906903,False
2002-07-15,Pennsylvania,Lancaster,85,Percent of days with PM2.5 levels over the National Ambient Air Quality Standard (NAAQS),0.3596425411005683,False,0.2966813031463167,False
2002-07-16,Pennsylvania,Lancaster,85,Percent of days with PM2.5 levels over the National Ambient Air Quality Standard (NAAQS),0.3399207747787121,False,0.11742560760315215,False
2002-07-17,Pennsylvania,Lancaster,85,Percent of days with PM2.5 levels over the National Ambient Air Quality Standard (NAAQS),0.3388557903371379,False,0.057960891734032446,False
2002-07-18,Pennsylvania,Lancaster,85,Percent of days with PM2.5 levels over the National Ambient Air Quality Standard (NAAQS),0.3050063266254719,False,-0.22442927707178403,False
2002-07-19,Pennsylvania,Lancaster,85,Percent of days with PM2.5 levels over the National Ambient Air Quality Standard (NAAQS),0.4380281861734394,False,1.1707479311966085,False
2002-07-20,Pennsylvania,Lancaster,85,Percent of days with PM2.5 levels over the National Ambient Air Quality Standard (NAAQS),0.4528759893826958,False,1.231155990693483,False
2002-07-21,Pennsylvania,Lancaster,85,Percent of days with PM2.5 levels over the National Ambient Air Quality Standard (NAAQS),0.4121465219062296,False,0.7845790294533306,False
2002-07-22,Pennsylvania,Lancaster,85,Percent of days with PM2.5 levels over the National Ambient Air Quality Standard (NAAQS),0.4503195172982007,False,1.0878782424266153,False
2002-07-23,Pennsylvania,Lancaster,85,Percent of days with PM2.5 levels over the National Ambient Air Quality Standard (NAAQS),0.4644316751016991,False,1.1770575633727607,False
2002-07-24,Pennsylvania,Lancaster,85,Percent of days with PM2.5 levels over the National Ambient Air Quality Standard (NAAQS),0.315206554351849,False,-0.266505902881679,False
2002-07-25,Pennsylvania,Lancaster,85,Percent of days with PM2.5 levels over the National Ambient Air Quality Standard (NAAQS),0.5498768443875337,False,1.8351831264691265,False
2002-07-26,Pennsylvania,Lancaster,85,Percent of days with PM2.5 levels over the National Ambient Air Quality Standard (NAAQS),0.1249844915169031,False,-1.986593977060236,False
2002-07-27,Pennsylvania,Lancaster,85,Percent of days with PM2.5 levels over the National Ambient Air Quality Standard (NAAQS),0.1740669851340457,False,-1.5315371321885056,False
2002-07-28,Pennsylvania,Lancaster,85,Percent of days with PM2.5 levels over the National Ambient Air Quality Standard (NAAQS),0.3645420441212041,False,0.04986985493254589,False
2002-07-29,Pennsylvania,Lancaster,85,Percent of days with PM2.5 levels over the National Ambient Air Quality Standard (NAAQS),0.3991608094110572,False,0.43577689637303485,False
2002-07-30,Pennsylvania,Lancaster,85,Percent of days with PM2.5 levels over the National Ambient Air Quality Standard (NAAQS),0.6344211715405182,False,2.418909771093779,False
2002-07-31,Pennsylvania,Lancaster,85,Percent of days with PM2.5 levels over the National Ambient Air Quality Standard (NAAQS),0.227701328661133,False,-1.196889899638178,False
2002-08-01,Pennsylvania,Lancaster,85,Percent of days with PM2.5 levels over the National Ambient Air Quality Standard (NAAQS),0.3269661549082971,False,-0.3768415851019485,False
2002-08-02,Pennsylvania,Lancaster,85,Percent of days with PM2.5 levels over the National Ambient Air Quality Standard (NAAQS),0.4041796203578741,False,0.29047495372797366,False
2002-08-03,Pennsylvania,Lancaster,85,Percent of days with PM2.5 levels over the National Ambient Air Quality Standard (NAAQS),0.2057760998318173,False,-1.4324144715129303,False
2002-08-04,Pennsylvania,Lancaster,85,Percent of days with PM2.5 levels over the National Ambient Air Quality Standard (NAAQS),0.4501833313265571,False,0.7120179132649624,False
2002-08-05,Pennsylvania,Lancaster,85,Percent of days with PM2.5 levels over the National Ambient Air Quality Standard (NAAQS),0.3813426778277549,False,0.10045754934200458,False
2002-08-06,Pennsylvania,Lancaster,85,Percent of days with PM2.5 levels over the National Ambient Air Quality Standard (NAAQS),0.2852124946861972,False,-0.7194324850404551,False
2002-08-07,Pennsylvania,Lancaster,85,Percent of days with PM2.5 levels over the National Ambient Air Quality Standard (NAAQS),0.3372163091739239,False,-0.3111974775196186,False
2002-08-08,Pennsylvania,Lancaster,85,Percent of days with PM2.5 levels over the National Ambient Air Quality Standard (NAAQS),0.1674824525669723,False,-1.6959511216665548,False
2002-08-09,Pennsylvania,Lancaster,85,Percent of days with PM2.5 levels over the National Ambient Air Quality Standard (NAAQS),0.4874259291829116,False,1.0481508020470234,False
2002-08-10,Pennsylvania,Lancaster,85,Percent of days with PM2.5 levels over the National Ambient Air Quality Standard (NAAQS),0.3153328276013258,False,-0.3824018787754786,False
2002-08-11,Pennsylvania,Lancaster,85,Percent of days with PM2.5 levels over the National Ambient Air Quality Standard (NAAQS),0.0301152875041476,False,-2.4239991599096635,False
2002-08-12,Pennsylvania,Lancaster,85,Percent of days with PM2.5 levels over the National Ambient Air Quality Standard (NAAQS),0.4601298151496348,False,0.8176672894736414,False
2002-08-13,Pennsylvania,Lancaster,85,Percent of days with PM2.5 levels over the National Ambient Air Quality Standard (NAAQS),0.4979283949126821,False,1.0377784840105095,False
2002-08-14,Pennsylvania,Lancaster,85,Percent of days with PM2.5 levels over the National Ambient Air Quality Standard (NAAQS),0.3877002908585553,False,0.21208958561864494,False
2002-08-15,Pennsylvania,Lancaster,85,Percent of days with PM2.5 levels over the National Ambient Air Quality Standard (NAAQS),0.2713981823497122,False,-0.6331325133641892,False
2002-08-16,Pennsylvania,Lancaster,85,Percent of days with PM2.5 levels over the National Ambient Air Quality Standard (NAAQS),0.3080815638617142,False,-0.33155483392114155,False
2002-08-17,Pennsylvania,Lancaster,85,Percent of days with PM2.5 levels over the National Ambient Air Quality Standard (NAAQS),0.5065703236123971,False,1.1019943558246401,False
2002-08-18,Pennsylvania,Lancaster,85,Percent of days with PM2.5 levels over the National Ambient Air Quality Standard (NAAQS),0.4852539051712185,False,0.915999603113174,False
2002-08-19,Pennsylvania,Lancaster,85,Percent of days with PM2.5 levels over the National Ambient Air Quality Standard (NAAQS),0.4725929748216523,False,0.8158579010024531,False
2002-08-20,Pennsylvania,Lancaster,85,Percent of days with PM2.5 levels over the National Ambient Air Quality Standard (NAAQS),0.4633432196629788,False,0.75021149834383,False
2002-08-21,Pennsylvania,Lancaster,85,Percent of days with PM2.5 levels over the National Ambient Air Quality Standard (NAAQS),0.4221970114955791,False,0.428132826605165,False
2002-08-22,Pennsylvania,Lancaster,85,Percent of days with PM2.5 levels over the National Ambient Air Quality Standard (NAAQS),0.2857638375166784,False,-0.4929465609336426,False
2002-08-23,Pennsylvania,Lancaster,85,Percent of days with PM2.5 levels over the National Ambient Air Quality Standard (NAAQS),0.11066955904446,False,-1.7657867761595136,False
2002-08-24,Pennsylvania,Lancaster,85,Percent of days with PM2.5 levels over the National Ambient Air Quality Standard (NAAQS),0.2989574764678074,False,-0.4349558489349511,False
2002-08-25,Pennsylvania,Lancaster,85,Percent of days with PM2.5 levels over the National Ambient Air Quality Standard (NAAQS),0.2603361556002774,False,-0.6914459827636116,False
2002-08-26,Pennsylvania,Lancaster,85,Percent of days with PM2.5 levels over the National Ambient Air Quality Standard (NAAQS),0.5377896802168031,False,1.3009784734058065,False
2002-08-27,Pennsylvania,Lancaster,85,Percent of days with PM2.5 levels over the National Ambient Air Quality Standard (NAAQS),0.4086726450243113,False,0.460457712241895,False
2002-08-28,Pennsylvania,Lancaster,85,Percent of days with PM2.5 levels over the National Ambient Air Quality Standard (NAAQS),0.4433125290099162,False,0.6774720983619432,False
2002-08-29,Pennsylvania,Lancaster,85,Percent of days with PM2.5 levels over the National Ambient Air Quality Standard (NAAQS),0.2104915152534945,False,-1.1037183437987097,False
2002-08-30,Pennsylvania,Lancaster,85,Percent of days with PM2.5 levels over the National Ambient Air Quality Standard (NAAQS),0.2708377423148201,False,-0.5985230067094492,False
2002-08-31,Pennsylvania,Lancaster,85,Percent of days with PM2.5 levels over the National Ambient Air Quality Standard (NAAQS),0.4157025824914752,False,0.4671738021074061,False
2002-09-01,Pennsylvania,Lancaster,85,Percent of days with PM2.5 levels over the National Ambient Air Quality Standard (NAAQS),0.295351546177429,False,-0.4364783537270859,False
2002-09-02,Pennsylvania,Lancaster,85,Percent of days with PM2.5 levels over the National Ambient Air Quality Standard (NAAQS),0.547352531149942,False,1.4468301076923675,False
2002-09-03,Pennsylvania,Lancaster,85,Percent of days with PM2.5 levels over the National Ambient Air Quality Standard (NAAQS),0.4059148579492703,False,0.3428358420915518,False
2002-09-04,Pennsylvania,Lancaster,85,Percent of days with PM2.5 levels over the National Ambient Air Quality Standard (NAAQS),0.0560869521362093,False,-2.0539609552283005,False
2002-09-05,Pennsylvania,Lancaster,85,Percent of days with PM2.5 levels over the National Ambient Air Quality Standard (NAAQS),0.3017111338545757,False,-0.3868503699910433,False
2002-09-06,Pennsylvania,Lancaster,85,Percent of days with PM2.5 levels over the National Ambient Air Quality Standard (NAAQS),0.5307946871774776,False,1.2308483305973863,False
2002-09-07,Pennsylvania,Lancaster,85,Percent of days with PM2.5 levels over the National Ambient Air Quality Standard (NAAQS),0.3189770372885157,False,-0.27163684688463824,False
2002-09-08,Pennsylvania,Lancaster,85,Percent of days with PM2.5 levels over the National Ambient Air Quality Standard (NAAQS),0.4193138136443876,False,0.3820555171597038,False
2002-09-09,Pennsylvania,Lancaster,85,Percent of days with PM2.5 levels over the National Ambient Air Quality Standard (NAAQS),0.3215610981603656,False,-0.35723351421548816,False
2002-09-10,Pennsylvania,Lancaster,85,Percent of days with PM2.5 levels over the National Ambient Air Quality Standard (NAAQS),0.1452792951227628,False,-1.6151612494576082,False
2002-09-11,Pennsylvania,Lancaster,85,Percent of days with PM2.5 levels over the National Ambient Air Quality Standard (NAAQS),0.3004147253741738,False,-0.3878399578674144,False
2002-09-12,Pennsylvania,Lancaster,85,Percent of days with PM2.5 levels over the National Ambient Air Quality Standard (NAAQS),0.3336784226446758,False,-0.14861999271673235,False
2002-09-13,Pennsylvania,Lancaster,85,Percent of days with PM2.5 levels over the National Ambient Air Quality Standard (NAAQS),0.4377033734476123,False,0.6227040951735928,False
2002-09-14,Pennsylvania,Lancaster,85,Percent of days with PM2.5 levels over the National Ambient Air Quality Standard (NAAQS),0.2768553734870196,False,-0.5720118362771303,False
2002-09-15,Pennsylvania,Lancaster,85,Percent of days with PM2.5 levels over the National Ambient Air Quality Standard (NAAQS),0.3931925158943404,False,0.3816945705516594,False
2002-09-16,Pennsylvania,Lancaster,85,Percent of days with PM2.5 levels over the National Ambient Air Quality Standard (NAAQS),0.3834453975022893,False,0.3348177771793145,False
2002-09-17,Pennsylvania,Lancaster,85,Percent of days with PM2.5 levels over the National Ambient Air Quality Standard (NAAQS),0.3676499306066036,False,0.23736696690944278,False
2002-09-18,Pennsylvania,Lancaster,85,Percent of days with PM2.5 levels over the National Ambient Air Quality Standard (NAAQS),0.3689374989582411,False,0.2661733847330176,False
2002-09-19,Pennsylvania,Lancaster,85,Percent of days with PM2.5 levels over the National Ambient Air Quality Standard (NAAQS),0.186487656497097,False,-1.2118540226155166,False
2002-09-20,Pennsylvania,Lancaster,85,Percent of days with PM2.5 levels over the National Ambient Air Quality Standard (NAAQS),0.1724339925944303,False,-1.387742800361836,False
2002-09-21,Pennsylvania,Lancaster,85,Percent of days with PM2.5 levels over the National Ambient Air Quality Standard (NAAQS),0.2777785774927714,False,-0.48649774442017496,False
2002-09-22,Pennsylvania,Lancaster,85,Percent of days with PM2.5 levels over the National Ambient Air Quality Standard (NAAQS),0.1252268846497813,False,-1.6551314992474078,False
2002-09-23,Pennsylvania,Lancaster,85,Percent of days with PM2.5 levels over the National Ambient Air Quality Standard (NAAQS),0.3523660793041794,False,0.24321332048680844,False
2002-09-24,Pennsylvania,Lancaster,85,Percent of days with PM2.5 levels over the National Ambient Air Quality Standard (NAAQS),0.1664166932033383,False,-1.2427934514366787,False
2002-09-25,Pennsylvania,Lancaster,85,Percent of days with PM2.5 levels over the National Ambient Air Quality Standard (NAAQS),0.4286117227577988,False,0.9562982062341016,False
2002-09-26,Pennsylvania,Lancaster,85,Percent of days with PM2.5 levels over the National Ambient Air Quality Standard (NAAQS),0.2774594912656191,False,-0.3365542425076078,False
2002-09-27,Pennsylvania,Lancaster,85,Percent of days with PM2.5 levels over the National Ambient Air Quality Standard (NAAQS),0.2991033790987895,False,-0.16156476295218544,False
2002-09-28,Pennsylvania,Lancaster,85,Percent of days with PM2.5 levels over the National Ambient Air Quality Standard (NAAQS),0.4161274442260504,False,0.8353540872966958,False
2002-09-29,Pennsylvania,Lancaster,85,Percent of days with PM2.5 levels over the National Ambient Air Quality Standard (NAAQS),0.358428471921039,False,0.32415099738095204,False
2002-09-30,Pennsylvania,Lancaster,85,Percent of days with PM2.5 levels over the National Ambient Air Quality Standard (NAAQS),0.3201249386151806,False,0.07268857150341317,False
2002-10-01,Pennsylvania,Lancaster,85,Percent of days with PM2.5 levels over the National Ambient Air Quality Standard (NAAQS),0.2242331369142639,False,-0.7517241431069784,False
2002-10-02,Pennsylvania,Lancaster,85,Percent of days with PM2.5 levels over the National Ambient Air Quality Standard (NAAQS),0.433800751567737,False,1.1537181894376614,False
2002-10-03,Pennsylvania,Lancaster,85,Percent of days with PM2.5 levels over the National Ambient Air Quality Standard (NAAQS),0.4349529761399937,False,1.0921607320348359,False
2002-10-04,Pennsylvania,Lancaster,85,Percent of days with PM2.5 levels over the National Ambient Air Quality Standard (NAAQS),0.253640862768424,False,-0.6434540967520652,False
2002-10-05,Pennsylvania,Lancaster,85,Percent of days with PM2.5 levels over the National Ambient Air Quality Standard (NAAQS),0.2481028111331604,False,-0.6696590170262037,False
2002-10-06,Pennsylvania,Lancaster,85,Percent of days with PM2.5 levels over the National Ambient Air Quality Standard (NAAQS),0.4192044418557484,False,1.1364187768027816,False
2002-10-07,Pennsylvania,Lancaster,85,Percent of days with PM2.5 levels over the National Ambient Air Quality Standard (NAAQS),0.20426620955159,False,-1.0644388560974676,False
2002-10-08,Pennsylvania,Lancaster,85,Percent of days with PM2.5 levels over the National Ambient Air Quality Standard (NAAQS),0.534070692925214,False,2.116668011744915,False
2002-10-09,Pennsylvania,Lancaster,85,Percent of days with PM2.5 levels over the National Ambient Air Quality Standard (NAAQS),0.3604750761749,False,0.3682156769547469,False
2002-10-10,Pennsylvania,Lancaster,85,Percent of days with PM2.5 levels over the National Ambient Air Quality Standard (NAAQS),0.3661211350114816,False,0.4115025511984139,False
2002-10-11,Pennsylvania,Lancaster,85,Percent of days with PM2.5 levels over the National Ambient Air Quality Standard (NAAQS),0.4733892064862805,False,1.436498769215237,False
2002-10-12,Pennsylvania,Lancaster,85,Percent of days with PM2.5 levels over the National Ambient Air Quality Standard (NAAQS),0.419757142255607,False,0.8562308537162908,False
2002-10-13,Pennsylvania,Lancaster,85,Percent of days with PM2.5 levels over the National Ambient Air Quality Standard (NAAQS),0.1560288136206995,False,-1.5399410866429215,False
2002-10-14,Pennsylvania,Lancaster,85,Percent of days with PM2.5 levels over the National Ambient Air Quality Standard (NAAQS),0.3326228348059684,False,0.11157100394254545,False
2002-10-15,Pennsylvania,Lancaster,85,Percent of days with PM2.5 levels over the National Ambient Air Quality Standard (NAAQS),0.3976937567339691,False,0.7031134070533173,False
2002-10-16,Pennsylvania,Lancaster,85,Percent of days with PM2.5 levels over the National Ambient Air Quality Standard (NAAQS),0.4394789511888281,False,1.0475870543414532,False
2002-10-17,Pennsylvania,Lancaster,85,Percent of days with PM2.5 levels over the National Ambient Air Quality Standard (NAAQS),0.3064522738571777,False,-0.20668026573207662,False
2002-10-18,Pennsylvania,Lancaster,85,Percent of days with PM2.5 levels over the National Ambient Air Quality Standard (NAAQS),0.4549891113897936,False,1.1108027070894904,False
2002-10-19,Pennsylvania,Lancaster,85,Percent of days with PM2.5 levels over the National Ambient Air Quality Standard (NAAQS),0.3766154597044902,False,0.3305512543120542,False
2002-10-20,Pennsylvania,Lancaster,85,Percent of days with PM2.5 levels over the National Ambient Air Quality Standard (NAAQS),0.3761935260249437,False,0.2631000958035654,False
2002-10-21,Pennsylvania,Lancaster,85,Percent of days with PM2.5 levels over the National Ambient Air Quality Standard (NAAQS),0.5138247549679483,False,1.5661107157438765,False
2002-10-22,Pennsylvania,Lancaster,85,Percent of days with PM2.5 levels over the National Ambient Air Quality Standard (NAAQS),0.5255047447484491,False,1.5916079122989542,False
2002-10-23,Pennsylvania,Lancaster,85,Percent of days with PM2.5 levels over the National Ambient Air Quality Standard (NAAQS),0.1991838408420069,False,-1.5868127237617915,False
2002-10-24,Pennsylvania,Lancaster,85,Percent of days with PM2.5 levels over the National Ambient Air Quality Standard (NAAQS),0.2821778486426554,False,-0.7781415726979066,False
2002-10-25,Pennsylvania,Lancaster,85,Percent of days with PM2.5 levels over the National Ambient Air Quality Standard (NAAQS),0.2887281436634999,False,-0.7086271449526022,False
2002-10-26,Pennsylvania,Lancaster,85,Percent of days with PM2.5 levels over the National Ambient Air Quality Standard (NAAQS),0.3969433541170352,False,0.3559406490967991,False
2002-10-27,Pennsylvania,Lancaster,85,Percent of days with PM2.5 levels over the National Ambient Air Quality Standard (NAAQS),0.422144215643342,False,0.5767965595395613,False
2002-10-28,Pennsylvania,Lancaster,85,Percent of days with PM2.5 levels over the National Ambient Air Quality Standard (NAAQS),0.2921359397616058,False,-0.6751387570675802,False
2002-10-29,Pennsylvania,Lancaster,85,Percent of days with PM2.5 levels over the National Ambient Air Quality Standard (NAAQS),0.4299052593854738,False,0.6041660823554711,False
2002-10-30,Pennsylvania,Lancaster,85,Percent of days with PM2.5 levels over the National Ambient Air Quality Standard (NAAQS),0.2850958066659397,False,-0.7818077496214735,False
2002-10-31,Pennsylvania,Lancaster,85,Percent of days with PM2.5 levels over the National Ambient Air Quality Standard (NAAQS),0.3127047218413647,False,-0.46718336319636417,False
2002-11-01,Pennsylvania,Lancaster,85,Percent of days with PM2.5 levels over the National Ambient Air Quality Standard (NAAQS),0.4358857314581946,False,0.704922691585379,False
2002-11-02,Pennsylvania,Lancaster,85,Percent of days with PM2.5 levels over the National Ambient Air Quality Standard (NAAQS),0.0737215482833731,False,-2.567146528635106,False
2002-11-03,Pennsylvania,Lancaster,85,Percent of days with PM2.5 levels over the National Ambient Air Quality Standard (NAAQS),0.2928552107070549,False,-0.5601439212486743,False
2002-11-04,Pennsylvania,Lancaster,85,Percent of days with PM2.5 levels over the National Ambient Air Quality Standard (NAAQS),0.2455267727909885,False,-1.014248868732926,False
2002-11-05,Pennsylvania,Lancaster,85,Percent of days with PM2.5 levels over the National Ambient Air Quality Standard (NAAQS),0.5665015272103673,False,1.865445262509088,False
2002-11-06,Pennsylvania,Lancaster,85,Percent of days with PM2.5 levels over the National Ambient Air Quality Standard (NAAQS),0.2312148288405621,False,-1.0681597850633302,False
2002-11-07,Pennsylvania,Lancaster,85,Percent of days with PM2.5 levels over the National Ambient Air Quality Standard (NAAQS),0.3663190399776573,False,0.11350037127696694,False
2002-11-08,Pennsylvania,Lancaster,85,Percent of days with PM2.5 levels over the National Ambient Air Quality Standard (NAAQS),0.1255981336200596,False,-1.800725821144475,False
2002-11-09,Pennsylvania,Lancaster,85,Percent of days with PM2.5 levels over the National Ambient Air Quality Standard (NAAQS),0.3390089426475191,False,0.008191199539243136,False
2002-11-10,Pennsylvania,Lancaster,85,Percent of days with PM2.5 levels over the National Ambient Air Quality Standard (NAAQS),0.2902098259058119,False,-0.46340688543322267,False
2002-11-11,Pennsylvania,Lancaster,85,Percent of days with PM2.5 levels over the National Ambient Air Quality Standard (NAAQS),0.2377257600622787,False,-0.8824094076221443,False
2002-11-12,Pennsylvania,Lancaster,85,Percent of days with PM2.5 levels over the National Ambient Air Quality Standard (NAAQS),0.1864483897850527,False,-1.2306097930597881,False
2002-11-13,Pennsylvania,Lancaster,85,Percent of days with PM2.5 levels over the National Ambient Air Quality Standard (NAAQS),0.3561295810893978,False,0.23372787768277514,False
2002-11-14,Pennsylvania,Lancaster,85,Percent of days with PM2.5 levels over the National Ambient Air Quality Standard (NAAQS),0.237082612000626,False,-0.7595642585255071,False
2002-11-15,Pennsylvania,Lancaster,85,Percent of days with PM2.5 levels over the National Ambient Air Quality Standard (NAAQS),0.4086005008240952,False,0.7220196083443359,False
2002-11-16,Pennsylvania,Lancaster,85,Percent of days with PM2.5 levels over the National Ambient Air Quality Standard (NAAQS),0.3508983970380754,False,0.23351354915929545,False
2002-11-17,Pennsylvania,Lancaster,85,Percent of days with PM2.5 levels over the National Ambient Air Quality Standard (NAAQS),0.4581138063777568,False,1.1115483194367224,False
2002-11-18,Pennsylvania,Lancaster,85,Percent of days with PM2.5 levels over the National Ambient Air Quality Standard (NAAQS),0.2673863058111715,False,-0.44882447747705656,False
2002-11-19,Pennsylvania,Lancaster,85,Percent of days with PM2.5 levels over the National Ambient Air Quality Standard (NAAQS),0.3839948943736521,False,0.6698654394066592,False
2002-11-20,Pennsylvania,Lancaster,85,Percent of days with PM2.5 levels over the National Ambient Air Quality Standard (NAAQS),0.2420339497486655,False,-0.6919819130288654,False
2002-11-21,Pennsylvania,Lancaster,85,Percent of days with PM2.5 levels over the National Ambient Air Quality Standard (NAAQS),0.2463292896133204,False,-0.6349132919279169,False
2002-11-22,Pennsylvania,Lancaster,85,Percent of days with PM2.5 levels over the National Ambient Air Quality Standard (NAAQS),0.3182253411237422,False,0.037878150414039455,False
2002-11-23,Pennsylvania,Lancaster,85,Percent of days with PM2.5 levels over the National Ambient Air Quality Standard (NAAQS),0.1023081732831812,False,-1.811519038419155,False
2002-11-24,Pennsylvania,Lancaster,85,Percent of days with PM2.5 levels over the National Ambient Air Quality Standard (NAAQS),0.2059784633340621,False,-0.8172037666375112,False
2002-11-25,Pennsylvania,Lancaster,85,Percent of days with PM2.5 levels over the National Ambient Air Quality Standard (NAAQS),0.4327883760647333,False,1.1646462992296551,False
2002-11-26,Pennsylvania,Lancaster,85,Percent of days with PM2.5 levels over the National Ambient Air Quality Standard (NAAQS),0.2984353365819817,False,0.01912850986615034,False
2002-11-27,Pennsylvania,Lancaster,85,Percent of days with PM2.5 levels over the National Ambient Air Quality Standard (NAAQS),0.2178349142159949,False,-0.6838431330381975,False
2002-11-28,Pennsylvania,Lancaster,85,Percent of days with PM2.5 levels over the National Ambient Air Quality Standard (NAAQS),0.3470069694333423,False,0.46439376511412417,False
2002-11-29,Pennsylvania,Lancaster,85,Percent of days with PM2.5 levels over the National Ambient Air Quality Standard (NAAQS),0.3156676633944109,False,0.22907066049835767,False
2002-11-30,Pennsylvania,Lancaster,85,Percent of days with PM2.5 levels over the National Ambient Air Quality Standard (NAAQS),0.2770735399083405,False,-0.21108712681095107,False
2002-12-01,Pennsylvania,Lancaster,85,Percent of days with PM2.5 levels over the National Ambient Air Quality Standard (NAAQS),0.5376755857769944,False,2.1084304718287785,False
2002-12-02,Pennsylvania,Lancaster,85,Percent of days with PM2.5 levels over the National Ambient Air Quality Standard (NAAQS),0.2305517374218627,False,-0.689997703653412,False
2002-12-03,Pennsylvania,Lancaster,85,Percent of days with PM2.5 levels over the National Ambient Air Quality Standard (NAAQS),0.2517535190194909,False,-0.4438212273693461,False
2002-12-04,Pennsylvania,Lancaster,85,Percent of days with PM2.5 levels over the National Ambient Air Quality Standard (NAAQS),0.2781824566575759,False,-0.1917555734450977,False
2002-12-05,Pennsylvania,Lancaster,85,Percent of days with PM2.5 levels over the National Ambient Air Quality Standard (NAAQS),0.3523020997192346,False,0.5803653329255504,False
2002-12-06,Pennsylvania,Lancaster,85,Percent of days with PM2.5 levels over the National Ambient Air Quality Standard (NAAQS),0.3729198017299215,False,0.7408332540160556,False
2002-12-07,Pennsylvania,Lancaster,85,Percent of days with PM2.5 levels over the National Ambient Air Quality Standard (NAAQS),0.1943700659788364,False,-1.1274783174494118,False
2002-12-08,Pennsylvania,Lancaster,85,Percent of days with PM2.5 levels over the National Ambient Air Quality Standard (NAAQS),0.1335055558930443,False,-1.628314948831564,False
2002-12-09,Pennsylvania,Lancaster,85,Percent of days with PM2.5 levels over the National Ambient Air Quality Standard (NAAQS),0.4086554949901819,False,1.0777640918948364,False
2002-12-10,Pennsylvania,Lancaster,85,Percent of days with PM2.5 levels over the National Ambient Air Quality Standard (NAAQS),0.3244266217216994,False,0.1945734103037115,False
2002-12-11,Pennsylvania,Lancaster,85,Percent of days with PM2.5 levels over the National Ambient Air Quality Standard (NAAQS),0.448592527037805,False,1.3820789624691816,False
2002-12-12,Pennsylvania,Lancaster,85,Percent of days with PM2.5 levels over the National Ambient Air Quality Standard (NAAQS),0.1689730475820312,False,-1.3222237080657786,False
2002-12-13,Pennsylvania,Lancaster,85,Percent of days with PM2.5 levels over the National Ambient Air Quality Standard (NAAQS),0.4263920681102474,False,1.1435996494214207,False
2002-12-14,Pennsylvania,Lancaster,85,Percent of days with PM2.5 levels over the National Ambient Air Quality Standard (NAAQS),0.421755829578,False,1.0553823813729413,False
2002-12-15,Pennsylvania,Lancaster,85,Percent of days with PM2.5 levels over the National Ambient Air Quality Standard (NAAQS),0.2401280609846713,False,-0.5964014737406699,False
2002-12-16,Pennsylvania,Lancaster,85,Percent of days with PM2.5 levels over the National Ambient Air Quality Standard (NAAQS),0.3340478319235789,False,0.2916216192807338,False
2002-12-17,Pennsylvania,Lancaster,85,Percent of days with PM2.5 levels over the National Ambient Air Quality Standard (NAAQS),0.2490527178259604,False,-0.4898759064328853,False
2002-12-18,Pennsylvania,Lancaster,85,Percent of days with PM2.5 levels over the National Ambient Air Quality Standard (NAAQS),0.5103794902701885,False,1.8478038108405674,False
2002-12-19,Pennsylvania,Lancaster,85,Percent of days with PM2.5 levels over the National Ambient Air Quality Standard (NAAQS),0.3315091583691653,False,0.1816325595833797,False
2002-12-20,Pennsylvania,Lancaster,85,Percent of days with PM2.5 levels over the National Ambient Air Quality Standard (NAAQS),0.3500646534659833,False,0.3414370203288992,False
2002-12-21,Pennsylvania,Lancaster,85,Percent of days with PM2.5 levels over the National Ambient Air Quality Standard (NAAQS),0.286232359406438,False,-0.3301279905630757,False
2002-12-22,Pennsylvania,Lancaster,85,Percent of days with PM2.5 levels over the National Ambient Air Quality Standard (NAAQS),0.4465142986470906,False,1.1722449634212824,False
2002-12-23,Pennsylvania,Lancaster,85,Percent of days with PM2.5 levels over the National Ambient Air Quality Standard (NAAQS),0.1801751542256954,False,-1.3539927008405004,False
2002-12-24,Pennsylvania,Lancaster,85,Percent of days with PM2.5 levels over the National Ambient Air Quality Standard (NAAQS),0.1723143562960511,False,-1.3391432306887325,False
2002-12-25,Pennsylvania,Lancaster,85,Percent of days with PM2.5 levels over the National Ambient Air Quality Standard (NAAQS),0.560515314154519,False,2.0478661776556786,False
2002-12-26,Pennsylvania,Lancaster,85,Percent of days with PM2.5 levels over the National Ambient Air Quality Standard (NAAQS),0.4976979167297419,False,1.3957829515268245,False
2002-12-27,Pennsylvania,Lancaster,85,Percent of days with PM2.5 levels over the National Ambient Air Quality Standard (NAAQS),0.5190086068838262,False,1.4521826336792794,False
2002-12-28,Pennsylvania,Lancaster,85,Percent of days with PM2.5 levels over the National Ambient Air Quality Standard (NAAQS),0.4654565286414888,False,0.9523660857992472,False
2002-12-29,Pennsylvania,Lancaster,85,Percent of days with PM2.5 levels over the National Ambient Air Quality Standard (NAAQS),0.1775731765428326,False,-1.2629721204045434,False
2002-12-30,Pennsylvania,Lancaster,85,Percent of days with PM2.5 levels over the National Ambient Air Quality Standard (NAAQS),0.3470943355618116,False,0.07896905376629856,False
2002-12-31,Pennsylvania,Lancaster,85,Percent of days with PM2.5 levels over the National Ambient Air Quality Standard (NAAQS),0.3604409799135178,False,0.1581953889684106,False
2003-01-01,Pennsylvania,Lancaster,85,Percent of days with PM2.5 levels over the National Ambient Air Quality Standard (NAAQS),0.7730927386814329,False,2.859342812215448,False
2003-01-02,Pennsylvania,Lancaster,85,Percent of days with PM2.5 levels over the National Ambient Air Quality Standard (NAAQS),0.6946150463168619,False,2.0457293868502564,False
2003-01-03,Pennsylvania,Lancaster,85,Percent of days with PM2.5 levels over the National Ambient Air Quality Standard (NAAQS),1.2422479493448169,False,3.680531989797074,True
2003-01-04,Pennsylvania,Lancaster,85,Percent of days with PM2.5 levels over the National Ambient Air Quality Standard (NAAQS),1.345734177224534,False,3.1569561267838226,True
2003-01-05,Pennsylvania,Lancaster,85,Percent of days with PM2.5 levels over the National Ambient Air Quality Standard (NAAQS),0.7542977052646455,False,1.013102713254615,False
2003-01-06,Pennsylvania,Lancaster,85,Percent of days with PM2.5 levels over the National Ambient Air Quality Standard (NAAQS),1.0061558781480122,False,1.7171092945891318,False
2003-01-07,Pennsylvania,Lancaster,85,Percent of days with PM2.5 levels over the National Ambient Air Quality Standard (NAAQS),0.9012487376164526,False,1.2682311540590145,False
2003-01-08,Pennsylvania,Lancaster,85,Percent of days with PM2.5 levels over the National Ambient Air Quality Standard (NAAQS),0.7011548526374806,False,0.59102004199986,False
2003-01-09,Pennsylvania,Lancaster,85,Percent of days with PM2.5 levels over the National Ambient Air Quality Standard (NAAQS),1.28578341542329,False,2.166424987517571,False
2003-01-10,Pennsylvania,Lancaster,85,Percent of days with PM2.5 levels over the National Ambient Air Quality Standard (NAAQS),0.9114146442700264,False,0.986831419614941,False
2003-01-11,Pennsylvania,Lancaster,85,Percent of days with PM2.5 levels over the National Ambient Air Quality Standard (NAAQS),0.9863776617348512,False,1.123127088035917,False
2003-01-12,Pennsylvania,Lancaster,85,Percent of days with PM2.5 levels over the National Ambient Air Quality Standard (NAAQS),1.0782629793234355,False,1.2841138757943016,False
2003-01-13,Pennsylvania,Lancaster,85,Percent of days with PM2.5 levels over the National Ambient Air Quality Standard (NAAQS),1.2926350809284102,False,1.7114954321952878,False
2003-01-14,Pennsylvania,Lancaster,85,Percent of days with PM2.5 levels over the National Ambient Air Quality Standard (NAAQS),0.8313010262980249,False,0.419593712981303,False
2003-01-15,Pennsylvania,Lancaster,85,Percent of days with PM2.5 levels over the National Ambient Air Quality Standard (NAAQS),1.0514242679521142,False,0.9590942056106391,False
2003-01-16,Pennsylvania,Lancaster,85,Percent of days with PM2.5 levels over the National Ambient Air Quality Standard (NAAQS),1.0061768836664575,False,0.7767493510180115,False
2003-01-17,Pennsylvania,Lancaster,85,Percent of days with PM2.5 levels over the National Ambient Air Quality Standard (NAAQS),0.7756829014384664,False,0.10654535671092004,False
2003-01-18,Pennsylvania,Lancaster,85,Percent of days with PM2.5 levels over the National Ambient Air Quality Standard (NAAQS),1.1546119555917462,False,1.0868602683062731,False
2003-01-19,Pennsylvania,Lancaster,85,Percent of days with PM2.5 levels over the National Ambient Air Quality Standard (NAAQS),1.1112485260388247,False,0.8982201402511845,False
2003-01-20,Pennsylvania,Lancaster,85,Percent of days with PM2.5 levels over the National Ambient Air Quality Standard (NAAQS),1.0038588316176855,False,0.5419295800656971,False
2003-01-21,Pennsylvania,Lancaster,85,Percent of days with PM2.5 levels over the National Ambient Air Quality Standard (NAAQS),1.1431032713654457,False,0.906962856941759,False
2003-01-22,Pennsylvania,Lancaster,85,Percent of days with PM2.5 levels over the National Ambient Air Quality Standard (NAAQS),0.9655361909437884,False,0.30418561119981957,False
2003-01-23,Pennsylvania,Lancaster,85,Percent of days with PM2.5 levels over the National Ambient Air Quality Standard (NAAQS),1.0962934390591568,False,0.6685490775214559,False
2003-01-24,Pennsylvania,Lancaster,85,Percent of days with PM2.5 levels over the National Ambient Air Quality Standard (NAAQS),0.6048563643569929,False,-0.9623178847220729,False
2003-01-25,Pennsylvania,Lancaster,85,Percent of days with PM2.5 levels over the National Ambient Air Quality Standard (NAAQS),0.7926275672031136,False,-0.3933503159842435,False
2003-01-26,Pennsylvania,Lancaster,85,Percent of days with PM2.5 levels over the National Ambient Air Quality Standard (NAAQS),0.4680525279488463,False,-1.6766676469657509,False
2003-01-27,Pennsylvania,Lancaster,85,Percent of days with PM2.5 levels over the National Ambient Air Quality Standard (NAAQS),0.5687821197997005,False,-1.4069353382828735,False
2003-01-28,Pennsylvania,Lancaster,85,Percent of days with PM2.5 levels over the National Ambient Air Quality Standard (NAAQS),0.8915509243516277,False,-0.2308582383127557,False
2003-01-29,Pennsylvania,Lancaster,85,Percent of days with PM2.5 levels over the National Ambient Air Quality Standard (NAAQS),0.9394101416339434,False,-0.04762957317402195,False
2003-01-30,Pennsylvania,Lancaster,85,Percent of days with PM2.5 levels over the National Ambient Air Quality Standard (NAAQS),1.32414894286287,False,1.5244789988137069,False
2003-01-31,Pennsylvania,Lancaster,85,Percent of days with PM2.5 levels over the National Ambient Air Quality Standard (NAAQS),1.266536868676046,False,1.2648477505780593,False
2003-02-01,Pennsylvania,Lancaster,85,Percent of days with PM2.5 levels over the National Ambient Air Quality Standard (NAAQS),0.1967996972194613,False,-2.797896062068521,False
2003-02-02,Pennsylvania,Lancaster,85,Percent of days with PM2.5 levels over the National Ambient Air Quality Standard (NAAQS),0.8467319736005543,False,-0.3409172091075984,False
2003-02-03,Pennsylvania,Lancaster,85,Percent of days with PM2.5 levels over the National Ambient Air Quality Standard (NAAQS),1.0394608632453466,False,0.39179412310390593,False
2003-02-04,Pennsylvania,Lancaster,85,Percent of days with PM2.5 levels over the National Ambient Air Quality Standard (NAAQS),0.8161161742340667,False,-0.4487578422130112,False
2003-02-05,Pennsylvania,Lancaster,85,Percent of days with PM2.5 levels over the National Ambient Air Quality Standard (NAAQS),0.8506905996130961,False,-0.3418441206696726,False
2003-02-06,Pennsylvania,Lancaster,85,Percent of days with PM2.5 levels over the National Ambient Air Quality Standard (NAAQS),0.3886689687894142,False,-1.9211645878986228,False
2003-02-07,Pennsylvania,Lancaster,85,Percent of days with PM2.5 levels over the National Ambient Air Quality Standard (NAAQS),0.7531397402914302,False,-0.5467602958275785,False
2003-02-08,Pennsylvania,Lancaster,85,Percent of days with PM2.5 levels over the National Ambient Air Quality Standard (NAAQS),1.2864009273269412,False,1.3327067854033205,False
2003-02-09,Pennsylvania,Lancaster,85,Percent of days with PM2.5 levels over the National Ambient Air Quality Standard (NAAQS),1.096116472671374,False,0.6516259889876992,False
2003-02-10,Pennsylvania,Lancaster,85,Percent of days with PM2.5 levels over the National Ambient Air Quality Standard (NAAQS),0.0,False,-2.7092933229328935,False
2003-02-11,Pennsylvania,Lancaster,85,Percent of days with PM2.5 levels over the National Ambient Air Quality Standard (NAAQS),0.7659307688021437,False,-0.30738962861919866,False
2003-02-12,Pennsylvania,Lancaster,85,Percent of days with PM2.5 levels over the National Ambient Air Quality Standard (NAAQS),0.8440806564033583,False,-0.040652950862517835,False
2003-02-13,Pennsylvania,Lancaster,85,Percent of days with PM2.5 levels over the National Ambient Air Quality Standard (NAAQS),0.8571445645078498,False,0.01717772061957169,False
2003-02-14,Pennsylvania,Lancaster,85,Percent of days with PM2.5 levels over the National Ambient Air Quality Standard (NAAQS),1.3581863120307174,False,1.4689209982640545,False
2003-02-15,Pennsylvania,Lancaster,85,Percent of days with PM2.5 levels over the National Ambient Air Quality Standard (NAAQS),0.4236690053915627,False,-1.2568237848581465,False
2003-02-16,Pennsylvania,Lancaster,85,Percent of days with PM2.5 levels over the National Ambient Air Quality Standard (NAAQS),0.9271560210655176,False,0.26245122606614285,False
2003-02-17,Pennsylvania,Lancaster,85,Percent of days with PM2.5 levels over the National Ambient Air Quality Standard (NAAQS),0.6184257306834108,False,-0.6222263857525598,False
2003-02-18,Pennsylvania,Lancaster,85,Percent of days with PM2.5 levels over the National Ambient Air Quality Standard (NAAQS),0.9226768098629144,False,0.3180913684137782,False
2003-02-19,Pennsylvania,Lancaster,85,Percent of days with PM2.5 levels over the National Ambient Air Quality Standard (NAAQS),1.2621975124281395,False,1.282040127107255,False
2003-02-20,Pennsylvania,Lancaster,85,Percent of days with PM2.5 levels over the National Ambient Air Quality Standard (NAAQS),0.7345741137802513,False,-0.24311590452215642,False
2003-02-21,Pennsylvania,Lancaster,85,Percent of days with PM2.5 levels over the National Ambient Air Quality Standard (NAAQS),1.1379702181008575,False,0.8991387878601795,False
2003-02-22,Pennsylvania,Lancaster,85,Percent of days with PM2.5 levels over the National Ambient Air Quality Standard (NAAQS),0.7819970386822739,False,-0.1558045591051576,False
2003-02-23,Pennsylvania,Lancaster,85,Percent of days with PM2.5 levels over the National Ambient Air Quality Standard (NAAQS),1.223899327253476,False,1.0754761754070243,False
2003-02-24,Pennsylvania,Lancaster,85,Percent of days with PM2.5 levels over the National Ambient Air Quality Standard (NAAQS),0.8339845374783249,False,-0.11141931403396906,False
2003-02-25,Pennsylvania,Lancaster,85,Percent of days with PM2.5 levels over the National Ambient Air Quality Standard (NAAQS),0.5941815215763276,False,-0.7918476075178266,False
2003-02-26,Pennsylvania,Lancaster,85,Percent of days with PM2.5 levels over the National Ambient Air Quality Standard (NAAQS),1.259061858009506,False,1.1249189243027915,False
2003-02-27,Pennsylvania,Lancaster,85,Percent of days with PM2.5 levels over the National Ambient Air Quality Standard (NAAQS),0.3376003850617051,False,-1.4389930218133757,False
2003-02-28,Pennsylvania,Lancaster,85,Percent of days with PM2.5 levels over the National Ambient Air Quality Standard (NAAQS),1.1399813830702188,False,0.9012037967771119,False
2003-03-01,Pennsylvania,Lancaster,85,Percent of days with PM2.5 levels over the National Ambient Air Quality Standard (NAAQS),1.6305774330803735,False,2.133346729021341,False
2003-03-02,Pennsylvania,Lancaster,85,Percent of days with PM2.5 levels over the National Ambient Air Quality Standard (NAAQS),1.0836150019753636,False,0.5448286867517227,False
2003-03-03,Pennsylvania,Lancaster,85,Percent of days with PM2.5 levels over the National Ambient Air Quality Standard (NAAQS),0.7559334974717905,False,-0.35699996512615517,False
2003-03-04,Pennsylvania,Lancaster,85,Percent of days with PM2.5 levels over the National Ambient Air Quality Standard (NAAQS),0.7844697390277962,False,-0.27249411396472395,False
2003-03-05,Pennsylvania,Lancaster,85,Percent of days with PM2.5 levels over the National Ambient Air Quality Standard (NAAQS),0.989141799168904,False,0.29415202209127866,False
2003-03-06,Pennsylvania,Lancaster,85,Percent of days with PM2.5 levels over the National Ambient Air Quality Standard (NAAQS),1.0820420960366417,False,0.5045275832734384,False
2003-03-07,Pennsylvania,Lancaster,85,Percent of days with PM2.5 levels over the National Ambient Air Quality Standard (NAAQS),0.9014671034081648,False,-0.04119602529401751,False
2003-03-08,Pennsylvania,Lancaster,85,Percent of days with PM2.5 levels over the National Ambient Air Quality Standard (NAAQS),0.6922506701900654,False,-0.6050852199258471,False
2003-03-09,Pennsylvania,Lancaster,85,Percent of days with PM2.5 levels over the National Ambient Air Quality Standard (NAAQS),0.6310772218956501,False,-0.7360585155650853,False
2003-03-10,Pennsylvania,Lancaster,85,Percent of days with PM2.5 levels over the National Ambient Air Quality Standard (NAAQS),0.6298772607987223,False,-0.924667430428122,False
2003-03-11,Pennsylvania,Lancaster,85,Percent of days with PM2.5 levels over the National Ambient Air Quality Standard (NAAQS),1.3869892822343106,False,1.5236835401360247,False
2003-03-12,Pennsylvania,Lancaster,85,Percent of days with PM2.5 levels over the National Ambient Air Quality Standard (NAAQS),1.15938116272298,False,0.7336922400424284,False
2003-03-13,Pennsylvania,Lancaster,85,Percent of days with PM2.5 levels over the National Ambient Air Quality Standard (NAAQS),0.7500032167172561,False,-0.5808043726133779,False
2003-03-14,Pennsylvania,Lancaster,85,Percent of days with PM2.5 levels over the National Ambient Air Quality Standard (NAAQS),0.7235052410547247,False,-0.6118621409337334,False
2003-03-15,Pennsylvania,Lancaster,85,Percent of days with PM2.5 levels over the National Ambient Air Quality Standard (NAAQS),0.8723364072512374,False,-0.1781783935785673,False
2003-03-16,Pennsylvania,Lancaster,85,Percent of days with PM2.5 levels over the National Ambient Air Quality Standard (NAAQS),0.6745476609522874,False,-0.8297525045567123,False
2003-03-17,Pennsylvania,Lancaster,85,Percent of days with PM2.5 levels over the National Ambient Air Quality Standard (NAAQS),1.1836221134044147,False,0.8689685441626394,False
2003-03-18,Pennsylvania,Lancaster,85,Percent of days with PM2.5 levels over the National Ambient Air Quality Standard (NAAQS),1.0121545421396223,False,0.26000586207440485,False
2003-03-19,Pennsylvania,Lancaster,85,Percent of days with PM2.5 levels over the National Ambient Air Quality Standard (NAAQS),1.2391832084017922,False,1.056395241197725,False
2003-03-20,Pennsylvania,Lancaster,85,Percent of days with PM2.5 levels over the National Ambient Air Quality Standard (NAAQS),1.079267236520927,False,0.4576253162687901,False
2003-03-21,Pennsylvania,Lancaster,85,Percent of days with PM2.5 levels over the National Ambient Air Quality Standard (NAAQS),1.1046567896748234,False,0.5524049678879583,False
2003-03-22,Pennsylvania,Lancaster,85,Percent of days with PM2.5 levels over the National Ambient Air Quality Standard (NAAQS),0.979815056341794,False,0.08860388623318456,False
2003-03-23,Pennsylvania,Lancaster,85,Percent of days with PM2.5 levels over the National Ambient Air Quality Standard (NAAQS),1.0493391100626477,False,0.3625095205574046,False
2003-03-24,Pennsylvania,Lancaster,85,Percent of days with PM2.5 levels over the National Ambient Air Quality Standard (NAAQS),0.7745550349195071,False,-0.6158981717240365,False
2003-03-25,Pennsylvania,Lancaster,85,Percent of days with PM2.5 levels over the National Ambient Air Quality Standard (NAAQS),0.931719942287646,False,-0.09903357492766349,False
2003-03-26,Pennsylvania,Lancaster,85,Percent of days with PM2.5 levels over the National Ambient Air Quality Standard (NAAQS),0.3896857657521311,False,-1.8919279793274664,False
2003-03-27,Pennsylvania,Lancaster,85,Percent of days with PM2.5 levels over the National Ambient Air Quality Standard (NAAQS),0.9923756204219302,False,0.15986618171871098,False
2003-03-28,Pennsylvania,Lancaster,85,Percent of days with PM2.5 levels over the National Ambient Air Quality Standard (NAAQS),0.9629891284216364,False,0.07181394130874683,False
2003-03-29,Pennsylvania,Lancaster,85,Percent of days with PM2.5 levels over the National Ambient Air Quality Standard (NAAQS),1.0061263820042563,False,0.38167641764972526,False
2003-03-30,Pennsylvania,Lancaster,85,Percent of days with PM2.5 levels over the National Ambient Air Quality Standard (NAAQS),1.1392516642230808,False,0.9704376965666366,False
2003-03-31,Pennsylvania,Lancaster,85,Percent of days with PM2.5 levels over the National Ambient Air Quality Standard (NAAQS),0.611652549764072,False,-1.3526392885578193,False
2003-04-01,Pennsylvania,Lancaster,85,Percent of days with PM2.5 levels over the National Ambient Air Quality Standard (NAAQS),1.475084215231328,False,2.1375381148021595,False
2003-04-02,Pennsylvania,Lancaster,85,Percent of days with PM2.5 levels over the National Ambient Air Quality Standard (NAAQS),0.5457543510123115,False,-1.472719024978126,False
2003-04-03,Pennsylvania,Lancaster,85,Percent of days with PM2.5 levels over the National Ambient Air Quality Standard (NAAQS),0.8483099367483491,False,-0.2759759881751167,False
2003-04-04,Pennsylvania,Lancaster,85,Percent of days with PM2.5 levels over the National Ambient Air Quality Standard (NAAQS),0.7519553149154653,False,-0.6239728522637565,False
2003-04-05,Pennsylvania,Lancaster,85,Percent of days with PM2.5 levels over the National Ambient Air Quality Standard (NAAQS),0.9707085875743394,False,0.18154669549607633,False
2003-04-06,Pennsylvania,Lancaster,85,Percent of days with PM2.5 levels over the National Ambient Air Quality Standard (NAAQS),0.5752602681055302,False,-1.3389399520894862,False
2003-04-07,Pennsylvania,Lancaster,85,Percent of days with PM2.5 levels over the National Ambient Air Quality Standard (NAAQS),1.0648039139233811,False,0.5007067076494318,False
2003-04-08,Pennsylvania,Lancaster,85,Percent of days with PM2.5 levels over the National Ambient Air Quality Standard (NAAQS),0.6784956278712646,False,-0.9644517289121767,False
2003-04-09,Pennsylvania,Lancaster,85,Percent of days with PM2.5 levels over the National Ambient Air Quality Standard (NAAQS),0.8591780766682348,False,-0.17864943609999862,False
2003-04-10,Pennsylvania,Lancaster,85,Percent of days with PM2.5 levels over the National Ambient Air Quality Standard (NAAQS),0.8705268239697592,False,-0.1501353465252629,False
2003-04-11,Pennsylvania,Lancaster,85,Percent of days with PM2.5 levels over the National Ambient Air Quality Standard (NAAQS),1.1684758743758037,False,1.035222323181607,False
2003-04-12,Pennsylvania,Lancaster,85,Percent of days with PM2.5 levels over the National Ambient Air Quality Standard (NAAQS),0.4568785251828628,False,-1.773180479262028,False
2003-04-13,Pennsylvania,Lancaster,85,Percent of days with PM2.5 levels over the National Ambient Air Quality Standard (NAAQS),0.8021883594289452,False,-0.4363925676322419,False
2003-04-14,Pennsylvania,Lancaster,85,Percent of days with PM2.5 levels over the National Ambient Air Quality Standard (NAAQS),0.9756962070046132,False,0.291661902370595,False
2003-04-15,Pennsylvania,Lancaster,85,Percent of days with PM2.5 levels over the National Ambient Air Quality Standard (NAAQS),0.8045693867868281,False,-0.37606663861044715,False
2003-04-16,Pennsylvania,Lancaster,85,Percent of days with PM2.5 levels over the National Ambient Air Quality Standard (NAAQS),1.029232022972295,False,0.5899790699147757,False
2003-04-17,Pennsylvania,Lancaster,85,Percent of days with PM2.5 levels over the National Ambient Air Quality Standard (NAAQS),1.173295807275414,False,1.1660870483104009,False
2003-04-18,Pennsylvania,Lancaster,85,Percent of days with PM2.5 levels over the National Ambient Air Quality Standard (NAAQS),1.2557706654694174,False,1.4469942502028694,False
2003-04-19,Pennsylvania,Lancaster,85,Percent of days with PM2.5 levels over the National Ambient Air Quality Standard (NAAQS),0.9992999697205062,False,0.4064849030755152,False
2003-04-20,Pennsylvania,Lancaster,85,Percent of days with PM2.5 levels over the National Ambient Air Quality Standard (NAAQS),1.3544899067509233,False,1.7061471889875477,False
2003-04-21,Pennsylvania,Lancaster,85,Percent of days with PM2.5 levels over the National Ambient Air Quality Standard (NAAQS),0.9525505950151718,False,0.14106973858752006,False
2003-04-22,Pennsylvania,Lancaster,85,Percent of days with PM2.5 levels over the National Ambient Air Quality Standard (NAAQS),1.329611656443135,False,1.4737365499010395,False
2003-04-23,Pennsylvania,Lancaster,85,Percent of days with PM2.5 levels over the National Ambient Air Quality Standard (NAAQS),0.8513612288592035,False,-0.38080900317240013,False
2003-04-24,Pennsylvania,Lancaster,85,Percent of days with PM2.5 levels over the National Ambient Air Quality Standard (NAAQS),0.8634981617931771,False,-0.3135114732937969,False
2003-04-25,Pennsylvania,Lancaster,85,Percent of days with PM2.5 levels over the National Ambient Air Quality Standard (NAAQS),1.320459643116117,False,1.403526075386305,False
2003-04-26,Pennsylvania,Lancaster,85,Percent of days with PM2.5 levels over the National Ambient Air Quality Standard (NAAQS),1.1025474609262804,False,0.5510515310688779,False
2003-04-27,Pennsylvania,Lancaster,85,Percent of days with PM2.5 levels over the National Ambient Air Quality Standard (NAAQS),1.2929178968128314,False,1.2312764085876768,False
2003-04-28,Pennsylvania,Lancaster,85,Percent of days with PM2.5 levels over the National Ambient Air Quality Standard (NAAQS),0.6532598541957376,False,-1.1753016836560146,False
2003-04-29,Pennsylvania,Lancaster,85,Percent of days with PM2.5 levels over the National Ambient Air Quality Standard (NAAQS),1.146152250254829,False,0.7744771335814752,False
2003-04-30,Pennsylvania,Lancaster,85,Percent of days with PM2.5 levels over the National Ambient Air Quality Standard (NAAQS),0.8717643822163228,False,-0.3950335688548529,False
2003-05-01,Pennsylvania,Lancaster,85,Percent of days with PM2.5 levels over the National Ambient Air Quality Standard (NAAQS),0.9365923958280492,False,-0.13463236346057247,False
2003-05-02,Pennsylvania,Lancaster,85,Percent of days with PM2.5 levels over the National Ambient Air Quality Standard (NAAQS),0.7769855528199466,False,-0.8195963920769936,False
2003-05-03,Pennsylvania,Lancaster,85,Percent of days with PM2.5 levels over the National Ambient Air Quality Standard (NAAQS),0.5469668512088517,False,-1.643516001887317,False
2003-05-04,Pennsylvania,Lancaster,85,Percent of days with PM2.5 levels over the National Ambient Air Quality Standard (NAAQS),1.028333420762506,False,0.24569233587795009,False
2003-05-05,Pennsylvania,Lancaster,85,Percent of days with PM2.5 levels over the National Ambient Air Quality Standard (NAAQS),0.7636743235455894,False,-0.819376515357522,False
2003-05-06,Pennsylvania,Lancaster,85,Percent of days with PM2.5 levels over the National Ambient Air Quality Standard (NAAQS),0.9689259735543136,False,-0.003882494150739813,False
2003-05-07,Pennsylvania,Lancaster,85,Percent of days with PM2.5 levels over the National Ambient Air Quality Standard (NAAQS),1.0253232803800088,False,0.21390164179749618,False
2003-05-08,Pennsylvania,Lancaster,85,Percent of days with PM2.5 levels over the National Ambient Air Quality Standard (NAAQS),1.229568826469798,False,1.0230130497566587,False
2003-05-09,Pennsylvania,Lancaster,85,Percent of days with PM2.5 levels over the National Ambient Air Quality Standard (NAAQS),0.996775722808278,False,0.061489420879146744,False
2003-05-10,Pennsylvania,Lancaster,85,Percent of days with PM2.5 levels over the National Ambient Air Quality Standard (NAAQS),0.5374768722265323,False,-1.9763876432961975,False
2003-05-11,Pennsylvania,Lancaster,85,Percent of days with PM2.5 levels over the National Ambient Air Quality Standard (NAAQS),1.2020089027951817,False,0.8907141117436735,False
2003-05-12,Pennsylvania,Lancaster,85,Percent of days with PM2.5 levels over the National Ambient Air Quality Standard (NAAQS),0.7188411745160782,False,-1.163977125132168,False
2003-05-13,Pennsylvania,Lancaster,85,Percent of days with PM2.5 levels over the National Ambient Air Quality Standard (NAAQS),0.7470995211860775,False,-1.0255468187416237,False
2003-05-14,Pennsylvania,Lancaster,85,Percent of days with PM2.5 levels over the National Ambient Air Quality Standard (NAAQS),0.7819754212077359,False,-0.8290990262093719,False
2003-05-15,Pennsylvania,Lancaster,85,Percent of days with PM2.5 levels over the National Ambient Air Quality Standard (NAAQS),1.139326970744245,False,0.6782120408050111,False
2003-05-16,Pennsylvania,Lancaster,85,Percent of days with PM2.5 levels over the National Ambient Air Quality Standard (NAAQS),1.4231496874103735,False,1.7799320190369738,False
2003-05-17,Pennsylvania,Lancaster,85,Percent of days with PM2.5 levels over the National Ambient Air Quality Standard (NAAQS),0.9950847395974134,False,0.0442779491307401,False
2003-05-18,Pennsylvania,Lancaster,85,Percent of days with PM2.5 levels over the National Ambient Air Quality Standard (NAAQS),1.151638479619063,False,0.7338307250654207,False
2003-05-19,Pennsylvania,Lancaster,85,Percent of days with PM2.5 levels over the National Ambient Air Quality Standard (NAAQS),1.5263707100236092,False,2.037324961528994,False
2003-05-20,Pennsylvania,Lancaster,85,Percent of days with PM2.5 levels over the National Ambient Air Quality Standard (NAAQS),0.8628153767753985,False,-0.46724437956640447,False
2003-05-21,Pennsylvania,Lancaster,85,Percent of days with PM2.5 levels over the National Ambient Air Quality Standard (NAAQS),0.8683446881600039,False,-0.4482770887480555,False
2003-05-22,Pennsylvania,Lancaster,85,Percent of days with PM2.5 levels over the National Ambient Air Quality Standard (NAAQS),1.0802722901886426,False,0.3622912946231511,False
2003-05-23,Pennsylvania,Lancaster,85,Percent of days with PM2.5 levels over the National Ambient Air Quality Standard (NAAQS),0.5506423898915627,False,-1.6044424391515584,False
2003-05-24,Pennsylvania,Lancaster,85,Percent of days with PM2.5 levels over the National Ambient Air Quality Standard (NAAQS),0.6235135644512882,False,-1.223714412343269,False
2003-05-25,Pennsylvania,Lancaster,85,Percent of days with PM2.5 levels over the National Ambient Air Quality Standard (NAAQS),1.3877950656334634,False,1.6443667088598684,False
2003-05-26,Pennsylvania,Lancaster,85,Percent of days with PM2.5 levels over the National Ambient Air Quality Standard (NAAQS),0.8102659568091602,False,-0.5451410751701619,False
2003-05-27,Pennsylvania,Lancaster,85,Percent of days with PM2.5 levels over the National Ambient Air Quality Standard (NAAQS),0.8527803877683308,False,-0.3462433762474681,False
2003-05-28,Pennsylvania,Lancaster,85,Percent of days with PM2.5 levels over the National Ambient Air Quality Standard (NAAQS),0.9106251074913368,False,-0.12974554429905613,False
2003-05-29,Pennsylvania,Lancaster,85,Percent of days with PM2.5 levels over the National Ambient Air Quality Standard (NAAQS),0.6896263383318274,False,-0.9290693563483585,False
2003-05-30,Pennsylvania,Lancaster,85,Percent of days with PM2.5 levels over the National Ambient Air Quality Standard (NAAQS),1.093748577036605,False,0.555287519715446,False
2003-05-31,Pennsylvania,Lancaster,85,Percent of days with PM2.5 levels over the National Ambient Air Quality Standard (NAAQS),1.0110164215289044,False,0.18812813422314237,False
2003-06-01,Pennsylvania,Lancaster,85,Percent of days with PM2.5 levels over the National Ambient Air Quality Standard (NAAQS),0.8865556960724681,False,-0.28416286411554503,False
2003-06-02,Pennsylvania,Lancaster,85,Percent of days with PM2.5 levels over the National Ambient Air Quality Standard (NAAQS),1.092225835665647,False,0.4862622456654057,False
2003-06-03,Pennsylvania,Lancaster,85,Percent of days with PM2.5 levels over the National Ambient Air Quality Standard (NAAQS),0.5001099627976134,False,-1.70194837516922,False
2003-06-04,Pennsylvania,Lancaster,85,Percent of days with PM2.5 levels over the National Ambient Air Quality Standard (NAAQS),0.959930647438706,False,0.0333655714001875,False
2003-06-05,Pennsylvania,Lancaster,85,Percent of days with PM2.5 levels over the National Ambient Air Quality Standard (NAAQS),0.9052514605506702,False,-0.1314280878233169,False
2003-06-06,Pennsylvania,Lancaster,85,Percent of days with PM2.5 levels over the National Ambient Air Quality Standard (NAAQS),1.2336538227807674,False,1.0737127620372406,False
2003-06-07,Pennsylvania,Lancaster,85,Percent of days with PM2.5 levels over the National Ambient Air Quality Standard (NAAQS),1.0054403412168678,False,0.16074329689293268,False
2003-06-08,Pennsylvania,Lancaster,85,Percent of days with PM2.5 levels over the National Ambient Air Quality Standard (NAAQS),1.3560953130701292,False,1.4804482747809404,False
2003-06-09,Pennsylvania,Lancaster,85,Percent of days with PM2.5 levels over the National Ambient Air Quality Standard (NAAQS),0.7045623850180962,False,-1.0147741344521741,False
2003-06-10,Pennsylvania,Lancaster,85,Percent of days with PM2.5 levels over the National Ambient Air Quality Standard (NAAQS),1.0609963694943725,False,0.3106067014550629,False
2003-06-11,Pennsylvania,Lancaster,85,Percent of days with PM2.5 levels over the National Ambient Air Quality Standard (NAAQS),1.2146177755064758,False,0.8441140875133001,False
2003-06-12,Pennsylvania,Lancaster,85,Percent of days with PM2.5 levels over the National Ambient Air Quality Standard (NAAQS),1.1496252195249448,False,0.5909010113319685,False
2003-06-13,Pennsylvania,Lancaster,85,Percent of days with PM2.5 levels over the National Ambient Air Quality Standard (NAAQS),1.2239694898643674,False,0.9404523479319197,False
2003-06-14,Pennsylvania,Lancaster,85,Percent of days with PM2.5 levels over the National Ambient Air Quality Standard (NAAQS),0.895389450042841,False,-0.36259139242984,False
2003-06-15,Pennsylvania,Lancaster,85,Percent of days with PM2.5 levels over the National Ambient Air Quality Standard (NAAQS),0.9705767569793554,False,-0.036131485000601385,False
2003-06-16,Pennsylvania,Lancaster,85,Percent of days with PM2.5 levels over the National Ambient Air Quality Standard (NAAQS),0.9381712916152456,False,-0.09108236224525054,False
2003-06-17,Pennsylvania,Lancaster,85,Percent of days with PM2.5 levels over the National Ambient Air Quality Standard (NAAQS),1.1690752118098826,False,0.8830390776990292,False
2003-06-18,Pennsylvania,Lancaster,85,Percent of days with PM2.5 levels over the National Ambient Air Quality Standard (NAAQS),0.9462614123281076,False,-0.11534807511993812,False
2003-06-19,Pennsylvania,Lancaster,85,Percent of days with PM2.5 levels over the National Ambient Air Quality Standard (NAAQS),0.8473652310422395,False,-0.5171096322176021,False
2003-06-20,Pennsylvania,Lancaster,85,Percent of days with PM2.5 levels over the National Ambient Air Quality Standard (NAAQS),0.8381513633344817,False,-0.6416035739542251,False
2003-06-21,Pennsylvania,Lancaster,85,Percent of days with PM2.5 levels over the National Ambient Air Quality Standard (NAAQS),0.7583968010122345,False,-1.075149792730363,False
2003-06-22,Pennsylvania,Lancaster,85,Percent of days with PM2.5 levels over the National Ambient Air Quality Standard (NAAQS),1.116573176817664,False,0.7705432672649575,False
2003-06-23,Pennsylvania,Lancaster,85,Percent of days with PM2.5 levels over the National Ambient Air Quality Standard (NAAQS),1.3650224119651686,False,1.8569646868595608,False
2003-06-24,Pennsylvania,Lancaster,85,Percent of days with PM2.5 levels over the National Ambient Air Quality Standard (NAAQS),0.734010312538012,False,-1.214438328261037,False
2003-06-25,Pennsylvania,Lancaster,85,Percent of days with PM2.5 levels over the National Ambient Air Quality Standard (NAAQS),0.9328177309746288,False,-0.2562348519336719,False
2003-06-26,Pennsylvania,Lancaster,85,Percent of days with PM2.5 levels over the National Ambient Air Quality Standard (NAAQS),0.7992800361090204,False,-0.9445892886263179,False
2003-06-27,Pennsylvania,Lancaster,85,Percent of days with PM2.5 levels over the National Ambient Air Quality Standard (NAAQS),1.2817759824253467,False,1.3716546739788147,False
2003-06-28,Pennsylvania,Lancaster,85,Percent of days with PM2.5 levels over the National Ambient Air Quality Standard (NAAQS),0.8445204451078112,False,-0.6943805117713608,False
2003-06-29,Pennsylvania,Lancaster,85,Percent of days with PM2.5 levels over the National Ambient Air Quality Standard (NAAQS),0.3934439918531575,False,-2.435145736751627,False
2003-06-30,Pennsylvania,Lancaster,85,Percent of days with PM2.5 levels over the National Ambient Air Quality Standard (NAAQS),0.921597720044099,False,-0.19024039540643933,False
2003-07-01,Pennsylvania,Lancaster,85,Percent of days with PM2.5 levels over the National Ambient Air Quality Standard (NAAQS),0.9928658141276686,False,0.03934959092286015,False
2003-07-02,Pennsylvania,Lancaster,85,Percent of days with PM2.5 levels over the National Ambient Air Quality Standard (NAAQS),0.9270690591306896,False,-0.2560677672372179,False
2003-07-03,Pennsylvania,Lancaster,85,Percent of days with PM2.5 levels over the National Ambient Air Quality Standard (NAAQS),0.7662651724507911,False,-0.9536345081386013,False
2003-07-04,Pennsylvania,Lancaster,85,Percent of days with PM2.5 levels over the National Ambient Air Quality Standard (NAAQS),1.0346030166873683,False,0.29327692812942935,False
2003-07-05,Pennsylvania,Lancaster,85,Percent of days with PM2.5 levels over the National Ambient Air Quality Standard (NAAQS),0.410270359786377,False,-2.237468475203681,False
2003-07-06,Pennsylvania,Lancaster,85,Percent of days with PM2.5 levels over the National Ambient Air Quality Standard (NAAQS),0.939709998236711,False,0.02116842192623144,False
2003-07-07,Pennsylvania,Lancaster,85,Percent of days with PM2.5 levels over the National Ambient Air Quality Standard (NAAQS),0.6801195159513516,False,-1.1109126247563839,False
2003-07-08,Pennsylvania,Lancaster,85,Percent of days with PM2.5 levels over the National Ambient Air Quality Standard (NAAQS),0.9349874143684888,False,0.024069296684587384,False
2003-07-09,Pennsylvania,Lancaster,85,Percent of days with PM2.5 levels over the National Ambient Air Quality Standard (NAAQS),0.8725217354687408,False,-0.20318192475223307,False
2003-07-10,Pennsylvania,Lancaster,85,Percent of days with PM2.5 levels over the National Ambient Air Quality Standard (NAAQS),0.8129407563917422,False,-0.42670173584226956,False
2003-07-11,Pennsylvania,Lancaster,85,Percent of days with PM2.5 levels over the National Ambient Air Quality Standard (NAAQS),1.50730744998132,False,2.4927802637223953,False
2003-07-12,Pennsylvania,Lancaster,85,Percent of days with PM2.5 levels over the National Ambient Air Quality Standard (NAAQS),0.8252268904798876,False,-0.36827353882216646,False
2003-07-13,Pennsylvania,Lancaster,85,Percent of days with PM2.5 levels over the National Ambient Air Quality Standard (NAAQS),0.8504152495975996,False,-0.2444240356825782,False
2003-07-14,Pennsylvania,Lancaster,85,Percent of days with PM2.5 levels over the National Ambient Air Quality Standard (NAAQS),1.0884391399193556,False,0.725713139331975,False
2003-07-15,Pennsylvania,Lancaster,85,Percent of days with PM2.5 levels over the National Ambient Air Quality Standard (NAAQS),1.0963259193803585,False,0.7773393396145164,False
2003-07-16,Pennsylvania,Lancaster,85,Percent of days with PM2.5 levels over the National Ambient Air Quality Standard (NAAQS),0.8255392555750309,False,-0.3419665634838288,False
2003-07-17,Pennsylvania,Lancaster,85,Percent of days with PM2.5 levels over the National Ambient Air Quality Standard (NAAQS),1.005128488315301,False,0.38713276366110294,False
2003-07-18,Pennsylvania,Lancaster,85,Percent of days with PM2.5 levels over the National Ambient Air Quality Standard (NAAQS),0.8006993912852257,False,-0.4623766210383737,False
2003-07-19,Pennsylvania,Lancaster,85,Percent of days with PM2.5 levels over the National Ambient Air Quality Standard (NAAQS),1.3164608343989563,False,1.5460243712492454,False
2003-07-20,Pennsylvania,Lancaster,85,Percent of days with PM2.5 levels over the National Ambient Air Quality Standard (NAAQS),1.2448862575552926,False,1.217519709465868,False
2003-07-21,Pennsylvania,Lancaster,85,Percent of days with PM2.5 levels over the National Ambient Air Quality Standard (NAAQS),1.06414522099491,False,0.5768286600040389,False
2003-07-22,Pennsylvania,Lancaster,85,Percent of days with PM2.5 levels over the National Ambient Air Quality Standard (NAAQS),1.0999738001307031,False,0.6735645156293026,False
2003-07-23,Pennsylvania,Lancaster,85,Percent of days with PM2.5 levels over the National Ambient Air Quality Standard (NAAQS),0.8453940469510739,False,-0.37235597713272117,False
2003-07-24,Pennsylvania,Lancaster,85,Percent of days with PM2.5 levels over the National Ambient Air Quality Standard (NAAQS),0.8526877482707508,False,-0.3513113360778964,False
2003-07-25,Pennsylvania,Lancaster,85,Percent of days with PM2.5 levels over the National Ambient Air Quality Standard (NAAQS),0.9717314005267828,False,0.19892105617426786,False
2003-07-26,Pennsylvania,Lancaster,85,Percent of days with PM2.5 levels over the National Ambient Air Quality Standard (NAAQS),0.8729628446005643,False,-0.23451171360748188,False
2003-07-27,Pennsylvania,Lancaster,85,Percent of days with PM2.5 levels over the National Ambient Air Quality Standard (NAAQS),1.1383065670413932,False,0.8878617643903151,False
2003-07-28,Pennsylvania,Lancaster,85,Percent of days with PM2.5 levels over the National Ambient Air Quality Standard (NAAQS),0.9651840387866728,False,0.04858025706498554,False
2003-07-29,Pennsylvania,Lancaster,85,Percent of days with PM2.5 levels over the National Ambient Air Quality Standard (NAAQS),0.6956705342827353,False,-1.1650382444603598,False
2003-07-30,Pennsylvania,Lancaster,85,Percent of days with PM2.5 levels over the National Ambient Air Quality Standard (NAAQS),1.1845785420758204,False,1.0579727049937515,False
2003-07-31,Pennsylvania,Lancaster,85,Percent of days with PM2.5 levels over the National Ambient Air Quality Standard (NAAQS),0.4672925870682594,False,-2.0286801357250455,False
2003-08-01,Pennsylvania,Lancaster,85,Percent of days with PM2.5 levels over the National Ambient Air Quality Standard (NAAQS),1.1324983731209108,False,0.7861559955112983,False
2003-08-02,Pennsylvania,Lancaster,85,Percent of days with PM2.5 levels over the National Ambient Air Quality Standard (NAAQS),0.9360967126621688,False,-0.13750227383632094,False
2003-08-03,Pennsylvania,Lancaster,85,Percent of days with PM2.5 levels over the National Ambient Air Quality Standard (NAAQS),0.9977293262376749,False,0.14332044049610834,False
2003-08-04,Pennsylvania,Lancaster,85,Percent of days with PM2.5 levels over the National Ambient Air Quality Standard (NAAQS),1.0302093616011572,False,0.24605014038522016,False
2003-08-05,Pennsylvania,Lancaster,85,Percent of days with PM2.5 levels over the National Ambient Air Quality Standard (NAAQS),0.8874288002945955,False,-0.44177946193895623,False
2003-08-06,Pennsylvania,Lancaster,85,Percent of days with PM2.5 levels over the National Ambient Air Quality Standard (NAAQS),0.818155364961559,False,-0.764913699496157,False
2003-08-07,Pennsylvania,Lancaster,85,Percent of days with PM2.5 levels over the National Ambient Air Quality Standard (NAAQS),0.6294351602253683,False,-1.5843353005253258,False
2003-08-08,Pennsylvania,Lancaster,85,Percent of days with PM2.5 levels over the National Ambient Air Quality Standard (NAAQS),0.7887410578042847,False,-0.8189466222514482,False
2003-08-09,Pennsylvania,Lancaster,85,Percent of days with PM2.5 levels over the National Ambient Air Quality Standard (NAAQS),1.0159627891869067,False,0.3456528429863398,False
2003-08-10,Pennsylvania,Lancaster,85,Percent of days with PM2.5 levels over the National Ambient Air Quality Standard (NAAQS),0.696428734852484,False,-1.2843488576303006,False
2003-08-11,Pennsylvania,Lancaster,85,Percent of days with PM2.5 levels over the National Ambient Air Quality Standard (NAAQS),0.8491540510319401,False,-0.4550342583066151,False
2003-08-12,Pennsylvania,Lancaster,85,Percent of days with PM2.5 levels over the National Ambient Air Quality Standard (NAAQS),1.1562769461711415,False,1.1168330128081574,False
2003-08-13,Pennsylvania,Lancaster,85,Percent of days with PM2.5 levels over the National Ambient Air Quality Standard (NAAQS),0.872569192274745,False,-0.35078093221930384,False
2003-08-14,Pennsylvania,Lancaster,85,Percent of days with PM2.5 levels over the National Ambient Air Quality Standard (NAAQS),1.2277866582423478,False,1.3892752232665766,False
2003-08-15,Pennsylvania,Lancaster,85,Percent of days with PM2.5 levels over the National Ambient Air Quality Standard (NAAQS),0.5864079854397332,False,-1.6822617839444176,False
2003-08-16,Pennsylvania,Lancaster,85,Percent of days with PM2.5 levels over the National Ambient Air Quality Standard (NAAQS),0.7681303620320054,False,-0.7669215359473128,False
2003-08-17,Pennsylvania,Lancaster,85,Percent of days with PM2.5 levels over the National Ambient Air Quality Standard (NAAQS),0.7806504483677187,False,-0.6497816895168783,False
2003-08-18,Pennsylvania,Lancaster,85,Percent of days with PM2.5 levels over the National Ambient Air Quality Standard (NAAQS),1.240885379691174,False,1.6566468812248352,False
2003-08-19,Pennsylvania,Lancaster,85,Percent of days with PM2.5 levels over the National Ambient Air Quality Standard (NAAQS),0.4644474112084448,False,-1.9941773327923769,False
2003-08-20,Pennsylvania,Lancaster,85,Percent of days with PM2.5 levels over the National Ambient Air Quality Standard (NAAQS),0.9139838923459797,False,0.1093037112333703,False
2003-08-21,Pennsylvania,Lancaster,85,Percent of days with PM2.5 levels over the National Ambient Air Quality Standard (NAAQS),0.7989734204809821,False,-0.4218703448830575,False
2003-08-22,Pennsylvania,Lancaster,85,Percent of days with PM2.5 levels over the National Ambient Air Quality Standard (NAAQS),0.4079291088984059,False,-1.9963496599483266,False
2003-08-23,Pennsylvania,Lancaster,85,Percent of days with PM2.5 levels over the National Ambient Air Quality Standard (NAAQS),0.7412642744210673,False,-0.5289231515179865,False
2003-08-24,Pennsylvania,Lancaster,85,Percent of days with PM2.5 levels over the National Ambient Air Quality Standard (NAAQS),0.4856511062024443,False,-1.5029788964090345,False
2003-08-25,Pennsylvania,Lancaster,85,Percent of days with PM2.5 levels over the National Ambient Air Quality Standard (NAAQS),1.5427157416655208,False,2.521228170162559,False
2003-08-26,Pennsylvania,Lancaster,85,Percent of days with PM2.5 levels over the National Ambient Air Quality Standard (NAAQS),0.5911923920093771,False,-0.9746173283636085,False
2003-08-27,Pennsylvania,Lancaster,85,Percent of days with PM2.5 levels over the National Ambient Air Quality Standard (NAAQS),0.7602742608548223,False,-0.30864718075302094,False
2003-08-28,Pennsylvania,Lancaster,85,Percent of days with PM2.5 levels over the National Ambient Air Quality Standard (NAAQS),0.8550901886891888,False,-0.004682269185121237,False
2003-08-29,Pennsylvania,Lancaster,85,Percent of days with PM2.5 levels over the National Ambient Air Quality Standard (NAAQS),1.1489444545451946,False,1.138544042806709,False
2003-08-30,Pennsylvania,Lancaster,85,Percent of days with PM2.5 levels over the National Ambient Air Quality Standard (NAAQS),0.9795149382645836,False,0.47087758156528736,False
2003-08-31,Pennsylvania,Lancaster,85,Percent of days with PM2.5 levels over the National Ambient Air Quality Standard (NAAQS),0.8679724913765009,False,0.05545378230001265,False
2003-09-01,Pennsylvania,Lancaster,85,Percent of days with PM2.5 levels over the National Ambient Air Quality Standard (NAAQS),0.7864886288851612,False,-0.2310421232480118,False
2003-09-02,Pennsylvania,Lancaster,85,Percent of days with PM2.5 levels over the National Ambient Air Quality Standard (NAAQS),1.1135822877944348,False,1.0071057725481678,False
2003-09-03,Pennsylvania,Lancaster,85,Percent of days with PM2.5 levels over the National Ambient Air Quality Standard (NAAQS),0.9776126529924768,False,0.45756149364579285,False
2003-09-04,Pennsylvania,Lancaster,85,Percent of days with PM2.5 levels over the National Ambient Air Quality Standard (NAAQS),1.175598716838138,False,1.133768560593752,False
2003-09-05,Pennsylvania,Lancaster,85,Percent of days with PM2.5 levels over the National Ambient Air Quality Standard (NAAQS),0.6851474908247268,False,-0.7173313238577348,False
2003-09-06,Pennsylvania,Lancaster,85,Percent of days with PM2.5 levels over the National Ambient Air Quality Standard (NAAQS),0.9648080582825064,False,0.34921424692165876,False
2003-09-07,Pennsylvania,Lancaster,85,Percent of days with PM2.5 levels over the National Ambient Air Quality Standard (NAAQS),1.2411444147703707,False,1.2925928807604437,False
2003-09-08,Pennsylvania,Lancaster,85,Percent of days with PM2.5 levels over the National Ambient Air Quality Standard (NAAQS),1.0127854146393314,False,0.42354725319449155,False
2003-09-09,Pennsylvania,Lancaster,85,Percent of days with PM2.5 levels over the National Ambient Air Quality Standard (NAAQS),1.050246456261097,False,0.5824278845512725,False
2003-09-10,Pennsylvania,Lancaster,85,Percent of days with PM2.5 levels over the National Ambient Air Quality Standard (NAAQS),1.066918876191644,False,0.6143606525343837,False
2003-09-11,Pennsylvania,Lancaster,85,Percent of days with PM2.5 levels over the National Ambient Air Quality Standard (NAAQS),0.8309908046949454,False,-0.21413336508054345,False
2003-09-12,Pennsylvania,Lancaster,85,Percent of days with PM2.5 levels over the National Ambient Air Quality Standard (NAAQS),1.0662327897099104,False,0.6293397626082827,False
2003-09-13,Pennsylvania,Lancaster,85,Percent of days with PM2.5 levels over the National Ambient Air Quality Standard (NAAQS),0.737271593158748,False,-0.6428438490961387,False
2003-09-14,Pennsylvania,Lancaster,85,Percent of days with PM2.5 levels over the National Ambient Air Quality Standard (NAAQS),0.7527499020392158,False,-0.5777815643294731,False
2003-09-15,Pennsylvania,Lancaster,85,Percent of days with PM2.5 levels over the National Ambient Air Quality Standard (NAAQS),1.077032804082239,False,0.7159773146124386,False
2003-09-16,Pennsylvania,Lancaster,85,Percent of days with PM2.5 levels over the National Ambient Air Quality Standard (NAAQS),1.159290819650027,False,0.982767753456658,False
2003-09-17,Pennsylvania,Lancaster,85,Percent of days with PM2.5 levels over the National Ambient Air Quality Standard (NAAQS),0.5574063719412888,False,-1.3932541177665059,False
2003-09-18,Pennsylvania,Lancaster,85,Percent of days with PM2.5 levels over the National Ambient Air Quality Standard (NAAQS),0.2120246875131807,False,-2.380150721165064,False
2003-09-19,Pennsylvania,Lancaster,85,Percent of days with PM2.5 levels over the National Ambient Air Quality Standard (NAAQS),1.184974079155526,False,0.9885520912281924,False
2003-09-20,Pennsylvania,Lancaster,85,Percent of days with PM2.5 levels over the National Ambient Air Quality Standard (NAAQS),1.0259510190822116,False,0.3705585014342391,False
2003-09-21,Pennsylvania,Lancaster,85,Percent of days with PM2.5 levels over the National Ambient Air Quality Standard (NAAQS),1.254706044343881,False,1.1427859951117751,False
2003-09-22,Pennsylvania,Lancaster,85,Percent of days with PM2.5 levels over the National Ambient Air Quality Standard (NAAQS),0.6496574398666239,False,-1.1143975343774328,False
2003-09-23,Pennsylvania,Lancaster,85,Percent of days with PM2.5 levels over the National Ambient Air Quality Standard (NAAQS),1.2288745662400624,False,1.1821594853020652,False
2003-09-24,Pennsylvania,Lancaster,85,Percent of days with PM2.5 levels over the National Ambient Air Quality Standard (NAAQS),1.660405353880347,False,2.5012785161960998,False
2003-09-25,Pennsylvania,Lancaster,85,Percent of days with PM2.5 levels over the National Ambient Air Quality Standard (NAAQS),1.2170099538213488,False,0.8260638658447056,False
2003-09-26,Pennsylvania,Lancaster,85,Percent of days with PM2.5 levels over the National Ambient Air Quality Standard (NAAQS),1.0528103431259326,False,0.24553279589650095,False
2003-09-27,Pennsylvania,Lancaster,85,Percent of days with PM2.5 levels over the National Ambient Air Quality Standard (NAAQS),0.5736117603381472,False,-1.3905990121976863,False
2003-09-28,Pennsylvania,Lancaster,85,Percent of days with PM2.5 levels over the National Ambient Air Quality Standard (NAAQS),1.0293617195117957,False,0.18506244896152588,False
2003-09-29,Pennsylvania,Lancaster,85,Percent of days with PM2.5 levels over the National Ambient Air Quality Standard (NAAQS),1.2674058116608309,False,0.9510436982295503,False
2003-09-30,Pennsylvania,Lancaster,85,Percent of days with PM2.5 levels over the National Ambient Air Quality Standard (NAAQS),0.6764187713079888,False,-1.0305547076306845,False
2003-10-01,Pennsylvania,Lancaster,85,Percent of days with PM2.5 levels over the National Ambient Air Quality Standard (NAAQS),1.33927771295527,False,1.1581987555643891,False
2003-10-02,Pennsylvania,Lancaster,85,Percent of days with PM2.5 levels over the National Ambient Air Quality Standard (NAAQS),1.156633935241557,False,0.5536925920524883,False
2003-10-03,Pennsylvania,Lancaster,85,Percent of days with PM2.5 levels over the National Ambient Air Quality Standard (NAAQS),0.6996417072229278,False,-0.971894184084201,False
2003-10-04,Pennsylvania,Lancaster,85,Percent of days with PM2.5 levels over the National Ambient Air Quality Standard (NAAQS),0.8191738103092926,False,-0.5525097402015398,False
2003-10-05,Pennsylvania,Lancaster,85,Percent of days with PM2.5 levels over the National Ambient Air Quality Standard (NAAQS),0.9610257986362593,False,-0.049400747777004,False
2003-10-06,Pennsylvania,Lancaster,85,Percent of days with PM2.5 levels over the National Ambient Air Quality Standard (NAAQS),0.6473111705043758,False,-1.038951848640794,False
2003-10-07,Pennsylvania,Lancaster,85,Percent of days with PM2.5 levels over the National Ambient Air Quality Standard (NAAQS),0.7719517880809867,False,-0.5924805316887433,False
2003-10-08,Pennsylvania,Lancaster,85,Percent of days with PM2.5 levels over the National Ambient Air Quality Standard (NAAQS),0.6458546326441249,False,-0.9425659269526312,False
2003-10-09,Pennsylvania,Lancaster,85,Percent of days with PM2.5 levels over the National Ambient Air Quality Standard (NAAQS),0.7082145947725388,False,-0.7213332485637098,False
2003-10-10,Pennsylvania,Lancaster,85,Percent of days with PM2.5 levels over the National Ambient Air Quality Standard (NAAQS),1.015003307983517,False,0.2682839003978544,False
2003-10-11,Pennsylvania,Lancaster,85,Percent of days with PM2.5 levels over the National Ambient Air Quality Standard (NAAQS),0.6993326092814809,False,-0.7388851070166433,False
2003-10-12,Pennsylvania,Lancaster,85,Percent of days with PM2.5 levels over the National Ambient Air Quality Standard (NAAQS),0.5640484478064017,False,-1.1289486690976467,False
2003-10-13,Pennsylvania,Lancaster,85,Percent of days with PM2.5 levels over the National Ambient Air Quality Standard (NAAQS),0.6909711952582253,False,-0.683726584361229,False
2003-10-14,Pennsylvania,Lancaster,85,Percent of days with PM2.5 levels over the National Ambient Air Quality Standard (NAAQS),1.3743362094108915,False,1.3917219066045023,False
2003-10-15,Pennsylvania,Lancaster,85,Percent of days with PM2.5 levels over the National Ambient Air Quality Standard (NAAQS),0.8468093222459695,False,-0.2515658839103507,False
2003-10-16,Pennsylvania,Lancaster,85,Percent of days with PM2.5 levels over the National Ambient Air Quality Standard (NAAQS),0.8770159072211928,False,-0.2569610061010973,False
2003-10-17,Pennsylvania,Lancaster,85,Percent of days with PM2.5 levels over the National Ambient Air Quality Standard (NAAQS),0.4207643979072257,False,-1.66551068252828,False
2003-10-18,Pennsylvania,Lancaster,85,Percent of days with PM2.5 levels over the National Ambient Air Quality Standard (NAAQS),0.901023440816477,False,-0.06158679443317554,False
2003-10-19,Pennsylvania,Lancaster,85,Percent of days with PM2.5 levels over the National Ambient Air Quality Standard (NAAQS),0.7983807669172002,False,-0.3556196617637081,False
2003-10-20,Pennsylvania,Lancaster,85,Percent of days with PM2.5 levels over the National Ambient Air Quality Standard (NAAQS),1.3079040469218497,False,1.2692902429294122,False
2003-10-21,Pennsylvania,Lancaster,85,Percent of days with PM2.5 levels over the National Ambient Air Quality Standard (NAAQS),1.059835811512792,False,0.47044016385449,False
2003-10-22,Pennsylvania,Lancaster,85,Percent of days with PM2.5 levels over the National Ambient Air Quality Standard (NAAQS),0.7323601030119864,False,-0.5985046590638611,False
2003-10-23,Pennsylvania,Lancaster,85,Percent of days with PM2.5 levels over the National Ambient Air Quality Standard (NAAQS),0.7041797379688453,False,-0.6518193749671317,False
2003-10-24,Pennsylvania,Lancaster,85,Percent of days with PM2.5 levels over the National Ambient Air Quality Standard (NAAQS),1.2503844099784216,False,1.431573846349064,False
2003-10-25,Pennsylvania,Lancaster,85,Percent of days with PM2.5 levels over the National Ambient Air Quality Standard (NAAQS),1.0199677482494462,False,0.4993299993630895,False
2003-10-26,Pennsylvania,Lancaster,85,Percent of days with PM2.5 levels over the National Ambient Air Quality Standard (NAAQS),0.8896900252733378,False,0.009327637765736214,False
2003-10-27,Pennsylvania,Lancaster,85,Percent of days with PM2.5 levels over the National Ambient Air Quality Standard (NAAQS),0.7396261350729146,False,-0.5271784780518852,False
2003-10-28,Pennsylvania,Lancaster,85,Percent of days with PM2.5 levels over the National Ambient Air Quality Standard (NAAQS),0.84540253865595,False,-0.12047789454112766,False
2003-10-29,Pennsylvania,Lancaster,85,Percent of days with PM2.5 levels over the National Ambient Air Quality Standard (NAAQS),0.2933923682199479,False,-2.194299048039959,False
2003-10-30,Pennsylvania,Lancaster,85,Percent of days with PM2.5 levels over the National Ambient Air Quality Standard (NAAQS),0.6072539595754314,False,-0.864338116216956,False
2003-10-31,Pennsylvania,Lancaster,85,Percent of days with PM2.5 levels over the National Ambient Air Quality Standard (NAAQS),0.5653793073487007,False,-1.0015023431343373,False
2003-11-01,Pennsylvania,Lancaster,85,Percent of days with PM2.5 levels over the National Ambient Air Quality Standard (NAAQS),0.8581097206186534,False,0.1779762137473163,False
2003-11-02,Pennsylvania,Lancaster,85,Percent of days with PM2.5 levels over the National Ambient Air Quality Standard (NAAQS),0.942948849656814,False,0.5246784056160887,False
2003-11-03,Pennsylvania,Lancaster,85,Percent of days with PM2.5 levels over the National Ambient Air Quality Standard (NAAQS),1.0049729921994053,False,0.7232823250647658,False
2003-11-04,Pennsylvania,Lancaster,85,Percent of days with PM2.5 levels over the National Ambient Air Quality Standard (NAAQS),0.9319462298365416,False,0.403721197287399,False
2003-11-05,Pennsylvania,Lancaster,85,Percent of days with PM2.5 levels over the National Ambient Air Quality Standard (NAAQS),0.7853467355999776,False,-0.21049756977248182,False
2003-11-06,Pennsylvania,Lancaster,85,Percent of days with PM2.5 levels over the National Ambient Air Quality Standard (NAAQS),1.223871058289974,False,1.4489957110346077,False
2003-11-07,Pennsylvania,Lancaster,85,Percent of days with PM2.5 levels over the National Ambient Air Quality Standard (NAAQS),0.8576768500300506,False,0.0314168728439349,False
2003-11-08,Pennsylvania,Lancaster,85,Percent of days with PM2.5 levels over the National Ambient Air Quality Standard (NAAQS),0.4012176052795256,False,-1.6527241363151841,False
2003-11-09,Pennsylvania,Lancaster,85,Percent of days with PM2.5 levels over the National Ambient Air Quality Standard (NAAQS),0.667604374471466,False,-0.6695327938378071,False
2003-11-10,Pennsylvania,Lancaster,85,Percent of days with PM2.5 levels over the National Ambient Air Quality Standard (NAAQS),0.3018888733166519,False,-1.883972732879966,False
2003-11-11,Pennsylvania,Lancaster,85,Percent of days with PM2.5 levels over the National Ambient Air Quality Standard (NAAQS),0.3160256716021612,False,-1.72905928534448,False
2003-11-12,Pennsylvania,Lancaster,85,Percent of days with PM2.5 levels over the National Ambient Air Quality Standard (NAAQS),0.749341133477428,False,-0.13939384131367616,False
2003-11-13,Pennsylvania,Lancaster,85,Percent of days with PM2.5 levels over the National Ambient Air Quality Standard (NAAQS),0.9466088654576008,False,0.5674340472450767,False
2003-11-14,Pennsylvania,Lancaster,85,Percent of days with PM2.5 levels over the National Ambient Air Quality Standard (NAAQS),0.8617992506658504,False,0.21000838938589828,False
2003-11-15,Pennsylvania,Lancaster,85,Percent of days with PM2.5 levels over the National Ambient Air Quality Standard (NAAQS),0.7460953880738959,False,-0.20395030797039995,False
2003-11-16,Pennsylvania,Lancaster,85,Percent of days with PM2.5 levels over the National Ambient Air Quality Standard (NAAQS),1.383405103588594,False,1.9531293854302607,False
2003-11-17,Pennsylvania,Lancaster,85,Percent of days with PM2.5 levels over the National Ambient Air Quality Standard (NAAQS),1.1779124088165067,False,1.2874607047904996,False
2003-11-18,Pennsylvania,Lancaster,85,Percent of days with PM2.5 levels over the National Ambient Air Quality Standard (NAAQS),1.049995990287761,False,0.8338554081094202,False
2003-11-19,Pennsylvania,Lancaster,85,Percent of days with PM2.5 levels over the National Ambient Air Quality Standard (NAAQS),0.9285406660151844,False,0.3752564977623388,False
2003-11-20,Pennsylvania,Lancaster,85,Percent of days with PM2.5 levels over the National Ambient Air Quality Standard (NAAQS),0.615532327960297,False,-0.7240000339404817,False
2003-11-21,Pennsylvania,Lancaster,85,Percent of days with PM2.5 levels over the National Ambient Air Quality Standard (NAAQS),0.9749229721795722,False,0.6064804376495534,False
2003-11-22,Pennsylvania,Lancaster,85,Percent of days with PM2.5 levels over the National Ambient Air Quality Standard (NAAQS),1.2285831332094546,False,1.4662288221655937,False
2003-11-23,Pennsylvania,Lancaster,85,Percent of days with PM2.5 levels over the National Ambient Air Quality Standard (NAAQS),0.9034292850765108,False,0.3040689280937199,False
2003-11-24,Pennsylvania,Lancaster,85,Percent of days with PM2.5 levels over the National Ambient Air Quality Standard (NAAQS),0.4237039787582546,False,-1.3219649693431594,False
2003-11-25,Pennsylvania,Lancaster,85,Percent of days with PM2.5 levels over the National Ambient Air Quality Standard (NAAQS),0.7522709876760657,False,-0.17690914645674236,False
2003-11-26,Pennsylvania,Lancaster,85,Percent of days with PM2.5 levels over the National Ambient Air Quality Standard (NAAQS),0.7930053104265623,False,-0.10433712073697533,False
2003-11-27,Pennsylvania,Lancaster,85,Percent of days with PM2.5 levels over the National Ambient Air Quality Standard (NAAQS),1.2507408598994831,False,1.4486917784236308,False
2003-11-28,Pennsylvania,Lancaster,85,Percent of days with PM2.5 levels over the National Ambient Air Quality Standard (NAAQS),0.5134953257077656,False,-1.1644499498822853,False
2003-11-29,Pennsylvania,Lancaster,85,Percent of days with PM2.5 levels over the National Ambient Air Quality Standard (NAAQS),1.0789253320758865,False,0.7987358777974866,False
2003-11-30,Pennsylvania,Lancaster,85,Percent of days with PM2.5 levels over the National Ambient Air Quality Standard (NAAQS),0.8836105657789476,False,0.12363203607845492,False
2003-12-01,Pennsylvania,Lancaster,85,Percent of days with PM2.5 levels over the National Ambient Air Quality Standard (NAAQS),0.9330142172609008,False,0.3068441785832632,False
2003-12-02,Pennsylvania,Lancaster,85,Percent of days with PM2.5 levels over the National Ambient Air Quality Standard (NAAQS),0.8272283717759162,False,-0.05199364439695652,False
2003-12-03,Pennsylvania,Lancaster,85,Percent of days with PM2.5 levels over the National Ambient Air Quality Standard (NAAQS),1.1598443815956754,False,1.0500954400032196,False
2003-12-04,Pennsylvania,Lancaster,85,Percent of days with PM2.5 levels over the National Ambient Air Quality Standard (NAAQS),1.3753987498772262,False,1.724735886169126,False
2003-12-05,Pennsylvania,Lancaster,85,Percent of days with PM2.5 levels over the National Ambient Air Quality Standard (NAAQS),0.1903818214306177,False,-1.994542321078402,False
2003-12-06,Pennsylvania,Lancaster,85,Percent of days with PM2.5 levels over the National Ambient Air Quality Standard (NAAQS),0.7960042124244953,False,-0.17590913083618362,False
2003-12-07,Pennsylvania,Lancaster,85,Percent of days with PM2.5 levels over the National Ambient Air Quality Standard (NAAQS),0.928536976888824,False,0.2191167021515413,False
2003-12-08,Pennsylvania,Lancaster,85,Percent of days with PM2.5 levels over the National Ambient Air Quality Standard (NAAQS),1.290787317895589,False,1.311119610908901,False
2003-12-09,Pennsylvania,Lancaster,85,Percent of days with PM2.5 levels over the National Ambient Air Quality Standard (NAAQS),1.0174611593155587,False,0.3457495375629671,False
2003-12-10,Pennsylvania,Lancaster,85,Percent of days with PM2.5 levels over the National Ambient Air Quality Standard (NAAQS),0.6063934956852525,False,-1.0878260001925129,False
2003-12-11,Pennsylvania,Lancaster,85,Percent of days with PM2.5 levels over the National Ambient Air Quality Standard (NAAQS),0.971417743126614,False,0.19303962281055495,False
2003-12-12,Pennsylvania,Lancaster,85,Percent of days with PM2.5 levels over the National Ambient Air Quality Standard (NAAQS),0.678254577423478,False,-0.8050618795038303,False
2003-12-13,Pennsylvania,Lancaster,85,Percent of days with PM2.5 levels over the National Ambient Air Quality Standard (NAAQS),1.0066893055974049,False,0.3051092375388089,False
2003-12-14,Pennsylvania,Lancaster,85,Percent of days with PM2.5 levels over the National Ambient Air Quality Standard (NAAQS),0.6304210043336782,False,-0.9473511167596012,False
2003-12-15,Pennsylvania,Lancaster,85,Percent of days with PM2.5 levels over the National Ambient Air Quality Standard (NAAQS),0.9813382610365632,False,0.3536053073030909,False
2003-12-16,Pennsylvania,Lancaster,85,Percent of days with PM2.5 levels over the National Ambient Air Quality Standard (NAAQS),1.3622707339733964,False,1.636805105736282,False
2003-12-17,Pennsylvania,Lancaster,85,Percent of days with PM2.5 levels over the National Ambient Air Quality Standard (NAAQS),0.77471822648168,False,-0.40748383003418925,False
2003-12-18,Pennsylvania,Lancaster,85,Percent of days with PM2.5 levels over the National Ambient Air Quality Standard (NAAQS),0.9234265850897128,False,0.07641285340139616,False
2003-12-19,Pennsylvania,Lancaster,85,Percent of days with PM2.5 levels over the National Ambient Air Quality Standard (NAAQS),0.6185746583591155,False,-0.9502008867239545,False
2003-12-20,Pennsylvania,Lancaster,85,Percent of days with PM2.5 levels over the National Ambient Air Quality Standard (NAAQS),0.7017294686340321,False,-0.6048071176196427,False
2003-12-21,Pennsylvania,Lancaster,85,Percent of days with PM2.5 levels over the National Ambient Air Quality Standard (NAAQS),1.0779999815563082,False,0.71459669101703,False
2003-12-22,Pennsylvania,Lancaster,85,Percent of days with PM2.5 levels over the National Ambient Air Quality Standard (NAAQS),0.4212516627687455,False,-1.6156677520942389,False
2003-12-23,Pennsylvania,Lancaster,85,Percent of days with PM2.5 levels over the National Ambient Air Quality Standard (NAAQS),1.2809684616652666,False,1.3256894892847286,False
2003-12-24,Pennsylvania,Lancaster,85,Percent of days with PM2.5 levels over the National Ambient Air Quality Standard (NAAQS),1.665751019131512,False,2.2795090313024837,False
2003-12-25,Pennsylvania,Lancaster,85,Percent of days with PM2.5 levels over the National Ambient Air Quality Standard (NAAQS),0.7809800064414723,False,-0.40416382617426067,False
2003-12-26,Pennsylvania,Lancaster,85,Percent of days with PM2.5 levels over the National Ambient Air Quality Standard (NAAQS),1.1610022172885084,False,0.72943412831691,False
2003-12-27,Pennsylvania,Lancaster,85,Percent of days with PM2.5 levels over the National Ambient Air Quality Standard (NAAQS),1.0871614716174878,False,0.4920143569106618,False
2003-12-28,Pennsylvania,Lancaster,85,Percent of days with PM2.5 levels over the National Ambient Air Quality Standard (NAAQS),1.1351151377534414,False,0.6124808989850795,False
2003-12-29,Pennsylvania,Lancaster,85,Percent of days with PM2.5 levels over the National Ambient Air Quality Standard (NAAQS),1.349753089057507,False,1.2113432462209066,False
2003-12-30,Pennsylvania,Lancaster,85,Percent of days with PM2.5 levels over the National Ambient Air Quality Standard (NAAQS),0.9025373717914664,False,-0.17732599052226475,False
2003-12-31,Pennsylvania,Lancaster,85,Percent of days with PM2.5 levels over the National Ambient Air Quality Standard (NAAQS),1.0096808356083191,False,0.17186114544095274,False
2004-01-01,Pennsylvania,Lancaster,85,Percent of days with PM2.5 levels over the National Ambient Air Quality Standard (NAAQS),0.1522529759594599,False,-2.2046499310952163,False
2004-01-02,Pennsylvania,Lancaster,85,Percent of days with PM2.5 levels over the National Ambient Air Quality Standard (NAAQS),0.2600235130839455,False,-1.927726807910461,False
2004-01-03,Pennsylvania,Lancaster,85,Percent of days with PM2.5 levels over the National Ambient Air Quality Standard (NAAQS),0.3447960016496109,False,-1.5559725424298037,False
2004-01-04,Pennsylvania,Lancaster,85,Percent of days with PM2.5 levels over the National Ambient Air Quality Standard (NAAQS),0.1676561570628683,False,-1.8448339101212818,False
2004-01-05,Pennsylvania,Lancaster,85,Percent of days with PM2.5 levels over the National Ambient Air Quality Standard (NAAQS),0.2444805618478951,False,-1.5114415550634832,False
2004-01-06,Pennsylvania,Lancaster,85,Percent of days with PM2.5 levels over the National Ambient Air Quality Standard (NAAQS),0.271906490952327,False,-1.3308111490346015,False
2004-01-07,Pennsylvania,Lancaster,85,Percent of days with PM2.5 levels over the National Ambient Air Quality Standard (NAAQS),0.2698895567985002,False,-1.2707957182510456,False
2004-01-08,Pennsylvania,Lancaster,85,Percent of days with PM2.5 levels over the National Ambient Air Quality Standard (NAAQS),0.2516299336463461,False,-1.220707131533686,False
2004-01-09,Pennsylvania,Lancaster,85,Percent of days with PM2.5 levels over the National Ambient Air Quality Standard (NAAQS),0.2055519283349379,False,-1.251388178304598,False
2004-01-10,Pennsylvania,Lancaster,85,Percent of days with PM2.5 levels over the National Ambient Air Quality Standard (NAAQS),0.2778965659989804,False,-1.0121612210661364,False
2004-01-11,Pennsylvania,Lancaster,85,Percent of days with PM2.5 levels over the National Ambient Air Quality Standard (NAAQS),0.2098250388253589,False,-1.1062085390819445,False
2004-01-12,Pennsylvania,Lancaster,85,Percent of days with PM2.5 levels over the National Ambient Air Quality Standard (NAAQS),0.1809134852040775,False,-1.0889511875066473,False
2004-01-13,Pennsylvania,Lancaster,85,Percent of days with PM2.5 levels over the National Ambient Air Quality Standard (NAAQS),0.3365262576782511,False,-0.6945713936370124,False
2004-01-14,Pennsylvania,Lancaster,85,Percent of days with PM2.5 levels over the National Ambient Air Quality Standard (NAAQS),0.341827626124595,False,-0.6437211282652125,False
2004-01-15,Pennsylvania,Lancaster,85,Percent of days with PM2.5 levels over the National Ambient Air Quality Standard (NAAQS),0.1858256681073536,False,-0.9258787642488422,False
2004-01-16,Pennsylvania,Lancaster,85,Percent of days with PM2.5 levels over the National Ambient Air Quality Standard (NAAQS),0.3151788462571807,False,-0.6105904694275963,False
2004-01-17,Pennsylvania,Lancaster,85,Percent of days with PM2.5 levels over the National Ambient Air Quality Standard (NAAQS),0.2686665921972806,False,-0.6737481832836671,False
2004-01-18,Pennsylvania,Lancaster,85,Percent of days with PM2.5 levels over the National Ambient Air Quality Standard (NAAQS),0.1808663751081194,False,-0.8043520806427524,False
2004-01-19,Pennsylvania,Lancaster,85,Percent of days with PM2.5 levels over the National Ambient Air Quality Standard (NAAQS),0.2908629887284806,False,-0.5486792652160634,False
2004-01-20,Pennsylvania,Lancaster,85,Percent of days with PM2.5 levels over the National Ambient Air Quality Standard (NAAQS),0.1266390407694291,False,-0.8522755936806552,False
2004-01-21,Pennsylvania,Lancaster,85,Percent of days with PM2.5 levels over the National Ambient Air Quality Standard (NAAQS),0.2470636487185045,False,-0.5376773684797334,False
2004-01-22,Pennsylvania,Lancaster,85,Percent of days with PM2.5 levels over the National Ambient Air Quality Standard (NAAQS),0.2478660963549585,False,-0.48993425174086297,False
2004-01-23,Pennsylvania,Lancaster,85,Percent of days with PM2.5 levels over the National Ambient Air Quality Standard (NAAQS),0.2013541358745287,False,-0.5636715137282287,False
2004-01-24,Pennsylvania,Lancaster,85,Percent of days with PM2.5 levels over the National Ambient Air Quality Standard (NAAQS),0.1954932936782689,False,-0.5283143302665074,False
2004-01-25,Pennsylvania,Lancaster,85,Percent of days with PM2.5 levels over the National Ambient Air Quality Standard (NAAQS),0.2639097559791971,False,-0.24415770161110675,False
2004-01-26,Pennsylvania,Lancaster,85,Percent of days with PM2.5 levels over the National Ambient Air Quality Standard (NAAQS),0.2843337427550612,False,-0.04995502491860676,False
2004-01-27,Pennsylvania,Lancaster,85,Percent of days with PM2.5 levels over the National Ambient Air Quality Standard (NAAQS),0.3476442838841834,False,0.46957190535320337,False
2004-01-28,Pennsylvania,Lancaster,85,Percent of days with PM2.5 levels over the National Ambient Air Quality Standard (NAAQS),0.1908102754893323,False,-0.8876556618577035,False
2004-01-29,Pennsylvania,Lancaster,85,Percent of days with PM2.5 levels over the National Ambient Air Quality Standard (NAAQS),0.2702350908787598,False,0.3583616404648834,False
2004-01-30,Pennsylvania,Lancaster,85,Percent of days with PM2.5 levels over the National Ambient Air Quality Standard (NAAQS),0.1517980375606059,False,-1.5279704384352026,False
2004-01-31,Pennsylvania,Lancaster,85,Percent of days with PM2.5 levels over the National Ambient Air Quality Standard (NAAQS),0.1448230986840747,False,-1.5342686520720497,False
2004-02-01,Pennsylvania,Lancaster,85,Percent of days with PM2.5 levels over the National Ambient Air Quality Standard (NAAQS),0.2362431495284821,False,-0.07541278866955811,False
2004-02-02,Pennsylvania,Lancaster,85,Percent of days with PM2.5 levels over the National Ambient Air Quality Standard (NAAQS),0.4288158665713805,False,2.6244518615379797,False
2004-02-03,Pennsylvania,Lancaster,85,Percent of days with PM2.5 levels over the National Ambient Air Quality Standard (NAAQS),0.2386252612146222,False,-0.10847617159590191,False
2004-02-04,Pennsylvania,Lancaster,85,Percent of days with PM2.5 levels over the National Ambient Air Quality Standard (NAAQS),0.2157629613685315,False,-0.41134993139467907,False
2004-02-05,Pennsylvania,Lancaster,85,Percent of days with PM2.5 levels over the National Ambient Air Quality Standard (NAAQS),0.2550404525220519,False,0.15544583340543305,False
2004-02-06,Pennsylvania,Lancaster,85,Percent of days with PM2.5 levels over the National Ambient Air Quality Standard (NAAQS),0.2829015269627553,False,0.5191487789292653,False
2004-02-07,Pennsylvania,Lancaster,85,Percent of days with PM2.5 levels over the National Ambient Air Quality Standard (NAAQS),0.1039582722517272,False,-1.8544755298048916,False
2004-02-08,Pennsylvania,Lancaster,85,Percent of days with PM2.5 levels over the National Ambient Air Quality Standard (NAAQS),0.2383780345411735,False,-0.04746673364569229,False
2004-02-09,Pennsylvania,Lancaster,85,Percent of days with PM2.5 levels over the National Ambient Air Quality Standard (NAAQS),0.2881906028902702,False,0.581492511016338,False
2004-02-10,Pennsylvania,Lancaster,85,Percent of days with PM2.5 levels over the National Ambient Air Quality Standard (NAAQS),0.3586721877328663,False,1.5118622056477549,False
2004-02-11,Pennsylvania,Lancaster,85,Percent of days with PM2.5 levels over the National Ambient Air Quality Standard (NAAQS),0.2163066349481787,False,-0.35705696661819153,False
2004-02-12,Pennsylvania,Lancaster,85,Percent of days with PM2.5 levels over the National Ambient Air Quality Standard (NAAQS),0.2409888329993941,False,-0.04204035553964102,False
2004-02-13,Pennsylvania,Lancaster,85,Percent of days with PM2.5 levels over the National Ambient Air Quality Standard (NAAQS),0.2000217842187416,False,-0.5676385194895655,False
2004-02-14,Pennsylvania,Lancaster,85,Percent of days with PM2.5 levels over the National Ambient Air Quality Standard (NAAQS),0.1183513427884734,False,-1.5785836079587463,False
2004-02-15,Pennsylvania,Lancaster,85,Percent of days with PM2.5 levels over the National Ambient Air Quality Standard (NAAQS),0.3093284965898272,False,0.9477846094441789,False
2004-02-16,Pennsylvania,Lancaster,85,Percent of days with PM2.5 levels over the National Ambient Air Quality Standard (NAAQS),0.3159642927068741,False,1.0143175389498105,False
2004-02-17,Pennsylvania,Lancaster,85,Percent of days with PM2.5 levels over the National Ambient Air Quality Standard (NAAQS),0.3000342160362279,False,0.744787865197132,False
2004-02-18,Pennsylvania,Lancaster,85,Percent of days with PM2.5 levels over the National Ambient Air Quality Standard (NAAQS),0.1933341345128467,False,-0.6975752710796511,False
2004-02-19,Pennsylvania,Lancaster,85,Percent of days with PM2.5 levels over the National Ambient Air Quality Standard (NAAQS),0.2042285268972642,False,-0.5242223132673457,False
2004-02-20,Pennsylvania,Lancaster,85,Percent of days with PM2.5 levels over the National Ambient Air Quality Standard (NAAQS),0.386848899883625,False,1.7686814808528617,False
2004-02-21,Pennsylvania,Lancaster,85,Percent of days with PM2.5 levels over the National Ambient Air Quality Standard (NAAQS),0.2280145692703002,False,-0.2912002094009636,False
2004-02-22,Pennsylvania,Lancaster,85,Percent of days with PM2.5 levels over the National Ambient Air Quality Standard (NAAQS),0.0161177035520194,False,-2.5371698047064566,False
2004-02-23,Pennsylvania,Lancaster,85,Percent of days with PM2.5 levels over the National Ambient Air Quality Standard (NAAQS),0.3270685704124547,False,0.932250276132253,False
2004-02-24,Pennsylvania,Lancaster,85,Percent of days with PM2.5 levels over the National Ambient Air Quality Standard (NAAQS),0.3826511980754078,False,1.506915727253532,False
2004-02-25,Pennsylvania,Lancaster,85,Percent of days with PM2.5 levels over the National Ambient Air Quality Standard (NAAQS),0.2382222380228839,False,-0.08647885323297337,False
2004-02-26,Pennsylvania,Lancaster,85,Percent of days with PM2.5 levels over the National Ambient Air Quality Standard (NAAQS),0.3791286337734918,False,1.3668452125356239,False
2004-02-27,Pennsylvania,Lancaster,85,Percent of days with PM2.5 levels over the National Ambient Air Quality Standard (NAAQS),0.200712604690576,False,-0.5484805884887897,False
2004-02-28,Pennsylvania,Lancaster,85,Percent of days with PM2.5 levels over the National Ambient Air Quality Standard (NAAQS),0.1864901485509577,False,-0.7287177104307716,False
2004-02-29,Pennsylvania,Lancaster,85,Percent of days with PM2.5 levels over the National Ambient Air Quality Standard (NAAQS),0.2891144580222468,False,0.3704848382952666,False
2004-03-01,Pennsylvania,Lancaster,85,Percent of days with PM2.5 levels over the National Ambient Air Quality Standard (NAAQS),0.3088567765012309,False,0.6749136438044476,False
2004-03-02,Pennsylvania,Lancaster,85,Percent of days with PM2.5 levels over the National Ambient Air Quality Standard (NAAQS),0.2565195155627244,False,0.05873300847085585,False
2004-03-03,Pennsylvania,Lancaster,85,Percent of days with PM2.5 levels over the National Ambient Air Quality Standard (NAAQS),0.2479583154077587,False,-0.05443578581800263,False
2004-03-04,Pennsylvania,Lancaster,85,Percent of days with PM2.5 levels over the National Ambient Air Quality Standard (NAAQS),0.3879337116971353,False,1.4604139512764787,False
2004-03-05,Pennsylvania,Lancaster,85,Percent of days with PM2.5 levels over the National Ambient Air Quality Standard (NAAQS),0.1183483656434239,False,-1.4316560938279586,False
2004-03-06,Pennsylvania,Lancaster,85,Percent of days with PM2.5 levels over the National Ambient Air Quality Standard (NAAQS),0.2850384664677303,False,0.30582417298070275,False
2004-03-07,Pennsylvania,Lancaster,85,Percent of days with PM2.5 levels over the National Ambient Air Quality Standard (NAAQS),0.2774037436057004,False,0.20389266971171646,False
2004-03-08,Pennsylvania,Lancaster,85,Percent of days with PM2.5 levels over the National Ambient Air Quality Standard (NAAQS),0.2577969043811071,False,-0.005312080855542795,False
2004-03-09,Pennsylvania,Lancaster,85,Percent of days with PM2.5 levels over the National Ambient Air Quality Standard (NAAQS),0.2901388632506768,False,0.3972277340772038,False
2004-03-10,Pennsylvania,Lancaster,85,Percent of days with PM2.5 levels over the National Ambient Air Quality Standard (NAAQS),0.1465754453686372,False,-1.2054501958857058,False
2004-03-11,Pennsylvania,Lancaster,85,Percent of days with PM2.5 levels over the National Ambient Air Quality Standard (NAAQS),0.3538380865522144,False,1.0658104201345628,False
2004-03-12,Pennsylvania,Lancaster,85,Percent of days with PM2.5 levels over the National Ambient Air Quality Standard (NAAQS),0.2497612887250541,False,-0.10433667158025668,False
2004-03-13,Pennsylvania,Lancaster,85,Percent of days with PM2.5 levels over the National Ambient Air Quality Standard (NAAQS),0.145256907011138,False,-1.2989100944376548,False
2004-03-14,Pennsylvania,Lancaster,85,Percent of days with PM2.5 levels over the National Ambient Air Quality Standard (NAAQS),0.2867635047499137,False,0.3120268537088549,False
2004-03-15,Pennsylvania,Lancaster,85,Percent of days with PM2.5 levels over the National Ambient Air Quality Standard (NAAQS),0.4279708972163248,False,1.768531486976082,False
2004-03-16,Pennsylvania,Lancaster,85,Percent of days with PM2.5 levels over the National Ambient Air Quality Standard (NAAQS),0.2004675010625722,False,-0.6334486889812173,False
2004-03-17,Pennsylvania,Lancaster,85,Percent of days with PM2.5 levels over the National Ambient Air Quality Standard (NAAQS),0.1861763034900657,False,-0.7818099248026666,False
2004-03-18,Pennsylvania,Lancaster,85,Percent of days with PM2.5 levels over the National Ambient Air Quality Standard (NAAQS),0.3527130828622643,False,0.9283946107566131,False
2004-03-19,Pennsylvania,Lancaster,85,Percent of days with PM2.5 levels over the National Ambient Air Quality Standard (NAAQS),0.2861877052723023,False,0.2724222892832673,False
2004-03-20,Pennsylvania,Lancaster,85,Percent of days with PM2.5 levels over the National Ambient Air Quality Standard (NAAQS),0.2617463892857071,False,-0.007045272803921644,False
2004-03-21,Pennsylvania,Lancaster,85,Percent of days with PM2.5 levels over the National Ambient Air Quality Standard (NAAQS),0.1390004279221203,False,-1.5636819805805777,False
2004-03-22,Pennsylvania,Lancaster,85,Percent of days with PM2.5 levels over the National Ambient Air Quality Standard (NAAQS),0.1035600705971387,False,-1.7968839505772203,False
2004-03-23,Pennsylvania,Lancaster,85,Percent of days with PM2.5 levels over the National Ambient Air Quality Standard (NAAQS),0.2778995684376003,False,0.2751079073458695,False
2004-03-24,Pennsylvania,Lancaster,85,Percent of days with PM2.5 levels over the National Ambient Air Quality Standard (NAAQS),0.2748444449252356,False,0.22252604121916084,False
2004-03-25,Pennsylvania,Lancaster,85,Percent of days with PM2.5 levels over the National Ambient Air Quality Standard (NAAQS),0.1862324922986475,False,-0.7861525790828323,False
2004-03-26,Pennsylvania,Lancaster,85,Percent of days with PM2.5 levels over the National Ambient Air Quality Standard (NAAQS),0.1611030487119123,False,-1.064690686372727,False
2004-03-27,Pennsylvania,Lancaster,85,Percent of days with PM2.5 levels over the National Ambient Air Quality Standard (NAAQS),0.2227352608675794,False,-0.32885871551715157,False
2004-03-28,Pennsylvania,Lancaster,85,Percent of days with PM2.5 levels over the National Ambient Air Quality Standard (NAAQS),0.1992857799785012,False,-0.5778772463841325,False
2004-03-29,Pennsylvania,Lancaster,85,Percent of days with PM2.5 levels over the National Ambient Air Quality Standard (NAAQS),0.3691816419394322,False,1.4462358137667086,False
2004-03-30,Pennsylvania,Lancaster,85,Percent of days with PM2.5 levels over the National Ambient Air Quality Standard (NAAQS),0.392112400548642,False,1.5811039485893241,False
2004-03-31,Pennsylvania,Lancaster,85,Percent of days with PM2.5 levels over the National Ambient Air Quality Standard (NAAQS),0.1425919874916119,False,-1.1820128228126092,False
2004-04-01,Pennsylvania,Lancaster,85,Percent of days with PM2.5 levels over the National Ambient Air Quality Standard (NAAQS),0.2291970225166808,False,-0.168355056781153,False
2004-04-02,Pennsylvania,Lancaster,85,Percent of days with PM2.5 levels over the National Ambient Air Quality Standard (NAAQS),0.180915977659042,False,-0.7777179157630568,False
2004-04-03,Pennsylvania,Lancaster,85,Percent of days with PM2.5 levels over the National Ambient Air Quality Standard (NAAQS),0.328962634067863,False,0.9606797285661223,False
2004-04-04,Pennsylvania,Lancaster,85,Percent of days with PM2.5 levels over the National Ambient Air Quality Standard (NAAQS),0.3338832320740505,False,0.9787887844307042,False
2004-04-05,Pennsylvania,Lancaster,85,Percent of days with PM2.5 levels over the National Ambient Air Quality Standard (NAAQS),0.2511179307589912,False,0.021172996918094992,False
2004-04-06,Pennsylvania,Lancaster,85,Percent of days with PM2.5 levels over the National Ambient Air Quality Standard (NAAQS),0.3049150907179285,False,0.6371527379102885,False
2004-04-07,Pennsylvania,Lancaster,85,Percent of days with PM2.5 levels over the National Ambient Air Quality Standard (NAAQS),0.2464052895051845,False,-0.08303317298537108,False
2004-04-08,Pennsylvania,Lancaster,85,Percent of days with PM2.5 levels over the National Ambient Air Quality Standard (NAAQS),0.3088327149480561,False,0.6915310076356151,False
2004-04-09,Pennsylvania,Lancaster,85,Percent of days with PM2.5 levels over the National Ambient Air Quality Standard (NAAQS),0.2094711071302936,False,-0.4930543489270815,False
2004-04-10,Pennsylvania,Lancaster,85,Percent of days with PM2.5 levels over the National Ambient Air Quality Standard (NAAQS),0.3462352600224899,False,1.0799161675288325,False
2004-04-11,Pennsylvania,Lancaster,85,Percent of days with PM2.5 levels over the National Ambient Air Quality Standard (NAAQS),0.1839248792383503,False,-0.841509067827415,False
2004-04-12,Pennsylvania,Lancaster,85,Percent of days with PM2.5 levels over the National Ambient Air Quality Standard (NAAQS),0.2967076193381178,False,0.6229624226653402,False
2004-04-13,Pennsylvania,Lancaster,85,Percent of days with PM2.5 levels over the National Ambient Air Quality Standard (NAAQS),0.2675422423308572,False,0.2109543588302868,False
2004-04-14,Pennsylvania,Lancaster,85,Percent of days with PM2.5 levels over the National Ambient Air Quality Standard (NAAQS),0.2554774536696612,False,0.01940297213662668,False
2004-04-15,Pennsylvania,Lancaster,85,Percent of days with PM2.5 levels over the National Ambient Air Quality Standard (NAAQS),0.34318872862546,False,1.2052484155251595,False
2004-04-16,Pennsylvania,Lancaster,85,Percent of days with PM2.5 levels over the National Ambient Air Quality Standard (NAAQS),0.2154445732604317,False,-0.48060529476210867,False
2004-04-17,Pennsylvania,Lancaster,85,Percent of days with PM2.5 levels over the National Ambient Air Quality Standard (NAAQS),0.2349696717072396,False,-0.20492100980379194,False
2004-04-18,Pennsylvania,Lancaster,85,Percent of days with PM2.5 levels over the National Ambient Air Quality Standard (NAAQS),0.1527541323654678,False,-1.3302443567225324,False
2004-04-19,Pennsylvania,Lancaster,85,Percent of days with PM2.5 levels over the National Ambient Air Quality Standard (NAAQS),0.2474067127060164,False,-0.12435264756139246,False
2004-04-20,Pennsylvania,Lancaster,85,Percent of days with PM2.5 levels over the National Ambient Air Quality Standard (NAAQS),0.1594644827428227,False,-1.3163367005674442,False
2004-04-21,Pennsylvania,Lancaster,85,Percent of days with PM2.5 levels over the National Ambient Air Quality Standard (NAAQS),0.2970614074187336,False,0.6344829604758584,False
2004-04-22,Pennsylvania,Lancaster,85,Percent of days with PM2.5 levels over the National Ambient Air Quality Standard (NAAQS),0.3115984899353001,False,0.7815880956939348,False
2004-04-23,Pennsylvania,Lancaster,85,Percent of days with PM2.5 levels over the National Ambient Air Quality Standard (NAAQS),0.3011810621948433,False,0.5789151394595577,False
2004-04-24,Pennsylvania,Lancaster,85,Percent of days with PM2.5 levels over the National Ambient Air Quality Standard (NAAQS),0.2543729553772396,False,-0.12795591792065317,False
2004-04-25,Pennsylvania,Lancaster,85,Percent of days with PM2.5 levels over the National Ambient Air Quality Standard (NAAQS),0.1938740816152294,False,-1.018686551396308,False
2004-04-26,Pennsylvania,Lancaster,85,Percent of days with PM2.5 levels over the National Ambient Air Quality Standard (NAAQS),0.3405126278193771,False,1.18903118455311,False
2004-04-27,Pennsylvania,Lancaster,85,Percent of days with PM2.5 levels over the National Ambient Air Quality Standard (NAAQS),0.1297214117225388,False,-1.8690977680966887,False
2004-04-28,Pennsylvania,Lancaster,85,Percent of days with PM2.5 levels over the National Ambient Air Quality Standard (NAAQS),0.2538656931763706,False,-0.04075126313369588,False
2004-04-29,Pennsylvania,Lancaster,85,Percent of days with PM2.5 levels over the National Ambient Air Quality Standard (NAAQS),0.1697649839781708,False,-1.321019533812392,False
2004-04-30,Pennsylvania,Lancaster,85,Percent of days with PM2.5 levels over the National Ambient Air Quality Standard (NAAQS),0.3142415757119272,False,0.872661212229348,False
2004-05-01,Pennsylvania,Lancaster,85,Percent of days with PM2.5 levels over the National Ambient Air Quality Standard (NAAQS),0.231433850885373,False,-0.38930442177728225,False
2004-05-02,Pennsylvania,Lancaster,85,Percent of days with PM2.5 levels over the National Ambient Air Quality Standard (NAAQS),0.2683033495580571,False,0.2512568844930929,False
2004-05-03,Pennsylvania,Lancaster,85,Percent of days with PM2.5 levels over the National Ambient Air Quality Standard (NAAQS),0.2237505621482424,False,-0.47195994599222607,False
2004-05-04,Pennsylvania,Lancaster,85,Percent of days with PM2.5 levels over the National Ambient Air Quality Standard (NAAQS),0.27378186536095,False,0.3801652087463952,False
2004-05-05,Pennsylvania,Lancaster,85,Percent of days with PM2.5 levels over the National Ambient Air Quality Standard (NAAQS),0.155589379107551,False,-1.4814507396565453,False
2004-05-06,Pennsylvania,Lancaster,85,Percent of days with PM2.5 levels over the National Ambient Air Quality Standard (NAAQS),0.1956383100446064,False,-0.7790367615245892,False
2004-05-07,Pennsylvania,Lancaster,85,Percent of days with PM2.5 levels over the National Ambient Air Quality Standard (NAAQS),0.1390207432000719,False,-1.58154443092752,False
2004-05-08,Pennsylvania,Lancaster,85,Percent of days with PM2.5 levels over the National Ambient Air Quality Standard (NAAQS),0.399490858465261,False,2.2797976346099755,False
2004-05-09,Pennsylvania,Lancaster,85,Percent of days with PM2.5 levels over the National Ambient Air Quality Standard (NAAQS),0.2958221373218693,False,0.7124906788078221,False
2004-05-10,Pennsylvania,Lancaster,85,Percent of days with PM2.5 levels over the National Ambient Air Quality Standard (NAAQS),0.2012509448479123,False,-0.6253882529804033,False
2004-05-11,Pennsylvania,Lancaster,85,Percent of days with PM2.5 levels over the National Ambient Air Quality Standard (NAAQS),0.1540258528285876,False,-1.2258229965765712,False
2004-05-12,Pennsylvania,Lancaster,85,Percent of days with PM2.5 levels over the National Ambient Air Quality Standard (NAAQS),0.1554757104663092,False,-1.1266326173925438,False
2004-05-13,Pennsylvania,Lancaster,85,Percent of days with PM2.5 levels over the National Ambient Air Quality Standard (NAAQS),0.3302133773852669,False,1.3318400920913742,False
2004-05-14,Pennsylvania,Lancaster,85,Percent of days with PM2.5 levels over the National Ambient Air Quality Standard (NAAQS),0.2685020038878461,False,0.4344832879822952,False
2004-05-15,Pennsylvania,Lancaster,85,Percent of days with PM2.5 levels over the National Ambient Air Quality Standard (NAAQS),0.152894203292239,False,-1.1221490619901022,False
2004-05-16,Pennsylvania,Lancaster,85,Percent of days with PM2.5 levels over the National Ambient Air Quality Standard (NAAQS),0.2564742856038942,False,0.25415744288088177,False
2004-05-17,Pennsylvania,Lancaster,85,Percent of days with PM2.5 levels over the National Ambient Air Quality Standard (NAAQS),0.2044558737134275,False,-0.45343102292896414,False
2004-05-18,Pennsylvania,Lancaster,85,Percent of days with PM2.5 levels over the National Ambient Air Quality Standard (NAAQS),0.2392515387787143,False,-0.006408002143134064,False
2004-05-19,Pennsylvania,Lancaster,85,Percent of days with PM2.5 levels over the National Ambient Air Quality Standard (NAAQS),0.311622413598445,False,1.0155791581659053,False
2004-05-20,Pennsylvania,Lancaster,85,Percent of days with PM2.5 levels over the National Ambient Air Quality Standard (NAAQS),0.1387334248188447,False,-1.3350952335343824,False
2004-05-21,Pennsylvania,Lancaster,85,Percent of days with PM2.5 levels over the National Ambient Air Quality Standard (NAAQS),0.0904053148906602,False,-1.8132303258980227,False
2004-05-22,Pennsylvania,Lancaster,85,Percent of days with PM2.5 levels over the National Ambient Air Quality Standard (NAAQS),0.3086436768545084,False,1.0482227661064818,False
2004-05-23,Pennsylvania,Lancaster,85,Percent of days with PM2.5 levels over the National Ambient Air Quality Standard (NAAQS),0.3211915663015944,False,1.1286909385155073,False
2004-05-24,Pennsylvania,Lancaster,85,Percent of days with PM2.5 levels over the National Ambient Air Quality Standard (NAAQS),0.1312024106770881,False,-1.2174603176939498,False
2004-05-25,Pennsylvania,Lancaster,85,Percent of days with PM2.5 levels over the National Ambient Air Quality Standard (NAAQS),0.2472751050048072,False,0.2332267155291139,False
2004-05-26,Pennsylvania,Lancaster,85,Percent of days with PM2.5 levels over the National Ambient Air Quality Standard (NAAQS),0.1651991655538666,False,-0.8067967255490395,False
2004-05-27,Pennsylvania,Lancaster,85,Percent of days with PM2.5 levels over the National Ambient Air Quality Standard (NAAQS),0.3160821634770068,False,1.0943829090679693,False
2004-05-28,Pennsylvania,Lancaster,85,Percent of days with PM2.5 levels over the National Ambient Air Quality Standard (NAAQS),0.2397211474482512,False,0.1406641381288311,False
2004-05-29,Pennsylvania,Lancaster,85,Percent of days with PM2.5 levels over the National Ambient Air Quality Standard (NAAQS),0.2182523324927862,False,-0.13799168113763133,False
2004-05-30,Pennsylvania,Lancaster,85,Percent of days with PM2.5 levels over the National Ambient Air Quality Standard (NAAQS),0.2634499166779188,False,0.46454896306214544,False
2004-05-31,Pennsylvania,Lancaster,85,Percent of days with PM2.5 levels over the National Ambient Air Quality Standard (NAAQS),0.2879646592338147,False,0.7515078208195165,False
2004-06-01,Pennsylvania,Lancaster,85,Percent of days with PM2.5 levels over the National Ambient Air Quality Standard (NAAQS),0.2017684962793431,False,-0.3486527099573065,False
2004-06-02,Pennsylvania,Lancaster,85,Percent of days with PM2.5 levels over the National Ambient Air Quality Standard (NAAQS),0.2231268758860427,False,-0.10050860756292375,False
2004-06-03,Pennsylvania,Lancaster,85,Percent of days with PM2.5 levels over the National Ambient Air Quality Standard (NAAQS),0.2249920717512187,False,-0.08990878310129452,False
2004-06-04,Pennsylvania,Lancaster,85,Percent of days with PM2.5 levels over the National Ambient Air Quality Standard (NAAQS),0.2141892921171384,False,-0.27984546316261266,False
2004-06-05,Pennsylvania,Lancaster,85,Percent of days with PM2.5 levels over the National Ambient Air Quality Standard (NAAQS),0.2493540172760086,False,0.31597305760867117,False
2004-06-06,Pennsylvania,Lancaster,85,Percent of days with PM2.5 levels over the National Ambient Air Quality Standard (NAAQS),0.2578479555006584,False,0.47665534944224186,False
2004-06-07,Pennsylvania,Lancaster,85,Percent of days with PM2.5 levels over the National Ambient Air Quality Standard (NAAQS),0.301235630331116,False,1.0830992487078537,False
2004-06-08,Pennsylvania,Lancaster,85,Percent of days with PM2.5 levels over the National Ambient Air Quality Standard (NAAQS),0.3249575198837533,False,1.3449115867542316,False
2004-06-09,Pennsylvania,Lancaster,85,Percent of days with PM2.5 levels over the National Ambient Air Quality Standard (NAAQS),0.2465536308368272,False,0.09493048853603081,False
2004-06-10,Pennsylvania,Lancaster,85,Percent of days with PM2.5 levels over the National Ambient Air Quality Standard (NAAQS),0.2624879755360993,False,0.4000034634924901,False
2004-06-11,Pennsylvania,Lancaster,85,Percent of days with PM2.5 levels over the National Ambient Air Quality Standard (NAAQS),0.2575547429614888,False,0.3262865529841376,False
2004-06-12,Pennsylvania,Lancaster,85,Percent of days with PM2.5 levels over the National Ambient Air Quality Standard (NAAQS),0.2535199410111766,False,0.20843434348047737,False
2004-06-13,Pennsylvania,Lancaster,85,Percent of days with PM2.5 levels over the National Ambient Air Quality Standard (NAAQS),0.3865233493591182,False,2.1777467580118923,False
2004-06-14,Pennsylvania,Lancaster,85,Percent of days with PM2.5 levels over the National Ambient Air Quality Standard (NAAQS),0.3073234606477678,False,0.8870388088327079,False
2004-06-15,Pennsylvania,Lancaster,85,Percent of days with PM2.5 levels over the National Ambient Air Quality Standard (NAAQS),0.2218004341418167,False,-0.41773574769755173,False
2004-06-16,Pennsylvania,Lancaster,85,Percent of days with PM2.5 levels over the National Ambient Air Quality Standard (NAAQS),0.3251125409658043,False,1.1502195828384827,False
2004-06-17,Pennsylvania,Lancaster,85,Percent of days with PM2.5 levels over the National Ambient Air Quality Standard (NAAQS),0.1840550235886363,False,-1.0578674078717671,False
2004-06-18,Pennsylvania,Lancaster,85,Percent of days with PM2.5 levels over the National Ambient Air Quality Standard (NAAQS),0.2735462764491415,False,0.28791317009169676,False
2004-06-19,Pennsylvania,Lancaster,85,Percent of days with PM2.5 levels over the National Ambient Air Quality Standard (NAAQS),0.0847505119227585,False,-2.613200655486094,False
2004-06-20,Pennsylvania,Lancaster,85,Percent of days with PM2.5 levels over the National Ambient Air Quality Standard (NAAQS),0.2609643741495462,False,0.2181266889854477,False
2004-06-21,Pennsylvania,Lancaster,85,Percent of days with PM2.5 levels over the National Ambient Air Quality Standard (NAAQS),0.2004296054113603,False,-0.8541110303827725,False
2004-06-22,Pennsylvania,Lancaster,85,Percent of days with PM2.5 levels over the National Ambient Air Quality Standard (NAAQS),0.2092283973126745,False,-0.6731899619802295,False
2004-06-23,Pennsylvania,Lancaster,85,Percent of days with PM2.5 levels over the National Ambient Air Quality Standard (NAAQS),0.1404352553738632,False,-1.7880005425829135,False
2004-06-24,Pennsylvania,Lancaster,85,Percent of days with PM2.5 levels over the National Ambient Air Quality Standard (NAAQS),0.2372426883876048,False,-0.13155031465703462,False
2004-06-25,Pennsylvania,Lancaster,85,Percent of days with PM2.5 levels over the National Ambient Air Quality Standard (NAAQS),0.2188964340284969,False,-0.4308119553433566,False
2004-06-26,Pennsylvania,Lancaster,85,Percent of days with PM2.5 levels over the National Ambient Air Quality Standard (NAAQS),0.2867139139774533,False,0.6787451116247517,False
2004-06-27,Pennsylvania,Lancaster,85,Percent of days with PM2.5 levels over the National Ambient Air Quality Standard (NAAQS),0.2932475767535084,False,0.7638882565300334,False
2004-06-28,Pennsylvania,Lancaster,85,Percent of days with PM2.5 levels over the National Ambient Air Quality Standard (NAAQS),0.2564377862392895,False,0.16670051854179235,False
2004-06-29,Pennsylvania,Lancaster,85,Percent of days with PM2.5 levels over the National Ambient Air Quality Standard (NAAQS),0.2623128460091709,False,0.2318331935122415,False
2004-06-30,Pennsylvania,Lancaster,85,Percent of days with PM2.5 levels over the National Ambient Air Quality Standard (NAAQS),0.3150787032995552,False,1.0577797999440246,False
2004-07-01,Pennsylvania,Lancaster,85,Percent of days with PM2.5 levels over the National Ambient Air Quality Standard (NAAQS),0.1644322103017371,False,-1.3849654717013187,False
2004-07-02,Pennsylvania,Lancaster,85,Percent of days with PM2.5 levels over the National Ambient Air Quality Standard (NAAQS),0.2559909837229157,False,0.07557886256767647,False
2004-07-03,Pennsylvania,Lancaster,85,Percent of days with PM2.5 levels over the National Ambient Air Quality Standard (NAAQS),0.2962555344569172,False,0.6985207176366041,False
2004-07-04,Pennsylvania,Lancaster,85,Percent of days with PM2.5 levels over the National Ambient Air Quality Standard (NAAQS),0.3007085509411706,False,0.7379927746048633,False
2004-07-05,Pennsylvania,Lancaster,85,Percent of days with PM2.5 levels over the National Ambient Air Quality Standard (NAAQS),0.370594299262348,False,1.7274136960888025,False
2004-07-06,Pennsylvania,Lancaster,85,Percent of days with PM2.5 levels over the National Ambient Air Quality Standard (NAAQS),0.2609235773136101,False,0.09581756113146285,False
2004-07-07,Pennsylvania,Lancaster,85,Percent of days with PM2.5 levels over the National Ambient Air Quality Standard (NAAQS),0.2426517606838499,False,-0.18574022868324555,False
2004-07-08,Pennsylvania,Lancaster,85,Percent of days with PM2.5 levels over the National Ambient Air Quality Standard (NAAQS),0.1513972578974433,False,-1.4755416168790112,False
2004-07-09,Pennsylvania,Lancaster,85,Percent of days with PM2.5 levels over the National Ambient Air Quality Standard (NAAQS),0.2114154540387215,False,-0.5555502075122547,False
2004-07-10,Pennsylvania,Lancaster,85,Percent of days with PM2.5 levels over the National Ambient Air Quality Standard (NAAQS),0.2514085422007566,False,0.03672464656386741,False
2004-07-11,Pennsylvania,Lancaster,85,Percent of days with PM2.5 levels over the National Ambient Air Quality Standard (NAAQS),0.2137718241148589,False,-0.4652102042774149,False
2004-07-12,Pennsylvania,Lancaster,85,Percent of days with PM2.5 levels over the National Ambient Air Quality Standard (NAAQS),0.1579635903278361,False,-1.2620645636337604,False
2004-07-13,Pennsylvania,Lancaster,85,Percent of days with PM2.5 levels over the National Ambient Air Quality Standard (NAAQS),0.1488682488097682,False,-1.3202328928949822,False
2004-07-14,Pennsylvania,Lancaster,85,Percent of days with PM2.5 levels over the National Ambient Air Quality Standard (NAAQS),0.2738315458331591,False,0.646751074149454,False
2004-07-15,Pennsylvania,Lancaster,85,Percent of days with PM2.5 levels over the National Ambient Air Quality Standard (NAAQS),0.1809471511976582,False,-0.8209643693288222,False
2004-07-16,Pennsylvania,Lancaster,85,Percent of days with PM2.5 levels over the National Ambient Air Quality Standard (NAAQS),0.1162923140862087,False,-1.6709671440665985,False
2004-07-17,Pennsylvania,Lancaster,85,Percent of days with PM2.5 levels over the National Ambient Air Quality Standard (NAAQS),0.2053403957458577,False,-0.4336730238616134,False
2004-07-18,Pennsylvania,Lancaster,85,Percent of days with PM2.5 levels over the National Ambient Air Quality Standard (NAAQS),0.2317315339180655,False,0.02013462027239152,False
2004-07-19,Pennsylvania,Lancaster,85,Percent of days with PM2.5 levels over the National Ambient Air Quality Standard (NAAQS),0.258594332895799,False,0.4324280083022123,False
2004-07-20,Pennsylvania,Lancaster,85,Percent of days with PM2.5 levels over the National Ambient Air Quality Standard (NAAQS),0.3153696340657073,False,1.2757287298774664,False
2004-07-21,Pennsylvania,Lancaster,85,Percent of days with PM2.5 levels over the National Ambient Air Quality Standard (NAAQS),0.1791115739657596,False,-0.9760603413811174,False
2004-07-22,Pennsylvania,Lancaster,85,Percent of days with PM2.5 levels over the National Ambient Air Quality Standard (NAAQS),0.2469367348642251,False,0.14673088719896601,False
2004-07-23,Pennsylvania,Lancaster,85,Percent of days with PM2.5 levels over the National Ambient Air Quality Standard (NAAQS),0.2202517250522334,False,-0.29800745799174033,False
2004-07-24,Pennsylvania,Lancaster,85,Percent of days with PM2.5 levels over the National Ambient Air Quality Standard (NAAQS),0.1811080332151696,False,-0.8842457803644398,False
2004-07-25,Pennsylvania,Lancaster,85,Percent of days with PM2.5 levels over the National Ambient Air Quality Standard (NAAQS),0.3545237576313655,False,1.8573403580361425,False
2004-07-26,Pennsylvania,Lancaster,85,Percent of days with PM2.5 levels over the National Ambient Air Quality Standard (NAAQS),0.2032333480601231,False,-0.49381992908952527,False
2004-07-27,Pennsylvania,Lancaster,85,Percent of days with PM2.5 levels over the National Ambient Air Quality Standard (NAAQS),0.2832197979305871,False,0.7451608574446706,False
2004-07-28,Pennsylvania,Lancaster,85,Percent of days with PM2.5 levels over the National Ambient Air Quality Standard (NAAQS),0.3173159419396036,False,1.273454152460001,False
2004-07-29,Pennsylvania,Lancaster,85,Percent of days with PM2.5 levels over the National Ambient Air Quality Standard (NAAQS),0.2915882268370468,False,0.8113764953532558,False
2004-07-30,Pennsylvania,Lancaster,85,Percent of days with PM2.5 levels over the National Ambient Air Quality Standard (NAAQS),0.2361058588479254,False,-0.050939504702494524,False
2004-07-31,Pennsylvania,Lancaster,85,Percent of days with PM2.5 levels over the National Ambient Air Quality Standard (NAAQS),0.2391250708408447,False,0.0292593785568929,False
2004-08-01,Pennsylvania,Lancaster,85,Percent of days with PM2.5 levels over the National Ambient Air Quality Standard (NAAQS),0.1297461903481384,False,-1.5762218847385034,False
2004-08-02,Pennsylvania,Lancaster,85,Percent of days with PM2.5 levels over the National Ambient Air Quality Standard (NAAQS),0.2649458406469126,False,0.6389173620465092,False
2004-08-03,Pennsylvania,Lancaster,85,Percent of days with PM2.5 levels over the National Ambient Air Quality Standard (NAAQS),0.3008881126931545,False,1.19968558067333,False
2004-08-04,Pennsylvania,Lancaster,85,Percent of days with PM2.5 levels over the National Ambient Air Quality Standard (NAAQS),0.300329620643347,False,1.1285948350060777,False
2004-08-05,Pennsylvania,Lancaster,85,Percent of days with PM2.5 levels over the National Ambient Air Quality Standard (NAAQS),0.3282786779960678,False,1.4656767991608641,False
2004-08-06,Pennsylvania,Lancaster,85,Percent of days with PM2.5 levels over the National Ambient Air Quality Standard (NAAQS),0.1473052957716371,False,-1.363720557364149,False
2004-08-07,Pennsylvania,Lancaster,85,Percent of days with PM2.5 levels over the National Ambient Air Quality Standard (NAAQS),0.1818667784065735,False,-0.7789588086062708,False
2004-08-08,Pennsylvania,Lancaster,85,Percent of days with PM2.5 levels over the National Ambient Air Quality Standard (NAAQS),0.2777718319412152,False,0.658254484830981,False
2004-08-09,Pennsylvania,Lancaster,85,Percent of days with PM2.5 levels over the National Ambient Air Quality Standard (NAAQS),0.1817223361159096,False,-0.8351342229950377,False
2004-08-10,Pennsylvania,Lancaster,85,Percent of days with PM2.5 levels over the National Ambient Air Quality Standard (NAAQS),0.3169563359377763,False,1.1786656719123603,False
2004-08-11,Pennsylvania,Lancaster,85,Percent of days with PM2.5 levels over the National Ambient Air Quality Standard (NAAQS),0.339796141969396,False,1.4447347365507912,False
2004-08-12,Pennsylvania,Lancaster,85,Percent of days with PM2.5 levels over the National Ambient Air Quality Standard (NAAQS),0.1809416938470717,False,-0.949572527602462,False
2004-08-13,Pennsylvania,Lancaster,85,Percent of days with PM2.5 levels over the National Ambient Air Quality Standard (NAAQS),0.1814760011999326,False,-1.0326213465396454,False
2004-08-14,Pennsylvania,Lancaster,85,Percent of days with PM2.5 levels over the National Ambient Air Quality Standard (NAAQS),0.2204146620685342,False,-0.4226655991508542,False
2004-08-15,Pennsylvania,Lancaster,85,Percent of days with PM2.5 levels over the National Ambient Air Quality Standard (NAAQS),0.2310023077711334,False,-0.25267704651438494,False
2004-08-16,Pennsylvania,Lancaster,85,Percent of days with PM2.5 levels over the National Ambient Air Quality Standard (NAAQS),0.3617621951148918,False,1.6833995352881443,False
2004-08-17,Pennsylvania,Lancaster,85,Percent of days with PM2.5 levels over the National Ambient Air Quality Standard (NAAQS),0.1944351153715094,False,-0.7875376124618083,False
2004-08-18,Pennsylvania,Lancaster,85,Percent of days with PM2.5 levels over the National Ambient Air Quality Standard (NAAQS),0.1651749894121279,False,-1.2148770044564756,False
2004-08-19,Pennsylvania,Lancaster,85,Percent of days with PM2.5 levels over the National Ambient Air Quality Standard (NAAQS),0.2915840075559269,False,0.6636630382230809,False
2004-08-20,Pennsylvania,Lancaster,85,Percent of days with PM2.5 levels over the National Ambient Air Quality Standard (NAAQS),0.2622057414642511,False,0.20197658753705391,False
2004-08-21,Pennsylvania,Lancaster,85,Percent of days with PM2.5 levels over the National Ambient Air Quality Standard (NAAQS),0.3912314438028667,False,1.9153726101866368,False
2004-08-22,Pennsylvania,Lancaster,85,Percent of days with PM2.5 levels over the National Ambient Air Quality Standard (NAAQS),0.2573498650303915,False,0.06744054823347291,False
2004-08-23,Pennsylvania,Lancaster,85,Percent of days with PM2.5 levels over the National Ambient Air Quality Standard (NAAQS),0.260316770443835,False,0.08196618441565598,False
2004-08-24,Pennsylvania,Lancaster,85,Percent of days with PM2.5 levels over the National Ambient Air Quality Standard (NAAQS),0.3551819224729449,False,1.4057670232635677,False
2004-08-25,Pennsylvania,Lancaster,85,Percent of days with PM2.5 levels over the National Ambient Air Quality Standard (NAAQS),0.2454537425951759,False,-0.13654599319717306,False
2004-08-26,Pennsylvania,Lancaster,85,Percent of days with PM2.5 levels over the National Ambient Air Quality Standard (NAAQS),0.2235108345254101,False,-0.42189190189397974,False
2004-08-27,Pennsylvania,Lancaster,85,Percent of days with PM2.5 levels over the National Ambient Air Quality Standard (NAAQS),0.2911049325278994,False,0.5345605336510425,False
2004-08-28,Pennsylvania,Lancaster,85,Percent of days with PM2.5 levels over the National Ambient Air Quality Standard (NAAQS),0.2556377565559702,False,0.010121447361397506,False
2004-08-29,Pennsylvania,Lancaster,85,Percent of days with PM2.5 levels over the National Ambient Air Quality Standard (NAAQS),0.1815863370970462,False,-1.1425063375168296,False
2004-08-30,Pennsylvania,Lancaster,85,Percent of days with PM2.5 levels over the National Ambient Air Quality Standard (NAAQS),0.2025703085894019,False,-0.7808163567058964,False
2004-08-31,Pennsylvania,Lancaster,85,Percent of days with PM2.5 levels over the National Ambient Air Quality Standard (NAAQS),0.2085640319988549,False,-0.6421906486961911,False
2004-09-01,Pennsylvania,Lancaster,85,Percent of days with PM2.5 levels over the National Ambient Air Quality Standard (NAAQS),0.4327997742232438,False,2.3774400362530947,False
2004-09-02,Pennsylvania,Lancaster,85,Percent of days with PM2.5 levels over the National Ambient Air Quality Standard (NAAQS),0.2133239377456247,False,-0.525525760081674,False
2004-09-03,Pennsylvania,Lancaster,85,Percent of days with PM2.5 levels over the National Ambient Air Quality Standard (NAAQS),0.2269244885332036,False,-0.39348970980164005,False
2004-09-04,Pennsylvania,Lancaster,85,Percent of days with PM2.5 levels over the National Ambient Air Quality Standard (NAAQS),0.2975694321360898,False,0.55569546364433,False
2004-09-05,Pennsylvania,Lancaster,85,Percent of days with PM2.5 levels over the National Ambient Air Quality Standard (NAAQS),0.175950040449841,False,-1.1126453256359365,False
2004-09-06,Pennsylvania,Lancaster,85,Percent of days with PM2.5 levels over the National Ambient Air Quality Standard (NAAQS),0.3032281670698759,False,0.6209095336052952,False
2004-09-07,Pennsylvania,Lancaster,85,Percent of days with PM2.5 levels over the National Ambient Air Quality Standard (NAAQS),0.2112855639408214,False,-0.6363769163906225,False
2004-09-08,Pennsylvania,Lancaster,85,Percent of days with PM2.5 levels over the National Ambient Air Quality Standard (NAAQS),0.1751394198165652,False,-1.0752527458865573,False
2004-09-09,Pennsylvania,Lancaster,85,Percent of days with PM2.5 levels over the National Ambient Air Quality Standard (NAAQS),0.1738896145264148,False,-1.0853682775572677,False
2004-09-10,Pennsylvania,Lancaster,85,Percent of days with PM2.5 levels over the National Ambient Air Quality Standard (NAAQS),0.1913055668151319,False,-0.8449593112823474,False
2004-09-11,Pennsylvania,Lancaster,85,Percent of days with PM2.5 levels over the National Ambient Air Quality Standard (NAAQS),0.1717880302478076,False,-1.0796953604909276,False
2004-09-12,Pennsylvania,Lancaster,85,Percent of days with PM2.5 levels over the National Ambient Air Quality Standard (NAAQS),0.2465225014023894,False,-0.03268572582144188,False
2004-09-13,Pennsylvania,Lancaster,85,Percent of days with PM2.5 levels over the National Ambient Air Quality Standard (NAAQS),0.1342278532405901,False,-1.512891896540891,False
2004-09-14,Pennsylvania,Lancaster,85,Percent of days with PM2.5 levels over the National Ambient Air Quality Standard (NAAQS),0.2765057996022397,False,0.46888448268788036,False
2004-09-15,Pennsylvania,Lancaster,85,Percent of days with PM2.5 levels over the National Ambient Air Quality Standard (NAAQS),0.3522202516330563,False,1.4303453355248932,False
2004-09-16,Pennsylvania,Lancaster,85,Percent of days with PM2.5 levels over the National Ambient Air Quality Standard (NAAQS),0.31119226750807,False,0.8385498339227272,False
2004-09-17,Pennsylvania,Lancaster,85,Percent of days with PM2.5 levels over the National Ambient Air Quality Standard (NAAQS),0.4235204482902632,False,2.115530995908801,False
2004-09-18,Pennsylvania,Lancaster,85,Percent of days with PM2.5 levels over the National Ambient Air Quality Standard (NAAQS),0.1758491912303363,False,-0.9680840083497024,False
2004-09-19,Pennsylvania,Lancaster,85,Percent of days with PM2.5 levels over the National Ambient Air Quality Standard (NAAQS),0.1271228162218391,False,-1.483976165666996,False
2004-09-20,Pennsylvania,Lancaster,85,Percent of days with PM2.5 levels over the National Ambient Air Quality Standard (NAAQS),0.2988130623980911,False,0.6652008354748827,False
2004-09-21,Pennsylvania,Lancaster,85,Percent of days with PM2.5 levels over the National Ambient Air Quality Standard (NAAQS),0.3388959517039347,False,1.1870939604551536,False
2004-09-22,Pennsylvania,Lancaster,85,Percent of days with PM2.5 levels over the National Ambient Air Quality Standard (NAAQS),0.1624365803307556,False,-0.9924519713092914,False
2004-09-23,Pennsylvania,Lancaster,85,Percent of days with PM2.5 levels over the National Ambient Air Quality Standard (NAAQS),0.2042253013350264,False,-0.4629422650640516,False
2004-09-24,Pennsylvania,Lancaster,85,Percent of days with PM2.5 levels over the National Ambient Air Quality Standard (NAAQS),0.3476003597600074,False,1.2583164227696881,False
2004-09-25,Pennsylvania,Lancaster,85,Percent of days with PM2.5 levels over the National Ambient Air Quality Standard (NAAQS),0.1512044777380943,False,-1.0501599575280116,False
2004-09-26,Pennsylvania,Lancaster,85,Percent of days with PM2.5 levels over the National Ambient Air Quality Standard (NAAQS),0.2343669048496486,False,-0.08826550925625322,False
2004-09-27,Pennsylvania,Lancaster,85,Percent of days with PM2.5 levels over the National Ambient Air Quality Standard (NAAQS),0.3298170450885193,False,0.9837209761792526,False
2004-09-28,Pennsylvania,Lancaster,85,Percent of days with PM2.5 levels over the National Ambient Air Quality Standard (NAAQS),0.2781465875628462,False,0.34638856268470053,False
2004-09-29,Pennsylvania,Lancaster,85,Percent of days with PM2.5 levels over the National Ambient Air Quality Standard (NAAQS),0.2831413388906537,False,0.5148746230226288,False
2004-09-30,Pennsylvania,Lancaster,85,Percent of days with PM2.5 levels over the National Ambient Air Quality Standard (NAAQS),0.1799131797180322,False,-0.8005947230838432,False
2004-10-01,Pennsylvania,Lancaster,85,Percent of days with PM2.5 levels over the National Ambient Air Quality Standard (NAAQS),0.2974047254530422,False,0.6708239064156478,False
2004-10-02,Pennsylvania,Lancaster,85,Percent of days with PM2.5 levels over the National Ambient Air Quality Standard (NAAQS),0.3572422034857392,False,1.3667041707539334,False
2004-10-03,Pennsylvania,Lancaster,85,Percent of days with PM2.5 levels over the National Ambient Air Quality Standard (NAAQS),0.3139556806120518,False,0.7722246131541305,False
2004-10-04,Pennsylvania,Lancaster,85,Percent of days with PM2.5 levels over the National Ambient Air Quality Standard (NAAQS),0.2427191086998518,False,-0.08692076695039598,False
2004-10-05,Pennsylvania,Lancaster,85,Percent of days with PM2.5 levels over the National Ambient Air Quality Standard (NAAQS),0.2625340552527312,False,0.1388998170088256,False
2004-10-06,Pennsylvania,Lancaster,85,Percent of days with PM2.5 levels over the National Ambient Air Quality Standard (NAAQS),0.3611591099710156,False,1.2772366346685695,False
2004-10-07,Pennsylvania,Lancaster,85,Percent of days with PM2.5 levels over the National Ambient Air Quality Standard (NAAQS),0.1393530676247065,False,-1.4291731639168206,False
2004-10-08,Pennsylvania,Lancaster,85,Percent of days with PM2.5 levels over the National Ambient Air Quality Standard (NAAQS),0.3896238021871164,False,1.480108739589305,False
2004-10-09,Pennsylvania,Lancaster,85,Percent of days with PM2.5 levels over the National Ambient Air Quality Standard (NAAQS),0.2472769327508161,False,-0.23367010150821033,False
2004-10-10,Pennsylvania,Lancaster,85,Percent of days with PM2.5 levels over the National Ambient Air Quality Standard (NAAQS),0.3103838019339805,False,0.49711156847877785,False
2004-10-11,Pennsylvania,Lancaster,85,Percent of days with PM2.5 levels over the National Ambient Air Quality Standard (NAAQS),0.2855276256917698,False,0.14120974747323997,False
2004-10-12,Pennsylvania,Lancaster,85,Percent of days with PM2.5 levels over the National Ambient Air Quality Standard (NAAQS),0.3467622249873311,False,0.8709770242828597,False
2004-10-13,Pennsylvania,Lancaster,85,Percent of days with PM2.5 levels over the National Ambient Air Quality Standard (NAAQS),0.1863077355146295,False,-1.0501225641826573,False
2004-10-14,Pennsylvania,Lancaster,85,Percent of days with PM2.5 levels over the National Ambient Air Quality Standard (NAAQS),0.1308034997939582,False,-1.5844419223414974,False
2004-10-15,Pennsylvania,Lancaster,85,Percent of days with PM2.5 levels over the National Ambient Air Quality Standard (NAAQS),0.192435970248725,False,-0.8036261347775074,False
2004-10-16,Pennsylvania,Lancaster,85,Percent of days with PM2.5 levels over the National Ambient Air Quality Standard (NAAQS),0.2806186469331883,False,0.26465942736102166,False
2004-10-17,Pennsylvania,Lancaster,85,Percent of days with PM2.5 levels over the National Ambient Air Quality Standard (NAAQS),0.2420460359828344,False,-0.2996766825514449,False
2004-10-18,Pennsylvania,Lancaster,85,Percent of days with PM2.5 levels over the National Ambient Air Quality Standard (NAAQS),0.3407582241511363,False,1.0057523912776458,False
2004-10-19,Pennsylvania,Lancaster,85,Percent of days with PM2.5 levels over the National Ambient Air Quality Standard (NAAQS),0.1618818699319804,False,-1.2851388805772401,False
2004-10-20,Pennsylvania,Lancaster,85,Percent of days with PM2.5 levels over the National Ambient Air Quality Standard (NAAQS),0.3377905962852164,False,0.9669841965539828,False
2004-10-21,Pennsylvania,Lancaster,85,Percent of days with PM2.5 levels over the National Ambient Air Quality Standard (NAAQS),0.2682884183533469,False,0.006301486992226097,False
2004-10-22,Pennsylvania,Lancaster,85,Percent of days with PM2.5 levels over the National Ambient Air Quality Standard (NAAQS),0.3131777655826818,False,0.6412117099012715,False
2004-10-23,Pennsylvania,Lancaster,85,Percent of days with PM2.5 levels over the National Ambient Air Quality Standard (NAAQS),0.1733346236243861,False,-1.3161606567426065,False
2004-10-24,Pennsylvania,Lancaster,85,Percent of days with PM2.5 levels over the National Ambient Air Quality Standard (NAAQS),0.2884683912370656,False,0.2687435386778339,False
2004-10-25,Pennsylvania,Lancaster,85,Percent of days with PM2.5 levels over the National Ambient Air Quality Standard (NAAQS),0.2482720338426405,False,-0.25771165261033285,False
2004-10-26,Pennsylvania,Lancaster,85,Percent of days with PM2.5 levels over the National Ambient Air Quality Standard (NAAQS),0.2320929838791913,False,-0.4626181063484094,False
2004-10-27,Pennsylvania,Lancaster,85,Percent of days with PM2.5 levels over the National Ambient Air Quality Standard (NAAQS),0.2272947332766986,False,-0.500552687758177,False
2004-10-28,Pennsylvania,Lancaster,85,Percent of days with PM2.5 levels over the National Ambient Air Quality Standard (NAAQS),0.2856576010033551,False,0.2767233791191632,False
2004-10-29,Pennsylvania,Lancaster,85,Percent of days with PM2.5 levels over the National Ambient Air Quality Standard (NAAQS),0.0854397704231701,False,-2.2607388147796375,False
2004-10-30,Pennsylvania,Lancaster,85,Percent of days with PM2.5 levels over the National Ambient Air Quality Standard (NAAQS),0.3761634534452593,False,1.4989220738747062,False
2004-10-31,Pennsylvania,Lancaster,85,Percent of days with PM2.5 levels over the National Ambient Air Quality Standard (NAAQS),0.263524873831728,False,0.07373869246407135,False
2004-11-01,Pennsylvania,Lancaster,85,Percent of days with PM2.5 levels over the National Ambient Air Quality Standard (NAAQS),0.2685367628847222,False,0.12690189373212668,False
2004-11-02,Pennsylvania,Lancaster,85,Percent of days with PM2.5 levels over the National Ambient Air Quality Standard (NAAQS),0.2598063422925584,False,0.014750454559609412,False
2004-11-03,Pennsylvania,Lancaster,85,Percent of days with PM2.5 levels over the National Ambient Air Quality Standard (NAAQS),0.2919775806671348,False,0.4793590965396178,False
2004-11-04,Pennsylvania,Lancaster,85,Percent of days with PM2.5 levels over the National Ambient Air Quality Standard (NAAQS),0.1626368695726769,False,-1.2859398879529833,False
2004-11-05,Pennsylvania,Lancaster,85,Percent of days with PM2.5 levels over the National Ambient Air Quality Standard (NAAQS),0.295375145093151,False,0.6032870232820348,False
2004-11-06,Pennsylvania,Lancaster,85,Percent of days with PM2.5 levels over the National Ambient Air Quality Standard (NAAQS),0.353497498386225,False,1.3405252767529257,False
2004-11-07,Pennsylvania,Lancaster,85,Percent of days with PM2.5 levels over the National Ambient Air Quality Standard (NAAQS),0.2563934748085716,False,0.01216540989998512,False
2004-11-08,Pennsylvania,Lancaster,85,Percent of days with PM2.5 levels over the National Ambient Air Quality Standard (NAAQS),0.2655381734301699,False,0.15169492724124237,False
2004-11-09,Pennsylvania,Lancaster,85,Percent of days with PM2.5 levels over the National Ambient Air Quality Standard (NAAQS),0.3005043407902795,False,0.6864163251579315,False
2004-11-10,Pennsylvania,Lancaster,85,Percent of days with PM2.5 levels over the National Ambient Air Quality Standard (NAAQS),0.2097880131703618,False,-0.6477363814555513,False
2004-11-11,Pennsylvania,Lancaster,85,Percent of days with PM2.5 levels over the National Ambient Air Quality Standard (NAAQS),0.1535787910559217,False,-1.5141664182174925,False
2004-11-12,Pennsylvania,Lancaster,85,Percent of days with PM2.5 levels over the National Ambient Air Quality Standard (NAAQS),0.1707578632402853,False,-1.2296672948619196,False
2004-11-13,Pennsylvania,Lancaster,85,Percent of days with PM2.5 levels over the National Ambient Air Quality Standard (NAAQS),0.20705562180816,False,-0.6515245287981315,False
2004-11-14,Pennsylvania,Lancaster,85,Percent of days with PM2.5 levels over the National Ambient Air Quality Standard (NAAQS),0.2809379828846929,False,0.41200085761050764,False
2004-11-15,Pennsylvania,Lancaster,85,Percent of days with PM2.5 levels over the National Ambient Air Quality Standard (NAAQS),0.2335317860495719,False,-0.2334856900698713,False
2004-11-16,Pennsylvania,Lancaster,85,Percent of days with PM2.5 levels over the National Ambient Air Quality Standard (NAAQS),0.2592707560261495,False,0.10666250925316884,False
2004-11-17,Pennsylvania,Lancaster,85,Percent of days with PM2.5 levels over the National Ambient Air Quality Standard (NAAQS),0.1969281420143671,False,-0.8081941901160807,False
2004-11-18,Pennsylvania,Lancaster,85,Percent of days with PM2.5 levels over the National Ambient Air Quality Standard (NAAQS),0.3793981881630961,False,1.9048100951613849,False
2004-11-19,Pennsylvania,Lancaster,85,Percent of days with PM2.5 levels over the National Ambient Air Quality Standard (NAAQS),0.3411530715990987,False,1.2986012856769027,False
2004-11-20,Pennsylvania,Lancaster,85,Percent of days with PM2.5 levels over the National Ambient Air Quality Standard (NAAQS),0.2152622334944053,False,-0.5764677239094427,False
2004-11-21,Pennsylvania,Lancaster,85,Percent of days with PM2.5 levels over the National Ambient Air Quality Standard (NAAQS),0.3760146671080385,False,1.685055044758588,False
2004-11-22,Pennsylvania,Lancaster,85,Percent of days with PM2.5 levels over the National Ambient Air Quality Standard (NAAQS),0.1856945697081866,False,-0.961013478925851,False
2004-11-23,Pennsylvania,Lancaster,85,Percent of days with PM2.5 levels over the National Ambient Air Quality Standard (NAAQS),0.3491293490945217,False,1.220274352538,False
2004-11-24,Pennsylvania,Lancaster,85,Percent of days with PM2.5 levels over the National Ambient Air Quality Standard (NAAQS),0.1823451541605471,False,-0.9989702877101474,False
2004-11-25,Pennsylvania,Lancaster,85,Percent of days with PM2.5 levels over the National Ambient Air Quality Standard (NAAQS),0.2676558753321757,False,0.14611020691490822,False
2004-11-26,Pennsylvania,Lancaster,85,Percent of days with PM2.5 levels over the National Ambient Air Quality Standard (NAAQS),0.2643447963034505,False,0.0185864397312609,False
2004-11-27,Pennsylvania,Lancaster,85,Percent of days with PM2.5 levels over the National Ambient Air Quality Standard (NAAQS),0.2399106765248756,False,-0.2894628266939086,False
2004-11-28,Pennsylvania,Lancaster,85,Percent of days with PM2.5 levels over the National Ambient Air Quality Standard (NAAQS),0.2499861272868926,False,-0.12263722703217951,False
2004-11-29,Pennsylvania,Lancaster,85,Percent of days with PM2.5 levels over the National Ambient Air Quality Standard (NAAQS),0.3100469629738001,False,0.7933000116413077,False
2004-11-30,Pennsylvania,Lancaster,85,Percent of days with PM2.5 levels over the National Ambient Air Quality Standard (NAAQS),0.2818939831970703,False,0.34070429044545186,False
2004-12-01,Pennsylvania,Lancaster,85,Percent of days with PM2.5 levels over the National Ambient Air Quality Standard (NAAQS),0.2905085545360137,False,0.4759069983287967,False
2004-12-02,Pennsylvania,Lancaster,85,Percent of days with PM2.5 levels over the National Ambient Air Quality Standard (NAAQS),0.1404090174528374,False,-1.8120571637001475,False
2004-12-03,Pennsylvania,Lancaster,85,Percent of days with PM2.5 levels over the National Ambient Air Quality Standard (NAAQS),0.3929210377062466,False,1.8614184916824434,False
2004-12-04,Pennsylvania,Lancaster,85,Percent of days with PM2.5 levels over the National Ambient Air Quality Standard (NAAQS),0.2926271147645846,False,0.47288290339481026,False
2004-12-05,Pennsylvania,Lancaster,85,Percent of days with PM2.5 levels over the National Ambient Air Quality Standard (NAAQS),0.2579769938332599,False,-0.037735642852356116,False
2004-12-06,Pennsylvania,Lancaster,85,Percent of days with PM2.5 levels over the National Ambient Air Quality Standard (NAAQS),0.3081235248912402,False,0.6718613425813522,False
2004-12-07,Pennsylvania,Lancaster,85,Percent of days with PM2.5 levels over the National Ambient Air Quality Standard (NAAQS),0.332499495116982,False,0.9972971160231263,False
2004-12-08,Pennsylvania,Lancaster,85,Percent of days with PM2.5 levels over the National Ambient Air Quality Standard (NAAQS),0.2572565388448311,False,-0.11126013676904198,False
2004-12-09,Pennsylvania,Lancaster,85,Percent of days with PM2.5 levels over the National Ambient Air Quality Standard (NAAQS),0.3020649712146105,False,0.4868199972558393,False
2004-12-10,Pennsylvania,Lancaster,85,Percent of days with PM2.5 levels over the National Ambient Air Quality Standard (NAAQS),0.171709891797087,False,-1.506673833939435,False
2004-12-11,Pennsylvania,Lancaster,85,Percent of days with PM2.5 levels over the National Ambient Air Quality Standard (NAAQS),0.3549676845615488,False,1.2024349746440817,False
2004-12-12,Pennsylvania,Lancaster,85,Percent of days with PM2.5 levels over the National Ambient Air Quality Standard (NAAQS),0.2461175907294527,False,-0.4247640266327415,False
2004-12-13,Pennsylvania,Lancaster,85,Percent of days with PM2.5 levels over the National Ambient Air Quality Standard (NAAQS),0.1654036365694377,False,-1.5417611083585623,False
2004-12-14,Pennsylvania,Lancaster,85,Percent of days with PM2.5 levels over the National Ambient Air Quality Standard (NAAQS),0.2206647795937437,False,-0.714687787418059,False
2004-12-15,Pennsylvania,Lancaster,85,Percent of days with PM2.5 levels over the National Ambient Air Quality Standard (NAAQS),0.2756487097516873,False,0.034799075940404454,False
2004-12-16,Pennsylvania,Lancaster,85,Percent of days with PM2.5 levels over the National Ambient Air Quality Standard (NAAQS),0.3015018835405043,False,0.47550645859609075,False
2004-12-17,Pennsylvania,Lancaster,85,Percent of days with PM2.5 levels over the National Ambient Air Quality Standard (NAAQS),0.310188289924712,False,0.6352940543025182,False
2004-12-18,Pennsylvania,Lancaster,85,Percent of days with PM2.5 levels over the National Ambient Air Quality Standard (NAAQS),0.3697201796628151,False,1.4363917995252322,False
2004-12-19,Pennsylvania,Lancaster,85,Percent of days with PM2.5 levels over the National Ambient Air Quality Standard (NAAQS),0.2477636526573897,False,-0.35742489360894936,False
2004-12-20,Pennsylvania,Lancaster,85,Percent of days with PM2.5 levels over the National Ambient Air Quality Standard (NAAQS),0.2583563492819155,False,-0.2388605390709918,False
2004-12-21,Pennsylvania,Lancaster,85,Percent of days with PM2.5 levels over the National Ambient Air Quality Standard (NAAQS),0.2204614677270213,False,-0.7997007549112954,False
2004-12-22,Pennsylvania,Lancaster,85,Percent of days with PM2.5 levels over the National Ambient Air Quality Standard (NAAQS),0.3324618363872801,False,1.0034633982464043,False
2004-12-23,Pennsylvania,Lancaster,85,Percent of days with PM2.5 levels over the National Ambient Air Quality Standard (NAAQS),0.2068282885253987,False,-1.079553151880762,False
2004-12-24,Pennsylvania,Lancaster,85,Percent of days with PM2.5 levels over the National Ambient Air Quality Standard (NAAQS),0.2864659653973098,False,0.23618314827158368,False
2004-12-25,Pennsylvania,Lancaster,85,Percent of days with PM2.5 levels over the National Ambient Air Quality Standard (NAAQS),0.2695902038469908,False,-0.06326687861838165,False
2004-12-26,Pennsylvania,Lancaster,85,Percent of days with PM2.5 levels over the National Ambient Air Quality Standard (NAAQS),0.061781954283433,False,-2.8554582159009456,False
2004-12-27,Pennsylvania,Lancaster,85,Percent of days with PM2.5 levels over the National Ambient Air Quality Standard (NAAQS),0.1460673504861385,False,-1.5356999237787403,False
2004-12-28,Pennsylvania,Lancaster,85,Percent of days with PM2.5 levels over the National Ambient Air Quality Standard (NAAQS),0.2939293924534432,False,0.4370035376044377,False
2004-12-29,Pennsylvania,Lancaster,85,Percent of days with PM2.5 levels over the National Ambient Air Quality Standard (NAAQS),0.2942419046466715,False,0.4390603087535857,False
2004-12-30,Pennsylvania,Lancaster,85,Percent of days with PM2.5 levels over the National Ambient Air Quality Standard (NAAQS),0.1999290401353501,False,-0.8806939171908026,False
2004-12-31,Pennsylvania,Lancaster,85,Percent of days with PM2.5 levels over the National Ambient Air Quality Standard (NAAQS),0.2281415994739805,False,-0.43437613038202116,False
2005-01-01,Pennsylvania,Lancaster,85,Percent of days with PM2.5 levels over the National Ambient Air Quality Standard (NAAQS),0.5103457432216145,False,2.9591563808881824,False
2005-01-02,Pennsylvania,Lancaster,85,Percent of days with PM2.5 levels over the National Ambient Air Quality Standard (NAAQS),0.6169337609882857,False,3.192464832360478,True
2005-01-03,Pennsylvania,Lancaster,85,Percent of days with PM2.5 levels over the National Ambient Air Quality Standard (NAAQS),0.8287856273319023,False,3.579020574572472,True
2005-01-04,Pennsylvania,Lancaster,85,Percent of days with PM2.5 levels over the National Ambient Air Quality Standard (NAAQS),0.0,False,-1.7960061424290172,False
2005-01-05,Pennsylvania,Lancaster,85,Percent of days with PM2.5 levels over the National Ambient Air Quality Standard (NAAQS),0.7674533215692705,False,2.540086782015685,False
2005-01-06,Pennsylvania,Lancaster,85,Percent of days with PM2.5 levels over the National Ambient Air Quality Standard (NAAQS),0.2531824113584123,False,-0.2633125637253893,False
2005-01-07,Pennsylvania,Lancaster,85,Percent of days with PM2.5 levels over the National Ambient Air Quality Standard (NAAQS),0.9489913539329338,False,2.840594420458854,False
2005-01-08,Pennsylvania,Lancaster,85,Percent of days with PM2.5 levels over the National Ambient Air Quality Standard (NAAQS),0.7131686303817931,False,1.6143103395729415,False
2005-01-09,Pennsylvania,Lancaster,85,Percent of days with PM2.5 levels over the National Ambient Air Quality Standard (NAAQS),1.094699095010513,False,2.6816892567571884,False
2005-01-10,Pennsylvania,Lancaster,85,Percent of days with PM2.5 levels over the National Ambient Air Quality Standard (NAAQS),0.7653419217075189,False,1.3460727736098357,False
2005-01-11,Pennsylvania,Lancaster,85,Percent of days with PM2.5 levels over the National Ambient Air Quality Standard (NAAQS),0.8209254039071741,False,1.4222499745529624,False
2005-01-12,Pennsylvania,Lancaster,85,Percent of days with PM2.5 levels over the National Ambient Air Quality Standard (NAAQS),1.062007153233505,False,2.0037233309266305,False
2005-01-13,Pennsylvania,Lancaster,85,Percent of days with PM2.5 levels over the National Ambient Air Quality Standard (NAAQS),0.5888379509580364,False,0.43853744735137545,False
2005-01-14,Pennsylvania,Lancaster,85,Percent of days with PM2.5 levels over the National Ambient Air Quality Standard (NAAQS),1.1055965171188682,False,1.8852216694394592,False
2005-01-15,Pennsylvania,Lancaster,85,Percent of days with PM2.5 levels over the National Ambient Air Quality Standard (NAAQS),0.8646972413512746,False,1.081018797025021,False
2005-01-16,Pennsylvania,Lancaster,85,Percent of days with PM2.5 levels over the National Ambient Air Quality Standard (NAAQS),0.8983653827760428,False,1.097644276992539,False
2005-01-17,Pennsylvania,Lancaster,85,Percent of days with PM2.5 levels over the National Ambient Air Quality Standard (NAAQS),1.0158409538294666,False,1.3301493954309376,False
2005-01-18,Pennsylvania,Lancaster,85,Percent of days with PM2.5 levels over the National Ambient Air Quality Standard (NAAQS),0.464156754497379,False,-0.2736586116893572,False
2005-01-19,Pennsylvania,Lancaster,85,Percent of days with PM2.5 levels over the National Ambient Air Quality Standard (NAAQS),0.6825011676315793,False,0.3252890002066342,False
2005-01-20,Pennsylvania,Lancaster,85,Percent of days with PM2.5 levels over the National Ambient Air Quality Standard (NAAQS),0.7554004662923557,False,0.4893622122157836,False
2005-01-21,Pennsylvania,Lancaster,85,Percent of days with PM2.5 levels over the National Ambient Air Quality Standard (NAAQS),0.8982405898897938,False,0.8502439823729041,False
2005-01-22,Pennsylvania,Lancaster,85,Percent of days with PM2.5 levels over the National Ambient Air Quality Standard (NAAQS),0.6043324316810693,False,-0.06100768294630324,False
2005-01-23,Pennsylvania,Lancaster,85,Percent of days with PM2.5 levels over the National Ambient Air Quality Standard (NAAQS),0.8288393379948206,False,0.5668850723886933,False
2005-01-24,Pennsylvania,Lancaster,85,Percent of days with PM2.5 levels over the National Ambient Air Quality Standard (NAAQS),0.285175532100372,False,-1.218627300533351,False
2005-01-25,Pennsylvania,Lancaster,85,Percent of days with PM2.5 levels over the National Ambient Air Quality Standard (NAAQS),0.3684947680146102,False,-0.9635321712298133,False
2005-01-26,Pennsylvania,Lancaster,85,Percent of days with PM2.5 levels over the National Ambient Air Quality Standard (NAAQS),0.6390293452101662,False,-0.11155999069440704,False
2005-01-27,Pennsylvania,Lancaster,85,Percent of days with PM2.5 levels over the National Ambient Air Quality Standard (NAAQS),0.1808386026286184,False,-1.664157150238489,False
2005-01-28,Pennsylvania,Lancaster,85,Percent of days with PM2.5 levels over the National Ambient Air Quality Standard (NAAQS),0.9808267933071988,False,0.985871031555907,False
2005-01-29,Pennsylvania,Lancaster,85,Percent of days with PM2.5 levels over the National Ambient Air Quality Standard (NAAQS),0.8149042298838106,False,0.3717471090951416,False
2005-01-30,Pennsylvania,Lancaster,85,Percent of days with PM2.5 levels over the National Ambient Air Quality Standard (NAAQS),1.0076319078004805,False,0.9816553310889502,False
2005-01-31,Pennsylvania,Lancaster,85,Percent of days with PM2.5 levels over the National Ambient Air Quality Standard (NAAQS),0.7617932932527363,False,0.1429588465120082,False
2005-02-01,Pennsylvania,Lancaster,85,Percent of days with PM2.5 levels over the National Ambient Air Quality Standard (NAAQS),0.7838415135363841,False,0.1401707732915239,False
2005-02-02,Pennsylvania,Lancaster,85,Percent of days with PM2.5 levels over the National Ambient Air Quality Standard (NAAQS),0.6603463313100939,False,-0.33241013823261967,False
2005-02-03,Pennsylvania,Lancaster,85,Percent of days with PM2.5 levels over the National Ambient Air Quality Standard (NAAQS),0.7815538872910227,False,0.07727210501196684,False
2005-02-04,Pennsylvania,Lancaster,85,Percent of days with PM2.5 levels over the National Ambient Air Quality Standard (NAAQS),0.6190000179284904,False,-0.569325424313774,False
2005-02-05,Pennsylvania,Lancaster,85,Percent of days with PM2.5 levels over the National Ambient Air Quality Standard (NAAQS),1.0270347078839002,False,1.1073001840221524,False
2005-02-06,Pennsylvania,Lancaster,85,Percent of days with PM2.5 levels over the National Ambient Air Quality Standard (NAAQS),0.7310385191306914,False,-0.08206747783720099,False
2005-02-07,Pennsylvania,Lancaster,85,Percent of days with PM2.5 levels over the National Ambient Air Quality Standard (NAAQS),0.6767123052670787,False,-0.30441126879700353,False
2005-02-08,Pennsylvania,Lancaster,85,Percent of days with PM2.5 levels over the National Ambient Air Quality Standard (NAAQS),0.9199113327119214,False,0.7316531557913935,False
2005-02-09,Pennsylvania,Lancaster,85,Percent of days with PM2.5 levels over the National Ambient Air Quality Standard (NAAQS),0.6645433268354808,False,-0.3190479732700259,False
2005-02-10,Pennsylvania,Lancaster,85,Percent of days with PM2.5 levels over the National Ambient Air Quality Standard (NAAQS),1.0747552893140178,False,1.3909970049681448,False
2005-02-11,Pennsylvania,Lancaster,85,Percent of days with PM2.5 levels over the National Ambient Air Quality Standard (NAAQS),0.7658107256238134,False,0.11127634739395423,False
2005-02-12,Pennsylvania,Lancaster,85,Percent of days with PM2.5 levels over the National Ambient Air Quality Standard (NAAQS),0.7863442335620155,False,0.2181979588631676,False
2005-02-13,Pennsylvania,Lancaster,85,Percent of days with PM2.5 levels over the National Ambient Air Quality Standard (NAAQS),0.8269718098656883,False,0.4178944794005003,False
2005-02-14,Pennsylvania,Lancaster,85,Percent of days with PM2.5 levels over the National Ambient Air Quality Standard (NAAQS),0.9573158996743636,False,1.0377422589086187,False
2005-02-15,Pennsylvania,Lancaster,85,Percent of days with PM2.5 levels over the National Ambient Air Quality Standard (NAAQS),0.542157932812261,False,-0.9163284826696793,False
2005-02-16,Pennsylvania,Lancaster,85,Percent of days with PM2.5 levels over the National Ambient Air Quality Standard (NAAQS),0.8634731254172041,False,0.5645179316791001,False
2005-02-17,Pennsylvania,Lancaster,85,Percent of days with PM2.5 levels over the National Ambient Air Quality Standard (NAAQS),0.7198477506045857,False,-0.10298233060129384,False
2005-02-18,Pennsylvania,Lancaster,85,Percent of days with PM2.5 levels over the National Ambient Air Quality Standard (NAAQS),1.332576045262148,False,2.403909000588151,False
2005-02-19,Pennsylvania,Lancaster,85,Percent of days with PM2.5 levels over the National Ambient Air Quality Standard (NAAQS),0.7597330190501602,False,-0.013234475612115115,False
2005-02-20,Pennsylvania,Lancaster,85,Percent of days with PM2.5 levels over the National Ambient Air Quality Standard (NAAQS),0.6799127563803902,False,-0.3268529469819735,False
2005-02-21,Pennsylvania,Lancaster,85,Percent of days with PM2.5 levels over the National Ambient Air Quality Standard (NAAQS),0.6240023527341062,False,-0.6602043218703502,False
2005-02-22,Pennsylvania,Lancaster,85,Percent of days with PM2.5 levels over the National Ambient Air Quality Standard (NAAQS),0.4120164498625777,False,-1.6490040789336977,False
2005-02-23,Pennsylvania,Lancaster,85,Percent of days with PM2.5 levels over the National Ambient Air Quality Standard (NAAQS),0.8902787701073333,False,0.50652137560063,False
2005-02-24,Pennsylvania,Lancaster,85,Percent of days with PM2.5 levels over the National Ambient Air Quality Standard (NAAQS),0.8637211126316532,False,0.32277456545309297,False
2005-02-25,Pennsylvania,Lancaster,85,Percent of days with PM2.5 levels over the National Ambient Air Quality Standard (NAAQS),0.764307589036247,False,-0.18066301679114766,False
2005-02-26,Pennsylvania,Lancaster,85,Percent of days with PM2.5 levels over the National Ambient Air Quality Standard (NAAQS),0.5269998910460861,False,-1.3873525860769926,False
2005-02-27,Pennsylvania,Lancaster,85,Percent of days with PM2.5 levels over the National Ambient Air Quality Standard (NAAQS),0.7891982054700624,False,0.057364238476376214,False
2005-02-28,Pennsylvania,Lancaster,85,Percent of days with PM2.5 levels over the National Ambient Air Quality Standard (NAAQS),0.482740661376584,False,-1.5021808192087744,False
2005-03-01,Pennsylvania,Lancaster,85,Percent of days with PM2.5 levels over the National Ambient Air Quality Standard (NAAQS),1.1089694952783604,False,1.6347054678368005,False
2005-03-02,Pennsylvania,Lancaster,85,Percent of days with PM2.5 levels over the National Ambient Air Quality Standard (NAAQS),0.8357297639690713,False,0.24550861371423902,False
2005-03-03,Pennsylvania,Lancaster,85,Percent of days with PM2.5 levels over the National Ambient Air Quality Standard (NAAQS),0.8869370164276981,False,0.4807692129941706,False
2005-03-04,Pennsylvania,Lancaster,85,Percent of days with PM2.5 levels over the National Ambient Air Quality Standard (NAAQS),0.5327200800896809,False,-1.2475814362899698,False
2005-03-05,Pennsylvania,Lancaster,85,Percent of days with PM2.5 levels over the National Ambient Air Quality Standard (NAAQS),0.5431752517781884,False,-1.1147583654523485,False
2005-03-06,Pennsylvania,Lancaster,85,Percent of days with PM2.5 levels over the National Ambient Air Quality Standard (NAAQS),0.6449888315762371,False,-0.5957545171383557,False
2005-03-07,Pennsylvania,Lancaster,85,Percent of days with PM2.5 levels over the National Ambient Air Quality Standard (NAAQS),0.7496823284339732,False,-0.09760884763194513,False
2005-03-08,Pennsylvania,Lancaster,85,Percent of days with PM2.5 levels over the National Ambient Air Quality Standard (NAAQS),0.9383663999754628,False,0.8216499930667907,False
2005-03-09,Pennsylvania,Lancaster,85,Percent of days with PM2.5 levels over the National Ambient Air Quality Standard (NAAQS),0.7298578278678992,False,-0.20977502496135858,False
2005-03-10,Pennsylvania,Lancaster,85,Percent of days with PM2.5 levels over the National Ambient Air Quality Standard (NAAQS),0.5102640550620874,False,-1.2071308539519214,False
2005-03-11,Pennsylvania,Lancaster,85,Percent of days with PM2.5 levels over the National Ambient Air Quality Standard (NAAQS),0.6521279720225253,False,-0.47767992349449157,False
2005-03-12,Pennsylvania,Lancaster,85,Percent of days with PM2.5 levels over the National Ambient Air Quality Standard (NAAQS),1.1308427076295915,False,1.7296275310946847,False
2005-03-13,Pennsylvania,Lancaster,85,Percent of days with PM2.5 levels over the National Ambient Air Quality Standard (NAAQS),0.8814735401360501,False,0.5530886300642812,False
2005-03-14,Pennsylvania,Lancaster,85,Percent of days with PM2.5 levels over the National Ambient Air Quality Standard (NAAQS),0.640594275542544,False,-0.5208156790756343,False
2005-03-15,Pennsylvania,Lancaster,85,Percent of days with PM2.5 levels over the National Ambient Air Quality Standard (NAAQS),0.69788016321517,False,-0.2823749570848451,False
2005-03-16,Pennsylvania,Lancaster,85,Percent of days with PM2.5 levels over the National Ambient Air Quality Standard (NAAQS),0.8662060420294507,False,0.5227481906479428,False
2005-03-17,Pennsylvania,Lancaster,85,Percent of days with PM2.5 levels over the National Ambient Air Quality Standard (NAAQS),0.8262833688628431,False,0.3131072771939995,False
2005-03-18,Pennsylvania,Lancaster,85,Percent of days with PM2.5 levels over the National Ambient Air Quality Standard (NAAQS),0.5608287581817512,False,-0.9582323554840086,False
2005-03-19,Pennsylvania,Lancaster,85,Percent of days with PM2.5 levels over the National Ambient Air Quality Standard (NAAQS),0.3989876835046336,False,-1.6865673527473195,False
2005-03-20,Pennsylvania,Lancaster,85,Percent of days with PM2.5 levels over the National Ambient Air Quality Standard (NAAQS),0.1417770986048145,False,-2.54624466110261,False
2005-03-21,Pennsylvania,Lancaster,85,Percent of days with PM2.5 levels over the National Ambient Air Quality Standard (NAAQS),0.494385369426417,False,-0.9074674496721883,False
2005-03-22,Pennsylvania,Lancaster,85,Percent of days with PM2.5 levels over the National Ambient Air Quality Standard (NAAQS),0.9597582153536705,False,1.1036300922401823,False
2005-03-23,Pennsylvania,Lancaster,85,Percent of days with PM2.5 levels over the National Ambient Air Quality Standard (NAAQS),0.6778026665199287,False,-0.14041703542317122,False
2005-03-24,Pennsylvania,Lancaster,85,Percent of days with PM2.5 levels over the National Ambient Air Quality Standard (NAAQS),1.0620162897507648,False,1.5294235904478748,False
2005-03-25,Pennsylvania,Lancaster,85,Percent of days with PM2.5 levels over the National Ambient Air Quality Standard (NAAQS),1.0314492417078158,False,1.3083353441116992,False
2005-03-26,Pennsylvania,Lancaster,85,Percent of days with PM2.5 levels over the National Ambient Air Quality Standard (NAAQS),0.7920654249647286,False,0.24880581559145756,False
2005-03-27,Pennsylvania,Lancaster,85,Percent of days with PM2.5 levels over the National Ambient Air Quality Standard (NAAQS),0.7151926541211963,False,-0.07231663771914545,False
2005-03-28,Pennsylvania,Lancaster,85,Percent of days with PM2.5 levels over the National Ambient Air Quality Standard (NAAQS),1.0491919040427564,False,1.2741463083587432,False
2005-03-29,Pennsylvania,Lancaster,85,Percent of days with PM2.5 levels over the National Ambient Air Quality Standard (NAAQS),0.757966138659059,False,0.08260611707716763,False
2005-03-30,Pennsylvania,Lancaster,85,Percent of days with PM2.5 levels over the National Ambient Air Quality Standard (NAAQS),0.336462919245719,False,-1.6455004804420208,False
2005-03-31,Pennsylvania,Lancaster,85,Percent of days with PM2.5 levels over the National Ambient Air Quality Standard (NAAQS),0.7558520342161682,False,0.1671069613466107,False
2005-04-01,Pennsylvania,Lancaster,85,Percent of days with PM2.5 levels over the National Ambient Air Quality Standard (NAAQS),0.8822398608719413,False,0.6605381302786524,False
2005-04-02,Pennsylvania,Lancaster,85,Percent of days with PM2.5 levels over the National Ambient Air Quality Standard (NAAQS),0.6777232396671647,False,-0.24788408960335087,False
2005-04-03,Pennsylvania,Lancaster,85,Percent of days with PM2.5 levels over the National Ambient Air Quality Standard (NAAQS),0.7450078019209264,False,0.031026284214372295,False
2005-04-04,Pennsylvania,Lancaster,85,Percent of days with PM2.5 levels over the National Ambient Air Quality Standard (NAAQS),0.7055505660285958,False,-0.13519526868317364,False
2005-04-05,Pennsylvania,Lancaster,85,Percent of days with PM2.5 levels over the National Ambient Air Quality Standard (NAAQS),0.2044869713001417,False,-2.0610112356039147,False
2005-04-06,Pennsylvania,Lancaster,85,Percent of days with PM2.5 levels over the National Ambient Air Quality Standard (NAAQS),0.4994903598593811,False,-0.814609990955415,False
2005-04-07,Pennsylvania,Lancaster,85,Percent of days with PM2.5 levels over the National Ambient Air Quality Standard (NAAQS),0.779624116894331,False,0.2767296089692752,False
2005-04-08,Pennsylvania,Lancaster,85,Percent of days with PM2.5 levels over the National Ambient Air Quality Standard (NAAQS),0.7238307517755788,False,0.03957240747257055,False
2005-04-09,Pennsylvania,Lancaster,85,Percent of days with PM2.5 levels over the National Ambient Air Quality Standard (NAAQS),0.469533319516246,False,-0.9371003628285891,False
2005-04-10,Pennsylvania,Lancaster,85,Percent of days with PM2.5 levels over the National Ambient Air Quality Standard (NAAQS),0.5347865159581754,False,-0.6112133322090593,False
2005-04-11,Pennsylvania,Lancaster,85,Percent of days with PM2.5 levels over the National Ambient Air Quality Standard (NAAQS),1.0626486266665962,False,1.5061970430682532,False
2005-04-12,Pennsylvania,Lancaster,85,Percent of days with PM2.5 levels over the National Ambient Air Quality Standard (NAAQS),0.5393974288648117,False,-0.5996618863310444,False
2005-04-13,Pennsylvania,Lancaster,85,Percent of days with PM2.5 levels over the National Ambient Air Quality Standard (NAAQS),0.5177560519835895,False,-0.6383384131682839,False
2005-04-14,Pennsylvania,Lancaster,85,Percent of days with PM2.5 levels over the National Ambient Air Quality Standard (NAAQS),1.1791946983431856,False,1.8692906953235575,False
2005-04-15,Pennsylvania,Lancaster,85,Percent of days with PM2.5 levels over the National Ambient Air Quality Standard (NAAQS),0.5051815140194333,False,-0.6833760970071059,False
2005-04-16,Pennsylvania,Lancaster,85,Percent of days with PM2.5 levels over the National Ambient Air Quality Standard (NAAQS),0.8057963242727669,False,0.4077445018550695,False
2005-04-17,Pennsylvania,Lancaster,85,Percent of days with PM2.5 levels over the National Ambient Air Quality Standard (NAAQS),0.5971371908021736,False,-0.5060844648975621,False
2005-04-18,Pennsylvania,Lancaster,85,Percent of days with PM2.5 levels over the National Ambient Air Quality Standard (NAAQS),0.9760123611588228,False,1.0242708033917816,False
2005-04-19,Pennsylvania,Lancaster,85,Percent of days with PM2.5 levels over the National Ambient Air Quality Standard (NAAQS),0.8879625494001249,False,0.6690540777240381,False
2005-04-20,Pennsylvania,Lancaster,85,Percent of days with PM2.5 levels over the National Ambient Air Quality Standard (NAAQS),0.3879441225371519,False,-1.369051809253869,False
2005-04-21,Pennsylvania,Lancaster,85,Percent of days with PM2.5 levels over the National Ambient Air Quality Standard (NAAQS),0.6127936713050227,False,-0.39216410492616893,False
2005-04-22,Pennsylvania,Lancaster,85,Percent of days with PM2.5 levels over the National Ambient Air Quality Standard (NAAQS),0.5721800319669104,False,-0.5124284506606991,False
2005-04-23,Pennsylvania,Lancaster,85,Percent of days with PM2.5 levels over the National Ambient Air Quality Standard (NAAQS),0.7209338737279875,False,0.15565171084881937,False
2005-04-24,Pennsylvania,Lancaster,85,Percent of days with PM2.5 levels over the National Ambient Air Quality Standard (NAAQS),0.7085890677087379,False,0.10204732796154097,False
2005-04-25,Pennsylvania,Lancaster,85,Percent of days with PM2.5 levels over the National Ambient Air Quality Standard (NAAQS),0.4723591150091585,False,-0.8851641863190571,False
2005-04-26,Pennsylvania,Lancaster,85,Percent of days with PM2.5 levels over the National Ambient Air Quality Standard (NAAQS),0.9560226962464928,False,1.2688102861626451,False
2005-04-27,Pennsylvania,Lancaster,85,Percent of days with PM2.5 levels over the National Ambient Air Quality Standard (NAAQS),0.5594534949305401,False,-0.5599268009459001,False
2005-04-28,Pennsylvania,Lancaster,85,Percent of days with PM2.5 levels over the National Ambient Air Quality Standard (NAAQS),0.733764944188484,False,0.25381268359944414,False
2005-04-29,Pennsylvania,Lancaster,85,Percent of days with PM2.5 levels over the National Ambient Air Quality Standard (NAAQS),0.4262017866113497,False,-1.0941952148579004,False
2005-04-30,Pennsylvania,Lancaster,85,Percent of days with PM2.5 levels over the National Ambient Air Quality Standard (NAAQS),1.2729046943232143,False,2.4014878103453836,False
2005-05-01,Pennsylvania,Lancaster,85,Percent of days with PM2.5 levels over the National Ambient Air Quality Standard (NAAQS),0.7332229948371306,False,0.20191687847229436,False
2005-05-02,Pennsylvania,Lancaster,85,Percent of days with PM2.5 levels over the National Ambient Air Quality Standard (NAAQS),0.7921931077800903,False,0.42847279046132336,False
2005-05-03,Pennsylvania,Lancaster,85,Percent of days with PM2.5 levels over the National Ambient Air Quality Standard (NAAQS),0.6898188935002569,False,-0.0632137749533539,False
2005-05-04,Pennsylvania,Lancaster,85,Percent of days with PM2.5 levels over the National Ambient Air Quality Standard (NAAQS),0.5854820020022953,False,-0.5418486176355681,False
2005-05-05,Pennsylvania,Lancaster,85,Percent of days with PM2.5 levels over the National Ambient Air Quality Standard (NAAQS),0.4919680390784853,False,-0.8997842592974831,False
2005-05-06,Pennsylvania,Lancaster,85,Percent of days with PM2.5 levels over the National Ambient Air Quality Standard (NAAQS),0.3298702484268938,False,-1.4830161705918468,False
2005-05-07,Pennsylvania,Lancaster,85,Percent of days with PM2.5 levels over the National Ambient Air Quality Standard (NAAQS),0.469719527460501,False,-0.8955796338506072,False
2005-05-08,Pennsylvania,Lancaster,85,Percent of days with PM2.5 levels over the National Ambient Air Quality Standard (NAAQS),0.6413620237192654,False,-0.1918011017750434,False
2005-05-09,Pennsylvania,Lancaster,85,Percent of days with PM2.5 levels over the National Ambient Air Quality Standard (NAAQS),1.10037159913553,False,1.7269846663202795,False
2005-05-10,Pennsylvania,Lancaster,85,Percent of days with PM2.5 levels over the National Ambient Air Quality Standard (NAAQS),0.7108041553922895,False,0.07015405319062831,False
2005-05-11,Pennsylvania,Lancaster,85,Percent of days with PM2.5 levels over the National Ambient Air Quality Standard (NAAQS),0.8982679501990152,False,0.8024260994036259,False
2005-05-12,Pennsylvania,Lancaster,85,Percent of days with PM2.5 levels over the National Ambient Air Quality Standard (NAAQS),0.9763340422156872,False,1.2243550598761803,False
2005-05-13,Pennsylvania,Lancaster,85,Percent of days with PM2.5 levels over the National Ambient Air Quality Standard (NAAQS),0.723642651066031,False,0.06899206024260524,False
2005-05-14,Pennsylvania,Lancaster,85,Percent of days with PM2.5 levels over the National Ambient Air Quality Standard (NAAQS),0.7250262233281936,False,0.08853212659297194,False
2005-05-15,Pennsylvania,Lancaster,85,Percent of days with PM2.5 levels over the National Ambient Air Quality Standard (NAAQS),0.5234184774102989,False,-0.8044665220155109,False
2005-05-16,Pennsylvania,Lancaster,85,Percent of days with PM2.5 levels over the National Ambient Air Quality Standard (NAAQS),0.4797422783298107,False,-0.9326200844029569,False
2005-05-17,Pennsylvania,Lancaster,85,Percent of days with PM2.5 levels over the National Ambient Air Quality Standard (NAAQS),0.9109366009688548,False,1.0182323054169224,False
2005-05-18,Pennsylvania,Lancaster,85,Percent of days with PM2.5 levels over the National Ambient Air Quality Standard (NAAQS),0.8075180301165602,False,0.497868629587737,False
2005-05-19,Pennsylvania,Lancaster,85,Percent of days with PM2.5 levels over the National Ambient Air Quality Standard (NAAQS),0.4585486168403155,False,-1.0840934572409735,False
2005-05-20,Pennsylvania,Lancaster,85,Percent of days with PM2.5 levels over the National Ambient Air Quality Standard (NAAQS),0.4761537264229717,False,-0.9755622158640294,False
2005-05-21,Pennsylvania,Lancaster,85,Percent of days with PM2.5 levels over the National Ambient Air Quality Standard (NAAQS),0.3981626093802814,False,-1.238288951914845,False
2005-05-22,Pennsylvania,Lancaster,85,Percent of days with PM2.5 levels over the National Ambient Air Quality Standard (NAAQS),0.9120765155707196,False,0.9668379684468309,False
2005-05-23,Pennsylvania,Lancaster,85,Percent of days with PM2.5 levels over the National Ambient Air Quality Standard (NAAQS),0.74462764043374,False,0.2067108057386088,False
2005-05-24,Pennsylvania,Lancaster,85,Percent of days with PM2.5 levels over the National Ambient Air Quality Standard (NAAQS),0.4833721163104559,False,-0.8722714131625298,False
2005-05-25,Pennsylvania,Lancaster,85,Percent of days with PM2.5 levels over the National Ambient Air Quality Standard (NAAQS),1.0543858663468393,False,1.513236711220885,False
2005-05-26,Pennsylvania,Lancaster,85,Percent of days with PM2.5 levels over the National Ambient Air Quality Standard (NAAQS),0.966634038260348,False,1.080495152562829,False
2005-05-27,Pennsylvania,Lancaster,85,Percent of days with PM2.5 levels over the National Ambient Air Quality Standard (NAAQS),0.6372229068228662,False,-0.32717812771606725,False
2005-05-28,Pennsylvania,Lancaster,85,Percent of days with PM2.5 levels over the National Ambient Air Quality Standard (NAAQS),0.7427030423787108,False,0.2287607346650201,False
2005-05-29,Pennsylvania,Lancaster,85,Percent of days with PM2.5 levels over the National Ambient Air Quality Standard (NAAQS),0.92983325237069,False,1.0710965567592985,False
2005-05-30,Pennsylvania,Lancaster,85,Percent of days with PM2.5 levels over the National Ambient Air Quality Standard (NAAQS),0.7505337946595091,False,0.23517541870740105,False
2005-05-31,Pennsylvania,Lancaster,85,Percent of days with PM2.5 levels over the National Ambient Air Quality Standard (NAAQS),0.5699048525423054,False,-0.5924002579129515,False
2005-06-01,Pennsylvania,Lancaster,85,Percent of days with PM2.5 levels over the National Ambient Air Quality Standard (NAAQS),0.940204226809742,False,1.0644327367132271,False
2005-06-02,Pennsylvania,Lancaster,85,Percent of days with PM2.5 levels over the National Ambient Air Quality Standard (NAAQS),0.8603563869556741,False,0.6435536110141,False
2005-06-03,Pennsylvania,Lancaster,85,Percent of days with PM2.5 levels over the National Ambient Air Quality Standard (NAAQS),0.8752800805804232,False,0.6609425460404375,False
2005-06-04,Pennsylvania,Lancaster,85,Percent of days with PM2.5 levels over the National Ambient Air Quality Standard (NAAQS),1.145168290848944,False,1.8179942453406603,False
2005-06-05,Pennsylvania,Lancaster,85,Percent of days with PM2.5 levels over the National Ambient Air Quality Standard (NAAQS),1.0335249441683314,False,1.1904573152641056,False
2005-06-06,Pennsylvania,Lancaster,85,Percent of days with PM2.5 levels over the National Ambient Air Quality Standard (NAAQS),0.9018568036498252,False,0.6292517418644592,False
2005-06-07,Pennsylvania,Lancaster,85,Percent of days with PM2.5 levels over the National Ambient Air Quality Standard (NAAQS),0.7173281274859401,False,-0.2711576581520299,False
2005-06-08,Pennsylvania,Lancaster,85,Percent of days with PM2.5 levels over the National Ambient Air Quality Standard (NAAQS),0.9003054251136925,False,0.6202709320510442,False
2005-06-09,Pennsylvania,Lancaster,85,Percent of days with PM2.5 levels over the National Ambient Air Quality Standard (NAAQS),0.8090439670335673,False,0.20843038952954046,False
2005-06-10,Pennsylvania,Lancaster,85,Percent of days with PM2.5 levels over the National Ambient Air Quality Standard (NAAQS),0.8831747293889876,False,0.5454655751490722,False
2005-06-11,Pennsylvania,Lancaster,85,Percent of days with PM2.5 levels over the National Ambient Air Quality Standard (NAAQS),0.8385629399160428,False,0.3048438217409765,False
2005-06-12,Pennsylvania,Lancaster,85,Percent of days with PM2.5 levels over the National Ambient Air Quality Standard (NAAQS),0.376366963999332,False,-1.871841177772871,False
2005-06-13,Pennsylvania,Lancaster,85,Percent of days with PM2.5 levels over the National Ambient Air Quality Standard (NAAQS),0.7095213821092106,False,-0.3448280540091971,False
2005-06-14,Pennsylvania,Lancaster,85,Percent of days with PM2.5 levels over the National Ambient Air Quality Standard (NAAQS),1.060106347525417,False,1.3150528323982766,False
2005-06-15,Pennsylvania,Lancaster,85,Percent of days with PM2.5 levels over the National Ambient Air Quality Standard (NAAQS),0.7276191754373501,False,-0.2608723583469162,False
2005-06-16,Pennsylvania,Lancaster,85,Percent of days with PM2.5 levels over the National Ambient Air Quality Standard (NAAQS),0.6172520728233777,False,-0.8435542823079195,False
2005-06-17,Pennsylvania,Lancaster,85,Percent of days with PM2.5 levels over the National Ambient Air Quality Standard (NAAQS),0.6023590594623445,False,-0.9675901803219783,False
2005-06-18,Pennsylvania,Lancaster,85,Percent of days with PM2.5 levels over the National Ambient Air Quality Standard (NAAQS),0.941364347356296,False,0.7104382539371418,False
2005-06-19,Pennsylvania,Lancaster,85,Percent of days with PM2.5 levels over the National Ambient Air Quality Standard (NAAQS),0.9846807096342592,False,0.923704590574688,False
2005-06-20,Pennsylvania,Lancaster,85,Percent of days with PM2.5 levels over the National Ambient Air Quality Standard (NAAQS),0.6854060510436306,False,-0.6839714440233909,False
2005-06-21,Pennsylvania,Lancaster,85,Percent of days with PM2.5 levels over the National Ambient Air Quality Standard (NAAQS),0.8627011995267366,False,0.21175097020995945,False
2005-06-22,Pennsylvania,Lancaster,85,Percent of days with PM2.5 levels over the National Ambient Air Quality Standard (NAAQS),1.0140239014467227,False,1.1006202380338945,False
2005-06-23,Pennsylvania,Lancaster,85,Percent of days with PM2.5 levels over the National Ambient Air Quality Standard (NAAQS),0.8231638936549444,False,0.022900016837316895,False
2005-06-24,Pennsylvania,Lancaster,85,Percent of days with PM2.5 levels over the National Ambient Air Quality Standard (NAAQS),0.835352317444807,False,0.05417146374832263,False
2005-06-25,Pennsylvania,Lancaster,85,Percent of days with PM2.5 levels over the National Ambient Air Quality Standard (NAAQS),0.6354671576364495,False,-1.1038515040675199,False
2005-06-26,Pennsylvania,Lancaster,85,Percent of days with PM2.5 levels over the National Ambient Air Quality Standard (NAAQS),0.8364908756345716,False,0.10291642511580538,False
2005-06-27,Pennsylvania,Lancaster,85,Percent of days with PM2.5 levels over the National Ambient Air Quality Standard (NAAQS),0.942338109173614,False,0.68746775564878,False
2005-06-28,Pennsylvania,Lancaster,85,Percent of days with PM2.5 levels over the National Ambient Air Quality Standard (NAAQS),0.7132008540035,False,-0.7227054724283691,False
2005-06-29,Pennsylvania,Lancaster,85,Percent of days with PM2.5 levels over the National Ambient Air Quality Standard (NAAQS),1.072424548093636,False,1.4054425915455393,False
2005-06-30,Pennsylvania,Lancaster,85,Percent of days with PM2.5 levels over the National Ambient Air Quality Standard (NAAQS),0.7566959891108331,False,-0.44688237318330704,False
2005-07-01,Pennsylvania,Lancaster,85,Percent of days with PM2.5 levels over the National Ambient Air Quality Standard (NAAQS),0.8592518521457094,False,0.16385616496550184,False
2005-07-02,Pennsylvania,Lancaster,85,Percent of days with PM2.5 levels over the National Ambient Air Quality Standard (NAAQS),0.6968382394172857,False,-0.747340789800943,False
2005-07-03,Pennsylvania,Lancaster,85,Percent of days with PM2.5 levels over the National Ambient Air Quality Standard (NAAQS),0.4981847952503134,False,-1.8206766690333254,False
2005-07-04,Pennsylvania,Lancaster,85,Percent of days with PM2.5 levels over the National Ambient Air Quality Standard (NAAQS),0.6786952161258699,False,-0.6697617314726927,False
2005-07-05,Pennsylvania,Lancaster,85,Percent of days with PM2.5 levels over the National Ambient Air Quality Standard (NAAQS),0.5435058265312998,False,-1.4052807838285408,False
2005-07-06,Pennsylvania,Lancaster,85,Percent of days with PM2.5 levels over the National Ambient Air Quality Standard (NAAQS),0.598165147157921,False,-1.009333535998227,False
2005-07-07,Pennsylvania,Lancaster,85,Percent of days with PM2.5 levels over the National Ambient Air Quality Standard (NAAQS),0.9070935668800276,False,0.7612796149826063,False
2005-07-08,Pennsylvania,Lancaster,85,Percent of days with PM2.5 levels over the National Ambient Air Quality Standard (NAAQS),0.92710903311478,False,0.8615870508793924,False
2005-07-09,Pennsylvania,Lancaster,85,Percent of days with PM2.5 levels over the National Ambient Air Quality Standard (NAAQS),0.4624505495319598,False,-1.6342272548174805,False
2005-07-10,Pennsylvania,Lancaster,85,Percent of days with PM2.5 levels over the National Ambient Air Quality Standard (NAAQS),0.8038922086509565,False,0.15195239022138182,False
2005-07-11,Pennsylvania,Lancaster,85,Percent of days with PM2.5 levels over the National Ambient Air Quality Standard (NAAQS),0.85006797617615,False,0.3974095092299303,False
2005-07-12,Pennsylvania,Lancaster,85,Percent of days with PM2.5 levels over the National Ambient Air Quality Standard (NAAQS),0.5854107093580242,False,-1.113511031102201,False
2005-07-13,Pennsylvania,Lancaster,85,Percent of days with PM2.5 levels over the National Ambient Air Quality Standard (NAAQS),0.6012745352515693,False,-0.9711992689574108,False
2005-07-14,Pennsylvania,Lancaster,85,Percent of days with PM2.5 levels over the National Ambient Air Quality Standard (NAAQS),0.6521172945235422,False,-0.6755131811821354,False
2005-07-15,Pennsylvania,Lancaster,85,Percent of days with PM2.5 levels over the National Ambient Air Quality Standard (NAAQS),0.7144954128898423,False,-0.3259392750668569,False
2005-07-16,Pennsylvania,Lancaster,85,Percent of days with PM2.5 levels over the National Ambient Air Quality Standard (NAAQS),0.6915263353946215,False,-0.4208621162703109,False
2005-07-17,Pennsylvania,Lancaster,85,Percent of days with PM2.5 levels over the National Ambient Air Quality Standard (NAAQS),0.5939532063541983,False,-0.9694277997550812,False
2005-07-18,Pennsylvania,Lancaster,85,Percent of days with PM2.5 levels over the National Ambient Air Quality Standard (NAAQS),1.0438039682324294,False,1.7418683294010469,False
2005-07-19,Pennsylvania,Lancaster,85,Percent of days with PM2.5 levels over the National Ambient Air Quality Standard (NAAQS),0.750158233040369,False,-0.01809445140498645,False
2005-07-20,Pennsylvania,Lancaster,85,Percent of days with PM2.5 levels over the National Ambient Air Quality Standard (NAAQS),0.7939084105618287,False,0.3132056612397992,False
2005-07-21,Pennsylvania,Lancaster,85,Percent of days with PM2.5 levels over the National Ambient Air Quality Standard (NAAQS),0.8801069266412712,False,0.8472091582368245,False
2005-07-22,Pennsylvania,Lancaster,85,Percent of days with PM2.5 levels over the National Ambient Air Quality Standard (NAAQS),0.4937659007061606,False,-1.4819244673545555,False
2005-07-23,Pennsylvania,Lancaster,85,Percent of days with PM2.5 levels over the National Ambient Air Quality Standard (NAAQS),0.9382992240461272,False,1.1589810730644772,False
2005-07-24,Pennsylvania,Lancaster,85,Percent of days with PM2.5 levels over the National Ambient Air Quality Standard (NAAQS),0.9574655176847602,False,1.219239079552693,False
2005-07-25,Pennsylvania,Lancaster,85,Percent of days with PM2.5 levels over the National Ambient Air Quality Standard (NAAQS),0.859638677777904,False,0.6720245905922928,False
2005-07-26,Pennsylvania,Lancaster,85,Percent of days with PM2.5 levels over the National Ambient Air Quality Standard (NAAQS),0.9354450166380246,False,1.0554400265457433,False
2005-07-27,Pennsylvania,Lancaster,85,Percent of days with PM2.5 levels over the National Ambient Air Quality Standard (NAAQS),0.4379784664251966,False,-1.7408764800509997,False
2005-07-28,Pennsylvania,Lancaster,85,Percent of days with PM2.5 levels over the National Ambient Air Quality Standard (NAAQS),1.0413650705870114,False,1.6686214342645733,False
2005-07-29,Pennsylvania,Lancaster,85,Percent of days with PM2.5 levels over the National Ambient Air Quality Standard (NAAQS),0.927681424107438,False,1.0079415615705014,False
2005-07-30,Pennsylvania,Lancaster,85,Percent of days with PM2.5 levels over the National Ambient Air Quality Standard (NAAQS),0.5018354513982507,False,-1.2661298469655704,False
2005-07-31,Pennsylvania,Lancaster,85,Percent of days with PM2.5 levels over the National Ambient Air Quality Standard (NAAQS),0.5636033114808923,False,-0.9618074449125533,False
2005-08-01,Pennsylvania,Lancaster,85,Percent of days with PM2.5 levels over the National Ambient Air Quality Standard (NAAQS),0.7067904093796937,False,-0.1891463679619628,False
2005-08-02,Pennsylvania,Lancaster,85,Percent of days with PM2.5 levels over the National Ambient Air Quality Standard (NAAQS),0.5633386571544329,False,-0.9780202120108923,False
2005-08-03,Pennsylvania,Lancaster,85,Percent of days with PM2.5 levels over the National Ambient Air Quality Standard (NAAQS),1.0455915507179718,False,1.5180560419847597,False
2005-08-04,Pennsylvania,Lancaster,85,Percent of days with PM2.5 levels over the National Ambient Air Quality Standard (NAAQS),0.5719577374489854,False,-0.9166883577374575,False
2005-08-05,Pennsylvania,Lancaster,85,Percent of days with PM2.5 levels over the National Ambient Air Quality Standard (NAAQS),0.4210923583961044,False,-1.564722933701641,False
2005-08-06,Pennsylvania,Lancaster,85,Percent of days with PM2.5 levels over the National Ambient Air Quality Standard (NAAQS),0.6192278372093654,False,-0.6011641806677737,False
2005-08-07,Pennsylvania,Lancaster,85,Percent of days with PM2.5 levels over the National Ambient Air Quality Standard (NAAQS),0.8348137773656862,False,0.5230409153889288,False
2005-08-08,Pennsylvania,Lancaster,85,Percent of days with PM2.5 levels over the National Ambient Air Quality Standard (NAAQS),0.7389318665891282,False,0.04226296268266592,False
2005-08-09,Pennsylvania,Lancaster,85,Percent of days with PM2.5 levels over the National Ambient Air Quality Standard (NAAQS),0.9796868238815736,False,1.2152146276417306,False
2005-08-10,Pennsylvania,Lancaster,85,Percent of days with PM2.5 levels over the National Ambient Air Quality Standard (NAAQS),1.0254774966305549,False,1.3399760704983106,False
2005-08-11,Pennsylvania,Lancaster,85,Percent of days with PM2.5 levels over the National Ambient Air Quality Standard (NAAQS),0.4211132652240854,False,-1.595848186870555,False
2005-08-12,Pennsylvania,Lancaster,85,Percent of days with PM2.5 levels over the National Ambient Air Quality Standard (NAAQS),0.8172354856030871,False,0.29721341858575107,False
2005-08-13,Pennsylvania,Lancaster,85,Percent of days with PM2.5 levels over the National Ambient Air Quality Standard (NAAQS),0.4152451048392344,False,-1.5227627343094785,False
2005-08-14,Pennsylvania,Lancaster,85,Percent of days with PM2.5 levels over the National Ambient Air Quality Standard (NAAQS),0.7978282557583504,False,0.20846946298597116,False
2005-08-15,Pennsylvania,Lancaster,85,Percent of days with PM2.5 levels over the National Ambient Air Quality Standard (NAAQS),0.5095288846275342,False,-1.0580302097460252,False
2005-08-16,Pennsylvania,Lancaster,85,Percent of days with PM2.5 levels over the National Ambient Air Quality Standard (NAAQS),0.5937583235179316,False,-0.6297182100264008,False
2005-08-17,Pennsylvania,Lancaster,85,Percent of days with PM2.5 levels over the National Ambient Air Quality Standard (NAAQS),0.7104092195436517,False,-0.06994597148836114,False
2005-08-18,Pennsylvania,Lancaster,85,Percent of days with PM2.5 levels over the National Ambient Air Quality Standard (NAAQS),0.9641384699803504,False,1.0910230119791116,False
2005-08-19,Pennsylvania,Lancaster,85,Percent of days with PM2.5 levels over the National Ambient Air Quality Standard (NAAQS),1.160100496792514,False,1.8066410294158262,False
2005-08-20,Pennsylvania,Lancaster,85,Percent of days with PM2.5 levels over the National Ambient Air Quality Standard (NAAQS),0.4800001437936893,False,-1.1196971522395374,False
2005-08-21,Pennsylvania,Lancaster,85,Percent of days with PM2.5 levels over the National Ambient Air Quality Standard (NAAQS),0.7392633255063785,False,0.05037163386413751,False
2005-08-22,Pennsylvania,Lancaster,85,Percent of days with PM2.5 levels over the National Ambient Air Quality Standard (NAAQS),0.6008523730343608,False,-0.5263003238082682,False
2005-08-23,Pennsylvania,Lancaster,85,Percent of days with PM2.5 levels over the National Ambient Air Quality Standard (NAAQS),0.8602001346598199,False,0.6502393054368872,False
2005-08-24,Pennsylvania,Lancaster,85,Percent of days with PM2.5 levels over the National Ambient Air Quality Standard (NAAQS),0.6990825077329176,False,-0.12225099347603122,False
2005-08-25,Pennsylvania,Lancaster,85,Percent of days with PM2.5 levels over the National Ambient Air Quality Standard (NAAQS),0.8071622574103618,False,0.43639705620816077,False
2005-08-26,Pennsylvania,Lancaster,85,Percent of days with PM2.5 levels over the National Ambient Air Quality Standard (NAAQS),0.5681711698802194,False,-0.6659865138134655,False
2005-08-27,Pennsylvania,Lancaster,85,Percent of days with PM2.5 levels over the National Ambient Air Quality Standard (NAAQS),0.515625349511036,False,-0.9279642878135127,False
2005-08-28,Pennsylvania,Lancaster,85,Percent of days with PM2.5 levels over the National Ambient Air Quality Standard (NAAQS),0.262519538869897,False,-1.9714991344893866,False
2005-08-29,Pennsylvania,Lancaster,85,Percent of days with PM2.5 levels over the National Ambient Air Quality Standard (NAAQS),0.7139711271986471,False,0.09055874396090624,False
2005-08-30,Pennsylvania,Lancaster,85,Percent of days with PM2.5 levels over the National Ambient Air Quality Standard (NAAQS),0.5543924232634942,False,-0.6366315063629678,False
2005-08-31,Pennsylvania,Lancaster,85,Percent of days with PM2.5 levels over the National Ambient Air Quality Standard (NAAQS),0.7937238644803521,False,0.5209961212295643,False
2005-09-01,Pennsylvania,Lancaster,85,Percent of days with PM2.5 levels over the National Ambient Air Quality Standard (NAAQS),0.6915306811631773,False,0.011647599493654199,False
2005-09-02,Pennsylvania,Lancaster,85,Percent of days with PM2.5 levels over the National Ambient Air Quality Standard (NAAQS),0.7315505775964146,False,0.15585561011739602,False
2005-09-03,Pennsylvania,Lancaster,85,Percent of days with PM2.5 levels over the National Ambient Air Quality Standard (NAAQS),0.6668413209183447,False,-0.17471235875657348,False
2005-09-04,Pennsylvania,Lancaster,85,Percent of days with PM2.5 levels over the National Ambient Air Quality Standard (NAAQS),0.7405285817081566,False,0.21090732545698584,False
2005-09-05,Pennsylvania,Lancaster,85,Percent of days with PM2.5 levels over the National Ambient Air Quality Standard (NAAQS),1.2871578229018386,False,2.4947998831856655,False
2005-09-06,Pennsylvania,Lancaster,85,Percent of days with PM2.5 levels over the National Ambient Air Quality Standard (NAAQS),0.8929731713698523,False,0.7910097787524888,False
2005-09-07,Pennsylvania,Lancaster,85,Percent of days with PM2.5 levels over the National Ambient Air Quality Standard (NAAQS),0.9975789739558696,False,1.2681118194196777,False
2005-09-08,Pennsylvania,Lancaster,85,Percent of days with PM2.5 levels over the National Ambient Air Quality Standard (NAAQS),0.6467520419715663,False,-0.3477241197091858,False
2005-09-09,Pennsylvania,Lancaster,85,Percent of days with PM2.5 levels over the National Ambient Air Quality Standard (NAAQS),0.6587695492730344,False,-0.2667466016260885,False
2005-09-10,Pennsylvania,Lancaster,85,Percent of days with PM2.5 levels over the National Ambient Air Quality Standard (NAAQS),0.5017331284937827,False,-1.0261150287889524,False
2005-09-11,Pennsylvania,Lancaster,85,Percent of days with PM2.5 levels over the National Ambient Air Quality Standard (NAAQS),0.80661476786094,False,0.40872760107910516,False
2005-09-12,Pennsylvania,Lancaster,85,Percent of days with PM2.5 levels over the National Ambient Air Quality Standard (NAAQS),0.4017163316924471,False,-1.4466210508104411,False
2005-09-13,Pennsylvania,Lancaster,85,Percent of days with PM2.5 levels over the National Ambient Air Quality Standard (NAAQS),0.6089391282832678,False,-0.49587154105055137,False
2005-09-14,Pennsylvania,Lancaster,85,Percent of days with PM2.5 levels over the National Ambient Air Quality Standard (NAAQS),0.2566895882030527,False,-1.8981963403073272,False
2005-09-15,Pennsylvania,Lancaster,85,Percent of days with PM2.5 levels over the National Ambient Air Quality Standard (NAAQS),0.9460100543982044,False,1.057435419119233,False
2005-09-16,Pennsylvania,Lancaster,85,Percent of days with PM2.5 levels over the National Ambient Air Quality Standard (NAAQS),0.9312460430910724,False,1.0904940673412415,False
2005-09-17,Pennsylvania,Lancaster,85,Percent of days with PM2.5 levels over the National Ambient Air Quality Standard (NAAQS),0.9050134137898412,False,0.9040785915443559,False
2005-09-18,Pennsylvania,Lancaster,85,Percent of days with PM2.5 levels over the National Ambient Air Quality Standard (NAAQS),0.7049675347274784,False,-0.0021533560373745673,False
2005-09-19,Pennsylvania,Lancaster,85,Percent of days with PM2.5 levels over the National Ambient Air Quality Standard (NAAQS),0.8919830042406584,False,0.7968501667488529,False
2005-09-20,Pennsylvania,Lancaster,85,Percent of days with PM2.5 levels over the National Ambient Air Quality Standard (NAAQS),0.5373565436373984,False,-0.7531746342127443,False
2005-09-21,Pennsylvania,Lancaster,85,Percent of days with PM2.5 levels over the National Ambient Air Quality Standard (NAAQS),0.6839346371969445,False,-0.08945440235620102,False
2005-09-22,Pennsylvania,Lancaster,85,Percent of days with PM2.5 levels over the National Ambient Air Quality Standard (NAAQS),0.8569136812110738,False,0.6795525425615386,False
2005-09-23,Pennsylvania,Lancaster,85,Percent of days with PM2.5 levels over the National Ambient Air Quality Standard (NAAQS),1.0791945519841302,False,1.5330339414948662,False
2005-09-24,Pennsylvania,Lancaster,85,Percent of days with PM2.5 levels over the National Ambient Air Quality Standard (NAAQS),0.9081201908226312,False,0.7384232966289882,False
2005-09-25,Pennsylvania,Lancaster,85,Percent of days with PM2.5 levels over the National Ambient Air Quality Standard (NAAQS),0.2102163764974186,False,-2.2389996720585077,False
2005-09-26,Pennsylvania,Lancaster,85,Percent of days with PM2.5 levels over the National Ambient Air Quality Standard (NAAQS),0.6436816483807272,False,-0.38123524525846414,False
2005-09-27,Pennsylvania,Lancaster,85,Percent of days with PM2.5 levels over the National Ambient Air Quality Standard (NAAQS),0.2268791828826048,False,-1.9622598519850993,False
2005-09-28,Pennsylvania,Lancaster,85,Percent of days with PM2.5 levels over the National Ambient Air Quality Standard (NAAQS),0.7154045028184679,False,-0.014038006416796114,False
2005-09-29,Pennsylvania,Lancaster,85,Percent of days with PM2.5 levels over the National Ambient Air Quality Standard (NAAQS),0.7965808160364476,False,0.29303665815949426,False
2005-09-30,Pennsylvania,Lancaster,85,Percent of days with PM2.5 levels over the National Ambient Air Quality Standard (NAAQS),0.2480627906231425,False,-1.7090937693957473,False
2005-10-01,Pennsylvania,Lancaster,85,Percent of days with PM2.5 levels over the National Ambient Air Quality Standard (NAAQS),1.0258933045003744,False,1.1219450136596454,False
2005-10-02,Pennsylvania,Lancaster,85,Percent of days with PM2.5 levels over the National Ambient Air Quality Standard (NAAQS),0.5764817331072227,False,-0.49337203493726156,False
2005-10-03,Pennsylvania,Lancaster,85,Percent of days with PM2.5 levels over the National Ambient Air Quality Standard (NAAQS),0.6715121498336702,False,-0.07513127785125794,False
2005-10-04,Pennsylvania,Lancaster,85,Percent of days with PM2.5 levels over the National Ambient Air Quality Standard (NAAQS),0.5521076867495454,False,-0.5055284855861735,False
2005-10-05,Pennsylvania,Lancaster,85,Percent of days with PM2.5 levels over the National Ambient Air Quality Standard (NAAQS),0.7840732156909571,False,0.4678784743924853,False
2005-10-06,Pennsylvania,Lancaster,85,Percent of days with PM2.5 levels over the National Ambient Air Quality Standard (NAAQS),0.5706725279499503,False,-0.3996782827227645,False
2005-10-07,Pennsylvania,Lancaster,85,Percent of days with PM2.5 levels over the National Ambient Air Quality Standard (NAAQS),0.6751698726831481,False,0.027545010125655977,False
2005-10-08,Pennsylvania,Lancaster,85,Percent of days with PM2.5 levels over the National Ambient Air Quality Standard (NAAQS),0.8418437124211503,False,0.6632656560485454,False
2005-10-09,Pennsylvania,Lancaster,85,Percent of days with PM2.5 levels over the National Ambient Air Quality Standard (NAAQS),0.7567512419603581,False,0.3215585876089111,False
2005-10-10,Pennsylvania,Lancaster,85,Percent of days with PM2.5 levels over the National Ambient Air Quality Standard (NAAQS),0.856233950732516,False,0.676475305616801,False
2005-10-11,Pennsylvania,Lancaster,85,Percent of days with PM2.5 levels over the National Ambient Air Quality Standard (NAAQS),0.6132082715799699,False,-0.34432387672672127,False
2005-10-12,Pennsylvania,Lancaster,85,Percent of days with PM2.5 levels over the National Ambient Air Quality Standard (NAAQS),0.789384531033202,False,0.3375058329558125,False
2005-10-13,Pennsylvania,Lancaster,85,Percent of days with PM2.5 levels over the National Ambient Air Quality Standard (NAAQS),0.8165957058718913,False,0.48856268641470685,False
2005-10-14,Pennsylvania,Lancaster,85,Percent of days with PM2.5 levels over the National Ambient Air Quality Standard (NAAQS),0.4259102489402992,False,-1.2030602939000994,False
2005-10-15,Pennsylvania,Lancaster,85,Percent of days with PM2.5 levels over the National Ambient Air Quality Standard (NAAQS),0.8953000657122765,False,0.9255510404378019,False
2005-10-16,Pennsylvania,Lancaster,85,Percent of days with PM2.5 levels over the National Ambient Air Quality Standard (NAAQS),0.6608432177660482,False,-0.13063640413411617,False
2005-10-17,Pennsylvania,Lancaster,85,Percent of days with PM2.5 levels over the National Ambient Air Quality Standard (NAAQS),0.9374976600255036,False,1.1078501146810196,False
2005-10-18,Pennsylvania,Lancaster,85,Percent of days with PM2.5 levels over the National Ambient Air Quality Standard (NAAQS),0.6839958879382306,False,-0.05685895569072676,False
2005-10-19,Pennsylvania,Lancaster,85,Percent of days with PM2.5 levels over the National Ambient Air Quality Standard (NAAQS),0.980735132436022,False,1.207349836166585,False
2005-10-20,Pennsylvania,Lancaster,85,Percent of days with PM2.5 levels over the National Ambient Air Quality Standard (NAAQS),0.5807842339634381,False,-0.5156435277148042,False
2005-10-21,Pennsylvania,Lancaster,85,Percent of days with PM2.5 levels over the National Ambient Air Quality Standard (NAAQS),1.0338327166854613,False,1.5153603421962465,False
2005-10-22,Pennsylvania,Lancaster,85,Percent of days with PM2.5 levels over the National Ambient Air Quality Standard (NAAQS),0.592836762379869,False,-0.4160942628580365,False
2005-10-23,Pennsylvania,Lancaster,85,Percent of days with PM2.5 levels over the National Ambient Air Quality Standard (NAAQS),0.7226275764455942,False,0.10004214819762214,False
2005-10-24,Pennsylvania,Lancaster,85,Percent of days with PM2.5 levels over the National Ambient Air Quality Standard (NAAQS),0.7321371214938339,False,0.13206106109605392,False
2005-10-25,Pennsylvania,Lancaster,85,Percent of days with PM2.5 levels over the National Ambient Air Quality Standard (NAAQS),0.6444363890470717,False,-0.4328381343168251,False
2005-10-26,Pennsylvania,Lancaster,85,Percent of days with PM2.5 levels over the National Ambient Air Quality Standard (NAAQS),1.0575922345510596,False,1.7319993182447995,False
2005-10-27,Pennsylvania,Lancaster,85,Percent of days with PM2.5 levels over the National Ambient Air Quality Standard (NAAQS),1.0252819488525704,False,1.4562076976166074,False
2005-10-28,Pennsylvania,Lancaster,85,Percent of days with PM2.5 levels over the National Ambient Air Quality Standard (NAAQS),0.9188615824921288,False,0.8930848720344278,False
2005-10-29,Pennsylvania,Lancaster,85,Percent of days with PM2.5 levels over the National Ambient Air Quality Standard (NAAQS),0.8934979343174458,False,0.7997300033458294,False
2005-10-30,Pennsylvania,Lancaster,85,Percent of days with PM2.5 levels over the National Ambient Air Quality Standard (NAAQS),0.9811959347511532,False,1.2322312781941847,False
2005-10-31,Pennsylvania,Lancaster,85,Percent of days with PM2.5 levels over the National Ambient Air Quality Standard (NAAQS),1.2221048748516066,False,2.2967885449135927,False
2005-11-01,Pennsylvania,Lancaster,85,Percent of days with PM2.5 levels over the National Ambient Air Quality Standard (NAAQS),0.5129359127161695,False,-1.4885040138186894,False
2005-11-02,Pennsylvania,Lancaster,85,Percent of days with PM2.5 levels over the National Ambient Air Quality Standard (NAAQS),1.0916263827395414,False,1.4637306554081488,False
2005-11-03,Pennsylvania,Lancaster,85,Percent of days with PM2.5 levels over the National Ambient Air Quality Standard (NAAQS),0.8215844468464746,False,0.04477906166009497,False
2005-11-04,Pennsylvania,Lancaster,85,Percent of days with PM2.5 levels over the National Ambient Air Quality Standard (NAAQS),0.4801163287705939,False,-1.6326692862446077,False
2005-11-05,Pennsylvania,Lancaster,85,Percent of days with PM2.5 levels over the National Ambient Air Quality Standard (NAAQS),0.7869727530888639,False,-0.08584594801215009,False
2005-11-06,Pennsylvania,Lancaster,85,Percent of days with PM2.5 levels over the National Ambient Air Quality Standard (NAAQS),0.7086168486122238,False,-0.46842603444775105,False
2005-11-07,Pennsylvania,Lancaster,85,Percent of days with PM2.5 levels over the National Ambient Air Quality Standard (NAAQS),0.5439307685150753,False,-1.2023050655690324,False
2005-11-08,Pennsylvania,Lancaster,85,Percent of days with PM2.5 levels over the National Ambient Air Quality Standard (NAAQS),0.7905948504515206,False,-0.03438630844921989,False
2005-11-09,Pennsylvania,Lancaster,85,Percent of days with PM2.5 levels over the National Ambient Air Quality Standard (NAAQS),0.8140162032631882,False,0.07680790581826466,False
2005-11-10,Pennsylvania,Lancaster,85,Percent of days with PM2.5 levels over the National Ambient Air Quality Standard (NAAQS),0.7231172149671329,False,-0.3542998554596493,False
2005-11-11,Pennsylvania,Lancaster,85,Percent of days with PM2.5 levels over the National Ambient Air Quality Standard (NAAQS),1.1283518325328596,False,1.5466556641549045,False
2005-11-12,Pennsylvania,Lancaster,85,Percent of days with PM2.5 levels over the National Ambient Air Quality Standard (NAAQS),0.8241563400760347,False,0.03272976912934667,False
2005-11-13,Pennsylvania,Lancaster,85,Percent of days with PM2.5 levels over the National Ambient Air Quality Standard (NAAQS),0.9008058352359544,False,0.3788745350543158,False
2005-11-14,Pennsylvania,Lancaster,85,Percent of days with PM2.5 levels over the National Ambient Air Quality Standard (NAAQS),1.0323938258360246,False,1.015748917420555,False
2005-11-15,Pennsylvania,Lancaster,85,Percent of days with PM2.5 levels over the National Ambient Air Quality Standard (NAAQS),0.7186290243209312,False,-0.564465507420878,False
2005-11-16,Pennsylvania,Lancaster,85,Percent of days with PM2.5 levels over the National Ambient Air Quality Standard (NAAQS),0.9554833060186166,False,0.6335131455434,False
2005-11-17,Pennsylvania,Lancaster,85,Percent of days with PM2.5 levels over the National Ambient Air Quality Standard (NAAQS),0.9682852317646784,False,0.6430999780669068,False
2005-11-18,Pennsylvania,Lancaster,85,Percent of days with PM2.5 levels over the National Ambient Air Quality Standard (NAAQS),0.9635842149179434,False,0.6387397123897036,False
2005-11-19,Pennsylvania,Lancaster,85,Percent of days with PM2.5 levels over the National Ambient Air Quality Standard (NAAQS),0.794555376794416,False,-0.29072676832669236,False
2005-11-20,Pennsylvania,Lancaster,85,Percent of days with PM2.5 levels over the National Ambient Air Quality Standard (NAAQS),0.6891595974534576,False,-0.8481613734504135,False
2005-11-21,Pennsylvania,Lancaster,85,Percent of days with PM2.5 levels over the National Ambient Air Quality Standard (NAAQS),1.330217898888748,False,2.2407520086918136,False
2005-11-22,Pennsylvania,Lancaster,85,Percent of days with PM2.5 levels over the National Ambient Air Quality Standard (NAAQS),0.686704310642127,False,-0.8973625154914597,False
2005-11-23,Pennsylvania,Lancaster,85,Percent of days with PM2.5 levels over the National Ambient Air Quality Standard (NAAQS),0.4487916229341817,False,-1.851651440264529,False
2005-11-24,Pennsylvania,Lancaster,85,Percent of days with PM2.5 levels over the National Ambient Air Quality Standard (NAAQS),1.1517465561862723,False,1.3525974659128006,False
2005-11-25,Pennsylvania,Lancaster,85,Percent of days with PM2.5 levels over the National Ambient Air Quality Standard (NAAQS),0.7047798515149837,False,-0.6321764917224317,False
2005-11-26,Pennsylvania,Lancaster,85,Percent of days with PM2.5 levels over the National Ambient Air Quality Standard (NAAQS),0.851487466723232,False,0.034692238332782684,False
2005-11-27,Pennsylvania,Lancaster,85,Percent of days with PM2.5 levels over the National Ambient Air Quality Standard (NAAQS),0.4100563259140043,False,-1.760096436449966,False
2005-11-28,Pennsylvania,Lancaster,85,Percent of days with PM2.5 levels over the National Ambient Air Quality Standard (NAAQS),0.8208024508234866,False,0.05305070464762102,False
2005-11-29,Pennsylvania,Lancaster,85,Percent of days with PM2.5 levels over the National Ambient Air Quality Standard (NAAQS),0.487762493348309,False,-1.4383021125147684,False
2005-11-30,Pennsylvania,Lancaster,85,Percent of days with PM2.5 levels over the National Ambient Air Quality Standard (NAAQS),0.6220577247322961,False,-0.7758169547257345,False
2005-12-01,Pennsylvania,Lancaster,85,Percent of days with PM2.5 levels over the National Ambient Air Quality Standard (NAAQS),0.8989303537746878,False,0.47815887093083553,False
2005-12-02,Pennsylvania,Lancaster,85,Percent of days with PM2.5 levels over the National Ambient Air Quality Standard (NAAQS),0.5760917559447035,False,-1.0313377293359371,False
2005-12-03,Pennsylvania,Lancaster,85,Percent of days with PM2.5 levels over the National Ambient Air Quality Standard (NAAQS),0.6700055600615749,False,-0.5709921111539528,False
2005-12-04,Pennsylvania,Lancaster,85,Percent of days with PM2.5 levels over the National Ambient Air Quality Standard (NAAQS),0.7485144213934297,False,-0.2147329470813071,False
2005-12-05,Pennsylvania,Lancaster,85,Percent of days with PM2.5 levels over the National Ambient Air Quality Standard (NAAQS),0.8511499182342837,False,0.21581718001706143,False
2005-12-06,Pennsylvania,Lancaster,85,Percent of days with PM2.5 levels over the National Ambient Air Quality Standard (NAAQS),0.5285564879416176,False,-1.2367638568903023,False
2005-12-07,Pennsylvania,Lancaster,85,Percent of days with PM2.5 levels over the National Ambient Air Quality Standard (NAAQS),0.7110478289002533,False,-0.3762663279312683,False
2005-12-08,Pennsylvania,Lancaster,85,Percent of days with PM2.5 levels over the National Ambient Air Quality Standard (NAAQS),0.5501732545368245,False,-1.0666884107078098,False
2005-12-09,Pennsylvania,Lancaster,85,Percent of days with PM2.5 levels over the National Ambient Air Quality Standard (NAAQS),0.8442947298042228,False,0.32056573086774853,False
2005-12-10,Pennsylvania,Lancaster,85,Percent of days with PM2.5 levels over the National Ambient Air Quality Standard (NAAQS),0.5957277750528586,False,-0.8056992801234091,False
2005-12-11,Pennsylvania,Lancaster,85,Percent of days with PM2.5 levels over the National Ambient Air Quality Standard (NAAQS),0.5583341583144417,False,-0.9149813399390084,False
2005-12-12,Pennsylvania,Lancaster,85,Percent of days with PM2.5 levels over the National Ambient Air Quality Standard (NAAQS),0.6238275965750252,False,-0.5589263503249647,False
2005-12-13,Pennsylvania,Lancaster,85,Percent of days with PM2.5 levels over the National Ambient Air Quality Standard (NAAQS),0.9934658399902806,False,1.12286497836252,False
2005-12-14,Pennsylvania,Lancaster,85,Percent of days with PM2.5 levels over the National Ambient Air Quality Standard (NAAQS),0.5542849752825789,False,-0.8497695506056739,False
2005-12-15,Pennsylvania,Lancaster,85,Percent of days with PM2.5 levels over the National Ambient Air Quality Standard (NAAQS),0.4797761261887001,False,-1.113411946190001,False
2005-12-16,Pennsylvania,Lancaster,85,Percent of days with PM2.5 levels over the National Ambient Air Quality Standard (NAAQS),0.9447932534816632,False,1.0532647612836814,False
2005-12-17,Pennsylvania,Lancaster,85,Percent of days with PM2.5 levels over the National Ambient Air Quality Standard (NAAQS),0.6752537497568762,False,-0.18355110236791716,False
2005-12-18,Pennsylvania,Lancaster,85,Percent of days with PM2.5 levels over the National Ambient Air Quality Standard (NAAQS),0.962304857396135,False,1.0860531235976771,False
2005-12-19,Pennsylvania,Lancaster,85,Percent of days with PM2.5 levels over the National Ambient Air Quality Standard (NAAQS),0.9608759134358869,False,1.310603130354819,False
2005-12-20,Pennsylvania,Lancaster,85,Percent of days with PM2.5 levels over the National Ambient Air Quality Standard (NAAQS),0.5293019561892249,False,-0.9101322786091819,False
2005-12-21,Pennsylvania,Lancaster,85,Percent of days with PM2.5 levels over the National Ambient Air Quality Standard (NAAQS),0.4656091171533565,False,-1.2473841761601485,False
2005-12-22,Pennsylvania,Lancaster,85,Percent of days with PM2.5 levels over the National Ambient Air Quality Standard (NAAQS),1.0335958716337634,False,1.8050259180269865,False
2005-12-23,Pennsylvania,Lancaster,85,Percent of days with PM2.5 levels over the National Ambient Air Quality Standard (NAAQS),0.730264730770064,False,0.14939939514361858,False
2005-12-24,Pennsylvania,Lancaster,85,Percent of days with PM2.5 levels over the National Ambient Air Quality Standard (NAAQS),0.5164551811144504,False,-0.944051166731845,False
2005-12-25,Pennsylvania,Lancaster,85,Percent of days with PM2.5 levels over the National Ambient Air Quality Standard (NAAQS),0.606238441503506,False,-0.5168275257777735,False
2005-12-26,Pennsylvania,Lancaster,85,Percent of days with PM2.5 levels over the National Ambient Air Quality Standard (NAAQS),0.666054644779254,False,-0.1494757919742981,False
2005-12-27,Pennsylvania,Lancaster,85,Percent of days with PM2.5 levels over the National Ambient Air Quality Standard (NAAQS),0.6031904233802186,False,-0.5421058501115692,False
2005-12-28,Pennsylvania,Lancaster,85,Percent of days with PM2.5 levels over the National Ambient Air Quality Standard (NAAQS),0.788708670606392,False,0.501235662221406,False
2005-12-29,Pennsylvania,Lancaster,85,Percent of days with PM2.5 levels over the National Ambient Air Quality Standard (NAAQS),0.461021138771585,False,-1.3003617936224388,False
2005-12-30,Pennsylvania,Lancaster,85,Percent of days with PM2.5 levels over the National Ambient Air Quality Standard (NAAQS),0.6675739618084225,False,-0.13025266162326,False
2005-12-31,Pennsylvania,Lancaster,85,Percent of days with PM2.5 levels over the National Ambient Air Quality Standard (NAAQS),0.4974766380345333,False,-1.058539163194085,False
2006-01-01,Pennsylvania,Lancaster,85,Percent of days with PM2.5 levels over the National Ambient Air Quality Standard (NAAQS),0.1592284802549122,False,-2.4998379003621203,False
2006-01-02,Pennsylvania,Lancaster,85,Percent of days with PM2.5 levels over the National Ambient Air Quality Standard (NAAQS),0.2276964046864691,False,-1.9298577095002871,False
2006-01-03,Pennsylvania,Lancaster,85,Percent of days with PM2.5 levels over the National Ambient Air Quality Standard (NAAQS),0.2267755135895506,False,-1.7754351881581565,False
2006-01-04,Pennsylvania,Lancaster,85,Percent of days with PM2.5 levels over the National Ambient Air Quality Standard (NAAQS),0.1352170282910562,False,-1.9367171192486552,False
2006-01-05,Pennsylvania,Lancaster,85,Percent of days with PM2.5 levels over the National Ambient Air Quality Standard (NAAQS),0.1439509218002556,False,-1.7340688171997327,False
2006-01-06,Pennsylvania,Lancaster,85,Percent of days with PM2.5 levels over the National Ambient Air Quality Standard (NAAQS),0.2455329129559905,False,-1.2451243594333896,False
2006-01-07,Pennsylvania,Lancaster,85,Percent of days with PM2.5 levels over the National Ambient Air Quality Standard (NAAQS),0.2068621933217117,False,-1.2955589213581509,False
2006-01-08,Pennsylvania,Lancaster,85,Percent of days with PM2.5 levels over the National Ambient Air Quality Standard (NAAQS),0.2368772498458763,False,-1.115425605459402,False
2006-01-09,Pennsylvania,Lancaster,85,Percent of days with PM2.5 levels over the National Ambient Air Quality Standard (NAAQS),0.07926892477894,False,-1.5381122683483754,False
2006-01-10,Pennsylvania,Lancaster,85,Percent of days with PM2.5 levels over the National Ambient Air Quality Standard (NAAQS),0.1848428283608681,False,-1.1073448255682459,False
2006-01-11,Pennsylvania,Lancaster,85,Percent of days with PM2.5 levels over the National Ambient Air Quality Standard (NAAQS),0.0889662679574096,False,-1.3385773012218931,False
2006-01-12,Pennsylvania,Lancaster,85,Percent of days with PM2.5 levels over the National Ambient Air Quality Standard (NAAQS),0.1560197329183286,False,-1.0486328246366137,False
2006-01-13,Pennsylvania,Lancaster,85,Percent of days with PM2.5 levels over the National Ambient Air Quality Standard (NAAQS),0.1693119223103445,False,-0.9426140869722422,False
2006-01-14,Pennsylvania,Lancaster,85,Percent of days with PM2.5 levels over the National Ambient Air Quality Standard (NAAQS),0.1643073245527686,False,-0.8941682284661586,False
2006-01-15,Pennsylvania,Lancaster,85,Percent of days with PM2.5 levels over the National Ambient Air Quality Standard (NAAQS),0.0966572867655333,False,-1.0690508077346483,False
2006-01-16,Pennsylvania,Lancaster,85,Percent of days with PM2.5 levels over the National Ambient Air Quality Standard (NAAQS),0.1775019908294736,False,-0.7320894032563099,False
2006-01-17,Pennsylvania,Lancaster,85,Percent of days with PM2.5 levels over the National Ambient Air Quality Standard (NAAQS),0.1435624632235258,False,-0.8061475638733034,False
2006-01-18,Pennsylvania,Lancaster,85,Percent of days with PM2.5 levels over the National Ambient Air Quality Standard (NAAQS),0.2160068299227674,False,-0.4921999493847975,False
2006-01-19,Pennsylvania,Lancaster,85,Percent of days with PM2.5 levels over the National Ambient Air Quality Standard (NAAQS),0.1378240923901911,False,-0.775356786157314,False
2006-01-20,Pennsylvania,Lancaster,85,Percent of days with PM2.5 levels over the National Ambient Air Quality Standard (NAAQS),0.1288867382066296,False,-0.7641637375699953,False
2006-01-21,Pennsylvania,Lancaster,85,Percent of days with PM2.5 levels over the National Ambient Air Quality Standard (NAAQS),0.2201855895816271,False,-0.28817602013964405,False
2006-01-22,Pennsylvania,Lancaster,85,Percent of days with PM2.5 levels over the National Ambient Air Quality Standard (NAAQS),0.153243436071101,False,-0.5574517559101754,False
2006-01-23,Pennsylvania,Lancaster,85,Percent of days with PM2.5 levels over the National Ambient Air Quality Standard (NAAQS),0.1816434081699749,False,-0.35532520638425447,False
2006-01-24,Pennsylvania,Lancaster,85,Percent of days with PM2.5 levels over the National Ambient Air Quality Standard (NAAQS),0.0565268942286954,False,-0.9932169134815131,False
2006-01-25,Pennsylvania,Lancaster,85,Percent of days with PM2.5 levels over the National Ambient Air Quality Standard (NAAQS),0.165503675945909,False,-0.2968166150251714,False
2006-01-26,Pennsylvania,Lancaster,85,Percent of days with PM2.5 levels over the National Ambient Air Quality Standard (NAAQS),0.0816347569472761,False,-0.8852464014373932,False
2006-01-27,Pennsylvania,Lancaster,85,Percent of days with PM2.5 levels over the National Ambient Air Quality Standard (NAAQS),0.2525522720864258,False,0.9273984270685457,False
2006-01-28,Pennsylvania,Lancaster,85,Percent of days with PM2.5 levels over the National Ambient Air Quality Standard (NAAQS),0.1965215724419748,False,0.5818720643199445,False
2006-01-29,Pennsylvania,Lancaster,85,Percent of days with PM2.5 levels over the National Ambient Air Quality Standard (NAAQS),0.1593299524412152,False,-0.11508542573601883,False
2006-01-30,Pennsylvania,Lancaster,85,Percent of days with PM2.5 levels over the National Ambient Air Quality Standard (NAAQS),0.1364961250085607,False,-0.49269571139641005,False
2006-01-31,Pennsylvania,Lancaster,85,Percent of days with PM2.5 levels over the National Ambient Air Quality Standard (NAAQS),0.140742152823861,False,-0.3624079712256883,False
2006-02-01,Pennsylvania,Lancaster,85,Percent of days with PM2.5 levels over the National Ambient Air Quality Standard (NAAQS),0.2674442041810002,False,1.9013300322045281,False
2006-02-02,Pennsylvania,Lancaster,85,Percent of days with PM2.5 levels over the National Ambient Air Quality Standard (NAAQS),0.1479978238523738,False,-0.29417024043924744,False
2006-02-03,Pennsylvania,Lancaster,85,Percent of days with PM2.5 levels over the National Ambient Air Quality Standard (NAAQS),0.2214085596289284,False,1.0937293220597517,False
2006-02-04,Pennsylvania,Lancaster,85,Percent of days with PM2.5 levels over the National Ambient Air Quality Standard (NAAQS),0.1738559394730761,False,0.22588173731410943,False
2006-02-05,Pennsylvania,Lancaster,85,Percent of days with PM2.5 levels over the National Ambient Air Quality Standard (NAAQS),0.1427007564014922,False,-0.3141082482657532,False
2006-02-06,Pennsylvania,Lancaster,85,Percent of days with PM2.5 levels over the National Ambient Air Quality Standard (NAAQS),0.130187522569593,False,-0.6227832896338876,False
2006-02-07,Pennsylvania,Lancaster,85,Percent of days with PM2.5 levels over the National Ambient Air Quality Standard (NAAQS),0.1183297476144974,False,-0.8116304135662644,False
2006-02-08,Pennsylvania,Lancaster,85,Percent of days with PM2.5 levels over the National Ambient Air Quality Standard (NAAQS),0.1779320648074349,False,0.354399913180733,False
2006-02-09,Pennsylvania,Lancaster,85,Percent of days with PM2.5 levels over the National Ambient Air Quality Standard (NAAQS),0.2033471153455397,False,0.8460068646875277,False
2006-02-10,Pennsylvania,Lancaster,85,Percent of days with PM2.5 levels over the National Ambient Air Quality Standard (NAAQS),0.2210973051464138,False,1.1488514819524103,False
2006-02-11,Pennsylvania,Lancaster,85,Percent of days with PM2.5 levels over the National Ambient Air Quality Standard (NAAQS),0.1546170665424559,False,-0.19975439298818026,False
2006-02-12,Pennsylvania,Lancaster,85,Percent of days with PM2.5 levels over the National Ambient Air Quality Standard (NAAQS),0.1670325369821403,False,0.002115685247151025,False
2006-02-13,Pennsylvania,Lancaster,85,Percent of days with PM2.5 levels over the National Ambient Air Quality Standard (NAAQS),0.1288660455032362,False,-0.7611736430823273,False
2006-02-14,Pennsylvania,Lancaster,85,Percent of days with PM2.5 levels over the National Ambient Air Quality Standard (NAAQS),0.1845706513037744,False,0.3757254051695451,False
2006-02-15,Pennsylvania,Lancaster,85,Percent of days with PM2.5 levels over the National Ambient Air Quality Standard (NAAQS),0.2056974548610357,False,0.8328805158494768,False
2006-02-16,Pennsylvania,Lancaster,85,Percent of days with PM2.5 levels over the National Ambient Air Quality Standard (NAAQS),0.1762360741460107,False,0.18234069722435667,False
2006-02-17,Pennsylvania,Lancaster,85,Percent of days with PM2.5 levels over the National Ambient Air Quality Standard (NAAQS),0.2247609488130586,False,1.128261986021924,False
2006-02-18,Pennsylvania,Lancaster,85,Percent of days with PM2.5 levels over the National Ambient Air Quality Standard (NAAQS),0.1059147776578685,False,-1.2700515395039824,False
2006-02-19,Pennsylvania,Lancaster,85,Percent of days with PM2.5 levels over the National Ambient Air Quality Standard (NAAQS),0.1835946194114973,False,0.3221753236574437,False
2006-02-20,Pennsylvania,Lancaster,85,Percent of days with PM2.5 levels over the National Ambient Air Quality Standard (NAAQS),0.267544007480604,False,1.8668926303882163,False
2006-02-21,Pennsylvania,Lancaster,85,Percent of days with PM2.5 levels over the National Ambient Air Quality Standard (NAAQS),0.1517469424976399,False,-0.48849821237115565,False
2006-02-22,Pennsylvania,Lancaster,85,Percent of days with PM2.5 levels over the National Ambient Air Quality Standard (NAAQS),0.214027652791607,False,0.7986679975666806,False
2006-02-23,Pennsylvania,Lancaster,85,Percent of days with PM2.5 levels over the National Ambient Air Quality Standard (NAAQS),0.1244238923191821,False,-1.1946679927986936,False
2006-02-24,Pennsylvania,Lancaster,85,Percent of days with PM2.5 levels over the National Ambient Air Quality Standard (NAAQS),0.2693778996765311,False,1.984374116119099,False
2006-02-25,Pennsylvania,Lancaster,85,Percent of days with PM2.5 levels over the National Ambient Air Quality Standard (NAAQS),0.2191655442290666,False,0.8613398255627229,False
2006-02-26,Pennsylvania,Lancaster,85,Percent of days with PM2.5 levels over the National Ambient Air Quality Standard (NAAQS),0.1451561532483351,False,-0.7193219505310757,False
2006-02-27,Pennsylvania,Lancaster,85,Percent of days with PM2.5 levels over the National Ambient Air Quality Standard (NAAQS),0.1682531042513894,False,-0.2523797915575322,False
2006-02-28,Pennsylvania,Lancaster,85,Percent of days with PM2.5 levels over the National Ambient Air Quality Standard (NAAQS),0.1475667521014053,False,-0.7106045456642809,False
2006-03-01,Pennsylvania,Lancaster,85,Percent of days with PM2.5 levels over the National Ambient Air Quality Standard (NAAQS),0.2290146191239746,False,1.153502247582894,False
2006-03-02,Pennsylvania,Lancaster,85,Percent of days with PM2.5 levels over the National Ambient Air Quality Standard (NAAQS),0.2193091390889665,False,0.8680509495938008,False
2006-03-03,Pennsylvania,Lancaster,85,Percent of days with PM2.5 levels over the National Ambient Air Quality Standard (NAAQS),0.1545897561986236,False,-0.5603661242444121,False
2006-03-04,Pennsylvania,Lancaster,85,Percent of days with PM2.5 levels over the National Ambient Air Quality Standard (NAAQS),0.1750304661570532,False,-0.08997515457308869,False
2006-03-05,Pennsylvania,Lancaster,85,Percent of days with PM2.5 levels over the National Ambient Air Quality Standard (NAAQS),0.232826748805163,False,1.1540203972668461,False
2006-03-06,Pennsylvania,Lancaster,85,Percent of days with PM2.5 levels over the National Ambient Air Quality Standard (NAAQS),0.1331561873153235,False,-1.1213728760817963,False
2006-03-07,Pennsylvania,Lancaster,85,Percent of days with PM2.5 levels over the National Ambient Air Quality Standard (NAAQS),0.0816350337012979,False,-2.1472652322209878,False
2006-03-08,Pennsylvania,Lancaster,85,Percent of days with PM2.5 levels over the National Ambient Air Quality Standard (NAAQS),0.1554114953463534,False,-0.5318396475867327,False
2006-03-09,Pennsylvania,Lancaster,85,Percent of days with PM2.5 levels over the National Ambient Air Quality Standard (NAAQS),0.1764342258219296,False,-0.0593431585487872,False
2006-03-10,Pennsylvania,Lancaster,85,Percent of days with PM2.5 levels over the National Ambient Air Quality Standard (NAAQS),0.1928365710657153,False,0.3213574513003775,False
2006-03-11,Pennsylvania,Lancaster,85,Percent of days with PM2.5 levels over the National Ambient Air Quality Standard (NAAQS),0.1126111672096623,False,-1.359934122974332,False
2006-03-12,Pennsylvania,Lancaster,85,Percent of days with PM2.5 levels over the National Ambient Air Quality Standard (NAAQS),0.1982141877869776,False,0.4324863330065289,False
2006-03-13,Pennsylvania,Lancaster,85,Percent of days with PM2.5 levels over the National Ambient Air Quality Standard (NAAQS),0.1769244035521436,False,-0.05570380392873078,False
2006-03-14,Pennsylvania,Lancaster,85,Percent of days with PM2.5 levels over the National Ambient Air Quality Standard (NAAQS),0.1289712678757183,False,-1.0281578627047878,False
2006-03-15,Pennsylvania,Lancaster,85,Percent of days with PM2.5 levels over the National Ambient Air Quality Standard (NAAQS),0.1507450899690562,False,-0.5262353108404022,False
2006-03-16,Pennsylvania,Lancaster,85,Percent of days with PM2.5 levels over the National Ambient Air Quality Standard (NAAQS),0.1429729297052944,False,-0.6603062472918806,False
2006-03-17,Pennsylvania,Lancaster,85,Percent of days with PM2.5 levels over the National Ambient Air Quality Standard (NAAQS),0.1718909003558985,False,-0.012595082742663374,False
2006-03-18,Pennsylvania,Lancaster,85,Percent of days with PM2.5 levels over the National Ambient Air Quality Standard (NAAQS),0.1608494933125602,False,-0.30389343175216516,False
2006-03-19,Pennsylvania,Lancaster,85,Percent of days with PM2.5 levels over the National Ambient Air Quality Standard (NAAQS),0.0764520014117771,False,-1.9478132269231292,False
2006-03-20,Pennsylvania,Lancaster,85,Percent of days with PM2.5 levels over the National Ambient Air Quality Standard (NAAQS),0.0983368375943886,False,-1.4302292190404466,False
2006-03-21,Pennsylvania,Lancaster,85,Percent of days with PM2.5 levels over the National Ambient Air Quality Standard (NAAQS),0.1338673836007599,False,-0.6449302625417478,False
2006-03-22,Pennsylvania,Lancaster,85,Percent of days with PM2.5 levels over the National Ambient Air Quality Standard (NAAQS),0.2533542294553235,False,1.806472027694002,False
2006-03-23,Pennsylvania,Lancaster,85,Percent of days with PM2.5 levels over the National Ambient Air Quality Standard (NAAQS),0.2290287221531563,False,1.2118617531090827,False
2006-03-24,Pennsylvania,Lancaster,85,Percent of days with PM2.5 levels over the National Ambient Air Quality Standard (NAAQS),0.2197041016359917,False,1.1258294837411371,False
2006-03-25,Pennsylvania,Lancaster,85,Percent of days with PM2.5 levels over the National Ambient Air Quality Standard (NAAQS),0.2142115474797095,False,1.0159030531401068,False
2006-03-26,Pennsylvania,Lancaster,85,Percent of days with PM2.5 levels over the National Ambient Air Quality Standard (NAAQS),0.1036869431613806,False,-1.2981125835906526,False
2006-03-27,Pennsylvania,Lancaster,85,Percent of days with PM2.5 levels over the National Ambient Air Quality Standard (NAAQS),0.1333849443425164,False,-0.6445718083413838,False
2006-03-28,Pennsylvania,Lancaster,85,Percent of days with PM2.5 levels over the National Ambient Air Quality Standard (NAAQS),0.0736643258514214,False,-1.7270945521959986,False
2006-03-29,Pennsylvania,Lancaster,85,Percent of days with PM2.5 levels over the National Ambient Air Quality Standard (NAAQS),0.0806960996471257,False,-1.4722199242585667,False
2006-03-30,Pennsylvania,Lancaster,85,Percent of days with PM2.5 levels over the National Ambient Air Quality Standard (NAAQS),0.1502435555309892,False,-0.07498186499883008,False
2006-03-31,Pennsylvania,Lancaster,85,Percent of days with PM2.5 levels over the National Ambient Air Quality Standard (NAAQS),0.1981589161422493,False,0.841102823569473,False
2006-04-01,Pennsylvania,Lancaster,85,Percent of days with PM2.5 levels over the National Ambient Air Quality Standard (NAAQS),0.1610990792054525,False,0.11972916234163677,False
2006-04-02,Pennsylvania,Lancaster,85,Percent of days with PM2.5 levels over the National Ambient Air Quality Standard (NAAQS),0.0782220267036435,False,-1.4214316269015086,False
2006-04-03,Pennsylvania,Lancaster,85,Percent of days with PM2.5 levels over the National Ambient Air Quality Standard (NAAQS),0.2083505053994381,False,1.0952341480369199,False
2006-04-04,Pennsylvania,Lancaster,85,Percent of days with PM2.5 levels over the National Ambient Air Quality Standard (NAAQS),0.1324506994914721,False,-0.4355844678904531,False
2006-04-05,Pennsylvania,Lancaster,85,Percent of days with PM2.5 levels over the National Ambient Air Quality Standard (NAAQS),0.0983191412437055,False,-1.059839482626992,False
2006-04-06,Pennsylvania,Lancaster,85,Percent of days with PM2.5 levels over the National Ambient Air Quality Standard (NAAQS),0.1546323308073055,False,0.06788149088831025,False
2006-04-07,Pennsylvania,Lancaster,85,Percent of days with PM2.5 levels over the National Ambient Air Quality Standard (NAAQS),0.1592928106324017,False,0.18641659068754332,False
2006-04-08,Pennsylvania,Lancaster,85,Percent of days with PM2.5 levels over the National Ambient Air Quality Standard (NAAQS),0.2720935618165496,False,2.1446066435733337,False
2006-04-09,Pennsylvania,Lancaster,85,Percent of days with PM2.5 levels over the National Ambient Air Quality Standard (NAAQS),0.1389628687518201,False,-0.2724047018310894,False
2006-04-10,Pennsylvania,Lancaster,85,Percent of days with PM2.5 levels over the National Ambient Air Quality Standard (NAAQS),0.1736013890642568,False,0.37516151201907977,False
2006-04-11,Pennsylvania,Lancaster,85,Percent of days with PM2.5 levels over the National Ambient Air Quality Standard (NAAQS),0.1588591028112102,False,0.08080775838847504,False
2006-04-12,Pennsylvania,Lancaster,85,Percent of days with PM2.5 levels over the National Ambient Air Quality Standard (NAAQS),0.2137352096044023,False,1.0431090839924542,False
2006-04-13,Pennsylvania,Lancaster,85,Percent of days with PM2.5 levels over the National Ambient Air Quality Standard (NAAQS),0.1791554217895101,False,0.38538491425697685,False
2006-04-14,Pennsylvania,Lancaster,85,Percent of days with PM2.5 levels over the National Ambient Air Quality Standard (NAAQS),0.0982853492553654,False,-1.0254175666841785,False
2006-04-15,Pennsylvania,Lancaster,85,Percent of days with PM2.5 levels over the National Ambient Air Quality Standard (NAAQS),0.1721221323878378,False,0.29133773537060575,False
2006-04-16,Pennsylvania,Lancaster,85,Percent of days with PM2.5 levels over the National Ambient Air Quality Standard (NAAQS),0.1699847853041311,False,0.20104277915833918,False
2006-04-17,Pennsylvania,Lancaster,85,Percent of days with PM2.5 levels over the National Ambient Air Quality Standard (NAAQS),0.1975027801603457,False,0.6589103917706608,False
2006-04-18,Pennsylvania,Lancaster,85,Percent of days with PM2.5 levels over the National Ambient Air Quality Standard (NAAQS),0.1514234313632305,False,-0.22742528349741353,False
2006-04-19,Pennsylvania,Lancaster,85,Percent of days with PM2.5 levels over the National Ambient Air Quality Standard (NAAQS),0.0628138888839044,False,-1.776828195671453,False
2006-04-20,Pennsylvania,Lancaster,85,Percent of days with PM2.5 levels over the National Ambient Air Quality Standard (NAAQS),0.2259075038171932,False,1.320389299544284,False
2006-04-21,Pennsylvania,Lancaster,85,Percent of days with PM2.5 levels over the National Ambient Air Quality Standard (NAAQS),0.2478647177094234,False,1.6709628548946676,False
2006-04-22,Pennsylvania,Lancaster,85,Percent of days with PM2.5 levels over the National Ambient Air Quality Standard (NAAQS),0.1374879871932715,False,-0.3246673158104551,False
2006-04-23,Pennsylvania,Lancaster,85,Percent of days with PM2.5 levels over the National Ambient Air Quality Standard (NAAQS),0.0927993889764534,False,-1.1503547554872902,False
2006-04-24,Pennsylvania,Lancaster,85,Percent of days with PM2.5 levels over the National Ambient Air Quality Standard (NAAQS),0.1490267092548567,False,-0.10981474571548432,False
2006-04-25,Pennsylvania,Lancaster,85,Percent of days with PM2.5 levels over the National Ambient Air Quality Standard (NAAQS),0.2043610312503377,False,0.8673765933551895,False
2006-04-26,Pennsylvania,Lancaster,85,Percent of days with PM2.5 levels over the National Ambient Air Quality Standard (NAAQS),0.2016056920468837,False,0.7570367777344204,False
2006-04-27,Pennsylvania,Lancaster,85,Percent of days with PM2.5 levels over the National Ambient Air Quality Standard (NAAQS),0.2065153159959112,False,0.8061333793588217,False
2006-04-28,Pennsylvania,Lancaster,85,Percent of days with PM2.5 levels over the National Ambient Air Quality Standard (NAAQS),0.1515610273165304,False,-0.25273251735278407,False
2006-04-29,Pennsylvania,Lancaster,85,Percent of days with PM2.5 levels over the National Ambient Air Quality Standard (NAAQS),0.0924517380631623,False,-1.3360812648598202,False
2006-04-30,Pennsylvania,Lancaster,85,Percent of days with PM2.5 levels over the National Ambient Air Quality Standard (NAAQS),0.1273514216439055,False,-0.7272178366695815,False
2006-05-01,Pennsylvania,Lancaster,85,Percent of days with PM2.5 levels over the National Ambient Air Quality Standard (NAAQS),0.1365198864649123,False,-0.49676325989229014,False
2006-05-02,Pennsylvania,Lancaster,85,Percent of days with PM2.5 levels over the National Ambient Air Quality Standard (NAAQS),0.1230688385099745,False,-0.7598343937062964,False
2006-05-03,Pennsylvania,Lancaster,85,Percent of days with PM2.5 levels over the National Ambient Air Quality Standard (NAAQS),0.1188526217566544,False,-0.8743781942238059,False
2006-05-04,Pennsylvania,Lancaster,85,Percent of days with PM2.5 levels over the National Ambient Air Quality Standard (NAAQS),0.1979073334420867,False,0.7134961362652449,False
2006-05-05,Pennsylvania,Lancaster,85,Percent of days with PM2.5 levels over the National Ambient Air Quality Standard (NAAQS),0.2187657361351222,False,1.0710056193043427,False
2006-05-06,Pennsylvania,Lancaster,85,Percent of days with PM2.5 levels over the National Ambient Air Quality Standard (NAAQS),0.2519549620870532,False,1.7993824407378196,False
2006-05-07,Pennsylvania,Lancaster,85,Percent of days with PM2.5 levels over the National Ambient Air Quality Standard (NAAQS),0.1445119683485299,False,-0.41112856206192444,False
2006-05-08,Pennsylvania,Lancaster,85,Percent of days with PM2.5 levels over the National Ambient Air Quality Standard (NAAQS),0.1506828294697222,False,-0.2671782500025038,False
2006-05-09,Pennsylvania,Lancaster,85,Percent of days with PM2.5 levels over the National Ambient Air Quality Standard (NAAQS),0.1735056144016512,False,0.19108179103728246,False
2006-05-10,Pennsylvania,Lancaster,85,Percent of days with PM2.5 levels over the National Ambient Air Quality Standard (NAAQS),0.0597820022700309,False,-1.9213049813207577,False
2006-05-11,Pennsylvania,Lancaster,85,Percent of days with PM2.5 levels over the National Ambient Air Quality Standard (NAAQS),0.1487566874096976,False,-0.17257765323123309,False
2006-05-12,Pennsylvania,Lancaster,85,Percent of days with PM2.5 levels over the National Ambient Air Quality Standard (NAAQS),0.1085351941638106,False,-0.9704420356639191,False
2006-05-13,Pennsylvania,Lancaster,85,Percent of days with PM2.5 levels over the National Ambient Air Quality Standard (NAAQS),0.2063764842789162,False,0.9120475510069507,False
2006-05-14,Pennsylvania,Lancaster,85,Percent of days with PM2.5 levels over the National Ambient Air Quality Standard (NAAQS),0.1697594319187053,False,0.20415568249073826,False
2006-05-15,Pennsylvania,Lancaster,85,Percent of days with PM2.5 levels over the National Ambient Air Quality Standard (NAAQS),0.2467584357635607,False,1.5930379243048869,False
2006-05-16,Pennsylvania,Lancaster,85,Percent of days with PM2.5 levels over the National Ambient Air Quality Standard (NAAQS),0.1409510180104513,False,-0.3638803016510359,False
2006-05-17,Pennsylvania,Lancaster,85,Percent of days with PM2.5 levels over the National Ambient Air Quality Standard (NAAQS),0.1893819623222075,False,0.4790756658090292,False
2006-05-18,Pennsylvania,Lancaster,85,Percent of days with PM2.5 levels over the National Ambient Air Quality Standard (NAAQS),0.1067659398617439,False,-1.0736376178860223,False
2006-05-19,Pennsylvania,Lancaster,85,Percent of days with PM2.5 levels over the National Ambient Air Quality Standard (NAAQS),0.1774220709414775,False,0.40138132461202325,False
2006-05-20,Pennsylvania,Lancaster,85,Percent of days with PM2.5 levels over the National Ambient Air Quality Standard (NAAQS),0.100731822892551,False,-1.1572762958364622,False
2006-05-21,Pennsylvania,Lancaster,85,Percent of days with PM2.5 levels over the National Ambient Air Quality Standard (NAAQS),0.1813952898576895,False,0.4496114770637983,False
2006-05-22,Pennsylvania,Lancaster,85,Percent of days with PM2.5 levels over the National Ambient Air Quality Standard (NAAQS),0.0574049758233474,False,-1.9514090076355246,False
2006-05-23,Pennsylvania,Lancaster,85,Percent of days with PM2.5 levels over the National Ambient Air Quality Standard (NAAQS),0.1664092188672284,False,0.2161831603639521,False
2006-05-24,Pennsylvania,Lancaster,85,Percent of days with PM2.5 levels over the National Ambient Air Quality Standard (NAAQS),0.2100830806370048,False,1.0737278558488115,False
2006-05-25,Pennsylvania,Lancaster,85,Percent of days with PM2.5 levels over the National Ambient Air Quality Standard (NAAQS),0.1059959032523789,False,-0.919371956951171,False
2006-05-26,Pennsylvania,Lancaster,85,Percent of days with PM2.5 levels over the National Ambient Air Quality Standard (NAAQS),0.1773593864294706,False,0.47796995253284064,False
2006-05-27,Pennsylvania,Lancaster,85,Percent of days with PM2.5 levels over the National Ambient Air Quality Standard (NAAQS),0.1906736161964098,False,0.685111389352762,False
2006-05-28,Pennsylvania,Lancaster,85,Percent of days with PM2.5 levels over the National Ambient Air Quality Standard (NAAQS),0.2087302860305561,False,0.9788611678714381,False
2006-05-29,Pennsylvania,Lancaster,85,Percent of days with PM2.5 levels over the National Ambient Air Quality Standard (NAAQS),0.2034317707182921,False,0.8183023197372808,False
2006-05-30,Pennsylvania,Lancaster,85,Percent of days with PM2.5 levels over the National Ambient Air Quality Standard (NAAQS),0.1842590025762062,False,0.39982892007978676,False
2006-05-31,Pennsylvania,Lancaster,85,Percent of days with PM2.5 levels over the National Ambient Air Quality Standard (NAAQS),0.18837419382943,False,0.4376502997418721,False
2006-06-01,Pennsylvania,Lancaster,85,Percent of days with PM2.5 levels over the National Ambient Air Quality Standard (NAAQS),0.1370273921848446,False,-0.5546876654477818,False
2006-06-02,Pennsylvania,Lancaster,85,Percent of days with PM2.5 levels over the National Ambient Air Quality Standard (NAAQS),0.1539944916237224,False,-0.16915627832851216,False
2006-06-03,Pennsylvania,Lancaster,85,Percent of days with PM2.5 levels over the National Ambient Air Quality Standard (NAAQS),0.2808088614561839,False,2.323027115563195,False
2006-06-04,Pennsylvania,Lancaster,85,Percent of days with PM2.5 levels over the National Ambient Air Quality Standard (NAAQS),0.2263022509391345,False,1.1605081825004746,False
2006-06-05,Pennsylvania,Lancaster,85,Percent of days with PM2.5 levels over the National Ambient Air Quality Standard (NAAQS),0.218122986714649,False,0.941490491103374,False
2006-06-06,Pennsylvania,Lancaster,85,Percent of days with PM2.5 levels over the National Ambient Air Quality Standard (NAAQS),0.2050292341118834,False,0.6658619446578485,False
2006-06-07,Pennsylvania,Lancaster,85,Percent of days with PM2.5 levels over the National Ambient Air Quality Standard (NAAQS),0.1375748391911829,False,-0.7112123982892942,False
2006-06-08,Pennsylvania,Lancaster,85,Percent of days with PM2.5 levels over the National Ambient Air Quality Standard (NAAQS),0.2432757642014997,False,1.3340454508685595,False
2006-06-09,Pennsylvania,Lancaster,85,Percent of days with PM2.5 levels over the National Ambient Air Quality Standard (NAAQS),0.1452639647543189,False,-0.64752010674302,False
2006-06-10,Pennsylvania,Lancaster,85,Percent of days with PM2.5 levels over the National Ambient Air Quality Standard (NAAQS),0.1867406967897247,False,0.21077281248472698,False
2006-06-11,Pennsylvania,Lancaster,85,Percent of days with PM2.5 levels over the National Ambient Air Quality Standard (NAAQS),0.17185473864027,False,-0.0950625329742048,False
2006-06-12,Pennsylvania,Lancaster,85,Percent of days with PM2.5 levels over the National Ambient Air Quality Standard (NAAQS),0.1612257701041238,False,-0.2601114818904874,False
2006-06-13,Pennsylvania,Lancaster,85,Percent of days with PM2.5 levels over the National Ambient Air Quality Standard (NAAQS),0.2097860173674208,False,0.7203139761004115,False
2006-06-14,Pennsylvania,Lancaster,85,Percent of days with PM2.5 levels over the National Ambient Air Quality Standard (NAAQS),0.088684833126131,False,-1.6814168426736091,False
2006-06-15,Pennsylvania,Lancaster,85,Percent of days with PM2.5 levels over the National Ambient Air Quality Standard (NAAQS),0.1541629948130375,False,-0.41160179841458355,False
2006-06-16,Pennsylvania,Lancaster,85,Percent of days with PM2.5 levels over the National Ambient Air Quality Standard (NAAQS),0.2206064206507552,False,0.9195253114033966,False
2006-06-17,Pennsylvania,Lancaster,85,Percent of days with PM2.5 levels over the National Ambient Air Quality Standard (NAAQS),0.108798337707144,False,-1.3802381536972068,False
2006-06-18,Pennsylvania,Lancaster,85,Percent of days with PM2.5 levels over the National Ambient Air Quality Standard (NAAQS),0.1131455793876324,False,-1.2057169770920784,False
2006-06-19,Pennsylvania,Lancaster,85,Percent of days with PM2.5 levels over the National Ambient Air Quality Standard (NAAQS),0.2168569952954055,False,0.8371156067353254,False
2006-06-20,Pennsylvania,Lancaster,85,Percent of days with PM2.5 levels over the National Ambient Air Quality Standard (NAAQS),0.0351829511304157,False,-2.6436024150919213,False
2006-06-21,Pennsylvania,Lancaster,85,Percent of days with PM2.5 levels over the National Ambient Air Quality Standard (NAAQS),0.1273451130197117,False,-0.8336156765561276,False
2006-06-22,Pennsylvania,Lancaster,85,Percent of days with PM2.5 levels over the National Ambient Air Quality Standard (NAAQS),0.1855454606188435,False,0.21904412579424995,False
2006-06-23,Pennsylvania,Lancaster,85,Percent of days with PM2.5 levels over the National Ambient Air Quality Standard (NAAQS),0.1851605223963098,False,0.20597496933443943,False
2006-06-24,Pennsylvania,Lancaster,85,Percent of days with PM2.5 levels over the National Ambient Air Quality Standard (NAAQS),0.3021808373411732,False,2.1784423751385114,False
2006-06-25,Pennsylvania,Lancaster,85,Percent of days with PM2.5 levels over the National Ambient Air Quality Standard (NAAQS),0.0794569632424614,False,-1.5905157412402828,False
2006-06-26,Pennsylvania,Lancaster,85,Percent of days with PM2.5 levels over the National Ambient Air Quality Standard (NAAQS),0.2137523175568185,False,0.6616277939877929,False
2006-06-27,Pennsylvania,Lancaster,85,Percent of days with PM2.5 levels over the National Ambient Air Quality Standard (NAAQS),0.1448369083160161,False,-0.4688763119509242,False
2006-06-28,Pennsylvania,Lancaster,85,Percent of days with PM2.5 levels over the National Ambient Air Quality Standard (NAAQS),0.1494916197177508,False,-0.3674081573232435,False
2006-06-29,Pennsylvania,Lancaster,85,Percent of days with PM2.5 levels over the National Ambient Air Quality Standard (NAAQS),0.2168648188643311,False,0.7070126650959128,False
2006-06-30,Pennsylvania,Lancaster,85,Percent of days with PM2.5 levels over the National Ambient Air Quality Standard (NAAQS),0.1507370224556686,False,-0.3906910164851571,False
2006-07-01,Pennsylvania,Lancaster,85,Percent of days with PM2.5 levels over the National Ambient Air Quality Standard (NAAQS),0.1692069705116008,False,-0.018607876064690672,False
2006-07-02,Pennsylvania,Lancaster,85,Percent of days with PM2.5 levels over the National Ambient Air Quality Standard (NAAQS),0.1984050844364087,False,0.5238245839981928,False
2006-07-03,Pennsylvania,Lancaster,85,Percent of days with PM2.5 levels over the National Ambient Air Quality Standard (NAAQS),0.1119016028185291,False,-0.9598841301105662,False
2006-07-04,Pennsylvania,Lancaster,85,Percent of days with PM2.5 levels over the National Ambient Air Quality Standard (NAAQS),0.0828311515476163,False,-1.364752735339229,False
2006-07-05,Pennsylvania,Lancaster,85,Percent of days with PM2.5 levels over the National Ambient Air Quality Standard (NAAQS),0.1388413236633653,False,-0.3890683534519484,False
2006-07-06,Pennsylvania,Lancaster,85,Percent of days with PM2.5 levels over the National Ambient Air Quality Standard (NAAQS),0.2333455305668735,False,1.2765376391585996,False
2006-07-07,Pennsylvania,Lancaster,85,Percent of days with PM2.5 levels over the National Ambient Air Quality Standard (NAAQS),0.1936763012460786,False,0.5457846114135152,False
2006-07-08,Pennsylvania,Lancaster,85,Percent of days with PM2.5 levels over the National Ambient Air Quality Standard (NAAQS),0.1210866856274253,False,-0.6810607493172736,False
2006-07-09,Pennsylvania,Lancaster,85,Percent of days with PM2.5 levels over the National Ambient Air Quality Standard (NAAQS),0.1844455484824775,False,0.41393683384609525,False
2006-07-10,Pennsylvania,Lancaster,85,Percent of days with PM2.5 levels over the National Ambient Air Quality Standard (NAAQS),0.1630082244975728,False,0.04027205848249498,False
2006-07-11,Pennsylvania,Lancaster,85,Percent of days with PM2.5 levels over the National Ambient Air Quality Standard (NAAQS),0.1615689246158816,False,0.04582900781676119,False
2006-07-12,Pennsylvania,Lancaster,85,Percent of days with PM2.5 levels over the National Ambient Air Quality Standard (NAAQS),0.0968635953333275,False,-1.1067373033125083,False
2006-07-13,Pennsylvania,Lancaster,85,Percent of days with PM2.5 levels over the National Ambient Air Quality Standard (NAAQS),0.0904160751947809,False,-1.1504912784856511,False
2006-07-14,Pennsylvania,Lancaster,85,Percent of days with PM2.5 levels over the National Ambient Air Quality Standard (NAAQS),0.0968129803909781,False,-0.9687593445040436,False
2006-07-15,Pennsylvania,Lancaster,85,Percent of days with PM2.5 levels over the National Ambient Air Quality Standard (NAAQS),0.1150763132301321,False,-0.6571790386704592,False
2006-07-16,Pennsylvania,Lancaster,85,Percent of days with PM2.5 levels over the National Ambient Air Quality Standard (NAAQS),0.2034839586010279,False,0.8239822833986269,False
2006-07-17,Pennsylvania,Lancaster,85,Percent of days with PM2.5 levels over the National Ambient Air Quality Standard (NAAQS),0.1826720441302929,False,0.492327606334461,False
2006-07-18,Pennsylvania,Lancaster,85,Percent of days with PM2.5 levels over the National Ambient Air Quality Standard (NAAQS),0.1752431351155844,False,0.29917173446609385,False
2006-07-19,Pennsylvania,Lancaster,85,Percent of days with PM2.5 levels over the National Ambient Air Quality Standard (NAAQS),0.1378078962116247,False,-0.43477342219708864,False
2006-07-20,Pennsylvania,Lancaster,85,Percent of days with PM2.5 levels over the National Ambient Air Quality Standard (NAAQS),0.1738047803492411,False,0.2741811014916676,False
2006-07-21,Pennsylvania,Lancaster,85,Percent of days with PM2.5 levels over the National Ambient Air Quality Standard (NAAQS),0.1304607020614838,False,-0.5328285915168204,False
2006-07-22,Pennsylvania,Lancaster,85,Percent of days with PM2.5 levels over the National Ambient Air Quality Standard (NAAQS),0.1076825802627072,False,-0.9896052261153631,False
2006-07-23,Pennsylvania,Lancaster,85,Percent of days with PM2.5 levels over the National Ambient Air Quality Standard (NAAQS),0.1864259362599906,False,0.7600575327474395,False
2006-07-24,Pennsylvania,Lancaster,85,Percent of days with PM2.5 levels over the National Ambient Air Quality Standard (NAAQS),0.2265288237652389,False,1.6795171340253132,False
2006-07-25,Pennsylvania,Lancaster,85,Percent of days with PM2.5 levels over the National Ambient Air Quality Standard (NAAQS),0.2096745976962122,False,1.1957431557746463,False
2006-07-26,Pennsylvania,Lancaster,85,Percent of days with PM2.5 levels over the National Ambient Air Quality Standard (NAAQS),0.201092793450498,False,0.9412690062310282,False
2006-07-27,Pennsylvania,Lancaster,85,Percent of days with PM2.5 levels over the National Ambient Air Quality Standard (NAAQS),0.1593038931458857,False,0.04830285536183815,False
2006-07-28,Pennsylvania,Lancaster,85,Percent of days with PM2.5 levels over the National Ambient Air Quality Standard (NAAQS),0.0946624583414485,False,-1.3593673762190501,False
2006-07-29,Pennsylvania,Lancaster,85,Percent of days with PM2.5 levels over the National Ambient Air Quality Standard (NAAQS),0.1907774810579841,False,0.7731205346046326,False
2006-07-30,Pennsylvania,Lancaster,85,Percent of days with PM2.5 levels over the National Ambient Air Quality Standard (NAAQS),0.2210977405018939,False,1.3984252983428207,False
2006-07-31,Pennsylvania,Lancaster,85,Percent of days with PM2.5 levels over the National Ambient Air Quality Standard (NAAQS),0.1689686393714365,False,0.22413716751594673,False
2006-08-01,Pennsylvania,Lancaster,85,Percent of days with PM2.5 levels over the National Ambient Air Quality Standard (NAAQS),0.118522522216033,False,-0.9581956277681205,False
2006-08-02,Pennsylvania,Lancaster,85,Percent of days with PM2.5 levels over the National Ambient Air Quality Standard (NAAQS),0.0985777570208182,False,-1.3419668196826011,False
2006-08-03,Pennsylvania,Lancaster,85,Percent of days with PM2.5 levels over the National Ambient Air Quality Standard (NAAQS),0.2560284945654155,False,2.0820659632962926,False
2006-08-04,Pennsylvania,Lancaster,85,Percent of days with PM2.5 levels over the National Ambient Air Quality Standard (NAAQS),0.216526526884488,False,1.1914853490140418,False
2006-08-05,Pennsylvania,Lancaster,85,Percent of days with PM2.5 levels over the National Ambient Air Quality Standard (NAAQS),0.2337180036172811,False,1.4307057442351845,False
2006-08-06,Pennsylvania,Lancaster,85,Percent of days with PM2.5 levels over the National Ambient Air Quality Standard (NAAQS),0.1736717113171376,False,0.20105143390820282,False
2006-08-07,Pennsylvania,Lancaster,85,Percent of days with PM2.5 levels over the National Ambient Air Quality Standard (NAAQS),0.1823644228105763,False,0.3655135203767099,False
2006-08-08,Pennsylvania,Lancaster,85,Percent of days with PM2.5 levels over the National Ambient Air Quality Standard (NAAQS),0.1139937030382558,False,-0.9900514082148254,False
2006-08-09,Pennsylvania,Lancaster,85,Percent of days with PM2.5 levels over the National Ambient Air Quality Standard (NAAQS),0.2039292291494559,False,0.7701106530398825,False
2006-08-10,Pennsylvania,Lancaster,85,Percent of days with PM2.5 levels over the National Ambient Air Quality Standard (NAAQS),0.0116947327983537,False,-2.7817395989696965,False
2006-08-11,Pennsylvania,Lancaster,85,Percent of days with PM2.5 levels over the National Ambient Air Quality Standard (NAAQS),0.1886467527091451,False,0.4018591699806943,False
2006-08-12,Pennsylvania,Lancaster,85,Percent of days with PM2.5 levels over the National Ambient Air Quality Standard (NAAQS),0.1595325758752275,False,-0.1774101490516237,False
2006-08-13,Pennsylvania,Lancaster,85,Percent of days with PM2.5 levels over the National Ambient Air Quality Standard (NAAQS),0.1634480389378922,False,-0.07591089778425651,False
2006-08-14,Pennsylvania,Lancaster,85,Percent of days with PM2.5 levels over the National Ambient Air Quality Standard (NAAQS),0.2199300557399601,False,0.9703543427666727,False
2006-08-15,Pennsylvania,Lancaster,85,Percent of days with PM2.5 levels over the National Ambient Air Quality Standard (NAAQS),0.0801991704842505,False,-1.538341540613497,False
2006-08-16,Pennsylvania,Lancaster,85,Percent of days with PM2.5 levels over the National Ambient Air Quality Standard (NAAQS),0.1247597269363439,False,-0.7208039380129956,False
2006-08-17,Pennsylvania,Lancaster,85,Percent of days with PM2.5 levels over the National Ambient Air Quality Standard (NAAQS),0.1821770962205365,False,0.3055548243828377,False
2006-08-18,Pennsylvania,Lancaster,85,Percent of days with PM2.5 levels over the National Ambient Air Quality Standard (NAAQS),0.2062567751234298,False,0.6881001764288853,False
2006-08-19,Pennsylvania,Lancaster,85,Percent of days with PM2.5 levels over the National Ambient Air Quality Standard (NAAQS),0.1758473069458296,False,0.10172907527895549,False
2006-08-20,Pennsylvania,Lancaster,85,Percent of days with PM2.5 levels over the National Ambient Air Quality Standard (NAAQS),0.2088052661774797,False,0.686180250053503,False
2006-08-21,Pennsylvania,Lancaster,85,Percent of days with PM2.5 levels over the National Ambient Air Quality Standard (NAAQS),0.1778281797301022,False,0.157156244121404,False
2006-08-22,Pennsylvania,Lancaster,85,Percent of days with PM2.5 levels over the National Ambient Air Quality Standard (NAAQS),0.147341398930587,False,-0.37025096832367155,False
2006-08-23,Pennsylvania,Lancaster,85,Percent of days with PM2.5 levels over the National Ambient Air Quality Standard (NAAQS),0.1139675059392119,False,-0.9280086673435951,False
2006-08-24,Pennsylvania,Lancaster,85,Percent of days with PM2.5 levels over the National Ambient Air Quality Standard (NAAQS),0.3003427683179211,False,2.197182916833219,False
2006-08-25,Pennsylvania,Lancaster,85,Percent of days with PM2.5 levels over the National Ambient Air Quality Standard (NAAQS),0.2180494533396136,False,0.7608309087333688,False
2006-08-26,Pennsylvania,Lancaster,85,Percent of days with PM2.5 levels over the National Ambient Air Quality Standard (NAAQS),0.2235443457973703,False,0.8250313662462224,False
2006-08-27,Pennsylvania,Lancaster,85,Percent of days with PM2.5 levels over the National Ambient Air Quality Standard (NAAQS),0.2495369296351427,False,1.2244653812790303,False
2006-08-28,Pennsylvania,Lancaster,85,Percent of days with PM2.5 levels over the National Ambient Air Quality Standard (NAAQS),0.2632637967781993,False,1.3469356865468989,False
2006-08-29,Pennsylvania,Lancaster,85,Percent of days with PM2.5 levels over the National Ambient Air Quality Standard (NAAQS),0.113656203070078,False,-1.039232268537215,False
2006-08-30,Pennsylvania,Lancaster,85,Percent of days with PM2.5 levels over the National Ambient Air Quality Standard (NAAQS),0.1458477123291935,False,-0.5676539382594322,False
2006-08-31,Pennsylvania,Lancaster,85,Percent of days with PM2.5 levels over the National Ambient Air Quality Standard (NAAQS),0.1529344025308766,False,-0.40216473583868967,False
2006-09-01,Pennsylvania,Lancaster,85,Percent of days with PM2.5 levels over the National Ambient Air Quality Standard (NAAQS),0.1473884517000587,False,-0.4560007140437268,False
2006-09-02,Pennsylvania,Lancaster,85,Percent of days with PM2.5 levels over the National Ambient Air Quality Standard (NAAQS),0.1570062987848979,False,-0.2518458614481431,False
2006-09-03,Pennsylvania,Lancaster,85,Percent of days with PM2.5 levels over the National Ambient Air Quality Standard (NAAQS),0.1847696939074001,False,0.21889347225017702,False
2006-09-04,Pennsylvania,Lancaster,85,Percent of days with PM2.5 levels over the National Ambient Air Quality Standard (NAAQS),0.1511504599731964,False,-0.33939855256369006,False
2006-09-05,Pennsylvania,Lancaster,85,Percent of days with PM2.5 levels over the National Ambient Air Quality Standard (NAAQS),0.1911793553954938,False,0.3054965029049626,False
2006-09-06,Pennsylvania,Lancaster,85,Percent of days with PM2.5 levels over the National Ambient Air Quality Standard (NAAQS),0.203967708906948,False,0.5287164648953482,False
2006-09-07,Pennsylvania,Lancaster,85,Percent of days with PM2.5 levels over the National Ambient Air Quality Standard (NAAQS),0.1293754251469913,False,-0.9977075177603245,False
2006-09-08,Pennsylvania,Lancaster,85,Percent of days with PM2.5 levels over the National Ambient Air Quality Standard (NAAQS),0.1337071335272457,False,-0.856738256605662,False
2006-09-09,Pennsylvania,Lancaster,85,Percent of days with PM2.5 levels over the National Ambient Air Quality Standard (NAAQS),0.1540291610149564,False,-0.4396165452503369,False
2006-09-10,Pennsylvania,Lancaster,85,Percent of days with PM2.5 levels over the National Ambient Air Quality Standard (NAAQS),0.1749473363017291,False,-0.024114378075421505,False
2006-09-11,Pennsylvania,Lancaster,85,Percent of days with PM2.5 levels over the National Ambient Air Quality Standard (NAAQS),0.1261309788509872,False,-0.9445286232414623,False
2006-09-12,Pennsylvania,Lancaster,85,Percent of days with PM2.5 levels over the National Ambient Air Quality Standard (NAAQS),0.1725473093940603,False,-0.07697847865475098,False
2006-09-13,Pennsylvania,Lancaster,85,Percent of days with PM2.5 levels over the National Ambient Air Quality Standard (NAAQS),0.2217757280675395,False,0.9262337222257477,False
2006-09-14,Pennsylvania,Lancaster,85,Percent of days with PM2.5 levels over the National Ambient Air Quality Standard (NAAQS),0.1022200190867058,False,-1.5558664375180695,False
2006-09-15,Pennsylvania,Lancaster,85,Percent of days with PM2.5 levels over the National Ambient Air Quality Standard (NAAQS),0.1212188765795749,False,-1.0786739970202097,False
2006-09-16,Pennsylvania,Lancaster,85,Percent of days with PM2.5 levels over the National Ambient Air Quality Standard (NAAQS),0.161493179884938,False,-0.2394052700379119,False
2006-09-17,Pennsylvania,Lancaster,85,Percent of days with PM2.5 levels over the National Ambient Air Quality Standard (NAAQS),0.2625205305125531,False,1.7108659172236835,False
2006-09-18,Pennsylvania,Lancaster,85,Percent of days with PM2.5 levels over the National Ambient Air Quality Standard (NAAQS),0.1463696341655642,False,-0.5363489067921721,False
2006-09-19,Pennsylvania,Lancaster,85,Percent of days with PM2.5 levels over the National Ambient Air Quality Standard (NAAQS),0.2191373776165242,False,0.8228328730796822,False
2006-09-20,Pennsylvania,Lancaster,85,Percent of days with PM2.5 levels over the National Ambient Air Quality Standard (NAAQS),0.1147133557781594,False,-1.1937923043021117,False
2006-09-21,Pennsylvania,Lancaster,85,Percent of days with PM2.5 levels over the National Ambient Air Quality Standard (NAAQS),0.1434093124624237,False,-0.5973723284391105,False
2006-09-22,Pennsylvania,Lancaster,85,Percent of days with PM2.5 levels over the National Ambient Air Quality Standard (NAAQS),0.1696184857185559,False,0.009385297667229557,False
2006-09-23,Pennsylvania,Lancaster,85,Percent of days with PM2.5 levels over the National Ambient Air Quality Standard (NAAQS),0.2155268078122455,False,1.0407738562217586,False
2006-09-24,Pennsylvania,Lancaster,85,Percent of days with PM2.5 levels over the National Ambient Air Quality Standard (NAAQS),0.1661314173527065,False,0.004808995628042261,False
2006-09-25,Pennsylvania,Lancaster,85,Percent of days with PM2.5 levels over the National Ambient Air Quality Standard (NAAQS),0.1591248709898607,False,-0.08267387736984454,False
2006-09-26,Pennsylvania,Lancaster,85,Percent of days with PM2.5 levels over the National Ambient Air Quality Standard (NAAQS),0.1661054171740942,False,0.05601117793189783,False
2006-09-27,Pennsylvania,Lancaster,85,Percent of days with PM2.5 levels over the National Ambient Air Quality Standard (NAAQS),0.1700777302871699,False,0.14273882248318193,False
2006-09-28,Pennsylvania,Lancaster,85,Percent of days with PM2.5 levels over the National Ambient Air Quality Standard (NAAQS),0.0681809088872868,False,-2.3269278185672597,False
2006-09-29,Pennsylvania,Lancaster,85,Percent of days with PM2.5 levels over the National Ambient Air Quality Standard (NAAQS),0.2740947020504969,False,2.3718194209543673,False
2006-09-30,Pennsylvania,Lancaster,85,Percent of days with PM2.5 levels over the National Ambient Air Quality Standard (NAAQS),0.1718163640491293,False,0.10670551343956382,False
2006-10-01,Pennsylvania,Lancaster,85,Percent of days with PM2.5 levels over the National Ambient Air Quality Standard (NAAQS),0.227330101246943,False,1.2606150105919647,False
2006-10-02,Pennsylvania,Lancaster,85,Percent of days with PM2.5 levels over the National Ambient Air Quality Standard (NAAQS),0.1690160986607826,False,-0.002543196919060218,False
2006-10-03,Pennsylvania,Lancaster,85,Percent of days with PM2.5 levels over the National Ambient Air Quality Standard (NAAQS),0.1077164849980877,False,-1.2240769774174733,False
2006-10-04,Pennsylvania,Lancaster,85,Percent of days with PM2.5 levels over the National Ambient Air Quality Standard (NAAQS),0.094836026037038,False,-1.3765643542960726,False
2006-10-05,Pennsylvania,Lancaster,85,Percent of days with PM2.5 levels over the National Ambient Air Quality Standard (NAAQS),0.1216137683609772,False,-0.8205704509711085,False
2006-10-06,Pennsylvania,Lancaster,85,Percent of days with PM2.5 levels over the National Ambient Air Quality Standard (NAAQS),0.1470781392955277,False,-0.31402643255746865,False
2006-10-07,Pennsylvania,Lancaster,85,Percent of days with PM2.5 levels over the National Ambient Air Quality Standard (NAAQS),0.2392616925872622,False,1.4453446604412294,False
2006-10-08,Pennsylvania,Lancaster,85,Percent of days with PM2.5 levels over the National Ambient Air Quality Standard (NAAQS),0.2268558321133456,False,1.137342465591422,False
2006-10-09,Pennsylvania,Lancaster,85,Percent of days with PM2.5 levels over the National Ambient Air Quality Standard (NAAQS),0.2790894568654056,False,1.9070157663453327,False
2006-10-10,Pennsylvania,Lancaster,85,Percent of days with PM2.5 levels over the National Ambient Air Quality Standard (NAAQS),0.1766582916815413,False,0.06628795984044009,False
2006-10-11,Pennsylvania,Lancaster,85,Percent of days with PM2.5 levels over the National Ambient Air Quality Standard (NAAQS),0.1413429020286945,False,-0.5208723151335428,False
2006-10-12,Pennsylvania,Lancaster,85,Percent of days with PM2.5 levels over the National Ambient Air Quality Standard (NAAQS),0.1791237378056082,False,0.11731614782109225,False
2006-10-13,Pennsylvania,Lancaster,85,Percent of days with PM2.5 levels over the National Ambient Air Quality Standard (NAAQS),0.0994044132856466,False,-1.3328846063268562,False
2006-10-14,Pennsylvania,Lancaster,85,Percent of days with PM2.5 levels over the National Ambient Air Quality Standard (NAAQS),0.2016142455666384,False,0.5136728289797822,False
2006-10-15,Pennsylvania,Lancaster,85,Percent of days with PM2.5 levels over the National Ambient Air Quality Standard (NAAQS),0.1458410233191806,False,-0.4507672655527881,False
2006-10-16,Pennsylvania,Lancaster,85,Percent of days with PM2.5 levels over the National Ambient Air Quality Standard (NAAQS),0.1505822184877554,False,-0.36308486396877554,False
2006-10-17,Pennsylvania,Lancaster,85,Percent of days with PM2.5 levels over the National Ambient Air Quality Standard (NAAQS),0.1347857736139508,False,-0.6151842376615965,False
2006-10-18,Pennsylvania,Lancaster,85,Percent of days with PM2.5 levels over the National Ambient Air Quality Standard (NAAQS),0.1353683332704114,False,-0.6257884302552453,False
2006-10-19,Pennsylvania,Lancaster,85,Percent of days with PM2.5 levels over the National Ambient Air Quality Standard (NAAQS),0.2058521061685965,False,0.7120164600524787,False
2006-10-20,Pennsylvania,Lancaster,85,Percent of days with PM2.5 levels over the National Ambient Air Quality Standard (NAAQS),0.1183981914025718,False,-0.945225124890263,False
2006-10-21,Pennsylvania,Lancaster,85,Percent of days with PM2.5 levels over the National Ambient Air Quality Standard (NAAQS),0.0908852575150803,False,-1.360337469106618,False
2006-10-22,Pennsylvania,Lancaster,85,Percent of days with PM2.5 levels over the National Ambient Air Quality Standard (NAAQS),0.0499956646991481,False,-1.9039038035556832,False
2006-10-23,Pennsylvania,Lancaster,85,Percent of days with PM2.5 levels over the National Ambient Air Quality Standard (NAAQS),0.1652918605403052,False,0.10599302487720272,False
2006-10-24,Pennsylvania,Lancaster,85,Percent of days with PM2.5 levels over the National Ambient Air Quality Standard (NAAQS),0.1764555438224528,False,0.294073425266416,False
2006-10-25,Pennsylvania,Lancaster,85,Percent of days with PM2.5 levels over the National Ambient Air Quality Standard (NAAQS),0.1850224651019322,False,0.43286957023981515,False
2006-10-26,Pennsylvania,Lancaster,85,Percent of days with PM2.5 levels over the National Ambient Air Quality Standard (NAAQS),0.1861075688923663,False,0.3973651421433083,False
2006-10-27,Pennsylvania,Lancaster,85,Percent of days with PM2.5 levels over the National Ambient Air Quality Standard (NAAQS),0.2290972511404056,False,1.275325586169064,False
2006-10-28,Pennsylvania,Lancaster,85,Percent of days with PM2.5 levels over the National Ambient Air Quality Standard (NAAQS),0.1834411703977432,False,0.3891035825854949,False
2006-10-29,Pennsylvania,Lancaster,85,Percent of days with PM2.5 levels over the National Ambient Air Quality Standard (NAAQS),0.1698745182463199,False,0.17337019489846206,False
2006-10-30,Pennsylvania,Lancaster,85,Percent of days with PM2.5 levels over the National Ambient Air Quality Standard (NAAQS),0.2183910439590154,False,1.072435810519859,False
2006-10-31,Pennsylvania,Lancaster,85,Percent of days with PM2.5 levels over the National Ambient Air Quality Standard (NAAQS),0.0994313570581045,False,-1.2109357525375812,False
2006-11-01,Pennsylvania,Lancaster,85,Percent of days with PM2.5 levels over the National Ambient Air Quality Standard (NAAQS),0.2636748618939881,False,1.7690563310036338,False
2006-11-02,Pennsylvania,Lancaster,85,Percent of days with PM2.5 levels over the National Ambient Air Quality Standard (NAAQS),0.1918504842137262,False,0.39072341960275714,False
2006-11-03,Pennsylvania,Lancaster,85,Percent of days with PM2.5 levels over the National Ambient Air Quality Standard (NAAQS),0.150314971606189,False,-0.39389358732391344,False
2006-11-04,Pennsylvania,Lancaster,85,Percent of days with PM2.5 levels over the National Ambient Air Quality Standard (NAAQS),0.1808595172752968,False,0.22818802127108453,False
2006-11-05,Pennsylvania,Lancaster,85,Percent of days with PM2.5 levels over the National Ambient Air Quality Standard (NAAQS),0.2099642191920669,False,0.8157107634568067,False
2006-11-06,Pennsylvania,Lancaster,85,Percent of days with PM2.5 levels over the National Ambient Air Quality Standard (NAAQS),0.1206915885714509,False,-0.9034359117065818,False
2006-11-07,Pennsylvania,Lancaster,85,Percent of days with PM2.5 levels over the National Ambient Air Quality Standard (NAAQS),0.1503497839608964,False,-0.24815074394345094,False
2006-11-08,Pennsylvania,Lancaster,85,Percent of days with PM2.5 levels over the National Ambient Air Quality Standard (NAAQS),0.1747795842536801,False,0.250441895533993,False
2006-11-09,Pennsylvania,Lancaster,85,Percent of days with PM2.5 levels over the National Ambient Air Quality Standard (NAAQS),0.1189511147952751,False,-0.8910304755205313,False
2006-11-10,Pennsylvania,Lancaster,85,Percent of days with PM2.5 levels over the National Ambient Air Quality Standard (NAAQS),0.2057251641496873,False,0.8846541360296275,False
2006-11-11,Pennsylvania,Lancaster,85,Percent of days with PM2.5 levels over the National Ambient Air Quality Standard (NAAQS),0.1896487988129045,False,0.5501622182738122,False
2006-11-12,Pennsylvania,Lancaster,85,Percent of days with PM2.5 levels over the National Ambient Air Quality Standard (NAAQS),0.2587800275610555,False,1.8390955825227848,False
2006-11-13,Pennsylvania,Lancaster,85,Percent of days with PM2.5 levels over the National Ambient Air Quality Standard (NAAQS),0.1104336217842716,False,-1.1241908327666588,False
2006-11-14,Pennsylvania,Lancaster,85,Percent of days with PM2.5 levels over the National Ambient Air Quality Standard (NAAQS),0.2548094451196988,False,1.5922358292039576,False
2006-11-15,Pennsylvania,Lancaster,85,Percent of days with PM2.5 levels over the National Ambient Air Quality Standard (NAAQS),0.1529047346415045,False,-0.3633979672070019,False
2006-11-16,Pennsylvania,Lancaster,85,Percent of days with PM2.5 levels over the National Ambient Air Quality Standard (NAAQS),0.1429915965090246,False,-0.5120523617141669,False
2006-11-17,Pennsylvania,Lancaster,85,Percent of days with PM2.5 levels over the National Ambient Air Quality Standard (NAAQS),0.233231740388677,False,1.137481742914375,False
2006-11-18,Pennsylvania,Lancaster,85,Percent of days with PM2.5 levels over the National Ambient Air Quality Standard (NAAQS),0.1036816435741282,False,-1.3653518085791148,False
2006-11-19,Pennsylvania,Lancaster,85,Percent of days with PM2.5 levels over the National Ambient Air Quality Standard (NAAQS),0.1551246268189608,False,-0.4983600026473779,False
2006-11-20,Pennsylvania,Lancaster,85,Percent of days with PM2.5 levels over the National Ambient Air Quality Standard (NAAQS),0.180994470111159,False,0.05492756004146395,False
2006-11-21,Pennsylvania,Lancaster,85,Percent of days with PM2.5 levels over the National Ambient Air Quality Standard (NAAQS),0.1310653873121239,False,-0.9837178281585667,False
2006-11-22,Pennsylvania,Lancaster,85,Percent of days with PM2.5 levels over the National Ambient Air Quality Standard (NAAQS),0.1692174874499322,False,-0.15213939458185377,False
2006-11-23,Pennsylvania,Lancaster,85,Percent of days with PM2.5 levels over the National Ambient Air Quality Standard (NAAQS),0.2082700033527736,False,0.6646556253655855,False
2006-11-24,Pennsylvania,Lancaster,85,Percent of days with PM2.5 levels over the National Ambient Air Quality Standard (NAAQS),0.1594759819188809,False,-0.32970631307348347,False
2006-11-25,Pennsylvania,Lancaster,85,Percent of days with PM2.5 levels over the National Ambient Air Quality Standard (NAAQS),0.1469982549683342,False,-0.5700920299298518,False
2006-11-26,Pennsylvania,Lancaster,85,Percent of days with PM2.5 levels over the National Ambient Air Quality Standard (NAAQS),0.1840001996287717,False,0.22071693870617157,False
2006-11-27,Pennsylvania,Lancaster,85,Percent of days with PM2.5 levels over the National Ambient Air Quality Standard (NAAQS),0.1534641011886669,False,-0.39629460037053593,False
2006-11-28,Pennsylvania,Lancaster,85,Percent of days with PM2.5 levels over the National Ambient Air Quality Standard (NAAQS),0.1327120723343248,False,-0.9095671652124399,False
2006-11-29,Pennsylvania,Lancaster,85,Percent of days with PM2.5 levels over the National Ambient Air Quality Standard (NAAQS),0.1977183029081743,False,0.6762214345959187,False
2006-11-30,Pennsylvania,Lancaster,85,Percent of days with PM2.5 levels over the National Ambient Air Quality Standard (NAAQS),0.1057105582476075,False,-1.4630279416724399,False
2006-12-01,Pennsylvania,Lancaster,85,Percent of days with PM2.5 levels over the National Ambient Air Quality Standard (NAAQS),0.2255108127021812,False,1.2829912012425004,False
2006-12-02,Pennsylvania,Lancaster,85,Percent of days with PM2.5 levels over the National Ambient Air Quality Standard (NAAQS),0.171175185037632,False,0.03675095360794491,False
2006-12-03,Pennsylvania,Lancaster,85,Percent of days with PM2.5 levels over the National Ambient Air Quality Standard (NAAQS),0.1115100897274961,False,-1.2438678922756636,False
2006-12-04,Pennsylvania,Lancaster,85,Percent of days with PM2.5 levels over the National Ambient Air Quality Standard (NAAQS),0.20680742083804,False,0.8642127664760884,False
2006-12-05,Pennsylvania,Lancaster,85,Percent of days with PM2.5 levels over the National Ambient Air Quality Standard (NAAQS),0.1091894358652489,False,-1.3022097716981431,False
2006-12-06,Pennsylvania,Lancaster,85,Percent of days with PM2.5 levels over the National Ambient Air Quality Standard (NAAQS),0.1774720355364735,False,0.2159219058249842,False
2006-12-07,Pennsylvania,Lancaster,85,Percent of days with PM2.5 levels over the National Ambient Air Quality Standard (NAAQS),0.2413139384781011,False,1.5055435951589669,False
2006-12-08,Pennsylvania,Lancaster,85,Percent of days with PM2.5 levels over the National Ambient Air Quality Standard (NAAQS),0.2608587780364572,False,1.7869400353860727,False
2006-12-09,Pennsylvania,Lancaster,85,Percent of days with PM2.5 levels over the National Ambient Air Quality Standard (NAAQS),0.214994020745612,False,0.8145712960801352,False
2006-12-10,Pennsylvania,Lancaster,85,Percent of days with PM2.5 levels over the National Ambient Air Quality Standard (NAAQS),0.126817516009975,False,-0.9245775310876391,False
2006-12-11,Pennsylvania,Lancaster,85,Percent of days with PM2.5 levels over the National Ambient Air Quality Standard (NAAQS),0.2356001631521803,False,1.2920439114227757,False
2006-12-12,Pennsylvania,Lancaster,85,Percent of days with PM2.5 levels over the National Ambient Air Quality Standard (NAAQS),0.1103858375640493,False,-1.2908963703467349,False
2006-12-13,Pennsylvania,Lancaster,85,Percent of days with PM2.5 levels over the National Ambient Air Quality Standard (NAAQS),0.2043914796304841,False,0.7126837545031897,False
2006-12-14,Pennsylvania,Lancaster,85,Percent of days with PM2.5 levels over the National Ambient Air Quality Standard (NAAQS),0.1329836743821286,False,-0.819896435670851,False
2006-12-15,Pennsylvania,Lancaster,85,Percent of days with PM2.5 levels over the National Ambient Air Quality Standard (NAAQS),0.0822246117030003,False,-1.7482119996973557,False
2006-12-16,Pennsylvania,Lancaster,85,Percent of days with PM2.5 levels over the National Ambient Air Quality Standard (NAAQS),0.1499085916004927,False,-0.3767462407976383,False
2006-12-17,Pennsylvania,Lancaster,85,Percent of days with PM2.5 levels over the National Ambient Air Quality Standard (NAAQS),0.2010471576738396,False,0.6868663290897398,False
2006-12-18,Pennsylvania,Lancaster,85,Percent of days with PM2.5 levels over the National Ambient Air Quality Standard (NAAQS),0.1148903383102461,False,-1.0847976982116905,False
2006-12-19,Pennsylvania,Lancaster,85,Percent of days with PM2.5 levels over the National Ambient Air Quality Standard (NAAQS),0.1010346599481988,False,-1.3208698547697633,False
2006-12-20,Pennsylvania,Lancaster,85,Percent of days with PM2.5 levels over the National Ambient Air Quality Standard (NAAQS),0.1581365671955534,False,-0.1438207512998593,False
2006-12-21,Pennsylvania,Lancaster,85,Percent of days with PM2.5 levels over the National Ambient Air Quality Standard (NAAQS),0.1704870251259912,False,0.1385774785052997,False
2006-12-22,Pennsylvania,Lancaster,85,Percent of days with PM2.5 levels over the National Ambient Air Quality Standard (NAAQS),0.0990198311392808,False,-1.2607935938876822,False
2006-12-23,Pennsylvania,Lancaster,85,Percent of days with PM2.5 levels over the National Ambient Air Quality Standard (NAAQS),0.1470513188852116,False,-0.2940139585107634,False
2006-12-24,Pennsylvania,Lancaster,85,Percent of days with PM2.5 levels over the National Ambient Air Quality Standard (NAAQS),0.1458696135372359,False,-0.29104861634516666,False
2006-12-25,Pennsylvania,Lancaster,85,Percent of days with PM2.5 levels over the National Ambient Air Quality Standard (NAAQS),0.2266984524494283,False,1.2482499782075565,False
2006-12-26,Pennsylvania,Lancaster,85,Percent of days with PM2.5 levels over the National Ambient Air Quality Standard (NAAQS),0.2518524173715033,False,1.5858249045447754,False
2006-12-27,Pennsylvania,Lancaster,85,Percent of days with PM2.5 levels over the National Ambient Air Quality Standard (NAAQS),0.1987202404522312,False,0.5899666304839111,False
2006-12-28,Pennsylvania,Lancaster,85,Percent of days with PM2.5 levels over the National Ambient Air Quality Standard (NAAQS),0.2161999014599722,False,0.8534122476999316,False
2006-12-29,Pennsylvania,Lancaster,85,Percent of days with PM2.5 levels over the National Ambient Air Quality Standard (NAAQS),0.1877593359109359,False,0.3465489981167282,False
2006-12-30,Pennsylvania,Lancaster,85,Percent of days with PM2.5 levels over the National Ambient Air Quality Standard (NAAQS),0.1284747737137725,False,-0.759452536164344,False
2006-12-31,Pennsylvania,Lancaster,85,Percent of days with PM2.5 levels over the National Ambient Air Quality Standard (NAAQS),0.2151026769747065,False,0.8309045449170348,False
2007-01-01,Pennsylvania,Lancaster,85,Percent of days with PM2.5 levels over the National Ambient Air Quality Standard (NAAQS),0.4063229704198458,False,3.33914194143755,True
2007-01-02,Pennsylvania,Lancaster,85,Percent of days with PM2.5 levels over the National Ambient Air Quality Standard (NAAQS),0.4097033862152976,False,2.770187977116072,False
2007-01-03,Pennsylvania,Lancaster,85,Percent of days with PM2.5 levels over the National Ambient Air Quality Standard (NAAQS),0.3559179410052131,False,1.872690110610394,False
2007-01-04,Pennsylvania,Lancaster,85,Percent of days with PM2.5 levels over the National Ambient Air Quality Standard (NAAQS),0.474032637187052,False,2.6971361795110487,False
2007-01-05,Pennsylvania,Lancaster,85,Percent of days with PM2.5 levels over the National Ambient Air Quality Standard (NAAQS),0.5351740538526788,False,2.729599702927268,False
2007-01-06,Pennsylvania,Lancaster,85,Percent of days with PM2.5 levels over the National Ambient Air Quality Standard (NAAQS),0.2151503596143905,False,0.007064735791830152,False
2007-01-07,Pennsylvania,Lancaster,85,Percent of days with PM2.5 levels over the National Ambient Air Quality Standard (NAAQS),0.2219053793101547,False,0.036024968019811504,False
2007-01-08,Pennsylvania,Lancaster,85,Percent of days with PM2.5 levels over the National Ambient Air Quality Standard (NAAQS),0.262844151348984,False,0.3788120401370034,False
2007-01-09,Pennsylvania,Lancaster,85,Percent of days with PM2.5 levels over the National Ambient Air Quality Standard (NAAQS),0.5197066983678921,False,2.244164676567781,False
2007-01-10,Pennsylvania,Lancaster,85,Percent of days with PM2.5 levels over the National Ambient Air Quality Standard (NAAQS),0.4730828541096981,False,1.7020167595240119,False
2007-01-11,Pennsylvania,Lancaster,85,Percent of days with PM2.5 levels over the National Ambient Air Quality Standard (NAAQS),0.5548591044561584,False,2.0385096630820843,False
2007-01-12,Pennsylvania,Lancaster,85,Percent of days with PM2.5 levels over the National Ambient Air Quality Standard (NAAQS),0.47910376402625,False,1.4059069485371285,False
2007-01-13,Pennsylvania,Lancaster,85,Percent of days with PM2.5 levels over the National Ambient Air Quality Standard (NAAQS),0.3469873873560317,False,0.4648855707251275,False
2007-01-14,Pennsylvania,Lancaster,85,Percent of days with PM2.5 levels over the National Ambient Air Quality Standard (NAAQS),0.1631582297180799,False,-0.7812744613236561,False
2007-01-15,Pennsylvania,Lancaster,85,Percent of days with PM2.5 levels over the National Ambient Air Quality Standard (NAAQS),0.4040888372811395,False,0.7992416913151847,False
2007-01-16,Pennsylvania,Lancaster,85,Percent of days with PM2.5 levels over the National Ambient Air Quality Standard (NAAQS),0.5603870081001571,False,1.716649072129463,False
2007-01-17,Pennsylvania,Lancaster,85,Percent of days with PM2.5 levels over the National Ambient Air Quality Standard (NAAQS),0.4438422508320984,False,0.8697309534711721,False
2007-01-18,Pennsylvania,Lancaster,85,Percent of days with PM2.5 levels over the National Ambient Air Quality Standard (NAAQS),0.3692550157868271,False,0.3246119342289248,False
2007-01-19,Pennsylvania,Lancaster,85,Percent of days with PM2.5 levels over the National Ambient Air Quality Standard (NAAQS),0.3454225865130803,False,0.1059059526485592,False
2007-01-20,Pennsylvania,Lancaster,85,Percent of days with PM2.5 levels over the National Ambient Air Quality Standard (NAAQS),0.4146765373607703,False,0.5499069605837,False
2007-01-21,Pennsylvania,Lancaster,85,Percent of days with PM2.5 levels over the National Ambient Air Quality Standard (NAAQS),0.3610158670972748,False,0.10086568798973149,False
2007-01-22,Pennsylvania,Lancaster,85,Percent of days with PM2.5 levels over the National Ambient Air Quality Standard (NAAQS),0.4465938786821694,False,0.7041720369373377,False
2007-01-23,Pennsylvania,Lancaster,85,Percent of days with PM2.5 levels over the National Ambient Air Quality Standard (NAAQS),0.5408428883313852,False,1.3249651253344947,False
2007-01-24,Pennsylvania,Lancaster,85,Percent of days with PM2.5 levels over the National Ambient Air Quality Standard (NAAQS),0.4192029833809453,False,0.35330963222684375,False
2007-01-25,Pennsylvania,Lancaster,85,Percent of days with PM2.5 levels over the National Ambient Air Quality Standard (NAAQS),0.4732122826005713,False,0.7176150351643128,False
2007-01-26,Pennsylvania,Lancaster,85,Percent of days with PM2.5 levels over the National Ambient Air Quality Standard (NAAQS),0.4018350111808139,False,0.09244759604612122,False
2007-01-27,Pennsylvania,Lancaster,85,Percent of days with PM2.5 levels over the National Ambient Air Quality Standard (NAAQS),0.4616362610460353,False,0.543078714096207,False
2007-01-28,Pennsylvania,Lancaster,85,Percent of days with PM2.5 levels over the National Ambient Air Quality Standard (NAAQS),0.240097761724379,False,-1.5270896680973083,False
2007-01-29,Pennsylvania,Lancaster,85,Percent of days with PM2.5 levels over the National Ambient Air Quality Standard (NAAQS),0.0757493379616766,False,-2.5552457844068392,False
2007-01-30,Pennsylvania,Lancaster,85,Percent of days with PM2.5 levels over the National Ambient Air Quality Standard (NAAQS),0.5599164840390599,False,1.274997280346191,False
2007-01-31,Pennsylvania,Lancaster,85,Percent of days with PM2.5 levels over the National Ambient Air Quality Standard (NAAQS),0.3071464223696107,False,-0.6862582133963799,False
2007-02-01,Pennsylvania,Lancaster,85,Percent of days with PM2.5 levels over the National Ambient Air Quality Standard (NAAQS),0.2412454308479288,False,-1.11474536126107,False
2007-02-02,Pennsylvania,Lancaster,85,Percent of days with PM2.5 levels over the National Ambient Air Quality Standard (NAAQS),0.4698968079231405,False,0.6619044935988861,False
2007-02-03,Pennsylvania,Lancaster,85,Percent of days with PM2.5 levels over the National Ambient Air Quality Standard (NAAQS),0.669562333436767,False,1.9900335407850107,False
2007-02-04,Pennsylvania,Lancaster,85,Percent of days with PM2.5 levels over the National Ambient Air Quality Standard (NAAQS),0.4541545603915166,False,0.34363506859602627,False
2007-02-05,Pennsylvania,Lancaster,85,Percent of days with PM2.5 levels over the National Ambient Air Quality Standard (NAAQS),0.3690859483446815,False,-0.34432206723963427,False
2007-02-06,Pennsylvania,Lancaster,85,Percent of days with PM2.5 levels over the National Ambient Air Quality Standard (NAAQS),0.4671077565848976,False,0.4421690671755191,False
2007-02-07,Pennsylvania,Lancaster,85,Percent of days with PM2.5 levels over the National Ambient Air Quality Standard (NAAQS),0.5292717837615808,False,0.9073701927792279,False
2007-02-08,Pennsylvania,Lancaster,85,Percent of days with PM2.5 levels over the National Ambient Air Quality Standard (NAAQS),0.3375536306086101,False,-0.540470577848571,False
2007-02-09,Pennsylvania,Lancaster,85,Percent of days with PM2.5 levels over the National Ambient Air Quality Standard (NAAQS),0.5533686701895856,False,1.135371482562263,False
2007-02-10,Pennsylvania,Lancaster,85,Percent of days with PM2.5 levels over the National Ambient Air Quality Standard (NAAQS),0.7602749254824993,False,2.3507428685874188,False
2007-02-11,Pennsylvania,Lancaster,85,Percent of days with PM2.5 levels over the National Ambient Air Quality Standard (NAAQS),0.292493096592134,False,-0.9866199104434218,False
2007-02-12,Pennsylvania,Lancaster,85,Percent of days with PM2.5 levels over the National Ambient Air Quality Standard (NAAQS),0.2568787070027826,False,-1.1766177453003237,False
2007-02-13,Pennsylvania,Lancaster,85,Percent of days with PM2.5 levels over the National Ambient Air Quality Standard (NAAQS),0.5355600228563842,False,0.8178795061348737,False
2007-02-14,Pennsylvania,Lancaster,85,Percent of days with PM2.5 levels over the National Ambient Air Quality Standard (NAAQS),0.4813530582637187,False,0.4190017090935847,False
2007-02-15,Pennsylvania,Lancaster,85,Percent of days with PM2.5 levels over the National Ambient Air Quality Standard (NAAQS),0.5445225946084864,False,0.8168953614392751,False
2007-02-16,Pennsylvania,Lancaster,85,Percent of days with PM2.5 levels over the National Ambient Air Quality Standard (NAAQS),0.4377637669826598,False,0.03947275060826657,False
2007-02-17,Pennsylvania,Lancaster,85,Percent of days with PM2.5 levels over the National Ambient Air Quality Standard (NAAQS),0.5099224760934598,False,0.5259340264322375,False
2007-02-18,Pennsylvania,Lancaster,85,Percent of days with PM2.5 levels over the National Ambient Air Quality Standard (NAAQS),0.1618267466498742,False,-1.7786780354777472,False
2007-02-19,Pennsylvania,Lancaster,85,Percent of days with PM2.5 levels over the National Ambient Air Quality Standard (NAAQS),0.5674576370244433,False,0.8846598838908106,False
2007-02-20,Pennsylvania,Lancaster,85,Percent of days with PM2.5 levels over the National Ambient Air Quality Standard (NAAQS),0.4895191723489567,False,0.38725419095865427,False
2007-02-21,Pennsylvania,Lancaster,85,Percent of days with PM2.5 levels over the National Ambient Air Quality Standard (NAAQS),0.3254219872639459,False,-0.670469908853888,False
2007-02-22,Pennsylvania,Lancaster,85,Percent of days with PM2.5 levels over the National Ambient Air Quality Standard (NAAQS),0.4940488818785291,False,0.42994849566468774,False
2007-02-23,Pennsylvania,Lancaster,85,Percent of days with PM2.5 levels over the National Ambient Air Quality Standard (NAAQS),0.5200705629975211,False,0.5694268698676386,False
2007-02-24,Pennsylvania,Lancaster,85,Percent of days with PM2.5 levels over the National Ambient Air Quality Standard (NAAQS),0.4585531389165628,False,0.16967500948326972,False
2007-02-25,Pennsylvania,Lancaster,85,Percent of days with PM2.5 levels over the National Ambient Air Quality Standard (NAAQS),0.242651479982658,False,-1.2376203433996595,False
2007-02-26,Pennsylvania,Lancaster,85,Percent of days with PM2.5 levels over the National Ambient Air Quality Standard (NAAQS),0.3260366043223923,False,-0.8340296732595164,False
2007-02-27,Pennsylvania,Lancaster,85,Percent of days with PM2.5 levels over the National Ambient Air Quality Standard (NAAQS),0.3156290084631862,False,-0.8464285332800431,False
2007-02-28,Pennsylvania,Lancaster,85,Percent of days with PM2.5 levels over the National Ambient Air Quality Standard (NAAQS),0.3462375416181411,False,-0.6405905534126093,False
2007-03-01,Pennsylvania,Lancaster,85,Percent of days with PM2.5 levels over the National Ambient Air Quality Standard (NAAQS),0.3624825757603914,False,-0.5724542104136979,False
2007-03-02,Pennsylvania,Lancaster,85,Percent of days with PM2.5 levels over the National Ambient Air Quality Standard (NAAQS),0.3633602690292258,False,-0.5348176367561776,False
2007-03-03,Pennsylvania,Lancaster,85,Percent of days with PM2.5 levels over the National Ambient Air Quality Standard (NAAQS),0.7200673054887382,False,2.0694436783143737,False
2007-03-04,Pennsylvania,Lancaster,85,Percent of days with PM2.5 levels over the National Ambient Air Quality Standard (NAAQS),0.6020485028731046,False,1.1403150998759006,False
2007-03-05,Pennsylvania,Lancaster,85,Percent of days with PM2.5 levels over the National Ambient Air Quality Standard (NAAQS),0.1880587492915817,False,-1.6712542474294554,False
2007-03-06,Pennsylvania,Lancaster,85,Percent of days with PM2.5 levels over the National Ambient Air Quality Standard (NAAQS),0.3547673936921516,False,-0.5152498896880465,False
2007-03-07,Pennsylvania,Lancaster,85,Percent of days with PM2.5 levels over the National Ambient Air Quality Standard (NAAQS),0.3036899997743698,False,-0.8015018985045759,False
2007-03-08,Pennsylvania,Lancaster,85,Percent of days with PM2.5 levels over the National Ambient Air Quality Standard (NAAQS),0.5441768371758364,False,0.7572952838027212,False
2007-03-09,Pennsylvania,Lancaster,85,Percent of days with PM2.5 levels over the National Ambient Air Quality Standard (NAAQS),0.3801196970516569,False,-0.2991747770398559,False
2007-03-10,Pennsylvania,Lancaster,85,Percent of days with PM2.5 levels over the National Ambient Air Quality Standard (NAAQS),0.370217922203962,False,-0.3030219936964359,False
2007-03-11,Pennsylvania,Lancaster,85,Percent of days with PM2.5 levels over the National Ambient Air Quality Standard (NAAQS),0.4525025282144656,False,0.2763075340539274,False
2007-03-12,Pennsylvania,Lancaster,85,Percent of days with PM2.5 levels over the National Ambient Air Quality Standard (NAAQS),0.5169288702773887,False,0.7101733456464012,False
2007-03-13,Pennsylvania,Lancaster,85,Percent of days with PM2.5 levels over the National Ambient Air Quality Standard (NAAQS),0.3391670096287246,False,-0.6208209667463684,False
2007-03-14,Pennsylvania,Lancaster,85,Percent of days with PM2.5 levels over the National Ambient Air Quality Standard (NAAQS),0.5969432483774638,False,1.3230812928934772,False
2007-03-15,Pennsylvania,Lancaster,85,Percent of days with PM2.5 levels over the National Ambient Air Quality Standard (NAAQS),0.3260942137972248,False,-0.6790072843640133,False
2007-03-16,Pennsylvania,Lancaster,85,Percent of days with PM2.5 levels over the National Ambient Air Quality Standard (NAAQS),0.7480874591502596,False,2.220352928014894,False
2007-03-17,Pennsylvania,Lancaster,85,Percent of days with PM2.5 levels over the National Ambient Air Quality Standard (NAAQS),0.29310262800796,False,-0.8554321242644032,False
2007-03-18,Pennsylvania,Lancaster,85,Percent of days with PM2.5 levels over the National Ambient Air Quality Standard (NAAQS),0.6124563531482909,False,1.2574707399839584,False
2007-03-19,Pennsylvania,Lancaster,85,Percent of days with PM2.5 levels over the National Ambient Air Quality Standard (NAAQS),0.2621226270236587,False,-1.1291650113511087,False
2007-03-20,Pennsylvania,Lancaster,85,Percent of days with PM2.5 levels over the National Ambient Air Quality Standard (NAAQS),0.54141782167891,False,0.8066835034054014,False
2007-03-21,Pennsylvania,Lancaster,85,Percent of days with PM2.5 levels over the National Ambient Air Quality Standard (NAAQS),0.4504212922126469,False,0.14518883925731457,False
2007-03-22,Pennsylvania,Lancaster,85,Percent of days with PM2.5 levels over the National Ambient Air Quality Standard (NAAQS),0.4475119626008233,False,0.13693778443217441,False
2007-03-23,Pennsylvania,Lancaster,85,Percent of days with PM2.5 levels over the National Ambient Air Quality Standard (NAAQS),0.469949918385705,False,0.3091924814604258,False
2007-03-24,Pennsylvania,Lancaster,85,Percent of days with PM2.5 levels over the National Ambient Air Quality Standard (NAAQS),0.7146481787505901,False,1.8438887983229286,False
2007-03-25,Pennsylvania,Lancaster,85,Percent of days with PM2.5 levels over the National Ambient Air Quality Standard (NAAQS),0.4349635670032376,False,-0.04972957727745924,False
2007-03-26,Pennsylvania,Lancaster,85,Percent of days with PM2.5 levels over the National Ambient Air Quality Standard (NAAQS),0.2313991391224488,False,-1.3786851312812043,False
2007-03-27,Pennsylvania,Lancaster,85,Percent of days with PM2.5 levels over the National Ambient Air Quality Standard (NAAQS),0.4378330379870274,False,-0.03641365522834854,False
2007-03-28,Pennsylvania,Lancaster,85,Percent of days with PM2.5 levels over the National Ambient Air Quality Standard (NAAQS),0.2130518700065647,False,-1.4657254779027225,False
2007-03-29,Pennsylvania,Lancaster,85,Percent of days with PM2.5 levels over the National Ambient Air Quality Standard (NAAQS),0.2956891296070087,False,-0.9027654101811414,False
2007-03-30,Pennsylvania,Lancaster,85,Percent of days with PM2.5 levels over the National Ambient Air Quality Standard (NAAQS),0.4360479107830218,False,-0.017097003101255386,False
2007-03-31,Pennsylvania,Lancaster,85,Percent of days with PM2.5 levels over the National Ambient Air Quality Standard (NAAQS),0.4934644965800339,False,0.43276856734463026,False
2007-04-01,Pennsylvania,Lancaster,85,Percent of days with PM2.5 levels over the National Ambient Air Quality Standard (NAAQS),0.3914468235544975,False,-0.2236441096245617,False
2007-04-02,Pennsylvania,Lancaster,85,Percent of days with PM2.5 levels over the National Ambient Air Quality Standard (NAAQS),0.2642009441364105,False,-1.1757831224885849,False
2007-04-03,Pennsylvania,Lancaster,85,Percent of days with PM2.5 levels over the National Ambient Air Quality Standard (NAAQS),0.5703500012180005,False,0.9821365386722537,False
2007-04-04,Pennsylvania,Lancaster,85,Percent of days with PM2.5 levels over the National Ambient Air Quality Standard (NAAQS),0.2953698512256464,False,-0.9870997379570614,False
2007-04-05,Pennsylvania,Lancaster,85,Percent of days with PM2.5 levels over the National Ambient Air Quality Standard (NAAQS),0.5857651282564301,False,1.0709162611948153,False
2007-04-06,Pennsylvania,Lancaster,85,Percent of days with PM2.5 levels over the National Ambient Air Quality Standard (NAAQS),0.6096169688201989,False,1.1545600756431722,False
2007-04-07,Pennsylvania,Lancaster,85,Percent of days with PM2.5 levels over the National Ambient Air Quality Standard (NAAQS),0.2505971911919643,False,-1.2673184316524109,False
2007-04-08,Pennsylvania,Lancaster,85,Percent of days with PM2.5 levels over the National Ambient Air Quality Standard (NAAQS),0.4307806004944878,False,-0.04756778013634802,False
2007-04-09,Pennsylvania,Lancaster,85,Percent of days with PM2.5 levels over the National Ambient Air Quality Standard (NAAQS),0.2254349008117441,False,-1.3224076818447907,False
2007-04-10,Pennsylvania,Lancaster,85,Percent of days with PM2.5 levels over the National Ambient Air Quality Standard (NAAQS),0.4593925338144462,False,0.1822246901273576,False
2007-04-11,Pennsylvania,Lancaster,85,Percent of days with PM2.5 levels over the National Ambient Air Quality Standard (NAAQS),0.3790470658830222,False,-0.3020361009323526,False
2007-04-12,Pennsylvania,Lancaster,85,Percent of days with PM2.5 levels over the National Ambient Air Quality Standard (NAAQS),0.3378142377631419,False,-0.583333720122496,False
2007-04-13,Pennsylvania,Lancaster,85,Percent of days with PM2.5 levels over the National Ambient Air Quality Standard (NAAQS),0.5099389530859425,False,0.6950444607899768,False
2007-04-14,Pennsylvania,Lancaster,85,Percent of days with PM2.5 levels over the National Ambient Air Quality Standard (NAAQS),0.3833676790070364,False,-0.2676744930823437,False
2007-04-15,Pennsylvania,Lancaster,85,Percent of days with PM2.5 levels over the National Ambient Air Quality Standard (NAAQS),0.4509492332354761,False,0.29381917445244393,False
2007-04-16,Pennsylvania,Lancaster,85,Percent of days with PM2.5 levels over the National Ambient Air Quality Standard (NAAQS),0.4607116140589432,False,0.322780074079268,False
2007-04-17,Pennsylvania,Lancaster,85,Percent of days with PM2.5 levels over the National Ambient Air Quality Standard (NAAQS),0.5759567260954035,False,1.2219505133727726,False
2007-04-18,Pennsylvania,Lancaster,85,Percent of days with PM2.5 levels over the National Ambient Air Quality Standard (NAAQS),0.1452402706471937,False,-1.945363194735512,False
2007-04-19,Pennsylvania,Lancaster,85,Percent of days with PM2.5 levels over the National Ambient Air Quality Standard (NAAQS),0.6417092023430776,False,1.5647122421060944,False
2007-04-20,Pennsylvania,Lancaster,85,Percent of days with PM2.5 levels over the National Ambient Air Quality Standard (NAAQS),0.4277631522152678,False,0.0812176707463452,False
2007-04-21,Pennsylvania,Lancaster,85,Percent of days with PM2.5 levels over the National Ambient Air Quality Standard (NAAQS),0.1948442900807077,False,-1.488324398866508,False
2007-04-22,Pennsylvania,Lancaster,85,Percent of days with PM2.5 levels over the National Ambient Air Quality Standard (NAAQS),0.5568579731593721,False,1.1114042715946681,False
2007-04-23,Pennsylvania,Lancaster,85,Percent of days with PM2.5 levels over the National Ambient Air Quality Standard (NAAQS),0.5742107422848567,False,1.1520367502993478,False
2007-04-24,Pennsylvania,Lancaster,85,Percent of days with PM2.5 levels over the National Ambient Air Quality Standard (NAAQS),0.3646707280185638,False,-0.33718602033043166,False
2007-04-25,Pennsylvania,Lancaster,85,Percent of days with PM2.5 levels over the National Ambient Air Quality Standard (NAAQS),0.3251019386234295,False,-0.6714990568906085,False
2007-04-26,Pennsylvania,Lancaster,85,Percent of days with PM2.5 levels over the National Ambient Air Quality Standard (NAAQS),0.58297682440845,False,1.153624296824954,False
2007-04-27,Pennsylvania,Lancaster,85,Percent of days with PM2.5 levels over the National Ambient Air Quality Standard (NAAQS),0.5311619931710786,False,0.7404352052953866,False
2007-04-28,Pennsylvania,Lancaster,85,Percent of days with PM2.5 levels over the National Ambient Air Quality Standard (NAAQS),0.5629310152081579,False,0.9408052273986044,False
2007-04-29,Pennsylvania,Lancaster,85,Percent of days with PM2.5 levels over the National Ambient Air Quality Standard (NAAQS),0.2377902610861724,False,-1.3081298338455234,False
2007-04-30,Pennsylvania,Lancaster,85,Percent of days with PM2.5 levels over the National Ambient Air Quality Standard (NAAQS),0.3573042952656287,False,-0.511633044844845,False
2007-05-01,Pennsylvania,Lancaster,85,Percent of days with PM2.5 levels over the National Ambient Air Quality Standard (NAAQS),0.397933054139016,False,-0.18376458498955117,False
2007-05-02,Pennsylvania,Lancaster,85,Percent of days with PM2.5 levels over the National Ambient Air Quality Standard (NAAQS),0.4764732549984971,False,0.3411520496210214,False
2007-05-03,Pennsylvania,Lancaster,85,Percent of days with PM2.5 levels over the National Ambient Air Quality Standard (NAAQS),0.5002402142362931,False,0.5482679156699797,False
2007-05-04,Pennsylvania,Lancaster,85,Percent of days with PM2.5 levels over the National Ambient Air Quality Standard (NAAQS),0.4512209215671796,False,0.2327294039951097,False
2007-05-05,Pennsylvania,Lancaster,85,Percent of days with PM2.5 levels over the National Ambient Air Quality Standard (NAAQS),0.3953562632124154,False,-0.2479242160490432,False
2007-05-06,Pennsylvania,Lancaster,85,Percent of days with PM2.5 levels over the National Ambient Air Quality Standard (NAAQS),0.5683863136403792,False,1.0732874687680134,False
2007-05-07,Pennsylvania,Lancaster,85,Percent of days with PM2.5 levels over the National Ambient Air Quality Standard (NAAQS),0.2146605687920581,False,-1.6832972116577032,False
2007-05-08,Pennsylvania,Lancaster,85,Percent of days with PM2.5 levels over the National Ambient Air Quality Standard (NAAQS),0.4329247538405035,False,0.023477048068015125,False
2007-05-09,Pennsylvania,Lancaster,85,Percent of days with PM2.5 levels over the National Ambient Air Quality Standard (NAAQS),0.4268077107237298,False,-0.037600464557565744,False
2007-05-10,Pennsylvania,Lancaster,85,Percent of days with PM2.5 levels over the National Ambient Air Quality Standard (NAAQS),0.3616585640469075,False,-0.5559807087330745,False
2007-05-11,Pennsylvania,Lancaster,85,Percent of days with PM2.5 levels over the National Ambient Air Quality Standard (NAAQS),0.2999473134239211,False,-0.9706259698353389,False
2007-05-12,Pennsylvania,Lancaster,85,Percent of days with PM2.5 levels over the National Ambient Air Quality Standard (NAAQS),0.4143126786794521,False,-0.09148733009128349,False
2007-05-13,Pennsylvania,Lancaster,85,Percent of days with PM2.5 levels over the National Ambient Air Quality Standard (NAAQS),0.2485924031026534,False,-1.282641684038738,False
2007-05-14,Pennsylvania,Lancaster,85,Percent of days with PM2.5 levels over the National Ambient Air Quality Standard (NAAQS),0.2383784548988792,False,-1.2618123238818975,False
2007-05-15,Pennsylvania,Lancaster,85,Percent of days with PM2.5 levels over the National Ambient Air Quality Standard (NAAQS),0.4534113164167005,False,0.3520411366937983,False
2007-05-16,Pennsylvania,Lancaster,85,Percent of days with PM2.5 levels over the National Ambient Air Quality Standard (NAAQS),0.3997261798841123,False,-0.12925019012034414,False
2007-05-17,Pennsylvania,Lancaster,85,Percent of days with PM2.5 levels over the National Ambient Air Quality Standard (NAAQS),0.2800266162046258,False,-1.0467291062669781,False
2007-05-18,Pennsylvania,Lancaster,85,Percent of days with PM2.5 levels over the National Ambient Air Quality Standard (NAAQS),0.4797550553579499,False,0.6371437262300399,False
2007-05-19,Pennsylvania,Lancaster,85,Percent of days with PM2.5 levels over the National Ambient Air Quality Standard (NAAQS),0.4547858094570142,False,0.36911100389312324,False
2007-05-20,Pennsylvania,Lancaster,85,Percent of days with PM2.5 levels over the National Ambient Air Quality Standard (NAAQS),0.738283015863069,False,2.5620849867483595,False
2007-05-21,Pennsylvania,Lancaster,85,Percent of days with PM2.5 levels over the National Ambient Air Quality Standard (NAAQS),0.5560650185908537,False,1.1060454048116608,False
2007-05-22,Pennsylvania,Lancaster,85,Percent of days with PM2.5 levels over the National Ambient Air Quality Standard (NAAQS),0.5404359036391903,False,0.9167982937171111,False
2007-05-23,Pennsylvania,Lancaster,85,Percent of days with PM2.5 levels over the National Ambient Air Quality Standard (NAAQS),0.3531249092195894,False,-0.5946843445980089,False
2007-05-24,Pennsylvania,Lancaster,85,Percent of days with PM2.5 levels over the National Ambient Air Quality Standard (NAAQS),0.4218297099968473,False,0.005256258189024411,False
2007-05-25,Pennsylvania,Lancaster,85,Percent of days with PM2.5 levels over the National Ambient Air Quality Standard (NAAQS),0.4008007381802164,False,-0.13292809325130056,False
2007-05-26,Pennsylvania,Lancaster,85,Percent of days with PM2.5 levels over the National Ambient Air Quality Standard (NAAQS),0.5470128816937173,False,1.1131199571985082,False
2007-05-27,Pennsylvania,Lancaster,85,Percent of days with PM2.5 levels over the National Ambient Air Quality Standard (NAAQS),0.3279773201541568,False,-0.8012921144208632,False
2007-05-28,Pennsylvania,Lancaster,85,Percent of days with PM2.5 levels over the National Ambient Air Quality Standard (NAAQS),0.322206527782386,False,-0.8344036370258459,False
2007-05-29,Pennsylvania,Lancaster,85,Percent of days with PM2.5 levels over the National Ambient Air Quality Standard (NAAQS),0.7047262620619577,False,2.175825341804702,False
2007-05-30,Pennsylvania,Lancaster,85,Percent of days with PM2.5 levels over the National Ambient Air Quality Standard (NAAQS),0.6278494372035154,False,1.4663218720187046,False
2007-05-31,Pennsylvania,Lancaster,85,Percent of days with PM2.5 levels over the National Ambient Air Quality Standard (NAAQS),0.2577037663104436,False,-1.2401223564190318,False
2007-06-01,Pennsylvania,Lancaster,85,Percent of days with PM2.5 levels over the National Ambient Air Quality Standard (NAAQS),0.4443496250469799,False,0.14000274112311392,False
2007-06-02,Pennsylvania,Lancaster,85,Percent of days with PM2.5 levels over the National Ambient Air Quality Standard (NAAQS),0.3338440460241728,False,-0.6551963104218356,False
2007-06-03,Pennsylvania,Lancaster,85,Percent of days with PM2.5 levels over the National Ambient Air Quality Standard (NAAQS),0.6803724445565328,False,1.7790511646191844,False
2007-06-04,Pennsylvania,Lancaster,85,Percent of days with PM2.5 levels over the National Ambient Air Quality Standard (NAAQS),0.6727307154863619,False,1.5992890806523923,False
2007-06-05,Pennsylvania,Lancaster,85,Percent of days with PM2.5 levels over the National Ambient Air Quality Standard (NAAQS),0.6377921801704373,False,1.2638930943483198,False
2007-06-06,Pennsylvania,Lancaster,85,Percent of days with PM2.5 levels over the National Ambient Air Quality Standard (NAAQS),0.4460651831464092,False,-0.03719303466384322,False
2007-06-07,Pennsylvania,Lancaster,85,Percent of days with PM2.5 levels over the National Ambient Air Quality Standard (NAAQS),0.4661120534534133,False,0.07370602732897863,False
2007-06-08,Pennsylvania,Lancaster,85,Percent of days with PM2.5 levels over the National Ambient Air Quality Standard (NAAQS),0.3782160087907145,False,-0.5529879499179368,False
2007-06-09,Pennsylvania,Lancaster,85,Percent of days with PM2.5 levels over the National Ambient Air Quality Standard (NAAQS),0.4660720504699578,False,0.04254641653890968,False
2007-06-10,Pennsylvania,Lancaster,85,Percent of days with PM2.5 levels over the National Ambient Air Quality Standard (NAAQS),0.56517239160826,False,0.6741317247072949,False
2007-06-11,Pennsylvania,Lancaster,85,Percent of days with PM2.5 levels over the National Ambient Air Quality Standard (NAAQS),0.2745958506552451,False,-1.442265977788842,False
2007-06-12,Pennsylvania,Lancaster,85,Percent of days with PM2.5 levels over the National Ambient Air Quality Standard (NAAQS),0.5053978904053977,False,0.22576812146706132,False
2007-06-13,Pennsylvania,Lancaster,85,Percent of days with PM2.5 levels over the National Ambient Air Quality Standard (NAAQS),0.4570248679071519,False,-0.14213578570240717,False
2007-06-14,Pennsylvania,Lancaster,85,Percent of days with PM2.5 levels over the National Ambient Air Quality Standard (NAAQS),0.2607734001104341,False,-1.5615850217086824,False
2007-06-15,Pennsylvania,Lancaster,85,Percent of days with PM2.5 levels over the National Ambient Air Quality Standard (NAAQS),0.4957498267829203,False,0.14105591739966428,False
2007-06-16,Pennsylvania,Lancaster,85,Percent of days with PM2.5 levels over the National Ambient Air Quality Standard (NAAQS),0.352519303086207,False,-0.8603651570172712,False
2007-06-17,Pennsylvania,Lancaster,85,Percent of days with PM2.5 levels over the National Ambient Air Quality Standard (NAAQS),0.5921867878665453,False,0.9458506718810893,False
2007-06-18,Pennsylvania,Lancaster,85,Percent of days with PM2.5 levels over the National Ambient Air Quality Standard (NAAQS),0.2336526065350107,False,-1.613189619986143,False
2007-06-19,Pennsylvania,Lancaster,85,Percent of days with PM2.5 levels over the National Ambient Air Quality Standard (NAAQS),0.2178051614447859,False,-1.5756245012466101,False
2007-06-20,Pennsylvania,Lancaster,85,Percent of days with PM2.5 levels over the National Ambient Air Quality Standard (NAAQS),0.5419986705562809,False,0.6316336976910031,False
2007-06-21,Pennsylvania,Lancaster,85,Percent of days with PM2.5 levels over the National Ambient Air Quality Standard (NAAQS),0.5890251293563666,False,0.9033466848589852,False
2007-06-22,Pennsylvania,Lancaster,85,Percent of days with PM2.5 levels over the National Ambient Air Quality Standard (NAAQS),0.4093414674542281,False,-0.3296782932586094,False
2007-06-23,Pennsylvania,Lancaster,85,Percent of days with PM2.5 levels over the National Ambient Air Quality Standard (NAAQS),0.4691401818733769,False,0.09998056765851822,False
2007-06-24,Pennsylvania,Lancaster,85,Percent of days with PM2.5 levels over the National Ambient Air Quality Standard (NAAQS),0.2224786319972258,False,-1.5271106076504462,False
2007-06-25,Pennsylvania,Lancaster,85,Percent of days with PM2.5 levels over the National Ambient Air Quality Standard (NAAQS),0.246166081482052,False,-1.3233196975138983,False
2007-06-26,Pennsylvania,Lancaster,85,Percent of days with PM2.5 levels over the National Ambient Air Quality Standard (NAAQS),0.2470820882555117,False,-1.24314916520618,False
2007-06-27,Pennsylvania,Lancaster,85,Percent of days with PM2.5 levels over the National Ambient Air Quality Standard (NAAQS),0.5850488516578166,False,1.0546498692009771,False
2007-06-28,Pennsylvania,Lancaster,85,Percent of days with PM2.5 levels over the National Ambient Air Quality Standard (NAAQS),0.7260948237969043,False,1.8252260454077074,False
2007-06-29,Pennsylvania,Lancaster,85,Percent of days with PM2.5 levels over the National Ambient Air Quality Standard (NAAQS),0.4448105240673217,False,-0.014616730804535252,False
2007-06-30,Pennsylvania,Lancaster,85,Percent of days with PM2.5 levels over the National Ambient Air Quality Standard (NAAQS),0.5727912618821973,False,0.7660437393796001,False
2007-07-01,Pennsylvania,Lancaster,85,Percent of days with PM2.5 levels over the National Ambient Air Quality Standard (NAAQS),0.5828027904919755,False,0.8786966057169069,False
2007-07-02,Pennsylvania,Lancaster,85,Percent of days with PM2.5 levels over the National Ambient Air Quality Standard (NAAQS),0.2670846979159713,False,-1.1663659310441332,False
2007-07-03,Pennsylvania,Lancaster,85,Percent of days with PM2.5 levels over the National Ambient Air Quality Standard (NAAQS),0.4473550097799862,False,0.11747429595820585,False
2007-07-04,Pennsylvania,Lancaster,85,Percent of days with PM2.5 levels over the National Ambient Air Quality Standard (NAAQS),0.2610683741630641,False,-1.1295085039953305,False
2007-07-05,Pennsylvania,Lancaster,85,Percent of days with PM2.5 levels over the National Ambient Air Quality Standard (NAAQS),0.596907389014462,False,1.1361152356493769,False
2007-07-06,Pennsylvania,Lancaster,85,Percent of days with PM2.5 levels over the National Ambient Air Quality Standard (NAAQS),0.4524624429314243,False,0.14184714825044464,False
2007-07-07,Pennsylvania,Lancaster,85,Percent of days with PM2.5 levels over the National Ambient Air Quality Standard (NAAQS),0.654936006473273,False,1.411847364957453,False
2007-07-08,Pennsylvania,Lancaster,85,Percent of days with PM2.5 levels over the National Ambient Air Quality Standard (NAAQS),0.3654326087583753,False,-0.4322908492361166,False
2007-07-09,Pennsylvania,Lancaster,85,Percent of days with PM2.5 levels over the National Ambient Air Quality Standard (NAAQS),0.6011260545894935,False,1.0412812207217788,False
2007-07-10,Pennsylvania,Lancaster,85,Percent of days with PM2.5 levels over the National Ambient Air Quality Standard (NAAQS),0.3881366499233702,False,-0.3323041141694758,False
2007-07-11,Pennsylvania,Lancaster,85,Percent of days with PM2.5 levels over the National Ambient Air Quality Standard (NAAQS),0.2539170805987013,False,-1.13909970957561,False
2007-07-12,Pennsylvania,Lancaster,85,Percent of days with PM2.5 levels over the National Ambient Air Quality Standard (NAAQS),0.3766913451490401,False,-0.38539680143027094,False
2007-07-13,Pennsylvania,Lancaster,85,Percent of days with PM2.5 levels over the National Ambient Air Quality Standard (NAAQS),0.3189111217177114,False,-0.717672014265732,False
2007-07-14,Pennsylvania,Lancaster,85,Percent of days with PM2.5 levels over the National Ambient Air Quality Standard (NAAQS),0.414038036572792,False,-0.1133514866226475,False
2007-07-15,Pennsylvania,Lancaster,85,Percent of days with PM2.5 levels over the National Ambient Air Quality Standard (NAAQS),0.3088197989235439,False,-0.7432358637396927,False
2007-07-16,Pennsylvania,Lancaster,85,Percent of days with PM2.5 levels over the National Ambient Air Quality Standard (NAAQS),0.4224956348676875,False,-0.03750184007838677,False
2007-07-17,Pennsylvania,Lancaster,85,Percent of days with PM2.5 levels over the National Ambient Air Quality Standard (NAAQS),0.5385017247937528,False,0.696666990753285,False
2007-07-18,Pennsylvania,Lancaster,85,Percent of days with PM2.5 levels over the National Ambient Air Quality Standard (NAAQS),0.502129191720702,False,0.4536244238753075,False
2007-07-19,Pennsylvania,Lancaster,85,Percent of days with PM2.5 levels over the National Ambient Air Quality Standard (NAAQS),0.3974436430594685,False,-0.24392287992435474,False
2007-07-20,Pennsylvania,Lancaster,85,Percent of days with PM2.5 levels over the National Ambient Air Quality Standard (NAAQS),0.4268039037693181,False,-0.03620415246758072,False
2007-07-21,Pennsylvania,Lancaster,85,Percent of days with PM2.5 levels over the National Ambient Air Quality Standard (NAAQS),0.5155093889296537,False,0.5902007841312492,False
2007-07-22,Pennsylvania,Lancaster,85,Percent of days with PM2.5 levels over the National Ambient Air Quality Standard (NAAQS),0.3545845371417442,False,-0.6251611263592866,False
2007-07-23,Pennsylvania,Lancaster,85,Percent of days with PM2.5 levels over the National Ambient Air Quality Standard (NAAQS),0.4228888341160524,False,-0.16828903491120653,False
2007-07-24,Pennsylvania,Lancaster,85,Percent of days with PM2.5 levels over the National Ambient Air Quality Standard (NAAQS),0.5214930528501164,False,0.5457487394884035,False
2007-07-25,Pennsylvania,Lancaster,85,Percent of days with PM2.5 levels over the National Ambient Air Quality Standard (NAAQS),0.3174186697659673,False,-1.0351971201739685,False
2007-07-26,Pennsylvania,Lancaster,85,Percent of days with PM2.5 levels over the National Ambient Air Quality Standard (NAAQS),0.4017804061914109,False,-0.28494281123966997,False
2007-07-27,Pennsylvania,Lancaster,85,Percent of days with PM2.5 levels over the National Ambient Air Quality Standard (NAAQS),0.5036715443528728,False,0.6169111820675561,False
2007-07-28,Pennsylvania,Lancaster,85,Percent of days with PM2.5 levels over the National Ambient Air Quality Standard (NAAQS),0.6683581644956057,False,1.969687258049451,False
2007-07-29,Pennsylvania,Lancaster,85,Percent of days with PM2.5 levels over the National Ambient Air Quality Standard (NAAQS),0.5065769403355856,False,0.6196505301924222,False
2007-07-30,Pennsylvania,Lancaster,85,Percent of days with PM2.5 levels over the National Ambient Air Quality Standard (NAAQS),0.4199934451315371,False,-0.196197962845099,False
2007-07-31,Pennsylvania,Lancaster,85,Percent of days with PM2.5 levels over the National Ambient Air Quality Standard (NAAQS),0.4025704820838189,False,-0.3404241357493564,False
2007-08-01,Pennsylvania,Lancaster,85,Percent of days with PM2.5 levels over the National Ambient Air Quality Standard (NAAQS),0.7397673942970971,False,2.406812493655556,False
2007-08-02,Pennsylvania,Lancaster,85,Percent of days with PM2.5 levels over the National Ambient Air Quality Standard (NAAQS),0.3904168606191355,False,-0.514649481910668,False
2007-08-03,Pennsylvania,Lancaster,85,Percent of days with PM2.5 levels over the National Ambient Air Quality Standard (NAAQS),0.3400638156853068,False,-0.9035765951094362,False
2007-08-04,Pennsylvania,Lancaster,85,Percent of days with PM2.5 levels over the National Ambient Air Quality Standard (NAAQS),0.258185250611309,False,-1.513639949625041,False
2007-08-05,Pennsylvania,Lancaster,85,Percent of days with PM2.5 levels over the National Ambient Air Quality Standard (NAAQS),0.3998195358220999,False,-0.28770972376672704,False
2007-08-06,Pennsylvania,Lancaster,85,Percent of days with PM2.5 levels over the National Ambient Air Quality Standard (NAAQS),0.5610773572650871,False,1.1612570054439229,False
2007-08-07,Pennsylvania,Lancaster,85,Percent of days with PM2.5 levels over the National Ambient Air Quality Standard (NAAQS),0.5432473085727413,False,0.9388012565787804,False
2007-08-08,Pennsylvania,Lancaster,85,Percent of days with PM2.5 levels over the National Ambient Air Quality Standard (NAAQS),0.3894628125088213,False,-0.48121029432675294,False
2007-08-09,Pennsylvania,Lancaster,85,Percent of days with PM2.5 levels over the National Ambient Air Quality Standard (NAAQS),0.4442370982887474,False,0.002783139039924851,False
2007-08-10,Pennsylvania,Lancaster,85,Percent of days with PM2.5 levels over the National Ambient Air Quality Standard (NAAQS),0.2813047907414385,False,-1.4758953032441735,False
2007-08-11,Pennsylvania,Lancaster,85,Percent of days with PM2.5 levels over the National Ambient Air Quality Standard (NAAQS),0.6070997603229026,False,1.3895329496539246,False
2007-08-12,Pennsylvania,Lancaster,85,Percent of days with PM2.5 levels over the National Ambient Air Quality Standard (NAAQS),0.6122776718745724,False,1.3330820941978168,False
2007-08-13,Pennsylvania,Lancaster,85,Percent of days with PM2.5 levels over the National Ambient Air Quality Standard (NAAQS),0.5587859113825574,False,0.8123344054306934,False
2007-08-14,Pennsylvania,Lancaster,85,Percent of days with PM2.5 levels over the National Ambient Air Quality Standard (NAAQS),0.4225164673001625,False,-0.33638201585061556,False
2007-08-15,Pennsylvania,Lancaster,85,Percent of days with PM2.5 levels over the National Ambient Air Quality Standard (NAAQS),0.3686715401089048,False,-0.758169079592375,False
2007-08-16,Pennsylvania,Lancaster,85,Percent of days with PM2.5 levels over the National Ambient Air Quality Standard (NAAQS),0.4938098951527424,False,0.29590241373813986,False
2007-08-17,Pennsylvania,Lancaster,85,Percent of days with PM2.5 levels over the National Ambient Air Quality Standard (NAAQS),0.4417939742420134,False,-0.16053000429927608,False
2007-08-18,Pennsylvania,Lancaster,85,Percent of days with PM2.5 levels over the National Ambient Air Quality Standard (NAAQS),0.5582932867778544,False,0.8312313123774804,False
2007-08-19,Pennsylvania,Lancaster,85,Percent of days with PM2.5 levels over the National Ambient Air Quality Standard (NAAQS),0.4551465757487062,False,-0.08964111139838757,False
2007-08-20,Pennsylvania,Lancaster,85,Percent of days with PM2.5 levels over the National Ambient Air Quality Standard (NAAQS),0.567286459370528,False,0.8379290839887515,False
2007-08-21,Pennsylvania,Lancaster,85,Percent of days with PM2.5 levels over the National Ambient Air Quality Standard (NAAQS),0.2162762777049219,False,-1.954376531773522,False
2007-08-22,Pennsylvania,Lancaster,85,Percent of days with PM2.5 levels over the National Ambient Air Quality Standard (NAAQS),0.264221391665925,False,-1.5219611147888532,False
2007-08-23,Pennsylvania,Lancaster,85,Percent of days with PM2.5 levels over the National Ambient Air Quality Standard (NAAQS),0.6369421293618045,False,1.3035969311577738,False
2007-08-24,Pennsylvania,Lancaster,85,Percent of days with PM2.5 levels over the National Ambient Air Quality Standard (NAAQS),0.3224315123987065,False,-1.0275506882419116,False
2007-08-25,Pennsylvania,Lancaster,85,Percent of days with PM2.5 levels over the National Ambient Air Quality Standard (NAAQS),0.5333757641215391,False,0.6132083629567718,False
2007-08-26,Pennsylvania,Lancaster,85,Percent of days with PM2.5 levels over the National Ambient Air Quality Standard (NAAQS),0.3896268080562921,False,-0.4760535419665197,False
2007-08-27,Pennsylvania,Lancaster,85,Percent of days with PM2.5 levels over the National Ambient Air Quality Standard (NAAQS),0.4294724098883145,False,-0.1680355230789438,False
2007-08-28,Pennsylvania,Lancaster,85,Percent of days with PM2.5 levels over the National Ambient Air Quality Standard (NAAQS),0.7275964179633269,False,1.9208831636347572,False
2007-08-29,Pennsylvania,Lancaster,85,Percent of days with PM2.5 levels over the National Ambient Air Quality Standard (NAAQS),0.3181804837041785,False,-1.0004866193576594,False
2007-08-30,Pennsylvania,Lancaster,85,Percent of days with PM2.5 levels over the National Ambient Air Quality Standard (NAAQS),0.1619887657228995,False,-1.9839054001719807,False
2007-08-31,Pennsylvania,Lancaster,85,Percent of days with PM2.5 levels over the National Ambient Air Quality Standard (NAAQS),0.5788537954261904,False,0.9296984183042464,False
2007-09-01,Pennsylvania,Lancaster,85,Percent of days with PM2.5 levels over the National Ambient Air Quality Standard (NAAQS),0.5989337230170952,False,1.0022366546018209,False
2007-09-02,Pennsylvania,Lancaster,85,Percent of days with PM2.5 levels over the National Ambient Air Quality Standard (NAAQS),0.2336912983922077,False,-1.524424360229369,False
2007-09-03,Pennsylvania,Lancaster,85,Percent of days with PM2.5 levels over the National Ambient Air Quality Standard (NAAQS),0.2002194082435474,False,-1.5996057192988395,False
2007-09-04,Pennsylvania,Lancaster,85,Percent of days with PM2.5 levels over the National Ambient Air Quality Standard (NAAQS),0.2071441381345687,False,-1.427732354848304,False
2007-09-05,Pennsylvania,Lancaster,85,Percent of days with PM2.5 levels over the National Ambient Air Quality Standard (NAAQS),0.346316482680972,False,-0.5212162735571494,False
2007-09-06,Pennsylvania,Lancaster,85,Percent of days with PM2.5 levels over the National Ambient Air Quality Standard (NAAQS),0.4229634653897665,False,-0.02566860203159987,False
2007-09-07,Pennsylvania,Lancaster,85,Percent of days with PM2.5 levels over the National Ambient Air Quality Standard (NAAQS),0.4127884665271628,False,-0.12292617004757517,False
2007-09-08,Pennsylvania,Lancaster,85,Percent of days with PM2.5 levels over the National Ambient Air Quality Standard (NAAQS),0.3151972061758101,False,-0.7017199846128199,False
2007-09-09,Pennsylvania,Lancaster,85,Percent of days with PM2.5 levels over the National Ambient Air Quality Standard (NAAQS),0.2642612442829076,False,-0.9693242605517111,False
2007-09-10,Pennsylvania,Lancaster,85,Percent of days with PM2.5 levels over the National Ambient Air Quality Standard (NAAQS),0.5797100426483359,False,1.1346550604456895,False
2007-09-11,Pennsylvania,Lancaster,85,Percent of days with PM2.5 levels over the National Ambient Air Quality Standard (NAAQS),0.4679604013008085,False,0.37763440637923795,False
2007-09-12,Pennsylvania,Lancaster,85,Percent of days with PM2.5 levels over the National Ambient Air Quality Standard (NAAQS),0.5656270699420385,False,0.9642702239239219,False
2007-09-13,Pennsylvania,Lancaster,85,Percent of days with PM2.5 levels over the National Ambient Air Quality Standard (NAAQS),0.3346463107549388,False,-0.5093506203901037,False
2007-09-14,Pennsylvania,Lancaster,85,Percent of days with PM2.5 levels over the National Ambient Air Quality Standard (NAAQS),0.6835143015042595,False,1.6272081105522627,False
2007-09-15,Pennsylvania,Lancaster,85,Percent of days with PM2.5 levels over the National Ambient Air Quality Standard (NAAQS),0.3087544550440029,False,-0.6458303059451761,False
2007-09-16,Pennsylvania,Lancaster,85,Percent of days with PM2.5 levels over the National Ambient Air Quality Standard (NAAQS),0.2206432348288361,False,-1.1171721199439042,False
2007-09-17,Pennsylvania,Lancaster,85,Percent of days with PM2.5 levels over the National Ambient Air Quality Standard (NAAQS),0.265261066398806,False,-0.7852061499175911,False
2007-09-18,Pennsylvania,Lancaster,85,Percent of days with PM2.5 levels over the National Ambient Air Quality Standard (NAAQS),0.6242424908228016,False,1.315512106534627,False
2007-09-19,Pennsylvania,Lancaster,85,Percent of days with PM2.5 levels over the National Ambient Air Quality Standard (NAAQS),0.4309009731396311,False,0.1065321466725263,False
2007-09-20,Pennsylvania,Lancaster,85,Percent of days with PM2.5 levels over the National Ambient Air Quality Standard (NAAQS),0.6089926643589573,False,1.2204162577956283,False
2007-09-21,Pennsylvania,Lancaster,85,Percent of days with PM2.5 levels over the National Ambient Air Quality Standard (NAAQS),0.6597389482446421,False,1.4123874242116194,False
2007-09-22,Pennsylvania,Lancaster,85,Percent of days with PM2.5 levels over the National Ambient Air Quality Standard (NAAQS),0.4246249078152438,False,0.023290184839569506,False
2007-09-23,Pennsylvania,Lancaster,85,Percent of days with PM2.5 levels over the National Ambient Air Quality Standard (NAAQS),0.1838431758957436,False,-1.3427462829522834,False
2007-09-24,Pennsylvania,Lancaster,85,Percent of days with PM2.5 levels over the National Ambient Air Quality Standard (NAAQS),0.2689306833379394,False,-0.8016352076674259,False
2007-09-25,Pennsylvania,Lancaster,85,Percent of days with PM2.5 levels over the National Ambient Air Quality Standard (NAAQS),0.2530086705542232,False,-0.841952488431758,False
2007-09-26,Pennsylvania,Lancaster,85,Percent of days with PM2.5 levels over the National Ambient Air Quality Standard (NAAQS),0.3723995352603506,False,-0.12442732575703584,False
2007-09-27,Pennsylvania,Lancaster,85,Percent of days with PM2.5 levels over the National Ambient Air Quality Standard (NAAQS),0.4634320489869558,False,0.38188172993361963,False
2007-09-28,Pennsylvania,Lancaster,85,Percent of days with PM2.5 levels over the National Ambient Air Quality Standard (NAAQS),0.454952952398742,False,0.3639882297266667,False
2007-09-29,Pennsylvania,Lancaster,85,Percent of days with PM2.5 levels over the National Ambient Air Quality Standard (NAAQS),0.6542551545430274,False,1.616735490790681,False
2007-09-30,Pennsylvania,Lancaster,85,Percent of days with PM2.5 levels over the National Ambient Air Quality Standard (NAAQS),0.428742959552292,False,0.13558811595985484,False
2007-10-01,Pennsylvania,Lancaster,85,Percent of days with PM2.5 levels over the National Ambient Air Quality Standard (NAAQS),0.4974391168767014,False,0.5309270729234856,False
2007-10-02,Pennsylvania,Lancaster,85,Percent of days with PM2.5 levels over the National Ambient Air Quality Standard (NAAQS),0.3792526043647278,False,-0.3182182942718081,False
2007-10-03,Pennsylvania,Lancaster,85,Percent of days with PM2.5 levels over the National Ambient Air Quality Standard (NAAQS),0.5770246836206602,False,0.9944714357535624,False
2007-10-04,Pennsylvania,Lancaster,85,Percent of days with PM2.5 levels over the National Ambient Air Quality Standard (NAAQS),0.4186508167869125,False,-0.09776534437710954,False
2007-10-05,Pennsylvania,Lancaster,85,Percent of days with PM2.5 levels over the National Ambient Air Quality Standard (NAAQS),0.4134736415030403,False,-0.1336739679173525,False
2007-10-06,Pennsylvania,Lancaster,85,Percent of days with PM2.5 levels over the National Ambient Air Quality Standard (NAAQS),0.4389798609259851,False,0.012029205772570035,False
2007-10-07,Pennsylvania,Lancaster,85,Percent of days with PM2.5 levels over the National Ambient Air Quality Standard (NAAQS),0.5246951072506707,False,0.5589589084853336,False
2007-10-08,Pennsylvania,Lancaster,85,Percent of days with PM2.5 levels over the National Ambient Air Quality Standard (NAAQS),0.5009685797895493,False,0.4152839812794739,False
2007-10-09,Pennsylvania,Lancaster,85,Percent of days with PM2.5 levels over the National Ambient Air Quality Standard (NAAQS),0.3562540444363012,False,-0.6021716512386295,False
2007-10-10,Pennsylvania,Lancaster,85,Percent of days with PM2.5 levels over the National Ambient Air Quality Standard (NAAQS),0.3663925295908072,False,-0.48330952326178,False
2007-10-11,Pennsylvania,Lancaster,85,Percent of days with PM2.5 levels over the National Ambient Air Quality Standard (NAAQS),0.6114708558231345,False,1.2092643014285105,False
2007-10-12,Pennsylvania,Lancaster,85,Percent of days with PM2.5 levels over the National Ambient Air Quality Standard (NAAQS),0.3766792636025988,False,-0.4161040175544272,False
2007-10-13,Pennsylvania,Lancaster,85,Percent of days with PM2.5 levels over the National Ambient Air Quality Standard (NAAQS),0.418776113763598,False,-0.1289037658585728,False
2007-10-14,Pennsylvania,Lancaster,85,Percent of days with PM2.5 levels over the National Ambient Air Quality Standard (NAAQS),0.3130537367609117,False,-1.0045849682356114,False
2007-10-15,Pennsylvania,Lancaster,85,Percent of days with PM2.5 levels over the National Ambient Air Quality Standard (NAAQS),0.4267626252831617,False,-0.14775417514038822,False
2007-10-16,Pennsylvania,Lancaster,85,Percent of days with PM2.5 levels over the National Ambient Air Quality Standard (NAAQS),0.6405941726012072,False,1.6091765839074188,False
2007-10-17,Pennsylvania,Lancaster,85,Percent of days with PM2.5 levels over the National Ambient Air Quality Standard (NAAQS),0.4001841583776882,False,-0.360416577550241,False
2007-10-18,Pennsylvania,Lancaster,85,Percent of days with PM2.5 levels over the National Ambient Air Quality Standard (NAAQS),0.4003192153321246,False,-0.3086171025758599,False
2007-10-19,Pennsylvania,Lancaster,85,Percent of days with PM2.5 levels over the National Ambient Air Quality Standard (NAAQS),0.3991566052627344,False,-0.25752035458916006,False
2007-10-20,Pennsylvania,Lancaster,85,Percent of days with PM2.5 levels over the National Ambient Air Quality Standard (NAAQS),0.4607086085641023,False,0.2934808309802254,False
2007-10-21,Pennsylvania,Lancaster,85,Percent of days with PM2.5 levels over the National Ambient Air Quality Standard (NAAQS),0.2843438466636532,False,-1.4413773051413048,False
2007-10-22,Pennsylvania,Lancaster,85,Percent of days with PM2.5 levels over the National Ambient Air Quality Standard (NAAQS),0.3373858561889411,False,-0.9792861652590149,False
2007-10-23,Pennsylvania,Lancaster,85,Percent of days with PM2.5 levels over the National Ambient Air Quality Standard (NAAQS),0.3515684137074894,False,-0.9187048550786566,False
2007-10-24,Pennsylvania,Lancaster,85,Percent of days with PM2.5 levels over the National Ambient Air Quality Standard (NAAQS),0.1433796674913934,False,-2.630605573756449,False
2007-10-25,Pennsylvania,Lancaster,85,Percent of days with PM2.5 levels over the National Ambient Air Quality Standard (NAAQS),0.6393189934047713,False,1.7537196958018686,False
2007-10-26,Pennsylvania,Lancaster,85,Percent of days with PM2.5 levels over the National Ambient Air Quality Standard (NAAQS),0.4430684190873522,False,0.06264084765181285,False
2007-10-27,Pennsylvania,Lancaster,85,Percent of days with PM2.5 levels over the National Ambient Air Quality Standard (NAAQS),0.4730659896179403,False,0.40525184712882895,False
2007-10-28,Pennsylvania,Lancaster,85,Percent of days with PM2.5 levels over the National Ambient Air Quality Standard (NAAQS),0.4436818663721853,False,0.1278921807370255,False
2007-10-29,Pennsylvania,Lancaster,85,Percent of days with PM2.5 levels over the National Ambient Air Quality Standard (NAAQS),0.5432030762887154,False,1.0217204858166347,False
2007-10-30,Pennsylvania,Lancaster,85,Percent of days with PM2.5 levels over the National Ambient Air Quality Standard (NAAQS),0.4707082969092039,False,0.329424775118796,False
2007-10-31,Pennsylvania,Lancaster,85,Percent of days with PM2.5 levels over the National Ambient Air Quality Standard (NAAQS),0.3777193903061041,False,-0.47165149224547026,False
2007-11-01,Pennsylvania,Lancaster,85,Percent of days with PM2.5 levels over the National Ambient Air Quality Standard (NAAQS),0.4713349405008956,False,0.39353423023840944,False
2007-11-02,Pennsylvania,Lancaster,85,Percent of days with PM2.5 levels over the National Ambient Air Quality Standard (NAAQS),0.3220077256423327,False,-0.9646170125194455,False
2007-11-03,Pennsylvania,Lancaster,85,Percent of days with PM2.5 levels over the National Ambient Air Quality Standard (NAAQS),0.3002654290554892,False,-1.094165322967972,False
2007-11-04,Pennsylvania,Lancaster,85,Percent of days with PM2.5 levels over the National Ambient Air Quality Standard (NAAQS),0.443526257457483,False,0.230539780868836,False
2007-11-05,Pennsylvania,Lancaster,85,Percent of days with PM2.5 levels over the National Ambient Air Quality Standard (NAAQS),0.4189586955213624,False,0.032158729795001464,False
2007-11-06,Pennsylvania,Lancaster,85,Percent of days with PM2.5 levels over the National Ambient Air Quality Standard (NAAQS),0.0460055869739681,False,-2.7993230195514265,False
2007-11-07,Pennsylvania,Lancaster,85,Percent of days with PM2.5 levels over the National Ambient Air Quality Standard (NAAQS),0.2156068325125295,False,-1.3814485681218411,False
2007-11-08,Pennsylvania,Lancaster,85,Percent of days with PM2.5 levels over the National Ambient Air Quality Standard (NAAQS),0.33106085208786,False,-0.45781516842416276,False
2007-11-09,Pennsylvania,Lancaster,85,Percent of days with PM2.5 levels over the National Ambient Air Quality Standard (NAAQS),0.3573314502553736,False,-0.244595498325146,False
2007-11-10,Pennsylvania,Lancaster,85,Percent of days with PM2.5 levels over the National Ambient Air Quality Standard (NAAQS),0.3757696423559914,False,-0.0870465755028385,False
2007-11-11,Pennsylvania,Lancaster,85,Percent of days with PM2.5 levels over the National Ambient Air Quality Standard (NAAQS),0.273600611479427,False,-0.8756218560106545,False
2007-11-12,Pennsylvania,Lancaster,85,Percent of days with PM2.5 levels over the National Ambient Air Quality Standard (NAAQS),0.1573560476785898,False,-1.6250494693321096,False
2007-11-13,Pennsylvania,Lancaster,85,Percent of days with PM2.5 levels over the National Ambient Air Quality Standard (NAAQS),0.7025777942063627,False,2.3295859002145356,False
2007-11-14,Pennsylvania,Lancaster,85,Percent of days with PM2.5 levels over the National Ambient Air Quality Standard (NAAQS),0.5975780844024572,False,1.4621843172878277,False
2007-11-15,Pennsylvania,Lancaster,85,Percent of days with PM2.5 levels over the National Ambient Air Quality Standard (NAAQS),0.1855755117166478,False,-1.2774963923587321,False
2007-11-16,Pennsylvania,Lancaster,85,Percent of days with PM2.5 levels over the National Ambient Air Quality Standard (NAAQS),0.6729475703884443,False,1.7844338265827484,False
2007-11-17,Pennsylvania,Lancaster,85,Percent of days with PM2.5 levels over the National Ambient Air Quality Standard (NAAQS),0.2551915411557561,False,-0.7720845394318183,False
2007-11-18,Pennsylvania,Lancaster,85,Percent of days with PM2.5 levels over the National Ambient Air Quality Standard (NAAQS),0.2712094979035711,False,-0.6686518154068459,False
2007-11-19,Pennsylvania,Lancaster,85,Percent of days with PM2.5 levels over the National Ambient Air Quality Standard (NAAQS),0.1847541100057566,False,-1.1414791891741767,False
2007-11-20,Pennsylvania,Lancaster,85,Percent of days with PM2.5 levels over the National Ambient Air Quality Standard (NAAQS),0.5056695714863457,False,0.7541912214894462,False
2007-11-21,Pennsylvania,Lancaster,85,Percent of days with PM2.5 levels over the National Ambient Air Quality Standard (NAAQS),0.5507274630017501,False,0.9569923762095184,False
2007-11-22,Pennsylvania,Lancaster,85,Percent of days with PM2.5 levels over the National Ambient Air Quality Standard (NAAQS),0.4209211327070155,False,0.22195483852377718,False
2007-11-23,Pennsylvania,Lancaster,85,Percent of days with PM2.5 levels over the National Ambient Air Quality Standard (NAAQS),0.2144834910549445,False,-1.0240623635364203,False
2007-11-24,Pennsylvania,Lancaster,85,Percent of days with PM2.5 levels over the National Ambient Air Quality Standard (NAAQS),0.41592393682502,False,0.2520303365813871,False
2007-11-25,Pennsylvania,Lancaster,85,Percent of days with PM2.5 levels over the National Ambient Air Quality Standard (NAAQS),0.3646619452738641,False,-0.053314123902782916,False
2007-11-26,Pennsylvania,Lancaster,85,Percent of days with PM2.5 levels over the National Ambient Air Quality Standard (NAAQS),0.5387990437509381,False,1.0496553192249807,False
2007-11-27,Pennsylvania,Lancaster,85,Percent of days with PM2.5 levels over the National Ambient Air Quality Standard (NAAQS),0.5932852362766784,False,1.329376805336882,False
2007-11-28,Pennsylvania,Lancaster,85,Percent of days with PM2.5 levels over the National Ambient Air Quality Standard (NAAQS),0.4901018649579833,False,0.6638456385053785,False
2007-11-29,Pennsylvania,Lancaster,85,Percent of days with PM2.5 levels over the National Ambient Air Quality Standard (NAAQS),0.4659464497145372,False,0.5179342563513606,False
2007-11-30,Pennsylvania,Lancaster,85,Percent of days with PM2.5 levels over the National Ambient Air Quality Standard (NAAQS),0.4318829499883353,False,0.28620930163928976,False
2007-12-01,Pennsylvania,Lancaster,85,Percent of days with PM2.5 levels over the National Ambient Air Quality Standard (NAAQS),0.3281206392401961,False,-0.3551248974082364,False
2007-12-02,Pennsylvania,Lancaster,85,Percent of days with PM2.5 levels over the National Ambient Air Quality Standard (NAAQS),0.5155854964138563,False,0.7710971091323116,False
2007-12-03,Pennsylvania,Lancaster,85,Percent of days with PM2.5 levels over the National Ambient Air Quality Standard (NAAQS),0.7073173968457435,False,1.7593588673443146,False
2007-12-04,Pennsylvania,Lancaster,85,Percent of days with PM2.5 levels over the National Ambient Air Quality Standard (NAAQS),0.6080313396201447,False,1.1437878916399338,False
2007-12-05,Pennsylvania,Lancaster,85,Percent of days with PM2.5 levels over the National Ambient Air Quality Standard (NAAQS),0.5236207407943123,False,0.5799245681672527,False
2007-12-06,Pennsylvania,Lancaster,85,Percent of days with PM2.5 levels over the National Ambient Air Quality Standard (NAAQS),0.4568602091602314,False,0.13950544847103913,False
2007-12-07,Pennsylvania,Lancaster,85,Percent of days with PM2.5 levels over the National Ambient Air Quality Standard (NAAQS),0.4536159492285074,False,0.09824136312857006,False
2007-12-08,Pennsylvania,Lancaster,85,Percent of days with PM2.5 levels over the National Ambient Air Quality Standard (NAAQS),0.4633372207196919,False,0.13990140097250234,False
2007-12-09,Pennsylvania,Lancaster,85,Percent of days with PM2.5 levels over the National Ambient Air Quality Standard (NAAQS),0.3598202576643323,False,-0.53812877932512,False
2007-12-10,Pennsylvania,Lancaster,85,Percent of days with PM2.5 levels over the National Ambient Air Quality Standard (NAAQS),0.4544377011058566,False,-0.002131325263756026,False
2007-12-11,Pennsylvania,Lancaster,85,Percent of days with PM2.5 levels over the National Ambient Air Quality Standard (NAAQS),0.3351671930711056,False,-0.7629862676654605,False
2007-12-12,Pennsylvania,Lancaster,85,Percent of days with PM2.5 levels over the National Ambient Air Quality Standard (NAAQS),0.4103355364682514,False,-0.18061509882070018,False
2007-12-13,Pennsylvania,Lancaster,85,Percent of days with PM2.5 levels over the National Ambient Air Quality Standard (NAAQS),0.4572596885783843,False,0.09919690263037795,False
2007-12-14,Pennsylvania,Lancaster,85,Percent of days with PM2.5 levels over the National Ambient Air Quality Standard (NAAQS),0.3623962292034661,False,-0.5936198868551481,False
2007-12-15,Pennsylvania,Lancaster,85,Percent of days with PM2.5 levels over the National Ambient Air Quality Standard (NAAQS),0.3487887678894471,False,-0.7598581529419646,False
2007-12-16,Pennsylvania,Lancaster,85,Percent of days with PM2.5 levels over the National Ambient Air Quality Standard (NAAQS),0.2419717525075944,False,-1.6483797734978987,False
2007-12-17,Pennsylvania,Lancaster,85,Percent of days with PM2.5 levels over the National Ambient Air Quality Standard (NAAQS),0.2686410916316548,False,-1.5208441134383468,False
2007-12-18,Pennsylvania,Lancaster,85,Percent of days with PM2.5 levels over the National Ambient Air Quality Standard (NAAQS),0.5408709232755258,False,0.8926335993867266,False
2007-12-19,Pennsylvania,Lancaster,85,Percent of days with PM2.5 levels over the National Ambient Air Quality Standard (NAAQS),0.4347145454244344,False,-0.011248014156690609,False
2007-12-20,Pennsylvania,Lancaster,85,Percent of days with PM2.5 levels over the National Ambient Air Quality Standard (NAAQS),0.2755892332297031,False,-1.351199635866946,False
2007-12-21,Pennsylvania,Lancaster,85,Percent of days with PM2.5 levels over the National Ambient Air Quality Standard (NAAQS),0.4675109275601962,False,0.25921578441904075,False
2007-12-22,Pennsylvania,Lancaster,85,Percent of days with PM2.5 levels over the National Ambient Air Quality Standard (NAAQS),0.4391071281215138,False,-0.014308543789553388,False
2007-12-23,Pennsylvania,Lancaster,85,Percent of days with PM2.5 levels over the National Ambient Air Quality Standard (NAAQS),0.3287716157181874,False,-1.0245759121390077,False
2007-12-24,Pennsylvania,Lancaster,85,Percent of days with PM2.5 levels over the National Ambient Air Quality Standard (NAAQS),0.4886003358938997,False,0.47868727233676134,False
2007-12-25,Pennsylvania,Lancaster,85,Percent of days with PM2.5 levels over the National Ambient Air Quality Standard (NAAQS),0.5008125725944012,False,0.6462062852056786,False
2007-12-26,Pennsylvania,Lancaster,85,Percent of days with PM2.5 levels over the National Ambient Air Quality Standard (NAAQS),0.514609564803978,False,0.7672388117470978,False
2007-12-27,Pennsylvania,Lancaster,85,Percent of days with PM2.5 levels over the National Ambient Air Quality Standard (NAAQS),0.3480978527689373,False,-0.7912488888605391,False
2007-12-28,Pennsylvania,Lancaster,85,Percent of days with PM2.5 levels over the National Ambient Air Quality Standard (NAAQS),0.4580102754665941,False,0.24954463655879944,False
2007-12-29,Pennsylvania,Lancaster,85,Percent of days with PM2.5 levels over the National Ambient Air Quality Standard (NAAQS),0.529272007205324,False,0.8649262270320986,False
2007-12-30,Pennsylvania,Lancaster,85,Percent of days with PM2.5 levels over the National Ambient Air Quality Standard (NAAQS),0.2168692199376266,False,-1.9011829416259425,False
2007-12-31,Pennsylvania,Lancaster,85,Percent of days with PM2.5 levels over the National Ambient Air Quality Standard (NAAQS),0.4621275096593369,False,0.4371489633634684,False
2008-01-01,Pennsylvania,Lancaster,85,Percent of days with PM2.5 levels over the National Ambient Air Quality Standard (NAAQS),1.2006892573341603,True,4.367499114457173,True
2008-01-02,Pennsylvania,Lancaster,85,Percent of days with PM2.5 levels over the National Ambient Air Quality Standard (NAAQS),0.5676785252517326,True,0.7162741614057325,False
2008-01-03,Pennsylvania,Lancaster,85,Percent of days with PM2.5 levels over the National Ambient Air Quality Standard (NAAQS),0.8078403151071676,True,1.8761894793439056,False
2008-01-04,Pennsylvania,Lancaster,85,Percent of days with PM2.5 levels over the National Ambient Air Quality Standard (NAAQS),0.8544688674084954,True,1.9005854240289932,False
2008-01-05,Pennsylvania,Lancaster,85,Percent of days with PM2.5 levels over the National Ambient Air Quality Standard (NAAQS),0.948991558435174,True,2.082670698424118,False
2008-01-06,Pennsylvania,Lancaster,85,Percent of days with PM2.5 levels over the National Ambient Air Quality Standard (NAAQS),0.8158337975838887,True,1.3666973320048579,False
2008-01-07,Pennsylvania,Lancaster,85,Percent of days with PM2.5 levels over the National Ambient Air Quality Standard (NAAQS),0.6924496465656038,True,0.7821478867752761,False
2008-01-08,Pennsylvania,Lancaster,85,Percent of days with PM2.5 levels over the National Ambient Air Quality Standard (NAAQS),0.5474165010308609,True,0.12442481563121915,False
2008-01-09,Pennsylvania,Lancaster,85,Percent of days with PM2.5 levels over the National Ambient Air Quality Standard (NAAQS),0.9108991149636446,True,1.5617483102752308,False
2008-01-10,Pennsylvania,Lancaster,85,Percent of days with PM2.5 levels over the National Ambient Air Quality Standard (NAAQS),0.5168938856046577,True,-0.09215587875233483,False
2008-01-11,Pennsylvania,Lancaster,85,Percent of days with PM2.5 levels over the National Ambient Air Quality Standard (NAAQS),0.5610576019721135,True,0.06356027384044195,False
2008-01-12,Pennsylvania,Lancaster,85,Percent of days with PM2.5 levels over the National Ambient Air Quality Standard (NAAQS),0.5766145194131745,True,0.09620174548445545,False
2008-01-13,Pennsylvania,Lancaster,85,Percent of days with PM2.5 levels over the National Ambient Air Quality Standard (NAAQS),0.4537530835849969,True,-0.4771693874219286,False
2008-01-14,Pennsylvania,Lancaster,85,Percent of days with PM2.5 levels over the National Ambient Air Quality Standard (NAAQS),0.6583601984030273,True,0.37693519778439943,False
2008-01-15,Pennsylvania,Lancaster,85,Percent of days with PM2.5 levels over the National Ambient Air Quality Standard (NAAQS),1.2763214124114328,True,2.633471195757744,False
2008-01-16,Pennsylvania,Lancaster,85,Percent of days with PM2.5 levels over the National Ambient Air Quality Standard (NAAQS),0.6513709686022807,True,0.1642034817504038,False
2008-01-17,Pennsylvania,Lancaster,85,Percent of days with PM2.5 levels over the National Ambient Air Quality Standard (NAAQS),0.456384551771083,True,-0.6452394730308388,False
2008-01-18,Pennsylvania,Lancaster,85,Percent of days with PM2.5 levels over the National Ambient Air Quality Standard (NAAQS),0.8651656357651241,True,0.9391406559880222,False
2008-01-19,Pennsylvania,Lancaster,85,Percent of days with PM2.5 levels over the National Ambient Air Quality Standard (NAAQS),0.4737202590403008,True,-0.6333330381339938,False
2008-01-20,Pennsylvania,Lancaster,85,Percent of days with PM2.5 levels over the National Ambient Air Quality Standard (NAAQS),0.8691288181787472,True,0.8881906613214894,False
2008-01-21,Pennsylvania,Lancaster,85,Percent of days with PM2.5 levels over the National Ambient Air Quality Standard (NAAQS),1.1543964810873455,True,1.8367201584139992,False
2008-01-22,Pennsylvania,Lancaster,85,Percent of days with PM2.5 levels over the National Ambient Air Quality Standard (NAAQS),1.247662753612197,True,1.9496006899462703,False
2008-01-23,Pennsylvania,Lancaster,85,Percent of days with PM2.5 levels over the National Ambient Air Quality Standard (NAAQS),0.1064056979248947,False,-1.9328945331106329,False
2008-01-24,Pennsylvania,Lancaster,85,Percent of days with PM2.5 levels over the National Ambient Air Quality Standard (NAAQS),0.1789541096873975,False,-1.624365210668357,False
2008-01-25,Pennsylvania,Lancaster,85,Percent of days with PM2.5 levels over the National Ambient Air Quality Standard (NAAQS),0.1876954617720454,False,-1.5098747694937222,False
2008-01-26,Pennsylvania,Lancaster,85,Percent of days with PM2.5 levels over the National Ambient Air Quality Standard (NAAQS),0.1228745212895235,False,-1.590025426022588,False
2008-01-27,Pennsylvania,Lancaster,85,Percent of days with PM2.5 levels over the National Ambient Air Quality Standard (NAAQS),0.1600407787198849,False,-1.4605436067045168,False
2008-01-28,Pennsylvania,Lancaster,85,Percent of days with PM2.5 levels over the National Ambient Air Quality Standard (NAAQS),0.1857991749205,False,-1.317534104793591,False
2008-01-29,Pennsylvania,Lancaster,85,Percent of days with PM2.5 levels over the National Ambient Air Quality Standard (NAAQS),0.2409075640918313,False,-1.0911191461498198,False
2008-01-30,Pennsylvania,Lancaster,85,Percent of days with PM2.5 levels over the National Ambient Air Quality Standard (NAAQS),0.2340545987033847,False,-1.0533093718581323,False
2008-01-31,Pennsylvania,Lancaster,85,Percent of days with PM2.5 levels over the National Ambient Air Quality Standard (NAAQS),0.184847345016122,False,-1.1119096853207828,False
2008-02-01,Pennsylvania,Lancaster,85,Percent of days with PM2.5 levels over the National Ambient Air Quality Standard (NAAQS),0.1121692357660347,False,-1.2216986245131798,False
2008-02-02,Pennsylvania,Lancaster,85,Percent of days with PM2.5 levels over the National Ambient Air Quality Standard (NAAQS),0.2037832021171459,False,-0.8993209039135983,False
2008-02-03,Pennsylvania,Lancaster,85,Percent of days with PM2.5 levels over the National Ambient Air Quality Standard (NAAQS),0.2198908161619811,False,-0.7947525078705365,False
2008-02-04,Pennsylvania,Lancaster,85,Percent of days with PM2.5 levels over the National Ambient Air Quality Standard (NAAQS),0.1929936007951239,False,-0.814317911311319,False
2008-02-05,Pennsylvania,Lancaster,85,Percent of days with PM2.5 levels over the National Ambient Air Quality Standard (NAAQS),0.1550937662186944,False,-0.8688428697831969,False
2008-02-06,Pennsylvania,Lancaster,85,Percent of days with PM2.5 levels over the National Ambient Air Quality Standard (NAAQS),0.1986815356581743,False,-0.6920503377864319,False
2008-02-07,Pennsylvania,Lancaster,85,Percent of days with PM2.5 levels over the National Ambient Air Quality Standard (NAAQS),0.2282868240345716,False,-0.5764185156080115,False
2008-02-08,Pennsylvania,Lancaster,85,Percent of days with PM2.5 levels over the National Ambient Air Quality Standard (NAAQS),0.114340433985534,False,-0.8411881631345779,False
2008-02-09,Pennsylvania,Lancaster,85,Percent of days with PM2.5 levels over the National Ambient Air Quality Standard (NAAQS),0.2346576314894031,False,-0.47400657309349586,False
2008-02-10,Pennsylvania,Lancaster,85,Percent of days with PM2.5 levels over the National Ambient Air Quality Standard (NAAQS),0.1850212184721228,False,-0.5811666531116523,False
2008-02-11,Pennsylvania,Lancaster,85,Percent of days with PM2.5 levels over the National Ambient Air Quality Standard (NAAQS),0.2061806895405676,False,-0.4812719289626631,False
2008-02-12,Pennsylvania,Lancaster,85,Percent of days with PM2.5 levels over the National Ambient Air Quality Standard (NAAQS),0.1642344329833219,False,-0.554276847247504,False
2008-02-13,Pennsylvania,Lancaster,85,Percent of days with PM2.5 levels over the National Ambient Air Quality Standard (NAAQS),0.1493356482397998,False,-0.5517683777018147,False
2008-02-14,Pennsylvania,Lancaster,85,Percent of days with PM2.5 levels over the National Ambient Air Quality Standard (NAAQS),0.1850236124035858,False,-0.4073753519897583,False
2008-02-15,Pennsylvania,Lancaster,85,Percent of days with PM2.5 levels over the National Ambient Air Quality Standard (NAAQS),0.1947899538298108,False,-0.31896677340805024,False
2008-02-16,Pennsylvania,Lancaster,85,Percent of days with PM2.5 levels over the National Ambient Air Quality Standard (NAAQS),0.2208962505843193,False,-0.20132541967649464,False
2008-02-17,Pennsylvania,Lancaster,85,Percent of days with PM2.5 levels over the National Ambient Air Quality Standard (NAAQS),0.2036577725392963,False,-0.19465948223968063,False
2008-02-18,Pennsylvania,Lancaster,85,Percent of days with PM2.5 levels over the National Ambient Air Quality Standard (NAAQS),0.2120326912581555,False,-0.05126399110799388,False
2008-02-19,Pennsylvania,Lancaster,85,Percent of days with PM2.5 levels over the National Ambient Air Quality Standard (NAAQS),0.0882590068153831,False,-2.222068206932532,False
2008-02-20,Pennsylvania,Lancaster,85,Percent of days with PM2.5 levels over the National Ambient Air Quality Standard (NAAQS),0.1873510167422347,False,0.08575027537244888,False
2008-02-21,Pennsylvania,Lancaster,85,Percent of days with PM2.5 levels over the National Ambient Air Quality Standard (NAAQS),0.0993090420106623,False,-1.9353545958186416,False
2008-02-22,Pennsylvania,Lancaster,85,Percent of days with PM2.5 levels over the National Ambient Air Quality Standard (NAAQS),0.2192365331748969,False,0.861851622271675,False
2008-02-23,Pennsylvania,Lancaster,85,Percent of days with PM2.5 levels over the National Ambient Air Quality Standard (NAAQS),0.2266903069140003,False,0.9683191163474477,False
2008-02-24,Pennsylvania,Lancaster,85,Percent of days with PM2.5 levels over the National Ambient Air Quality Standard (NAAQS),0.1207480998524709,False,-1.4652735508540116,False
2008-02-25,Pennsylvania,Lancaster,85,Percent of days with PM2.5 levels over the National Ambient Air Quality Standard (NAAQS),0.2087626253848093,False,0.5333256030197836,False
2008-02-26,Pennsylvania,Lancaster,85,Percent of days with PM2.5 levels over the National Ambient Air Quality Standard (NAAQS),0.1565025081725692,False,-0.6057200820714972,False
2008-02-27,Pennsylvania,Lancaster,85,Percent of days with PM2.5 levels over the National Ambient Air Quality Standard (NAAQS),0.0954916320815064,False,-1.8409103525050743,False
2008-02-28,Pennsylvania,Lancaster,85,Percent of days with PM2.5 levels over the National Ambient Air Quality Standard (NAAQS),0.1248702191712328,False,-1.1064418128737976,False
2008-02-29,Pennsylvania,Lancaster,85,Percent of days with PM2.5 levels over the National Ambient Air Quality Standard (NAAQS),0.1776611174206395,False,0.0005936438693332616,False
2008-03-01,Pennsylvania,Lancaster,85,Percent of days with PM2.5 levels over the National Ambient Air Quality Standard (NAAQS),0.1531970759625061,False,-0.5168357525232917,False
2008-03-02,Pennsylvania,Lancaster,85,Percent of days with PM2.5 levels over the National Ambient Air Quality Standard (NAAQS),0.1401938359709093,False,-0.7553746436086632,False
2008-03-03,Pennsylvania,Lancaster,85,Percent of days with PM2.5 levels over the National Ambient Air Quality Standard (NAAQS),0.216371562796945,False,0.9665720608425491,False
2008-03-04,Pennsylvania,Lancaster,85,Percent of days with PM2.5 levels over the National Ambient Air Quality Standard (NAAQS),0.1492884942498885,False,-0.5511113225220484,False
2008-03-05,Pennsylvania,Lancaster,85,Percent of days with PM2.5 levels over the National Ambient Air Quality Standard (NAAQS),0.1977846085982509,False,0.5487525301492391,False
2008-03-06,Pennsylvania,Lancaster,85,Percent of days with PM2.5 levels over the National Ambient Air Quality Standard (NAAQS),0.1366352383175239,False,-0.7776583244918982,False
2008-03-07,Pennsylvania,Lancaster,85,Percent of days with PM2.5 levels over the National Ambient Air Quality Standard (NAAQS),0.1543730566745335,False,-0.41314970826501973,False
2008-03-08,Pennsylvania,Lancaster,85,Percent of days with PM2.5 levels over the National Ambient Air Quality Standard (NAAQS),0.2936506052255367,False,2.574885446445134,False
2008-03-09,Pennsylvania,Lancaster,85,Percent of days with PM2.5 levels over the National Ambient Air Quality Standard (NAAQS),0.2277109266586068,False,1.0997567651019449,False
2008-03-10,Pennsylvania,Lancaster,85,Percent of days with PM2.5 levels over the National Ambient Air Quality Standard (NAAQS),0.2508262919117263,False,1.4958113110493994,False
2008-03-11,Pennsylvania,Lancaster,85,Percent of days with PM2.5 levels over the National Ambient Air Quality Standard (NAAQS),0.2145715780900083,False,0.7189203919309448,False
2008-03-12,Pennsylvania,Lancaster,85,Percent of days with PM2.5 levels over the National Ambient Air Quality Standard (NAAQS),0.2082366593474586,False,0.5500213113453609,False
2008-03-13,Pennsylvania,Lancaster,85,Percent of days with PM2.5 levels over the National Ambient Air Quality Standard (NAAQS),0.1266094691335414,False,-1.0268117600163773,False
2008-03-14,Pennsylvania,Lancaster,85,Percent of days with PM2.5 levels over the National Ambient Air Quality Standard (NAAQS),0.1847108983688596,False,0.12412001589837476,False
2008-03-15,Pennsylvania,Lancaster,85,Percent of days with PM2.5 levels over the National Ambient Air Quality Standard (NAAQS),0.17380665055242,False,-0.05849478762192466,False
2008-03-16,Pennsylvania,Lancaster,85,Percent of days with PM2.5 levels over the National Ambient Air Quality Standard (NAAQS),0.2040349096915334,False,0.5452716772841895,False
2008-03-17,Pennsylvania,Lancaster,85,Percent of days with PM2.5 levels over the National Ambient Air Quality Standard (NAAQS),0.20985576335411,False,0.6638707397945498,False
2008-03-18,Pennsylvania,Lancaster,85,Percent of days with PM2.5 levels over the National Ambient Air Quality Standard (NAAQS),0.1357532764561745,False,-0.8946811827067486,False
2008-03-19,Pennsylvania,Lancaster,85,Percent of days with PM2.5 levels over the National Ambient Air Quality Standard (NAAQS),0.1340925094547804,False,-0.8769760808827698,False
2008-03-20,Pennsylvania,Lancaster,85,Percent of days with PM2.5 levels over the National Ambient Air Quality Standard (NAAQS),0.1935210947156093,False,0.2978929683824304,False
2008-03-21,Pennsylvania,Lancaster,85,Percent of days with PM2.5 levels over the National Ambient Air Quality Standard (NAAQS),0.2409098759338238,False,1.2878375407308247,False
2008-03-22,Pennsylvania,Lancaster,85,Percent of days with PM2.5 levels over the National Ambient Air Quality Standard (NAAQS),0.1372904554168067,False,-0.8606032783592567,False
2008-03-23,Pennsylvania,Lancaster,85,Percent of days with PM2.5 levels over the National Ambient Air Quality Standard (NAAQS),0.1830349441609094,False,0.07511220172877031,False
2008-03-24,Pennsylvania,Lancaster,85,Percent of days with PM2.5 levels over the National Ambient Air Quality Standard (NAAQS),0.1654810110177283,False,-0.28023969904962626,False
2008-03-25,Pennsylvania,Lancaster,85,Percent of days with PM2.5 levels over the National Ambient Air Quality Standard (NAAQS),0.2112434812600873,False,0.6902296413885818,False
2008-03-26,Pennsylvania,Lancaster,85,Percent of days with PM2.5 levels over the National Ambient Air Quality Standard (NAAQS),0.2097178878243597,False,0.6043143807922088,False
2008-03-27,Pennsylvania,Lancaster,85,Percent of days with PM2.5 levels over the National Ambient Air Quality Standard (NAAQS),0.1642177152453952,False,-0.5204614399284809,False
2008-03-28,Pennsylvania,Lancaster,85,Percent of days with PM2.5 levels over the National Ambient Air Quality Standard (NAAQS),0.1242877588213064,False,-1.3949091817602932,False
2008-03-29,Pennsylvania,Lancaster,85,Percent of days with PM2.5 levels over the National Ambient Air Quality Standard (NAAQS),0.1052492511312039,False,-1.7143922355470256,False
2008-03-30,Pennsylvania,Lancaster,85,Percent of days with PM2.5 levels over the National Ambient Air Quality Standard (NAAQS),0.1295038618198118,False,-1.1527847840508338,False
2008-03-31,Pennsylvania,Lancaster,85,Percent of days with PM2.5 levels over the National Ambient Air Quality Standard (NAAQS),0.1316450798170097,False,-1.0288088836992972,False
2008-04-01,Pennsylvania,Lancaster,85,Percent of days with PM2.5 levels over the National Ambient Air Quality Standard (NAAQS),0.1572942476676969,False,-0.47363774453842716,False
2008-04-02,Pennsylvania,Lancaster,85,Percent of days with PM2.5 levels over the National Ambient Air Quality Standard (NAAQS),0.1501211136933839,False,-0.5921783303036948,False
2008-04-03,Pennsylvania,Lancaster,85,Percent of days with PM2.5 levels over the National Ambient Air Quality Standard (NAAQS),0.1675492539709155,False,-0.23704118189583373,False
2008-04-04,Pennsylvania,Lancaster,85,Percent of days with PM2.5 levels over the National Ambient Air Quality Standard (NAAQS),0.1893771121956017,False,0.22238984950606355,False
2008-04-05,Pennsylvania,Lancaster,85,Percent of days with PM2.5 levels over the National Ambient Air Quality Standard (NAAQS),0.1162674435236628,False,-1.4121682203646984,False
2008-04-06,Pennsylvania,Lancaster,85,Percent of days with PM2.5 levels over the National Ambient Air Quality Standard (NAAQS),0.2277150681600746,False,1.3568479403524185,False
2008-04-07,Pennsylvania,Lancaster,85,Percent of days with PM2.5 levels over the National Ambient Air Quality Standard (NAAQS),0.152093001612458,False,-0.4673732127428145,False
2008-04-08,Pennsylvania,Lancaster,85,Percent of days with PM2.5 levels over the National Ambient Air Quality Standard (NAAQS),0.1280849360492173,False,-1.034363827526261,False
2008-04-09,Pennsylvania,Lancaster,85,Percent of days with PM2.5 levels over the National Ambient Air Quality Standard (NAAQS),0.1795014346799339,False,0.3865120518241881,False
2008-04-10,Pennsylvania,Lancaster,85,Percent of days with PM2.5 levels over the National Ambient Air Quality Standard (NAAQS),0.1686834342078111,False,0.048362919285225195,False
2008-04-11,Pennsylvania,Lancaster,85,Percent of days with PM2.5 levels over the National Ambient Air Quality Standard (NAAQS),0.1881014525775498,False,0.59057449633242,False
2008-04-12,Pennsylvania,Lancaster,85,Percent of days with PM2.5 levels over the National Ambient Air Quality Standard (NAAQS),0.1947788576117634,False,0.7494820099070736,False
2008-04-13,Pennsylvania,Lancaster,85,Percent of days with PM2.5 levels over the National Ambient Air Quality Standard (NAAQS),0.1584457577681887,False,-0.22004507633416573,False
2008-04-14,Pennsylvania,Lancaster,85,Percent of days with PM2.5 levels over the National Ambient Air Quality Standard (NAAQS),0.2745258538571015,False,2.6479362621338,False
2008-04-15,Pennsylvania,Lancaster,85,Percent of days with PM2.5 levels over the National Ambient Air Quality Standard (NAAQS),0.1611963838213144,False,-0.20808882282424482,False
2008-04-16,Pennsylvania,Lancaster,85,Percent of days with PM2.5 levels over the National Ambient Air Quality Standard (NAAQS),0.1766383823035373,False,0.14614177353071878,False
2008-04-17,Pennsylvania,Lancaster,85,Percent of days with PM2.5 levels over the National Ambient Air Quality Standard (NAAQS),0.1578479321437202,False,-0.30495821676169715,False
2008-04-18,Pennsylvania,Lancaster,85,Percent of days with PM2.5 levels over the National Ambient Air Quality Standard (NAAQS),0.1528686767611964,False,-0.37658792998050955,False
2008-04-19,Pennsylvania,Lancaster,85,Percent of days with PM2.5 levels over the National Ambient Air Quality Standard (NAAQS),0.2386382026336406,False,1.790786648404044,False
2008-04-20,Pennsylvania,Lancaster,85,Percent of days with PM2.5 levels over the National Ambient Air Quality Standard (NAAQS),0.1817236439893222,False,0.3040388190137964,False
2008-04-21,Pennsylvania,Lancaster,85,Percent of days with PM2.5 levels over the National Ambient Air Quality Standard (NAAQS),0.1305368015173232,False,-0.9836766281399979,False
2008-04-22,Pennsylvania,Lancaster,85,Percent of days with PM2.5 levels over the National Ambient Air Quality Standard (NAAQS),0.2800418226777261,False,2.4930236729797612,False
2008-04-23,Pennsylvania,Lancaster,85,Percent of days with PM2.5 levels over the National Ambient Air Quality Standard (NAAQS),0.1537723485842062,False,-0.36079124408171076,False
2008-04-24,Pennsylvania,Lancaster,85,Percent of days with PM2.5 levels over the National Ambient Air Quality Standard (NAAQS),0.2058280941267768,False,0.8034553818082356,False
2008-04-25,Pennsylvania,Lancaster,85,Percent of days with PM2.5 levels over the National Ambient Air Quality Standard (NAAQS),0.140961211730306,False,-0.7068473135394617,False
2008-04-26,Pennsylvania,Lancaster,85,Percent of days with PM2.5 levels over the National Ambient Air Quality Standard (NAAQS),0.1334251774730357,False,-0.9333041658278384,False
2008-04-27,Pennsylvania,Lancaster,85,Percent of days with PM2.5 levels over the National Ambient Air Quality Standard (NAAQS),0.199112972719341,False,0.5883682919897224,False
2008-04-28,Pennsylvania,Lancaster,85,Percent of days with PM2.5 levels over the National Ambient Air Quality Standard (NAAQS),0.0955495194247587,False,-1.8107177065078286,False
2008-04-29,Pennsylvania,Lancaster,85,Percent of days with PM2.5 levels over the National Ambient Air Quality Standard (NAAQS),0.184623429040568,False,0.23360265435310723,False
2008-04-30,Pennsylvania,Lancaster,85,Percent of days with PM2.5 levels over the National Ambient Air Quality Standard (NAAQS),0.148227386079237,False,-0.6100905395727848,False
2008-05-01,Pennsylvania,Lancaster,85,Percent of days with PM2.5 levels over the National Ambient Air Quality Standard (NAAQS),0.1883539024728985,False,0.30392305263752434,False
2008-05-02,Pennsylvania,Lancaster,85,Percent of days with PM2.5 levels over the National Ambient Air Quality Standard (NAAQS),0.1620499432259827,False,-0.2835368225768806,False
2008-05-03,Pennsylvania,Lancaster,85,Percent of days with PM2.5 levels over the National Ambient Air Quality Standard (NAAQS),0.1651616591277825,False,-0.26075987108316767,False
2008-05-04,Pennsylvania,Lancaster,85,Percent of days with PM2.5 levels over the National Ambient Air Quality Standard (NAAQS),0.2528277494468777,False,1.7640717870285345,False
2008-05-05,Pennsylvania,Lancaster,85,Percent of days with PM2.5 levels over the National Ambient Air Quality Standard (NAAQS),0.136486994476489,False,-0.9172803616119511,False
2008-05-06,Pennsylvania,Lancaster,85,Percent of days with PM2.5 levels over the National Ambient Air Quality Standard (NAAQS),0.1720977464057722,False,-0.13739968524853768,False
2008-05-07,Pennsylvania,Lancaster,85,Percent of days with PM2.5 levels over the National Ambient Air Quality Standard (NAAQS),0.1553084426628604,False,-0.5100982469078441,False
2008-05-08,Pennsylvania,Lancaster,85,Percent of days with PM2.5 levels over the National Ambient Air Quality Standard (NAAQS),0.2183336770357085,False,0.9117862570905236,False
2008-05-09,Pennsylvania,Lancaster,85,Percent of days with PM2.5 levels over the National Ambient Air Quality Standard (NAAQS),0.2186923237321427,False,0.8821447089130496,False
2008-05-10,Pennsylvania,Lancaster,85,Percent of days with PM2.5 levels over the National Ambient Air Quality Standard (NAAQS),0.15963653286648,False,-0.4326788198732775,False
2008-05-11,Pennsylvania,Lancaster,85,Percent of days with PM2.5 levels over the National Ambient Air Quality Standard (NAAQS),0.1850925611908727,False,0.12467774800907121,False
2008-05-12,Pennsylvania,Lancaster,85,Percent of days with PM2.5 levels over the National Ambient Air Quality Standard (NAAQS),0.2094801665942655,False,0.8005329105259799,False
2008-05-13,Pennsylvania,Lancaster,85,Percent of days with PM2.5 levels over the National Ambient Air Quality Standard (NAAQS),0.1988122210435205,False,0.5008179365104005,False
2008-05-14,Pennsylvania,Lancaster,85,Percent of days with PM2.5 levels over the National Ambient Air Quality Standard (NAAQS),0.1344037663236061,False,-1.0391927986336644,False
2008-05-15,Pennsylvania,Lancaster,85,Percent of days with PM2.5 levels over the National Ambient Air Quality Standard (NAAQS),0.1494437502227204,False,-0.6633237986988606,False
2008-05-16,Pennsylvania,Lancaster,85,Percent of days with PM2.5 levels over the National Ambient Air Quality Standard (NAAQS),0.2022907279847828,False,0.5736165789346547,False
2008-05-17,Pennsylvania,Lancaster,85,Percent of days with PM2.5 levels over the National Ambient Air Quality Standard (NAAQS),0.1667106569856466,False,-0.23532445112044786,False
2008-05-18,Pennsylvania,Lancaster,85,Percent of days with PM2.5 levels over the National Ambient Air Quality Standard (NAAQS),0.1700827787737036,False,-0.13973243916682507,False
2008-05-19,Pennsylvania,Lancaster,85,Percent of days with PM2.5 levels over the National Ambient Air Quality Standard (NAAQS),0.126490284671937,False,-1.2307444646386387,False
2008-05-20,Pennsylvania,Lancaster,85,Percent of days with PM2.5 levels over the National Ambient Air Quality Standard (NAAQS),0.173207319983325,False,0.04536577156337594,False
2008-05-21,Pennsylvania,Lancaster,85,Percent of days with PM2.5 levels over the National Ambient Air Quality Standard (NAAQS),0.2277754257992379,False,1.50538003686085,False
2008-05-22,Pennsylvania,Lancaster,85,Percent of days with PM2.5 levels over the National Ambient Air Quality Standard (NAAQS),0.1949675308300604,False,0.5977182708664784,False
2008-05-23,Pennsylvania,Lancaster,85,Percent of days with PM2.5 levels over the National Ambient Air Quality Standard (NAAQS),0.1844471479901417,False,0.2590023629256713,False
2008-05-24,Pennsylvania,Lancaster,85,Percent of days with PM2.5 levels over the National Ambient Air Quality Standard (NAAQS),0.1231758638244454,False,-1.4759755934083072,False
2008-05-25,Pennsylvania,Lancaster,85,Percent of days with PM2.5 levels over the National Ambient Air Quality Standard (NAAQS),0.1985958909198635,False,0.6685933531211464,False
2008-05-26,Pennsylvania,Lancaster,85,Percent of days with PM2.5 levels over the National Ambient Air Quality Standard (NAAQS),0.1921666414948349,False,0.4309096421529371,False
2008-05-27,Pennsylvania,Lancaster,85,Percent of days with PM2.5 levels over the National Ambient Air Quality Standard (NAAQS),0.252336027722681,False,2.064781925454913,False
2008-05-28,Pennsylvania,Lancaster,85,Percent of days with PM2.5 levels over the National Ambient Air Quality Standard (NAAQS),0.1724619327288466,False,-0.2749889537222993,False
2008-05-29,Pennsylvania,Lancaster,85,Percent of days with PM2.5 levels over the National Ambient Air Quality Standard (NAAQS),0.2000975665552563,False,0.5225905050673667,False
2008-05-30,Pennsylvania,Lancaster,85,Percent of days with PM2.5 levels over the National Ambient Air Quality Standard (NAAQS),0.0843097602970344,False,-2.4566444570423687,False
2008-05-31,Pennsylvania,Lancaster,85,Percent of days with PM2.5 levels over the National Ambient Air Quality Standard (NAAQS),0.2244685010244285,False,1.0848763911292574,False
2008-06-01,Pennsylvania,Lancaster,85,Percent of days with PM2.5 levels over the National Ambient Air Quality Standard (NAAQS),0.2530143543011153,False,1.8061892637946653,False
2008-06-02,Pennsylvania,Lancaster,85,Percent of days with PM2.5 levels over the National Ambient Air Quality Standard (NAAQS),0.1772243962296781,False,-0.15081000977661063,False
2008-06-03,Pennsylvania,Lancaster,85,Percent of days with PM2.5 levels over the National Ambient Air Quality Standard (NAAQS),0.1757227305729787,False,-0.19326785179847936,False
2008-06-04,Pennsylvania,Lancaster,85,Percent of days with PM2.5 levels over the National Ambient Air Quality Standard (NAAQS),0.2006945587790954,False,0.4155777137520676,False
2008-06-05,Pennsylvania,Lancaster,85,Percent of days with PM2.5 levels over the National Ambient Air Quality Standard (NAAQS),0.1363169666186762,False,-1.175550696411388,False
2008-06-06,Pennsylvania,Lancaster,85,Percent of days with PM2.5 levels over the National Ambient Air Quality Standard (NAAQS),0.2851791061744431,False,2.35306642140209,False
2008-06-07,Pennsylvania,Lancaster,85,Percent of days with PM2.5 levels over the National Ambient Air Quality Standard (NAAQS),0.1749308992042837,False,-0.23086728073395854,False
2008-06-08,Pennsylvania,Lancaster,85,Percent of days with PM2.5 levels over the National Ambient Air Quality Standard (NAAQS),0.1920064792286976,False,0.16343494823766655,False
2008-06-09,Pennsylvania,Lancaster,85,Percent of days with PM2.5 levels over the National Ambient Air Quality Standard (NAAQS),0.1022195766471922,False,-1.748937317818648,False
2008-06-10,Pennsylvania,Lancaster,85,Percent of days with PM2.5 levels over the National Ambient Air Quality Standard (NAAQS),0.0880397897753162,False,-1.8468116219384585,False
2008-06-11,Pennsylvania,Lancaster,85,Percent of days with PM2.5 levels over the National Ambient Air Quality Standard (NAAQS),0.2828239634230729,False,1.9485002142500198,False
2008-06-12,Pennsylvania,Lancaster,85,Percent of days with PM2.5 levels over the National Ambient Air Quality Standard (NAAQS),0.2085738823410057,False,0.46653342612077525,False
2008-06-13,Pennsylvania,Lancaster,85,Percent of days with PM2.5 levels over the National Ambient Air Quality Standard (NAAQS),0.1315631050002006,False,-0.9704640309403945,False
2008-06-14,Pennsylvania,Lancaster,85,Percent of days with PM2.5 levels over the National Ambient Air Quality Standard (NAAQS),0.1490086675752111,False,-0.6199362594325719,False
2008-06-15,Pennsylvania,Lancaster,85,Percent of days with PM2.5 levels over the National Ambient Air Quality Standard (NAAQS),0.2304656389323814,False,0.8806812171192561,False
2008-06-16,Pennsylvania,Lancaster,85,Percent of days with PM2.5 levels over the National Ambient Air Quality Standard (NAAQS),0.186618401231815,False,0.015741864719309797,False
2008-06-17,Pennsylvania,Lancaster,85,Percent of days with PM2.5 levels over the National Ambient Air Quality Standard (NAAQS),0.1447406663185225,False,-0.7628329782643517,False
2008-06-18,Pennsylvania,Lancaster,85,Percent of days with PM2.5 levels over the National Ambient Air Quality Standard (NAAQS),0.1479499189233172,False,-0.6505367221762075,False
2008-06-19,Pennsylvania,Lancaster,85,Percent of days with PM2.5 levels over the National Ambient Air Quality Standard (NAAQS),0.2182871185748387,False,0.6748223423797781,False
2008-06-20,Pennsylvania,Lancaster,85,Percent of days with PM2.5 levels over the National Ambient Air Quality Standard (NAAQS),0.096496620399577,False,-1.5086564770690603,False
2008-06-21,Pennsylvania,Lancaster,85,Percent of days with PM2.5 levels over the National Ambient Air Quality Standard (NAAQS),0.1577094694822723,False,-0.42733839374226973,False
2008-06-22,Pennsylvania,Lancaster,85,Percent of days with PM2.5 levels over the National Ambient Air Quality Standard (NAAQS),0.2396158660331959,False,1.037705919817086,False
2008-06-23,Pennsylvania,Lancaster,85,Percent of days with PM2.5 levels over the National Ambient Air Quality Standard (NAAQS),0.176958030727179,False,-0.08737357275657757,False
2008-06-24,Pennsylvania,Lancaster,85,Percent of days with PM2.5 levels over the National Ambient Air Quality Standard (NAAQS),0.1498222599727194,False,-0.5268148373703401,False
2008-06-25,Pennsylvania,Lancaster,85,Percent of days with PM2.5 levels over the National Ambient Air Quality Standard (NAAQS),0.0815417758533819,False,-1.6451495411210324,False
2008-06-26,Pennsylvania,Lancaster,85,Percent of days with PM2.5 levels over the National Ambient Air Quality Standard (NAAQS),0.1671034932779501,False,-0.11656962445848588,False
2008-06-27,Pennsylvania,Lancaster,85,Percent of days with PM2.5 levels over the National Ambient Air Quality Standard (NAAQS),0.2850071539834375,False,1.811506597478846,False
2008-06-28,Pennsylvania,Lancaster,85,Percent of days with PM2.5 levels over the National Ambient Air Quality Standard (NAAQS),0.125450054602031,False,-0.8981864212872585,False
2008-06-29,Pennsylvania,Lancaster,85,Percent of days with PM2.5 levels over the National Ambient Air Quality Standard (NAAQS),0.1120677254277794,False,-1.055592095987787,False
2008-06-30,Pennsylvania,Lancaster,85,Percent of days with PM2.5 levels over the National Ambient Air Quality Standard (NAAQS),0.2263386955861102,False,0.9022970016465491,False
2008-07-01,Pennsylvania,Lancaster,85,Percent of days with PM2.5 levels over the National Ambient Air Quality Standard (NAAQS),0.2355487711108362,False,1.0043221356775676,False
2008-07-02,Pennsylvania,Lancaster,85,Percent of days with PM2.5 levels over the National Ambient Air Quality Standard (NAAQS),0.2653986546082713,False,1.4170559317360825,False
2008-07-03,Pennsylvania,Lancaster,85,Percent of days with PM2.5 levels over the National Ambient Air Quality Standard (NAAQS),0.1724055542860887,False,-0.12133558949389299,False
2008-07-04,Pennsylvania,Lancaster,85,Percent of days with PM2.5 levels over the National Ambient Air Quality Standard (NAAQS),0.2022453603958343,False,0.44307236072151307,False
2008-07-05,Pennsylvania,Lancaster,85,Percent of days with PM2.5 levels over the National Ambient Air Quality Standard (NAAQS),0.1869645397132138,False,0.16921237414251192,False
2008-07-06,Pennsylvania,Lancaster,85,Percent of days with PM2.5 levels over the National Ambient Air Quality Standard (NAAQS),0.1653611898603368,False,-0.19058010993000507,False
2008-07-07,Pennsylvania,Lancaster,85,Percent of days with PM2.5 levels over the National Ambient Air Quality Standard (NAAQS),0.1612303922399007,False,-0.30879020681271074,False
2008-07-08,Pennsylvania,Lancaster,85,Percent of days with PM2.5 levels over the National Ambient Air Quality Standard (NAAQS),0.2527231918678182,False,1.2579597728552723,False
2008-07-09,Pennsylvania,Lancaster,85,Percent of days with PM2.5 levels over the National Ambient Air Quality Standard (NAAQS),0.1983451784507732,False,0.335017086798069,False
2008-07-10,Pennsylvania,Lancaster,85,Percent of days with PM2.5 levels over the National Ambient Air Quality Standard (NAAQS),0.2393084033644982,False,1.0970888209100322,False
2008-07-11,Pennsylvania,Lancaster,85,Percent of days with PM2.5 levels over the National Ambient Air Quality Standard (NAAQS),0.123997880903212,False,-1.1131043172010018,False
2008-07-12,Pennsylvania,Lancaster,85,Percent of days with PM2.5 levels over the National Ambient Air Quality Standard (NAAQS),0.1331299963893333,False,-0.91922969502698,False
2008-07-13,Pennsylvania,Lancaster,85,Percent of days with PM2.5 levels over the National Ambient Air Quality Standard (NAAQS),0.193642419994501,False,0.2590318180122244,False
2008-07-14,Pennsylvania,Lancaster,85,Percent of days with PM2.5 levels over the National Ambient Air Quality Standard (NAAQS),0.2490466128591872,False,1.2462598028183434,False
2008-07-15,Pennsylvania,Lancaster,85,Percent of days with PM2.5 levels over the National Ambient Air Quality Standard (NAAQS),0.1776398595869478,False,-0.11294140710217686,False
2008-07-16,Pennsylvania,Lancaster,85,Percent of days with PM2.5 levels over the National Ambient Air Quality Standard (NAAQS),0.1864253608400146,False,0.027288932889384436,False
2008-07-17,Pennsylvania,Lancaster,85,Percent of days with PM2.5 levels over the National Ambient Air Quality Standard (NAAQS),0.2005893317382252,False,0.31107109624792845,False
2008-07-18,Pennsylvania,Lancaster,85,Percent of days with PM2.5 levels over the National Ambient Air Quality Standard (NAAQS),0.1912286925825122,False,0.07074601003961963,False
2008-07-19,Pennsylvania,Lancaster,85,Percent of days with PM2.5 levels over the National Ambient Air Quality Standard (NAAQS),0.1202246850695002,False,-1.308253710349173,False
2008-07-20,Pennsylvania,Lancaster,85,Percent of days with PM2.5 levels over the National Ambient Air Quality Standard (NAAQS),0.044112013891978,False,-2.409537554748798,False
2008-07-21,Pennsylvania,Lancaster,85,Percent of days with PM2.5 levels over the National Ambient Air Quality Standard (NAAQS),0.2332581193978821,False,0.9081460093815821,False
2008-07-22,Pennsylvania,Lancaster,85,Percent of days with PM2.5 levels over the National Ambient Air Quality Standard (NAAQS),0.1636367375028081,False,-0.32178662650178336,False
2008-07-23,Pennsylvania,Lancaster,85,Percent of days with PM2.5 levels over the National Ambient Air Quality Standard (NAAQS),0.1273631129245485,False,-1.0320852421312114,False
2008-07-24,Pennsylvania,Lancaster,85,Percent of days with PM2.5 levels over the National Ambient Air Quality Standard (NAAQS),0.2812858985403001,False,1.6322051414177512,False
2008-07-25,Pennsylvania,Lancaster,85,Percent of days with PM2.5 levels over the National Ambient Air Quality Standard (NAAQS),0.1745153107162444,False,-0.1695818148281151,False
2008-07-26,Pennsylvania,Lancaster,85,Percent of days with PM2.5 levels over the National Ambient Air Quality Standard (NAAQS),0.205132672566551,False,0.35048001158677594,False
2008-07-27,Pennsylvania,Lancaster,85,Percent of days with PM2.5 levels over the National Ambient Air Quality Standard (NAAQS),0.2241350100580975,False,0.6532655305558521,False
2008-07-28,Pennsylvania,Lancaster,85,Percent of days with PM2.5 levels over the National Ambient Air Quality Standard (NAAQS),0.1866183939582724,False,-0.04921478580116468,False
2008-07-29,Pennsylvania,Lancaster,85,Percent of days with PM2.5 levels over the National Ambient Air Quality Standard (NAAQS),0.1429285332159461,False,-0.8438990742787723,False
2008-07-30,Pennsylvania,Lancaster,85,Percent of days with PM2.5 levels over the National Ambient Air Quality Standard (NAAQS),0.1461911967165192,False,-0.723819671366737,False
2008-07-31,Pennsylvania,Lancaster,85,Percent of days with PM2.5 levels over the National Ambient Air Quality Standard (NAAQS),0.2152012027629395,False,0.6522265203204932,False
2008-08-01,Pennsylvania,Lancaster,85,Percent of days with PM2.5 levels over the National Ambient Air Quality Standard (NAAQS),0.2522462046891037,False,1.3252630187752503,False
2008-08-02,Pennsylvania,Lancaster,85,Percent of days with PM2.5 levels over the National Ambient Air Quality Standard (NAAQS),0.2105619997877451,False,0.48650956378672655,False
2008-08-03,Pennsylvania,Lancaster,85,Percent of days with PM2.5 levels over the National Ambient Air Quality Standard (NAAQS),0.1806475580184426,False,-0.11027366811811844,False
2008-08-04,Pennsylvania,Lancaster,85,Percent of days with PM2.5 levels over the National Ambient Air Quality Standard (NAAQS),0.2036812480690653,False,0.3131422671485241,False
2008-08-05,Pennsylvania,Lancaster,85,Percent of days with PM2.5 levels over the National Ambient Air Quality Standard (NAAQS),0.197211337157497,False,0.23194895791156395,False
2008-08-06,Pennsylvania,Lancaster,85,Percent of days with PM2.5 levels over the National Ambient Air Quality Standard (NAAQS),0.1228854402594046,False,-1.191274839506987,False
2008-08-07,Pennsylvania,Lancaster,85,Percent of days with PM2.5 levels over the National Ambient Air Quality Standard (NAAQS),0.2384530894821461,False,1.096397997512083,False
2008-08-08,Pennsylvania,Lancaster,85,Percent of days with PM2.5 levels over the National Ambient Air Quality Standard (NAAQS),0.1607184244282668,False,-0.47916292658653414,False
2008-08-09,Pennsylvania,Lancaster,85,Percent of days with PM2.5 levels over the National Ambient Air Quality Standard (NAAQS),0.1824715772749794,False,-0.07595497571233878,False
2008-08-10,Pennsylvania,Lancaster,85,Percent of days with PM2.5 levels over the National Ambient Air Quality Standard (NAAQS),0.1930494656852208,False,0.14322743810139474,False
2008-08-11,Pennsylvania,Lancaster,85,Percent of days with PM2.5 levels over the National Ambient Air Quality Standard (NAAQS),0.2280363840534378,False,0.898191941637667,False
2008-08-12,Pennsylvania,Lancaster,85,Percent of days with PM2.5 levels over the National Ambient Air Quality Standard (NAAQS),0.2091541773301531,False,0.47513740811174743,False
2008-08-13,Pennsylvania,Lancaster,85,Percent of days with PM2.5 levels over the National Ambient Air Quality Standard (NAAQS),0.225649283517067,False,0.7823373435609992,False
2008-08-14,Pennsylvania,Lancaster,85,Percent of days with PM2.5 levels over the National Ambient Air Quality Standard (NAAQS),0.1435280443523635,False,-0.8657640027816463,False
2008-08-15,Pennsylvania,Lancaster,85,Percent of days with PM2.5 levels over the National Ambient Air Quality Standard (NAAQS),0.1530128644194153,False,-0.6389570340611662,False
2008-08-16,Pennsylvania,Lancaster,85,Percent of days with PM2.5 levels over the National Ambient Air Quality Standard (NAAQS),0.1662608327172321,False,-0.41593840836246626,False
2008-08-17,Pennsylvania,Lancaster,85,Percent of days with PM2.5 levels over the National Ambient Air Quality Standard (NAAQS),0.2008602127843067,False,0.2345048618489797,False
2008-08-18,Pennsylvania,Lancaster,85,Percent of days with PM2.5 levels over the National Ambient Air Quality Standard (NAAQS),0.2343923635212409,False,1.094299760766482,False
2008-08-19,Pennsylvania,Lancaster,85,Percent of days with PM2.5 levels over the National Ambient Air Quality Standard (NAAQS),0.133973021022204,False,-1.41442377134712,False
2008-08-20,Pennsylvania,Lancaster,85,Percent of days with PM2.5 levels over the National Ambient Air Quality Standard (NAAQS),0.2499077258059134,False,1.3829281783670972,False
2008-08-21,Pennsylvania,Lancaster,85,Percent of days with PM2.5 levels over the National Ambient Air Quality Standard (NAAQS),0.158387840888812,False,-0.8876725837410907,False
2008-08-22,Pennsylvania,Lancaster,85,Percent of days with PM2.5 levels over the National Ambient Air Quality Standard (NAAQS),0.1457684056535603,False,-1.1779747118337494,False
2008-08-23,Pennsylvania,Lancaster,85,Percent of days with PM2.5 levels over the National Ambient Air Quality Standard (NAAQS),0.1238848304139394,False,-1.606661374384036,False
2008-08-24,Pennsylvania,Lancaster,85,Percent of days with PM2.5 levels over the National Ambient Air Quality Standard (NAAQS),0.0974400065268482,False,-2.024501216988222,False
2008-08-25,Pennsylvania,Lancaster,85,Percent of days with PM2.5 levels over the National Ambient Air Quality Standard (NAAQS),0.1349204023736458,False,-1.0622133869086754,False
2008-08-26,Pennsylvania,Lancaster,85,Percent of days with PM2.5 levels over the National Ambient Air Quality Standard (NAAQS),0.2175078649891183,False,0.8059968570697352,False
2008-08-27,Pennsylvania,Lancaster,85,Percent of days with PM2.5 levels over the National Ambient Air Quality Standard (NAAQS),0.1973522607496911,False,0.2952476032070819,False
2008-08-28,Pennsylvania,Lancaster,85,Percent of days with PM2.5 levels over the National Ambient Air Quality Standard (NAAQS),0.2649130785436023,False,1.7587349732892887,False
2008-08-29,Pennsylvania,Lancaster,85,Percent of days with PM2.5 levels over the National Ambient Air Quality Standard (NAAQS),0.2067054924502459,False,0.5060197964186508,False
2008-08-30,Pennsylvania,Lancaster,85,Percent of days with PM2.5 levels over the National Ambient Air Quality Standard (NAAQS),0.2187205527181761,False,0.7761745012219499,False
2008-08-31,Pennsylvania,Lancaster,85,Percent of days with PM2.5 levels over the National Ambient Air Quality Standard (NAAQS),0.1988275969631729,False,0.2980918336240383,False
2008-09-01,Pennsylvania,Lancaster,85,Percent of days with PM2.5 levels over the National Ambient Air Quality Standard (NAAQS),0.0695459574293562,False,-2.317079231980879,False
2008-09-02,Pennsylvania,Lancaster,85,Percent of days with PM2.5 levels over the National Ambient Air Quality Standard (NAAQS),0.0841028594042509,False,-1.8094846771436015,False
2008-09-03,Pennsylvania,Lancaster,85,Percent of days with PM2.5 levels over the National Ambient Air Quality Standard (NAAQS),0.1838931075066082,False,0.09053717556327785,False
2008-09-04,Pennsylvania,Lancaster,85,Percent of days with PM2.5 levels over the National Ambient Air Quality Standard (NAAQS),0.1665369730539792,False,-0.20875995249648344,False
2008-09-05,Pennsylvania,Lancaster,85,Percent of days with PM2.5 levels over the National Ambient Air Quality Standard (NAAQS),0.2382610258306291,False,1.1687036311705135,False
2008-09-06,Pennsylvania,Lancaster,85,Percent of days with PM2.5 levels over the National Ambient Air Quality Standard (NAAQS),0.0865708804497403,False,-1.6825063683626071,False
2008-09-07,Pennsylvania,Lancaster,85,Percent of days with PM2.5 levels over the National Ambient Air Quality Standard (NAAQS),0.2182128826946393,False,0.7668748642981311,False
2008-09-08,Pennsylvania,Lancaster,85,Percent of days with PM2.5 levels over the National Ambient Air Quality Standard (NAAQS),0.2151052417983618,False,0.7230218696906353,False
2008-09-09,Pennsylvania,Lancaster,85,Percent of days with PM2.5 levels over the National Ambient Air Quality Standard (NAAQS),0.1501480392664459,False,-0.4570509304382795,False
2008-09-10,Pennsylvania,Lancaster,85,Percent of days with PM2.5 levels over the National Ambient Air Quality Standard (NAAQS),0.3074730368843051,False,2.239617573262074,False
2008-09-11,Pennsylvania,Lancaster,85,Percent of days with PM2.5 levels over the National Ambient Air Quality Standard (NAAQS),0.1811954169915322,False,0.04306217389107295,False
2008-09-12,Pennsylvania,Lancaster,85,Percent of days with PM2.5 levels over the National Ambient Air Quality Standard (NAAQS),0.1172999855901639,False,-1.024586286321328,False
2008-09-13,Pennsylvania,Lancaster,85,Percent of days with PM2.5 levels over the National Ambient Air Quality Standard (NAAQS),0.1562915692100175,False,-0.3535675896937076,False
2008-09-14,Pennsylvania,Lancaster,85,Percent of days with PM2.5 levels over the National Ambient Air Quality Standard (NAAQS),0.1272986746454467,False,-0.7947378864710838,False
2008-09-15,Pennsylvania,Lancaster,85,Percent of days with PM2.5 levels over the National Ambient Air Quality Standard (NAAQS),0.2081597659586551,False,0.5917067945943746,False
2008-09-16,Pennsylvania,Lancaster,85,Percent of days with PM2.5 levels over the National Ambient Air Quality Standard (NAAQS),0.1693331858829983,False,-0.09378946104959181,False
2008-09-17,Pennsylvania,Lancaster,85,Percent of days with PM2.5 levels over the National Ambient Air Quality Standard (NAAQS),0.1628459244097962,False,-0.15704754525863582,False
2008-09-18,Pennsylvania,Lancaster,85,Percent of days with PM2.5 levels over the National Ambient Air Quality Standard (NAAQS),0.1349801498497163,False,-0.6339602887389247,False
2008-09-19,Pennsylvania,Lancaster,85,Percent of days with PM2.5 levels over the National Ambient Air Quality Standard (NAAQS),0.1492728189782799,False,-0.3838033779755834,False
2008-09-20,Pennsylvania,Lancaster,85,Percent of days with PM2.5 levels over the National Ambient Air Quality Standard (NAAQS),0.2758530130245027,False,1.6844577906142422,False
2008-09-21,Pennsylvania,Lancaster,85,Percent of days with PM2.5 levels over the National Ambient Air Quality Standard (NAAQS),0.1462037301367754,False,-0.556816105749447,False
2008-09-22,Pennsylvania,Lancaster,85,Percent of days with PM2.5 levels over the National Ambient Air Quality Standard (NAAQS),0.2085127346242669,False,0.4873142013835628,False
2008-09-23,Pennsylvania,Lancaster,85,Percent of days with PM2.5 levels over the National Ambient Air Quality Standard (NAAQS),0.1649347879733555,False,-0.24645349908077274,False
2008-09-24,Pennsylvania,Lancaster,85,Percent of days with PM2.5 levels over the National Ambient Air Quality Standard (NAAQS),0.2102437329045679,False,0.5443336052450141,False
2008-09-25,Pennsylvania,Lancaster,85,Percent of days with PM2.5 levels over the National Ambient Air Quality Standard (NAAQS),0.2298832557220813,False,0.9385775272187381,False
2008-09-26,Pennsylvania,Lancaster,85,Percent of days with PM2.5 levels over the National Ambient Air Quality Standard (NAAQS),0.1899938029781313,False,0.22753762571325387,False
2008-09-27,Pennsylvania,Lancaster,85,Percent of days with PM2.5 levels over the National Ambient Air Quality Standard (NAAQS),0.0858115760859174,False,-1.5260235926646906,False
2008-09-28,Pennsylvania,Lancaster,85,Percent of days with PM2.5 levels over the National Ambient Air Quality Standard (NAAQS),0.1277364909105683,False,-0.7405799481034547,False
2008-09-29,Pennsylvania,Lancaster,85,Percent of days with PM2.5 levels over the National Ambient Air Quality Standard (NAAQS),0.2471078251998254,False,1.2693298112227107,False
2008-09-30,Pennsylvania,Lancaster,85,Percent of days with PM2.5 levels over the National Ambient Air Quality Standard (NAAQS),0.1738394255455971,False,-0.11243546202828873,False
2008-10-01,Pennsylvania,Lancaster,85,Percent of days with PM2.5 levels over the National Ambient Air Quality Standard (NAAQS),0.0825664691364006,False,-1.6807397073133847,False
2008-10-02,Pennsylvania,Lancaster,85,Percent of days with PM2.5 levels over the National Ambient Air Quality Standard (NAAQS),0.0974495906182741,False,-1.3229998065964617,False
2008-10-03,Pennsylvania,Lancaster,85,Percent of days with PM2.5 levels over the National Ambient Air Quality Standard (NAAQS),0.1925088671951849,False,0.36347929409030144,False
2008-10-04,Pennsylvania,Lancaster,85,Percent of days with PM2.5 levels over the National Ambient Air Quality Standard (NAAQS),0.2240559268449348,False,0.863218767777967,False
2008-10-05,Pennsylvania,Lancaster,85,Percent of days with PM2.5 levels over the National Ambient Air Quality Standard (NAAQS),0.1928430778585529,False,0.31082412854237895,False
2008-10-06,Pennsylvania,Lancaster,85,Percent of days with PM2.5 levels over the National Ambient Air Quality Standard (NAAQS),0.2903923032014619,False,1.930821362079345,False
2008-10-07,Pennsylvania,Lancaster,85,Percent of days with PM2.5 levels over the National Ambient Air Quality Standard (NAAQS),0.0485659585548489,False,-2.018728144175974,False
2008-10-08,Pennsylvania,Lancaster,85,Percent of days with PM2.5 levels over the National Ambient Air Quality Standard (NAAQS),0.2115405113409584,False,0.6923573245464542,False
2008-10-09,Pennsylvania,Lancaster,85,Percent of days with PM2.5 levels over the National Ambient Air Quality Standard (NAAQS),0.2497676739288549,False,1.2727738685194832,False
2008-10-10,Pennsylvania,Lancaster,85,Percent of days with PM2.5 levels over the National Ambient Air Quality Standard (NAAQS),0.1374954905543022,False,-0.6346413515038059,False
2008-10-11,Pennsylvania,Lancaster,85,Percent of days with PM2.5 levels over the National Ambient Air Quality Standard (NAAQS),0.1147058172958791,False,-0.9800205171215317,False
2008-10-12,Pennsylvania,Lancaster,85,Percent of days with PM2.5 levels over the National Ambient Air Quality Standard (NAAQS),0.1778360834111839,False,0.04525788883976212,False
2008-10-13,Pennsylvania,Lancaster,85,Percent of days with PM2.5 levels over the National Ambient Air Quality Standard (NAAQS),0.1180879486652411,False,-0.9013748386060553,False
2008-10-14,Pennsylvania,Lancaster,85,Percent of days with PM2.5 levels over the National Ambient Air Quality Standard (NAAQS),0.1866683524994362,False,0.23588009667268675,False
2008-10-15,Pennsylvania,Lancaster,85,Percent of days with PM2.5 levels over the National Ambient Air Quality Standard (NAAQS),0.1030762224662324,False,-1.1001732600833847,False
2008-10-16,Pennsylvania,Lancaster,85,Percent of days with PM2.5 levels over the National Ambient Air Quality Standard (NAAQS),0.1988456502964964,False,0.4282371576840877,False
2008-10-17,Pennsylvania,Lancaster,85,Percent of days with PM2.5 levels over the National Ambient Air Quality Standard (NAAQS),0.2006320956614329,False,0.4271642092198986,False
2008-10-18,Pennsylvania,Lancaster,85,Percent of days with PM2.5 levels over the National Ambient Air Quality Standard (NAAQS),0.2144939382014922,False,0.7222722310680201,False
2008-10-19,Pennsylvania,Lancaster,85,Percent of days with PM2.5 levels over the National Ambient Air Quality Standard (NAAQS),0.185135142418057,False,0.19589870011031627,False
2008-10-20,Pennsylvania,Lancaster,85,Percent of days with PM2.5 levels over the National Ambient Air Quality Standard (NAAQS),0.2122984256973965,False,0.6595659072948225,False
2008-10-21,Pennsylvania,Lancaster,85,Percent of days with PM2.5 levels over the National Ambient Air Quality Standard (NAAQS),0.14870185568234,False,-0.42093144085032563,False
2008-10-22,Pennsylvania,Lancaster,85,Percent of days with PM2.5 levels over the National Ambient Air Quality Standard (NAAQS),0.1663076168410025,False,-0.09345359006900363,False
2008-10-23,Pennsylvania,Lancaster,85,Percent of days with PM2.5 levels over the National Ambient Air Quality Standard (NAAQS),0.0679546260471111,False,-1.6328401409399131,False
2008-10-24,Pennsylvania,Lancaster,85,Percent of days with PM2.5 levels over the National Ambient Air Quality Standard (NAAQS),0.1569087957555106,False,-0.1312227933539342,False
2008-10-25,Pennsylvania,Lancaster,85,Percent of days with PM2.5 levels over the National Ambient Air Quality Standard (NAAQS),0.0863084014559645,False,-1.3117562765416804,False
2008-10-26,Pennsylvania,Lancaster,85,Percent of days with PM2.5 levels over the National Ambient Air Quality Standard (NAAQS),0.1386063478042533,False,-0.44560995212234994,False
2008-10-27,Pennsylvania,Lancaster,85,Percent of days with PM2.5 levels over the National Ambient Air Quality Standard (NAAQS),0.1397880620849705,False,-0.3743502050761405,False
2008-10-28,Pennsylvania,Lancaster,85,Percent of days with PM2.5 levels over the National Ambient Air Quality Standard (NAAQS),0.1669138899614155,False,0.10129459867637303,False
2008-10-29,Pennsylvania,Lancaster,85,Percent of days with PM2.5 levels over the National Ambient Air Quality Standard (NAAQS),0.1475685196618403,False,-0.2853788794273598,False
2008-10-30,Pennsylvania,Lancaster,85,Percent of days with PM2.5 levels over the National Ambient Air Quality Standard (NAAQS),0.2111154880734105,False,0.7985904051832519,False
2008-10-31,Pennsylvania,Lancaster,85,Percent of days with PM2.5 levels over the National Ambient Air Quality Standard (NAAQS),0.1276312052099871,False,-0.6830777979919355,False
2008-11-01,Pennsylvania,Lancaster,85,Percent of days with PM2.5 levels over the National Ambient Air Quality Standard (NAAQS),0.2379355549454747,False,1.3015766728327212,False
2008-11-02,Pennsylvania,Lancaster,85,Percent of days with PM2.5 levels over the National Ambient Air Quality Standard (NAAQS),0.1563846908474728,False,-0.14393993481830536,False
2008-11-03,Pennsylvania,Lancaster,85,Percent of days with PM2.5 levels over the National Ambient Air Quality Standard (NAAQS),0.1567998247690714,False,-0.05606364634627834,False
2008-11-04,Pennsylvania,Lancaster,85,Percent of days with PM2.5 levels over the National Ambient Air Quality Standard (NAAQS),0.1577358787678063,False,-0.1290422735207305,False
2008-11-05,Pennsylvania,Lancaster,85,Percent of days with PM2.5 levels over the National Ambient Air Quality Standard (NAAQS),0.1759333374045745,False,0.31543892483777497,False
2008-11-06,Pennsylvania,Lancaster,85,Percent of days with PM2.5 levels over the National Ambient Air Quality Standard (NAAQS),0.1696196302310221,False,0.25664405895709386,False
2008-11-07,Pennsylvania,Lancaster,85,Percent of days with PM2.5 levels over the National Ambient Air Quality Standard (NAAQS),0.1562075603728449,False,-0.09538166508525768,False
2008-11-08,Pennsylvania,Lancaster,85,Percent of days with PM2.5 levels over the National Ambient Air Quality Standard (NAAQS),0.2071804559693055,False,1.1029869567805364,False
2008-11-09,Pennsylvania,Lancaster,85,Percent of days with PM2.5 levels over the National Ambient Air Quality Standard (NAAQS),0.2523652623202855,False,2.002896135633925,False
2008-11-10,Pennsylvania,Lancaster,85,Percent of days with PM2.5 levels over the National Ambient Air Quality Standard (NAAQS),0.1648702442867098,False,-0.0658395116212824,False
2008-11-11,Pennsylvania,Lancaster,85,Percent of days with PM2.5 levels over the National Ambient Air Quality Standard (NAAQS),0.1255453601545075,False,-0.9355769984943937,False
2008-11-12,Pennsylvania,Lancaster,85,Percent of days with PM2.5 levels over the National Ambient Air Quality Standard (NAAQS),0.2223444194724066,False,1.2483988593391666,False
2008-11-13,Pennsylvania,Lancaster,85,Percent of days with PM2.5 levels over the National Ambient Air Quality Standard (NAAQS),0.0709505323213068,False,-2.0628952611779052,False
2008-11-14,Pennsylvania,Lancaster,85,Percent of days with PM2.5 levels over the National Ambient Air Quality Standard (NAAQS),0.2296736243858066,False,1.3560726471675992,False
2008-11-15,Pennsylvania,Lancaster,85,Percent of days with PM2.5 levels over the National Ambient Air Quality Standard (NAAQS),0.1870406541138071,False,0.4741327856141605,False
2008-11-16,Pennsylvania,Lancaster,85,Percent of days with PM2.5 levels over the National Ambient Air Quality Standard (NAAQS),0.1872978526774144,False,0.47766266465940793,False
2008-11-17,Pennsylvania,Lancaster,85,Percent of days with PM2.5 levels over the National Ambient Air Quality Standard (NAAQS),0.1283403600452179,False,-0.7437715119921802,False
2008-11-18,Pennsylvania,Lancaster,85,Percent of days with PM2.5 levels over the National Ambient Air Quality Standard (NAAQS),0.1581827909007071,False,-0.09748632797983335,False
2008-11-19,Pennsylvania,Lancaster,85,Percent of days with PM2.5 levels over the National Ambient Air Quality Standard (NAAQS),0.2035544170049349,False,0.8567089255744036,False
2008-11-20,Pennsylvania,Lancaster,85,Percent of days with PM2.5 levels over the National Ambient Air Quality Standard (NAAQS),0.1502928786003649,False,-0.3921008678143882,False
2008-11-21,Pennsylvania,Lancaster,85,Percent of days with PM2.5 levels over the National Ambient Air Quality Standard (NAAQS),0.170131056994905,False,0.06530388399520219,False
2008-11-22,Pennsylvania,Lancaster,85,Percent of days with PM2.5 levels over the National Ambient Air Quality Standard (NAAQS),0.2117151884434792,False,0.9972535825860328,False
2008-11-23,Pennsylvania,Lancaster,85,Percent of days with PM2.5 levels over the National Ambient Air Quality Standard (NAAQS),0.148899345066253,False,-0.5871895749628315,False
2008-11-24,Pennsylvania,Lancaster,85,Percent of days with PM2.5 levels over the National Ambient Air Quality Standard (NAAQS),0.1331028949222293,False,-0.9735657621421174,False
2008-11-25,Pennsylvania,Lancaster,85,Percent of days with PM2.5 levels over the National Ambient Air Quality Standard (NAAQS),0.2438236972548113,False,1.639355459125827,False
2008-11-26,Pennsylvania,Lancaster,85,Percent of days with PM2.5 levels over the National Ambient Air Quality Standard (NAAQS),0.1863189069079715,False,0.24394616496019442,False
2008-11-27,Pennsylvania,Lancaster,85,Percent of days with PM2.5 levels over the National Ambient Air Quality Standard (NAAQS),0.2012219979397949,False,0.61227790600987,False
2008-11-28,Pennsylvania,Lancaster,85,Percent of days with PM2.5 levels over the National Ambient Air Quality Standard (NAAQS),0.1940793541943886,False,0.39259933941304875,False
2008-11-29,Pennsylvania,Lancaster,85,Percent of days with PM2.5 levels over the National Ambient Air Quality Standard (NAAQS),0.23884379744779,False,1.4916373092528452,False
2008-11-30,Pennsylvania,Lancaster,85,Percent of days with PM2.5 levels over the National Ambient Air Quality Standard (NAAQS),0.1337442275821592,False,-1.0545269550251564,False
2008-12-01,Pennsylvania,Lancaster,85,Percent of days with PM2.5 levels over the National Ambient Air Quality Standard (NAAQS),0.1600185167891664,False,-0.4224786097829791,False
2008-12-02,Pennsylvania,Lancaster,85,Percent of days with PM2.5 levels over the National Ambient Air Quality Standard (NAAQS),0.1972820281059442,False,0.445910221571458,False
2008-12-03,Pennsylvania,Lancaster,85,Percent of days with PM2.5 levels over the National Ambient Air Quality Standard (NAAQS),0.2074819846561411,False,0.6602114436027106,False
2008-12-04,Pennsylvania,Lancaster,85,Percent of days with PM2.5 levels over the National Ambient Air Quality Standard (NAAQS),0.0818219836347142,False,-2.086559810750133,False
2008-12-05,Pennsylvania,Lancaster,85,Percent of days with PM2.5 levels over the National Ambient Air Quality Standard (NAAQS),0.1402165989102416,False,-0.7857521617891703,False
2008-12-06,Pennsylvania,Lancaster,85,Percent of days with PM2.5 levels over the National Ambient Air Quality Standard (NAAQS),0.2174820484457072,False,0.8831569510692012,False
2008-12-07,Pennsylvania,Lancaster,85,Percent of days with PM2.5 levels over the National Ambient Air Quality Standard (NAAQS),0.1534065368656757,False,-0.4488996514877259,False
2008-12-08,Pennsylvania,Lancaster,85,Percent of days with PM2.5 levels over the National Ambient Air Quality Standard (NAAQS),0.120785435660424,False,-1.127651828888033,False
2008-12-09,Pennsylvania,Lancaster,85,Percent of days with PM2.5 levels over the National Ambient Air Quality Standard (NAAQS),0.1698245403124463,False,-0.07511766256274219,False
2008-12-10,Pennsylvania,Lancaster,85,Percent of days with PM2.5 levels over the National Ambient Air Quality Standard (NAAQS),0.2436401589017827,False,1.5440540812079449,False
2008-12-11,Pennsylvania,Lancaster,85,Percent of days with PM2.5 levels over the National Ambient Air Quality Standard (NAAQS),0.157467063970029,False,-0.4809344376744792,False
2008-12-12,Pennsylvania,Lancaster,85,Percent of days with PM2.5 levels over the National Ambient Air Quality Standard (NAAQS),0.2267626073070739,False,1.2329140374024745,False
2008-12-13,Pennsylvania,Lancaster,85,Percent of days with PM2.5 levels over the National Ambient Air Quality Standard (NAAQS),0.2653012457368486,False,1.956973085937993,False
2008-12-14,Pennsylvania,Lancaster,85,Percent of days with PM2.5 levels over the National Ambient Air Quality Standard (NAAQS),0.224696403885634,False,0.9803450850360046,False
2008-12-15,Pennsylvania,Lancaster,85,Percent of days with PM2.5 levels over the National Ambient Air Quality Standard (NAAQS),0.2242776741411162,False,0.904501971559509,False
2008-12-16,Pennsylvania,Lancaster,85,Percent of days with PM2.5 levels over the National Ambient Air Quality Standard (NAAQS),0.227884732621682,False,0.9209187506959934,False
2008-12-17,Pennsylvania,Lancaster,85,Percent of days with PM2.5 levels over the National Ambient Air Quality Standard (NAAQS),0.1719796058017497,False,-0.31111900097522616,False
2008-12-18,Pennsylvania,Lancaster,85,Percent of days with PM2.5 levels over the National Ambient Air Quality Standard (NAAQS),0.1618958362657955,False,-0.5509863148125783,False
2008-12-19,Pennsylvania,Lancaster,85,Percent of days with PM2.5 levels over the National Ambient Air Quality Standard (NAAQS),0.10260755702641,False,-1.7343597062685912,False
2008-12-20,Pennsylvania,Lancaster,85,Percent of days with PM2.5 levels over the National Ambient Air Quality Standard (NAAQS),0.2159217487603607,False,0.6813049749190365,False
2008-12-21,Pennsylvania,Lancaster,85,Percent of days with PM2.5 levels over the National Ambient Air Quality Standard (NAAQS),0.0954979654544604,False,-1.7515544487083632,False
2008-12-22,Pennsylvania,Lancaster,85,Percent of days with PM2.5 levels over the National Ambient Air Quality Standard (NAAQS),0.243020031630925,False,1.146708622559942,False
2008-12-23,Pennsylvania,Lancaster,85,Percent of days with PM2.5 levels over the National Ambient Air Quality Standard (NAAQS),0.1632438054747332,False,-0.4085624077647949,False
2008-12-24,Pennsylvania,Lancaster,85,Percent of days with PM2.5 levels over the National Ambient Air Quality Standard (NAAQS),0.1755216582738575,False,-0.1479128794299997,False
2008-12-25,Pennsylvania,Lancaster,85,Percent of days with PM2.5 levels over the National Ambient Air Quality Standard (NAAQS),0.1229821822559039,False,-1.1446108099794625,False
2008-12-26,Pennsylvania,Lancaster,85,Percent of days with PM2.5 levels over the National Ambient Air Quality Standard (NAAQS),0.2250169656203258,False,0.8727818703337251,False
2008-12-27,Pennsylvania,Lancaster,85,Percent of days with PM2.5 levels over the National Ambient Air Quality Standard (NAAQS),0.0912639763990179,False,-1.6299973131415402,False
2008-12-28,Pennsylvania,Lancaster,85,Percent of days with PM2.5 levels over the National Ambient Air Quality Standard (NAAQS),0.1040551895456859,False,-1.3323959095621187,False
2008-12-29,Pennsylvania,Lancaster,85,Percent of days with PM2.5 levels over the National Ambient Air Quality Standard (NAAQS),0.1048217909539079,False,-1.2439399001855127,False
2008-12-30,Pennsylvania,Lancaster,85,Percent of days with PM2.5 levels over the National Ambient Air Quality Standard (NAAQS),0.1887315043145148,False,0.29958810712967415,False
2008-12-31,Pennsylvania,Lancaster,85,Percent of days with PM2.5 levels over the National Ambient Air Quality Standard (NAAQS),0.1687494164573697,False,-0.04223279836906382,False
2009-01-01,Pennsylvania,Lancaster,85,Percent of days with PM2.5 levels over the National Ambient Air Quality Standard (NAAQS),1.0583107129500446,False,4.879155289602236,True
2009-01-02,Pennsylvania,Lancaster,85,Percent of days with PM2.5 levels over the National Ambient Air Quality Standard (NAAQS),0.8496477363754731,False,2.9137652086952666,False
2009-01-03,Pennsylvania,Lancaster,85,Percent of days with PM2.5 levels over the National Ambient Air Quality Standard (NAAQS),1.1926386545944727,False,3.3173977822136798,True
2009-01-04,Pennsylvania,Lancaster,85,Percent of days with PM2.5 levels over the National Ambient Air Quality Standard (NAAQS),1.2587742556137318,False,2.84293312907638,False
2009-01-05,Pennsylvania,Lancaster,85,Percent of days with PM2.5 levels over the National Ambient Air Quality Standard (NAAQS),1.0206435043691038,False,1.9013071231634289,False
2009-01-06,Pennsylvania,Lancaster,85,Percent of days with PM2.5 levels over the National Ambient Air Quality Standard (NAAQS),0.8281222228133251,False,1.2646470460385917,False
2009-01-07,Pennsylvania,Lancaster,85,Percent of days with PM2.5 levels over the National Ambient Air Quality Standard (NAAQS),0.936163220700075,False,1.4330899056222395,False
2009-01-08,Pennsylvania,Lancaster,85,Percent of days with PM2.5 levels over the National Ambient Air Quality Standard (NAAQS),1.0907404750076868,False,1.6645572245517741,False
2009-01-09,Pennsylvania,Lancaster,85,Percent of days with PM2.5 levels over the National Ambient Air Quality Standard (NAAQS),1.027446528654329,False,1.3886251569641468,False
2009-01-10,Pennsylvania,Lancaster,85,Percent of days with PM2.5 levels over the National Ambient Air Quality Standard (NAAQS),0.8977452329884882,False,1.0073209442353013,False
2009-01-11,Pennsylvania,Lancaster,85,Percent of days with PM2.5 levels over the National Ambient Air Quality Standard (NAAQS),0.9273339922076294,False,1.00449222342029,False
2009-01-12,Pennsylvania,Lancaster,85,Percent of days with PM2.5 levels over the National Ambient Air Quality Standard (NAAQS),0.6895764200087771,False,0.4145549289034155,False
2009-01-13,Pennsylvania,Lancaster,85,Percent of days with PM2.5 levels over the National Ambient Air Quality Standard (NAAQS),0.9796378108155576,False,1.0175446708353237,False
2009-01-14,Pennsylvania,Lancaster,85,Percent of days with PM2.5 levels over the National Ambient Air Quality Standard (NAAQS),0.986190827300188,False,0.961584422974904,False
2009-01-15,Pennsylvania,Lancaster,85,Percent of days with PM2.5 levels over the National Ambient Air Quality Standard (NAAQS),1.0542506588731708,False,1.0404495589555183,False
2009-01-16,Pennsylvania,Lancaster,85,Percent of days with PM2.5 levels over the National Ambient Air Quality Standard (NAAQS),1.0459596199513026,False,0.9517448872144603,False
2009-01-17,Pennsylvania,Lancaster,85,Percent of days with PM2.5 levels over the National Ambient Air Quality Standard (NAAQS),1.1109551803775215,False,1.0254889998505716,False
2009-01-18,Pennsylvania,Lancaster,85,Percent of days with PM2.5 levels over the National Ambient Air Quality Standard (NAAQS),0.8177533165121444,False,0.3005553524587557,False
2009-01-19,Pennsylvania,Lancaster,85,Percent of days with PM2.5 levels over the National Ambient Air Quality Standard (NAAQS),0.901691126705956,False,0.4525111961747387,False
2009-01-20,Pennsylvania,Lancaster,85,Percent of days with PM2.5 levels over the National Ambient Air Quality Standard (NAAQS),0.8524361745750386,False,0.2829953853927865,False
2009-01-21,Pennsylvania,Lancaster,85,Percent of days with PM2.5 levels over the National Ambient Air Quality Standard (NAAQS),1.0489960342010287,False,0.718704356771216,False
2009-01-22,Pennsylvania,Lancaster,85,Percent of days with PM2.5 levels over the National Ambient Air Quality Standard (NAAQS),1.0345938743207466,False,0.627572697223758,False
2009-01-23,Pennsylvania,Lancaster,85,Percent of days with PM2.5 levels over the National Ambient Air Quality Standard (NAAQS),0.9200225344638704,False,0.26171712919159695,False
2009-01-24,Pennsylvania,Lancaster,85,Percent of days with PM2.5 levels over the National Ambient Air Quality Standard (NAAQS),0.8791067007245448,False,0.07138728929221733,False
2009-01-25,Pennsylvania,Lancaster,85,Percent of days with PM2.5 levels over the National Ambient Air Quality Standard (NAAQS),1.0177960367236778,False,0.45185194585216576,False
2009-01-26,Pennsylvania,Lancaster,85,Percent of days with PM2.5 levels over the National Ambient Air Quality Standard (NAAQS),0.904115350479556,False,-0.05540190214059216,False
2009-01-27,Pennsylvania,Lancaster,85,Percent of days with PM2.5 levels over the National Ambient Air Quality Standard (NAAQS),1.2241327372701098,False,1.3455090913803118,False
2009-01-28,Pennsylvania,Lancaster,85,Percent of days with PM2.5 levels over the National Ambient Air Quality Standard (NAAQS),0.9685103323253236,False,-0.1126598589527686,False
2009-01-29,Pennsylvania,Lancaster,85,Percent of days with PM2.5 levels over the National Ambient Air Quality Standard (NAAQS),1.223748824345337,False,1.7321772739252286,False
2009-01-30,Pennsylvania,Lancaster,85,Percent of days with PM2.5 levels over the National Ambient Air Quality Standard (NAAQS),1.2211996440566348,False,1.5693144802332104,False
2009-01-31,Pennsylvania,Lancaster,85,Percent of days with PM2.5 levels over the National Ambient Air Quality Standard (NAAQS),0.7793071891064022,False,-1.480572081747491,False
2009-02-01,Pennsylvania,Lancaster,85,Percent of days with PM2.5 levels over the National Ambient Air Quality Standard (NAAQS),1.1336822555509165,False,1.130095675812107,False
2009-02-02,Pennsylvania,Lancaster,85,Percent of days with PM2.5 levels over the National Ambient Air Quality Standard (NAAQS),1.0373325930767348,False,0.4027458671763675,False
2009-02-03,Pennsylvania,Lancaster,85,Percent of days with PM2.5 levels over the National Ambient Air Quality Standard (NAAQS),0.9575236682563038,False,-0.23509011883707856,False
2009-02-04,Pennsylvania,Lancaster,85,Percent of days with PM2.5 levels over the National Ambient Air Quality Standard (NAAQS),1.077804176807029,False,0.6463687814190376,False
2009-02-05,Pennsylvania,Lancaster,85,Percent of days with PM2.5 levels over the National Ambient Air Quality Standard (NAAQS),0.8576260547741317,False,-0.964963757303727,False
2009-02-06,Pennsylvania,Lancaster,85,Percent of days with PM2.5 levels over the National Ambient Air Quality Standard (NAAQS),0.984439960756394,False,0.008372121581272578,False
2009-02-07,Pennsylvania,Lancaster,85,Percent of days with PM2.5 levels over the National Ambient Air Quality Standard (NAAQS),0.8444434735562802,False,-1.0279738067911226,False
2009-02-08,Pennsylvania,Lancaster,85,Percent of days with PM2.5 levels over the National Ambient Air Quality Standard (NAAQS),0.881772715972296,False,-0.7303865325337662,False
2009-02-09,Pennsylvania,Lancaster,85,Percent of days with PM2.5 levels over the National Ambient Air Quality Standard (NAAQS),0.8545370967698739,False,-1.0555189891506342,False
2009-02-10,Pennsylvania,Lancaster,85,Percent of days with PM2.5 levels over the National Ambient Air Quality Standard (NAAQS),1.015097779717926,False,0.22618362738672393,False
2009-02-11,Pennsylvania,Lancaster,85,Percent of days with PM2.5 levels over the National Ambient Air Quality Standard (NAAQS),0.9417694874133417,False,-0.34979036278655223,False
2009-02-12,Pennsylvania,Lancaster,85,Percent of days with PM2.5 levels over the National Ambient Air Quality Standard (NAAQS),1.2530775614863614,False,1.9440327207372807,False
2009-02-13,Pennsylvania,Lancaster,85,Percent of days with PM2.5 levels over the National Ambient Air Quality Standard (NAAQS),1.034338132940278,False,0.3157180687229473,False
2009-02-14,Pennsylvania,Lancaster,85,Percent of days with PM2.5 levels over the National Ambient Air Quality Standard (NAAQS),0.9142618050718908,False,-0.5338476716457996,False
2009-02-15,Pennsylvania,Lancaster,85,Percent of days with PM2.5 levels over the National Ambient Air Quality Standard (NAAQS),1.1897013090368882,False,1.4300395511820363,False
2009-02-16,Pennsylvania,Lancaster,85,Percent of days with PM2.5 levels over the National Ambient Air Quality Standard (NAAQS),0.964581959522378,False,-0.27126350449135017,False
2009-02-17,Pennsylvania,Lancaster,85,Percent of days with PM2.5 levels over the National Ambient Air Quality Standard (NAAQS),0.6993759477341898,False,-2.085024505444687,False
2009-02-18,Pennsylvania,Lancaster,85,Percent of days with PM2.5 levels over the National Ambient Air Quality Standard (NAAQS),1.171716617194755,False,1.1844294189641074,False
2009-02-19,Pennsylvania,Lancaster,85,Percent of days with PM2.5 levels over the National Ambient Air Quality Standard (NAAQS),0.8324793894829529,False,-1.0753893181528487,False
2009-02-20,Pennsylvania,Lancaster,85,Percent of days with PM2.5 levels over the National Ambient Air Quality Standard (NAAQS),1.5524119959808154,False,2.960218212943162,False
2009-02-21,Pennsylvania,Lancaster,85,Percent of days with PM2.5 levels over the National Ambient Air Quality Standard (NAAQS),0.8637662885421621,False,-0.8269487660828544,False
2009-02-22,Pennsylvania,Lancaster,85,Percent of days with PM2.5 levels over the National Ambient Air Quality Standard (NAAQS),1.1169894925809305,False,0.5415369459945164,False
2009-02-23,Pennsylvania,Lancaster,85,Percent of days with PM2.5 levels over the National Ambient Air Quality Standard (NAAQS),1.0898037053478822,False,0.3586022657190591,False
2009-02-24,Pennsylvania,Lancaster,85,Percent of days with PM2.5 levels over the National Ambient Air Quality Standard (NAAQS),1.2983505316109798,False,1.4606742540721942,False
2009-02-25,Pennsylvania,Lancaster,85,Percent of days with PM2.5 levels over the National Ambient Air Quality Standard (NAAQS),0.7095147475863511,False,-1.5819266839307171,False
2009-02-26,Pennsylvania,Lancaster,85,Percent of days with PM2.5 levels over the National Ambient Air Quality Standard (NAAQS),1.0856030346868295,False,0.3799216123561036,False
2009-02-27,Pennsylvania,Lancaster,85,Percent of days with PM2.5 levels over the National Ambient Air Quality Standard (NAAQS),0.9831190966145538,False,-0.11410873969578794,False
2009-02-28,Pennsylvania,Lancaster,85,Percent of days with PM2.5 levels over the National Ambient Air Quality Standard (NAAQS),0.7516996355972497,False,-1.3378502117535134,False
2009-03-01,Pennsylvania,Lancaster,85,Percent of days with PM2.5 levels over the National Ambient Air Quality Standard (NAAQS),1.0093387912747225,False,0.05535833307014243,False
2009-03-02,Pennsylvania,Lancaster,85,Percent of days with PM2.5 levels over the National Ambient Air Quality Standard (NAAQS),0.850531715168605,False,-0.7528717746911596,False
2009-03-03,Pennsylvania,Lancaster,85,Percent of days with PM2.5 levels over the National Ambient Air Quality Standard (NAAQS),1.3690912292358588,False,1.7997156014659172,False
2009-03-04,Pennsylvania,Lancaster,85,Percent of days with PM2.5 levels over the National Ambient Air Quality Standard (NAAQS),0.9944602805067172,False,-0.04787050297959237,False
2009-03-05,Pennsylvania,Lancaster,85,Percent of days with PM2.5 levels over the National Ambient Air Quality Standard (NAAQS),0.9843161774011712,False,-0.12217973468319729,False
2009-03-06,Pennsylvania,Lancaster,85,Percent of days with PM2.5 levels over the National Ambient Air Quality Standard (NAAQS),1.1094085863850751,False,0.4828929394246874,False
2009-03-07,Pennsylvania,Lancaster,85,Percent of days with PM2.5 levels over the National Ambient Air Quality Standard (NAAQS),0.7905662646034489,False,-1.0947832849955372,False
2009-03-08,Pennsylvania,Lancaster,85,Percent of days with PM2.5 levels over the National Ambient Air Quality Standard (NAAQS),0.7713583099656178,False,-1.1495923222111593,False
2009-03-09,Pennsylvania,Lancaster,85,Percent of days with PM2.5 levels over the National Ambient Air Quality Standard (NAAQS),1.0434039438004012,False,0.14515309332004145,False
2009-03-10,Pennsylvania,Lancaster,85,Percent of days with PM2.5 levels over the National Ambient Air Quality Standard (NAAQS),0.9051965805034746,False,-0.5136131957832833,False
2009-03-11,Pennsylvania,Lancaster,85,Percent of days with PM2.5 levels over the National Ambient Air Quality Standard (NAAQS),1.0553630893115225,False,0.2026496018698287,False
2009-03-12,Pennsylvania,Lancaster,85,Percent of days with PM2.5 levels over the National Ambient Air Quality Standard (NAAQS),1.1464227299697718,False,0.6804236490354073,False
2009-03-13,Pennsylvania,Lancaster,85,Percent of days with PM2.5 levels over the National Ambient Air Quality Standard (NAAQS),0.9091842558005726,False,-0.4807067258065091,False
2009-03-14,Pennsylvania,Lancaster,85,Percent of days with PM2.5 levels over the National Ambient Air Quality Standard (NAAQS),0.8267172926233309,False,-0.8662646559766565,False
2009-03-15,Pennsylvania,Lancaster,85,Percent of days with PM2.5 levels over the National Ambient Air Quality Standard (NAAQS),1.1392429349194426,False,0.6864280447318115,False
2009-03-16,Pennsylvania,Lancaster,85,Percent of days with PM2.5 levels over the National Ambient Air Quality Standard (NAAQS),0.9153282484134754,False,-0.4144084943872989,False
2009-03-17,Pennsylvania,Lancaster,85,Percent of days with PM2.5 levels over the National Ambient Air Quality Standard (NAAQS),0.6542115221502001,False,-1.6762449252372005,False
2009-03-18,Pennsylvania,Lancaster,85,Percent of days with PM2.5 levels over the National Ambient Air Quality Standard (NAAQS),0.9492906770322688,False,-0.19918929163664925,False
2009-03-19,Pennsylvania,Lancaster,85,Percent of days with PM2.5 levels over the National Ambient Air Quality Standard (NAAQS),0.8594481825382893,False,-0.6508535378741078,False
2009-03-20,Pennsylvania,Lancaster,85,Percent of days with PM2.5 levels over the National Ambient Air Quality Standard (NAAQS),1.2681173179401724,False,1.6188124957751926,False
2009-03-21,Pennsylvania,Lancaster,85,Percent of days with PM2.5 levels over the National Ambient Air Quality Standard (NAAQS),1.0452468825708197,False,0.33065633804712613,False
2009-03-22,Pennsylvania,Lancaster,85,Percent of days with PM2.5 levels over the National Ambient Air Quality Standard (NAAQS),1.0039312602476471,False,0.12087524398097883,False
2009-03-23,Pennsylvania,Lancaster,85,Percent of days with PM2.5 levels over the National Ambient Air Quality Standard (NAAQS),1.3848958531312014,False,2.0630124204468916,False
2009-03-24,Pennsylvania,Lancaster,85,Percent of days with PM2.5 levels over the National Ambient Air Quality Standard (NAAQS),1.259615429297895,False,1.4266003853004192,False
2009-03-25,Pennsylvania,Lancaster,85,Percent of days with PM2.5 levels over the National Ambient Air Quality Standard (NAAQS),0.9631772049844308,False,-0.21085521899225076,False
2009-03-26,Pennsylvania,Lancaster,85,Percent of days with PM2.5 levels over the National Ambient Air Quality Standard (NAAQS),0.9200293972549042,False,-0.4187545182354622,False
2009-03-27,Pennsylvania,Lancaster,85,Percent of days with PM2.5 levels over the National Ambient Air Quality Standard (NAAQS),0.6605671291990646,False,-1.6991736573493466,False
2009-03-28,Pennsylvania,Lancaster,85,Percent of days with PM2.5 levels over the National Ambient Air Quality Standard (NAAQS),1.283767793331554,False,1.4596773902715394,False
2009-03-29,Pennsylvania,Lancaster,85,Percent of days with PM2.5 levels over the National Ambient Air Quality Standard (NAAQS),1.0971545045650828,False,0.4726379375926651,False
2009-03-30,Pennsylvania,Lancaster,85,Percent of days with PM2.5 levels over the National Ambient Air Quality Standard (NAAQS),0.9730648017020748,False,-0.1936606059100444,False
2009-03-31,Pennsylvania,Lancaster,85,Percent of days with PM2.5 levels over the National Ambient Air Quality Standard (NAAQS),1.238739936058006,False,1.2709472924844594,False
2009-04-01,Pennsylvania,Lancaster,85,Percent of days with PM2.5 levels over the National Ambient Air Quality Standard (NAAQS),0.9132684144141422,False,-0.48414026005366356,False
2009-04-02,Pennsylvania,Lancaster,85,Percent of days with PM2.5 levels over the National Ambient Air Quality Standard (NAAQS),0.8309845797296507,False,-0.8871485622469631,False
2009-04-03,Pennsylvania,Lancaster,85,Percent of days with PM2.5 levels over the National Ambient Air Quality Standard (NAAQS),0.911685604540282,False,-0.41983278009719405,False
2009-04-04,Pennsylvania,Lancaster,85,Percent of days with PM2.5 levels over the National Ambient Air Quality Standard (NAAQS),1.1876203823598168,False,0.9867491849132765,False
2009-04-05,Pennsylvania,Lancaster,85,Percent of days with PM2.5 levels over the National Ambient Air Quality Standard (NAAQS),1.0898485508540243,False,0.4109082476472112,False
2009-04-06,Pennsylvania,Lancaster,85,Percent of days with PM2.5 levels over the National Ambient Air Quality Standard (NAAQS),1.243785424612988,False,1.1895752229165242,False
2009-04-07,Pennsylvania,Lancaster,85,Percent of days with PM2.5 levels over the National Ambient Air Quality Standard (NAAQS),0.8175230968082081,False,-1.071268148328733,False
2009-04-08,Pennsylvania,Lancaster,85,Percent of days with PM2.5 levels over the National Ambient Air Quality Standard (NAAQS),0.4287354145831269,False,-2.596349269501497,False
2009-04-09,Pennsylvania,Lancaster,85,Percent of days with PM2.5 levels over the National Ambient Air Quality Standard (NAAQS),1.259320133377393,False,1.1583676199685922,False
2009-04-10,Pennsylvania,Lancaster,85,Percent of days with PM2.5 levels over the National Ambient Air Quality Standard (NAAQS),1.3215324590494224,False,1.3285525949053063,False
2009-04-11,Pennsylvania,Lancaster,85,Percent of days with PM2.5 levels over the National Ambient Air Quality Standard (NAAQS),1.0673943568900357,False,0.1885968340758523,False
2009-04-12,Pennsylvania,Lancaster,85,Percent of days with PM2.5 levels over the National Ambient Air Quality Standard (NAAQS),0.96156660811908,False,-0.2502890328326987,False
2009-04-13,Pennsylvania,Lancaster,85,Percent of days with PM2.5 levels over the National Ambient Air Quality Standard (NAAQS),1.0642073044765508,False,0.18036552804830375,False
2009-04-14,Pennsylvania,Lancaster,85,Percent of days with PM2.5 levels over the National Ambient Air Quality Standard (NAAQS),0.9099911775339375,False,-0.5706407953604201,False
2009-04-15,Pennsylvania,Lancaster,85,Percent of days with PM2.5 levels over the National Ambient Air Quality Standard (NAAQS),1.2502538235458545,False,0.9481891650521271,False
2009-04-16,Pennsylvania,Lancaster,85,Percent of days with PM2.5 levels over the National Ambient Air Quality Standard (NAAQS),1.2708469588406188,False,0.9707736905081777,False
2009-04-17,Pennsylvania,Lancaster,85,Percent of days with PM2.5 levels over the National Ambient Air Quality Standard (NAAQS),0.9936767236947276,False,-0.25345912911166935,False
2009-04-18,Pennsylvania,Lancaster,85,Percent of days with PM2.5 levels over the National Ambient Air Quality Standard (NAAQS),0.9920445527551296,False,-0.251909420336135,False
2009-04-19,Pennsylvania,Lancaster,85,Percent of days with PM2.5 levels over the National Ambient Air Quality Standard (NAAQS),0.8971676254343768,False,-0.6686222639978493,False
2009-04-20,Pennsylvania,Lancaster,85,Percent of days with PM2.5 levels over the National Ambient Air Quality Standard (NAAQS),1.0269611948136643,False,-0.013743972302415735,False
2009-04-21,Pennsylvania,Lancaster,85,Percent of days with PM2.5 levels over the National Ambient Air Quality Standard (NAAQS),0.9086164981241878,False,-0.5351120854751842,False
2009-04-22,Pennsylvania,Lancaster,85,Percent of days with PM2.5 levels over the National Ambient Air Quality Standard (NAAQS),1.1933851166340272,False,0.8173158701026887,False
2009-04-23,Pennsylvania,Lancaster,85,Percent of days with PM2.5 levels over the National Ambient Air Quality Standard (NAAQS),0.804002187357235,False,-1.0410681045892132,False
2009-04-24,Pennsylvania,Lancaster,85,Percent of days with PM2.5 levels over the National Ambient Air Quality Standard (NAAQS),1.0029053561232495,False,-0.1560508660440016,False
2009-04-25,Pennsylvania,Lancaster,85,Percent of days with PM2.5 levels over the National Ambient Air Quality Standard (NAAQS),0.8249493052130392,False,-0.9909000684360642,False
2009-04-26,Pennsylvania,Lancaster,85,Percent of days with PM2.5 levels over the National Ambient Air Quality Standard (NAAQS),1.078754438387011,False,0.3211547812565469,False
2009-04-27,Pennsylvania,Lancaster,85,Percent of days with PM2.5 levels over the National Ambient Air Quality Standard (NAAQS),0.9338096824426187,False,-0.4186890169250095,False
2009-04-28,Pennsylvania,Lancaster,85,Percent of days with PM2.5 levels over the National Ambient Air Quality Standard (NAAQS),0.9637107631493056,False,-0.2196266011912186,False
2009-04-29,Pennsylvania,Lancaster,85,Percent of days with PM2.5 levels over the National Ambient Air Quality Standard (NAAQS),1.0543987408103923,False,0.23342594338856862,False
2009-04-30,Pennsylvania,Lancaster,85,Percent of days with PM2.5 levels over the National Ambient Air Quality Standard (NAAQS),0.9390857644679442,False,-0.4038633215711697,False
2009-05-01,Pennsylvania,Lancaster,85,Percent of days with PM2.5 levels over the National Ambient Air Quality Standard (NAAQS),0.8241399358180852,False,-0.9916646077843361,False
2009-05-02,Pennsylvania,Lancaster,85,Percent of days with PM2.5 levels over the National Ambient Air Quality Standard (NAAQS),0.6115021581602827,False,-1.898417790105123,False
2009-05-03,Pennsylvania,Lancaster,85,Percent of days with PM2.5 levels over the National Ambient Air Quality Standard (NAAQS),1.0295478477059006,False,0.20717445700478498,False
2009-05-04,Pennsylvania,Lancaster,85,Percent of days with PM2.5 levels over the National Ambient Air Quality Standard (NAAQS),0.9126492283850012,False,-0.3312063468751968,False
2009-05-05,Pennsylvania,Lancaster,85,Percent of days with PM2.5 levels over the National Ambient Air Quality Standard (NAAQS),0.9811502909597198,False,-0.006398473748391389,False
2009-05-06,Pennsylvania,Lancaster,85,Percent of days with PM2.5 levels over the National Ambient Air Quality Standard (NAAQS),1.1921066053546423,False,1.1376171521104228,False
2009-05-07,Pennsylvania,Lancaster,85,Percent of days with PM2.5 levels over the National Ambient Air Quality Standard (NAAQS),0.8286394110620212,False,-1.0604853125394895,False
2009-05-08,Pennsylvania,Lancaster,85,Percent of days with PM2.5 levels over the National Ambient Air Quality Standard (NAAQS),1.041997825376306,False,0.40418702251525335,False
2009-05-09,Pennsylvania,Lancaster,85,Percent of days with PM2.5 levels over the National Ambient Air Quality Standard (NAAQS),1.1253677665518724,False,0.9621947606908552,False
2009-05-10,Pennsylvania,Lancaster,85,Percent of days with PM2.5 levels over the National Ambient Air Quality Standard (NAAQS),0.875719275565278,False,-0.7369482737005523,False
2009-05-11,Pennsylvania,Lancaster,85,Percent of days with PM2.5 levels over the National Ambient Air Quality Standard (NAAQS),1.2302785323339818,False,1.5800326554114956,False
2009-05-12,Pennsylvania,Lancaster,85,Percent of days with PM2.5 levels over the National Ambient Air Quality Standard (NAAQS),1.0164712490966366,False,0.1545311719327591,False
2009-05-13,Pennsylvania,Lancaster,85,Percent of days with PM2.5 levels over the National Ambient Air Quality Standard (NAAQS),0.6453803448623433,False,-2.0786164116397927,False
2009-05-14,Pennsylvania,Lancaster,85,Percent of days with PM2.5 levels over the National Ambient Air Quality Standard (NAAQS),1.0991618214848091,False,0.9058881778146765,False
2009-05-15,Pennsylvania,Lancaster,85,Percent of days with PM2.5 levels over the National Ambient Air Quality Standard (NAAQS),0.8489778656152142,False,-0.7443416220441986,False
2009-05-16,Pennsylvania,Lancaster,85,Percent of days with PM2.5 levels over the National Ambient Air Quality Standard (NAAQS),0.9987124762913568,False,0.25692078512285227,False
2009-05-17,Pennsylvania,Lancaster,85,Percent of days with PM2.5 levels over the National Ambient Air Quality Standard (NAAQS),0.8243789809555093,False,-0.8825254420003109,False
2009-05-18,Pennsylvania,Lancaster,85,Percent of days with PM2.5 levels over the National Ambient Air Quality Standard (NAAQS),1.215445788868849,False,1.585046427612334,False
2009-05-19,Pennsylvania,Lancaster,85,Percent of days with PM2.5 levels over the National Ambient Air Quality Standard (NAAQS),0.831802241848091,False,-0.8120559139960409,False
2009-05-20,Pennsylvania,Lancaster,85,Percent of days with PM2.5 levels over the National Ambient Air Quality Standard (NAAQS),0.9371448024388505,False,-0.10057530969032363,False
2009-05-21,Pennsylvania,Lancaster,85,Percent of days with PM2.5 levels over the National Ambient Air Quality Standard (NAAQS),1.2407741056616124,False,1.7052756086018177,False
2009-05-22,Pennsylvania,Lancaster,85,Percent of days with PM2.5 levels over the National Ambient Air Quality Standard (NAAQS),0.9015500934978244,False,-0.39333667365978553,False
2009-05-23,Pennsylvania,Lancaster,85,Percent of days with PM2.5 levels over the National Ambient Air Quality Standard (NAAQS),0.9032250843881546,False,-0.40502072678333556,False
2009-05-24,Pennsylvania,Lancaster,85,Percent of days with PM2.5 levels over the National Ambient Air Quality Standard (NAAQS),1.18399230811084,False,1.3118545458731452,False
2009-05-25,Pennsylvania,Lancaster,85,Percent of days with PM2.5 levels over the National Ambient Air Quality Standard (NAAQS),1.0541496235844496,False,0.48353564777068003,False
2009-05-26,Pennsylvania,Lancaster,85,Percent of days with PM2.5 levels over the National Ambient Air Quality Standard (NAAQS),1.033561743056712,False,0.3410576098705528,False
2009-05-27,Pennsylvania,Lancaster,85,Percent of days with PM2.5 levels over the National Ambient Air Quality Standard (NAAQS),0.9423055209303888,False,-0.19428879445775032,False
2009-05-28,Pennsylvania,Lancaster,85,Percent of days with PM2.5 levels over the National Ambient Air Quality Standard (NAAQS),0.7100825578373284,False,-1.5035371202053656,False
2009-05-29,Pennsylvania,Lancaster,85,Percent of days with PM2.5 levels over the National Ambient Air Quality Standard (NAAQS),1.0003060817489493,False,0.16857045811404375,False
2009-05-30,Pennsylvania,Lancaster,85,Percent of days with PM2.5 levels over the National Ambient Air Quality Standard (NAAQS),1.1453688645505136,False,0.9940285473046637,False
2009-05-31,Pennsylvania,Lancaster,85,Percent of days with PM2.5 levels over the National Ambient Air Quality Standard (NAAQS),0.664180848473411,False,-1.8817302579648336,False
2009-06-01,Pennsylvania,Lancaster,85,Percent of days with PM2.5 levels over the National Ambient Air Quality Standard (NAAQS),1.0735830708212266,False,0.5370275057765791,False
2009-06-02,Pennsylvania,Lancaster,85,Percent of days with PM2.5 levels over the National Ambient Air Quality Standard (NAAQS),0.97551377157565,False,-0.04822100710525982,False
2009-06-03,Pennsylvania,Lancaster,85,Percent of days with PM2.5 levels over the National Ambient Air Quality Standard (NAAQS),1.456861888736566,False,2.495032368134405,False
2009-06-04,Pennsylvania,Lancaster,85,Percent of days with PM2.5 levels over the National Ambient Air Quality Standard (NAAQS),0.9949309054605984,False,-0.022073543273996427,False
2009-06-05,Pennsylvania,Lancaster,85,Percent of days with PM2.5 levels over the National Ambient Air Quality Standard (NAAQS),0.5104505234984258,False,-2.29333825519456,False
2009-06-06,Pennsylvania,Lancaster,85,Percent of days with PM2.5 levels over the National Ambient Air Quality Standard (NAAQS),1.1545230448418309,False,0.843924586360065,False
2009-06-07,Pennsylvania,Lancaster,85,Percent of days with PM2.5 levels over the National Ambient Air Quality Standard (NAAQS),1.0776415529446517,False,0.43548386442271825,False
2009-06-08,Pennsylvania,Lancaster,85,Percent of days with PM2.5 levels over the National Ambient Air Quality Standard (NAAQS),0.9915860189206376,False,0.05942234920053897,False
2009-06-09,Pennsylvania,Lancaster,85,Percent of days with PM2.5 levels over the National Ambient Air Quality Standard (NAAQS),1.1040544605484808,False,0.6029558578714661,False
2009-06-10,Pennsylvania,Lancaster,85,Percent of days with PM2.5 levels over the National Ambient Air Quality Standard (NAAQS),0.9424839590418348,False,-0.26813215805243207,False
2009-06-11,Pennsylvania,Lancaster,85,Percent of days with PM2.5 levels over the National Ambient Air Quality Standard (NAAQS),1.3178018289838085,False,1.5915370400053597,False
2009-06-12,Pennsylvania,Lancaster,85,Percent of days with PM2.5 levels over the National Ambient Air Quality Standard (NAAQS),1.0849271228245625,False,0.3815463595476255,False
2009-06-13,Pennsylvania,Lancaster,85,Percent of days with PM2.5 levels over the National Ambient Air Quality Standard (NAAQS),0.7941535710104092,False,-1.0341491400049907,False
2009-06-14,Pennsylvania,Lancaster,85,Percent of days with PM2.5 levels over the National Ambient Air Quality Standard (NAAQS),1.0543542297853783,False,0.2204372705833518,False
2009-06-15,Pennsylvania,Lancaster,85,Percent of days with PM2.5 levels over the National Ambient Air Quality Standard (NAAQS),1.081872624172368,False,0.390045228380146,False
2009-06-16,Pennsylvania,Lancaster,85,Percent of days with PM2.5 levels over the National Ambient Air Quality Standard (NAAQS),0.9599413871080748,False,-0.26253797015717945,False
2009-06-17,Pennsylvania,Lancaster,85,Percent of days with PM2.5 levels over the National Ambient Air Quality Standard (NAAQS),1.0851260920991286,False,0.3613530421597951,False
2009-06-18,Pennsylvania,Lancaster,85,Percent of days with PM2.5 levels over the National Ambient Air Quality Standard (NAAQS),1.053370554437613,False,0.23700625992281088,False
2009-06-19,Pennsylvania,Lancaster,85,Percent of days with PM2.5 levels over the National Ambient Air Quality Standard (NAAQS),1.0829436025957575,False,0.36174562366249996,False
2009-06-20,Pennsylvania,Lancaster,85,Percent of days with PM2.5 levels over the National Ambient Air Quality Standard (NAAQS),0.7913380758943296,False,-1.1576245571183086,False
2009-06-21,Pennsylvania,Lancaster,85,Percent of days with PM2.5 levels over the National Ambient Air Quality Standard (NAAQS),1.1898323391264047,False,0.9358064392555455,False
2009-06-22,Pennsylvania,Lancaster,85,Percent of days with PM2.5 levels over the National Ambient Air Quality Standard (NAAQS),1.0912249303589987,False,0.4099239114882117,False
2009-06-23,Pennsylvania,Lancaster,85,Percent of days with PM2.5 levels over the National Ambient Air Quality Standard (NAAQS),1.0499047472718617,False,0.19021203908011042,False
2009-06-24,Pennsylvania,Lancaster,85,Percent of days with PM2.5 levels over the National Ambient Air Quality Standard (NAAQS),0.9604331698684476,False,-0.2822121876818176,False
2009-06-25,Pennsylvania,Lancaster,85,Percent of days with PM2.5 levels over the National Ambient Air Quality Standard (NAAQS),0.7022513731029801,False,-1.6308204648483955,False
2009-06-26,Pennsylvania,Lancaster,85,Percent of days with PM2.5 levels over the National Ambient Air Quality Standard (NAAQS),1.534218852908613,False,2.332382884989648,False
2009-06-27,Pennsylvania,Lancaster,85,Percent of days with PM2.5 levels over the National Ambient Air Quality Standard (NAAQS),1.1009475806651885,False,0.3244992280056934,False
2009-06-28,Pennsylvania,Lancaster,85,Percent of days with PM2.5 levels over the National Ambient Air Quality Standard (NAAQS),0.782281054992751,False,-1.219640821014516,False
2009-06-29,Pennsylvania,Lancaster,85,Percent of days with PM2.5 levels over the National Ambient Air Quality Standard (NAAQS),0.7056756291083274,False,-1.4621122205671702,False
2009-06-30,Pennsylvania,Lancaster,85,Percent of days with PM2.5 levels over the National Ambient Air Quality Standard (NAAQS),1.085923925942298,False,0.27422258334610256,False
2009-07-01,Pennsylvania,Lancaster,85,Percent of days with PM2.5 levels over the National Ambient Air Quality Standard (NAAQS),1.1090660974983928,False,0.47366309510423854,False
2009-07-02,Pennsylvania,Lancaster,85,Percent of days with PM2.5 levels over the National Ambient Air Quality Standard (NAAQS),1.1527235030829177,False,0.6577766581180828,False
2009-07-03,Pennsylvania,Lancaster,85,Percent of days with PM2.5 levels over the National Ambient Air Quality Standard (NAAQS),0.7168702200491139,False,-1.6664605016752574,False
2009-07-04,Pennsylvania,Lancaster,85,Percent of days with PM2.5 levels over the National Ambient Air Quality Standard (NAAQS),0.988274143243186,False,-0.17794130079883888,False
2009-07-05,Pennsylvania,Lancaster,85,Percent of days with PM2.5 levels over the National Ambient Air Quality Standard (NAAQS),0.5866575561374183,False,-2.068736781953519,False
2009-07-06,Pennsylvania,Lancaster,85,Percent of days with PM2.5 levels over the National Ambient Air Quality Standard (NAAQS),0.8502789306833038,False,-0.7281473507126934,False
2009-07-07,Pennsylvania,Lancaster,85,Percent of days with PM2.5 levels over the National Ambient Air Quality Standard (NAAQS),1.0947036870942082,False,0.4743792222041735,False
2009-07-08,Pennsylvania,Lancaster,85,Percent of days with PM2.5 levels over the National Ambient Air Quality Standard (NAAQS),0.839037101950421,False,-0.7568578149229606,False
2009-07-09,Pennsylvania,Lancaster,85,Percent of days with PM2.5 levels over the National Ambient Air Quality Standard (NAAQS),1.1509681492984434,False,0.8204286308710282,False
2009-07-10,Pennsylvania,Lancaster,85,Percent of days with PM2.5 levels over the National Ambient Air Quality Standard (NAAQS),0.9834340707671354,False,-0.0075487078542211825,False
2009-07-11,Pennsylvania,Lancaster,85,Percent of days with PM2.5 levels over the National Ambient Air Quality Standard (NAAQS),1.0766720979060087,False,0.42060371806328367,False
2009-07-12,Pennsylvania,Lancaster,85,Percent of days with PM2.5 levels over the National Ambient Air Quality Standard (NAAQS),0.9581449026921256,False,-0.1724007147128083,False
2009-07-13,Pennsylvania,Lancaster,85,Percent of days with PM2.5 levels over the National Ambient Air Quality Standard (NAAQS),1.0648107507787663,False,0.3813395883300664,False
2009-07-14,Pennsylvania,Lancaster,85,Percent of days with PM2.5 levels over the National Ambient Air Quality Standard (NAAQS),1.1879560021944342,False,0.9583370557786659,False
2009-07-15,Pennsylvania,Lancaster,85,Percent of days with PM2.5 levels over the National Ambient Air Quality Standard (NAAQS),1.1743382613459084,False,0.863632056294254,False
2009-07-16,Pennsylvania,Lancaster,85,Percent of days with PM2.5 levels over the National Ambient Air Quality Standard (NAAQS),1.306732274310357,False,1.4255648545083965,False
2009-07-17,Pennsylvania,Lancaster,85,Percent of days with PM2.5 levels over the National Ambient Air Quality Standard (NAAQS),1.0144535797847742,False,0.02687142235113222,False
2009-07-18,Pennsylvania,Lancaster,85,Percent of days with PM2.5 levels over the National Ambient Air Quality Standard (NAAQS),0.8052245190465946,False,-0.9901081407585809,False
2009-07-19,Pennsylvania,Lancaster,85,Percent of days with PM2.5 levels over the National Ambient Air Quality Standard (NAAQS),1.2496672077294677,False,1.1424316611241294,False
2009-07-20,Pennsylvania,Lancaster,85,Percent of days with PM2.5 levels over the National Ambient Air Quality Standard (NAAQS),1.222621173007952,False,0.9746757415010742,False
2009-07-21,Pennsylvania,Lancaster,85,Percent of days with PM2.5 levels over the National Ambient Air Quality Standard (NAAQS),1.2855985851006009,False,1.1984349238973417,False
2009-07-22,Pennsylvania,Lancaster,85,Percent of days with PM2.5 levels over the National Ambient Air Quality Standard (NAAQS),1.038307423578254,False,0.05006844077683656,False
2009-07-23,Pennsylvania,Lancaster,85,Percent of days with PM2.5 levels over the National Ambient Air Quality Standard (NAAQS),0.8561513441849619,False,-0.8389088730054542,False
2009-07-24,Pennsylvania,Lancaster,85,Percent of days with PM2.5 levels over the National Ambient Air Quality Standard (NAAQS),1.152634642295612,False,0.7084105451646746,False
2009-07-25,Pennsylvania,Lancaster,85,Percent of days with PM2.5 levels over the National Ambient Air Quality Standard (NAAQS),1.009043382648663,False,-0.03713923014972007,False
2009-07-26,Pennsylvania,Lancaster,85,Percent of days with PM2.5 levels over the National Ambient Air Quality Standard (NAAQS),1.0743597236347129,False,0.2631270878458074,False
2009-07-27,Pennsylvania,Lancaster,85,Percent of days with PM2.5 levels over the National Ambient Air Quality Standard (NAAQS),1.0404226291792051,False,0.011859603892285166,False
2009-07-28,Pennsylvania,Lancaster,85,Percent of days with PM2.5 levels over the National Ambient Air Quality Standard (NAAQS),0.967089358017962,False,-0.3917800780544992,False
2009-07-29,Pennsylvania,Lancaster,85,Percent of days with PM2.5 levels over the National Ambient Air Quality Standard (NAAQS),1.0818136828902938,False,0.28473753358804343,False
2009-07-30,Pennsylvania,Lancaster,85,Percent of days with PM2.5 levels over the National Ambient Air Quality Standard (NAAQS),0.8379642517400694,False,-1.0634690425203694,False
2009-07-31,Pennsylvania,Lancaster,85,Percent of days with PM2.5 levels over the National Ambient Air Quality Standard (NAAQS),0.9017968646999016,False,-0.7717854043285979,False
2009-08-01,Pennsylvania,Lancaster,85,Percent of days with PM2.5 levels over the National Ambient Air Quality Standard (NAAQS),0.7591278914985754,False,-1.5202224678041374,False
2009-08-02,Pennsylvania,Lancaster,85,Percent of days with PM2.5 levels over the National Ambient Air Quality Standard (NAAQS),0.942975518301064,False,-0.5991869699686972,False
2009-08-03,Pennsylvania,Lancaster,85,Percent of days with PM2.5 levels over the National Ambient Air Quality Standard (NAAQS),0.7842927871872314,False,-1.6019720352963147,False
2009-08-04,Pennsylvania,Lancaster,85,Percent of days with PM2.5 levels over the National Ambient Air Quality Standard (NAAQS),0.9074488184005384,False,-0.7521308121815165,False
2009-08-05,Pennsylvania,Lancaster,85,Percent of days with PM2.5 levels over the National Ambient Air Quality Standard (NAAQS),0.69869191672731,False,-1.9620429551516196,False
2009-08-06,Pennsylvania,Lancaster,85,Percent of days with PM2.5 levels over the National Ambient Air Quality Standard (NAAQS),1.302320008124342,False,1.6331366424635276,False
2009-08-07,Pennsylvania,Lancaster,85,Percent of days with PM2.5 levels over the National Ambient Air Quality Standard (NAAQS),0.9479492122228894,False,-0.44087634801848813,False
2009-08-08,Pennsylvania,Lancaster,85,Percent of days with PM2.5 levels over the National Ambient Air Quality Standard (NAAQS),0.9788348034568356,False,-0.2395476804388767,False
2009-08-09,Pennsylvania,Lancaster,85,Percent of days with PM2.5 levels over the National Ambient Air Quality Standard (NAAQS),1.0479295989409996,False,0.14726983228194812,False
2009-08-10,Pennsylvania,Lancaster,85,Percent of days with PM2.5 levels over the National Ambient Air Quality Standard (NAAQS),1.0129925425327766,False,-0.04727937134598522,False
2009-08-11,Pennsylvania,Lancaster,85,Percent of days with PM2.5 levels over the National Ambient Air Quality Standard (NAAQS),1.2551115828083943,False,1.3406641101882353,False
2009-08-12,Pennsylvania,Lancaster,85,Percent of days with PM2.5 levels over the National Ambient Air Quality Standard (NAAQS),1.0814526922057857,False,0.35939749360257395,False
2009-08-13,Pennsylvania,Lancaster,85,Percent of days with PM2.5 levels over the National Ambient Air Quality Standard (NAAQS),1.419694544765102,False,2.2115913118413526,False
2009-08-14,Pennsylvania,Lancaster,85,Percent of days with PM2.5 levels over the National Ambient Air Quality Standard (NAAQS),1.0739983064660883,False,0.2665154295792779,False
2009-08-15,Pennsylvania,Lancaster,85,Percent of days with PM2.5 levels over the National Ambient Air Quality Standard (NAAQS),1.24933969757444,False,1.161150789731863,False
2009-08-16,Pennsylvania,Lancaster,85,Percent of days with PM2.5 levels over the National Ambient Air Quality Standard (NAAQS),0.9120231799040812,False,-0.6734475908153442,False
2009-08-17,Pennsylvania,Lancaster,85,Percent of days with PM2.5 levels over the National Ambient Air Quality Standard (NAAQS),1.0440612897273296,False,0.11895156887166569,False
2009-08-18,Pennsylvania,Lancaster,85,Percent of days with PM2.5 levels over the National Ambient Air Quality Standard (NAAQS),0.7849697672190685,False,-1.3068701233728834,False
2009-08-19,Pennsylvania,Lancaster,85,Percent of days with PM2.5 levels over the National Ambient Air Quality Standard (NAAQS),0.8482337263396664,False,-0.8795946387689718,False
2009-08-20,Pennsylvania,Lancaster,85,Percent of days with PM2.5 levels over the National Ambient Air Quality Standard (NAAQS),1.1683949274957934,False,0.9201347663560006,False
2009-08-21,Pennsylvania,Lancaster,85,Percent of days with PM2.5 levels over the National Ambient Air Quality Standard (NAAQS),1.0677989301075408,False,0.356595428906918,False
2009-08-22,Pennsylvania,Lancaster,85,Percent of days with PM2.5 levels over the National Ambient Air Quality Standard (NAAQS),1.0552507262800548,False,0.27272680303983005,False
2009-08-23,Pennsylvania,Lancaster,85,Percent of days with PM2.5 levels over the National Ambient Air Quality Standard (NAAQS),1.3737163310796938,False,1.9305779255876918,False
2009-08-24,Pennsylvania,Lancaster,85,Percent of days with PM2.5 levels over the National Ambient Air Quality Standard (NAAQS),1.1040215421713162,False,0.4467219689694549,False
2009-08-25,Pennsylvania,Lancaster,85,Percent of days with PM2.5 levels over the National Ambient Air Quality Standard (NAAQS),0.9931183738640904,False,-0.16078330413366168,False
2009-08-26,Pennsylvania,Lancaster,85,Percent of days with PM2.5 levels over the National Ambient Air Quality Standard (NAAQS),1.1271188109914612,False,0.5567557604617029,False
2009-08-27,Pennsylvania,Lancaster,85,Percent of days with PM2.5 levels over the National Ambient Air Quality Standard (NAAQS),0.9255729756062931,False,-0.5593531250714152,False
2009-08-28,Pennsylvania,Lancaster,85,Percent of days with PM2.5 levels over the National Ambient Air Quality Standard (NAAQS),1.391450053231994,False,1.7973740977596526,False
2009-08-29,Pennsylvania,Lancaster,85,Percent of days with PM2.5 levels over the National Ambient Air Quality Standard (NAAQS),1.0696243257007836,False,0.07377000268910762,False
2009-08-30,Pennsylvania,Lancaster,85,Percent of days with PM2.5 levels over the National Ambient Air Quality Standard (NAAQS),0.7573849444271105,False,-1.5216609685379512,False
2009-08-31,Pennsylvania,Lancaster,85,Percent of days with PM2.5 levels over the National Ambient Air Quality Standard (NAAQS),0.9613970259313576,False,-0.5080141067565819,False
2009-09-01,Pennsylvania,Lancaster,85,Percent of days with PM2.5 levels over the National Ambient Air Quality Standard (NAAQS),0.9335840806105956,False,-0.665394235758878,False
2009-09-02,Pennsylvania,Lancaster,85,Percent of days with PM2.5 levels over the National Ambient Air Quality Standard (NAAQS),0.9394569782402707,False,-0.727556245069827,False
2009-09-03,Pennsylvania,Lancaster,85,Percent of days with PM2.5 levels over the National Ambient Air Quality Standard (NAAQS),0.8611215052797764,False,-1.104318460995428,False
2009-09-04,Pennsylvania,Lancaster,85,Percent of days with PM2.5 levels over the National Ambient Air Quality Standard (NAAQS),1.17041093139005,False,0.6612946309646696,False
2009-09-05,Pennsylvania,Lancaster,85,Percent of days with PM2.5 levels over the National Ambient Air Quality Standard (NAAQS),1.015191525647037,False,-0.25555625649460845,False
2009-09-06,Pennsylvania,Lancaster,85,Percent of days with PM2.5 levels over the National Ambient Air Quality Standard (NAAQS),0.661505397804442,False,-2.0593234170461385,False
2009-09-07,Pennsylvania,Lancaster,85,Percent of days with PM2.5 levels over the National Ambient Air Quality Standard (NAAQS),0.427586502572915,False,-2.7141402256001155,False
2009-09-08,Pennsylvania,Lancaster,85,Percent of days with PM2.5 levels over the National Ambient Air Quality Standard (NAAQS),0.9584482276570244,False,-0.2553505752594391,False
2009-09-09,Pennsylvania,Lancaster,85,Percent of days with PM2.5 levels over the National Ambient Air Quality Standard (NAAQS),0.7611750204704519,False,-1.0945456417784445,False
2009-09-10,Pennsylvania,Lancaster,85,Percent of days with PM2.5 levels over the National Ambient Air Quality Standard (NAAQS),0.9432338020410233,False,-0.20421585701908743,False
2009-09-11,Pennsylvania,Lancaster,85,Percent of days with PM2.5 levels over the National Ambient Air Quality Standard (NAAQS),1.2016855958005268,False,1.0207904135987458,False
2009-09-12,Pennsylvania,Lancaster,85,Percent of days with PM2.5 levels over the National Ambient Air Quality Standard (NAAQS),0.6450580527757211,False,-1.5288242964582406,False
2009-09-13,Pennsylvania,Lancaster,85,Percent of days with PM2.5 levels over the National Ambient Air Quality Standard (NAAQS),1.0594078615074944,False,0.4073581737137181,False
2009-09-14,Pennsylvania,Lancaster,85,Percent of days with PM2.5 levels over the National Ambient Air Quality Standard (NAAQS),1.064817876032796,False,0.4288277473082048,False
2009-09-15,Pennsylvania,Lancaster,85,Percent of days with PM2.5 levels over the National Ambient Air Quality Standard (NAAQS),1.112762542316574,False,0.6049347684587296,False
2009-09-16,Pennsylvania,Lancaster,85,Percent of days with PM2.5 levels over the National Ambient Air Quality Standard (NAAQS),0.9992949795537424,False,0.03953460416004078,False
2009-09-17,Pennsylvania,Lancaster,85,Percent of days with PM2.5 levels over the National Ambient Air Quality Standard (NAAQS),0.9616024174416924,False,-0.10738808476932905,False
2009-09-18,Pennsylvania,Lancaster,85,Percent of days with PM2.5 levels over the National Ambient Air Quality Standard (NAAQS),0.9730929531087218,False,-0.03512850101732993,False
2009-09-19,Pennsylvania,Lancaster,85,Percent of days with PM2.5 levels over the National Ambient Air Quality Standard (NAAQS),1.1406375848516814,False,0.7612461798390836,False
2009-09-20,Pennsylvania,Lancaster,85,Percent of days with PM2.5 levels over the National Ambient Air Quality Standard (NAAQS),0.7148071504699182,False,-1.238227003376828,False
2009-09-21,Pennsylvania,Lancaster,85,Percent of days with PM2.5 levels over the National Ambient Air Quality Standard (NAAQS),1.1249764019292734,False,0.8284598538247441,False
2009-09-22,Pennsylvania,Lancaster,85,Percent of days with PM2.5 levels over the National Ambient Air Quality Standard (NAAQS),1.0467793030957526,False,0.42355106922602226,False
2009-09-23,Pennsylvania,Lancaster,85,Percent of days with PM2.5 levels over the National Ambient Air Quality Standard (NAAQS),0.8275844194714614,False,-0.6274675778752399,False
2009-09-24,Pennsylvania,Lancaster,85,Percent of days with PM2.5 levels over the National Ambient Air Quality Standard (NAAQS),0.8112044092396723,False,-0.6836038901832304,False
2009-09-25,Pennsylvania,Lancaster,85,Percent of days with PM2.5 levels over the National Ambient Air Quality Standard (NAAQS),1.4639992496736662,False,2.4938294143557793,False
2009-09-26,Pennsylvania,Lancaster,85,Percent of days with PM2.5 levels over the National Ambient Air Quality Standard (NAAQS),1.307545148546055,False,1.6163418285285247,False
2009-09-27,Pennsylvania,Lancaster,85,Percent of days with PM2.5 levels over the National Ambient Air Quality Standard (NAAQS),1.1766324340278158,False,0.9400106845699968,False
2009-09-28,Pennsylvania,Lancaster,85,Percent of days with PM2.5 levels over the National Ambient Air Quality Standard (NAAQS),1.019536919209674,False,0.20237632298417962,False
2009-09-29,Pennsylvania,Lancaster,85,Percent of days with PM2.5 levels over the National Ambient Air Quality Standard (NAAQS),0.9941889928074746,False,0.07504312412673116,False
2009-09-30,Pennsylvania,Lancaster,85,Percent of days with PM2.5 levels over the National Ambient Air Quality Standard (NAAQS),0.9683897055814228,False,-0.04929553562154877,False
2009-10-01,Pennsylvania,Lancaster,85,Percent of days with PM2.5 levels over the National Ambient Air Quality Standard (NAAQS),0.9773973367479236,False,-0.026945430378258584,False
2009-10-02,Pennsylvania,Lancaster,85,Percent of days with PM2.5 levels over the National Ambient Air Quality Standard (NAAQS),0.6203811448301714,False,-1.5473218607741723,False
2009-10-03,Pennsylvania,Lancaster,85,Percent of days with PM2.5 levels over the National Ambient Air Quality Standard (NAAQS),0.9264135171391586,False,-0.15317082982254965,False
2009-10-04,Pennsylvania,Lancaster,85,Percent of days with PM2.5 levels over the National Ambient Air Quality Standard (NAAQS),0.9970466650627932,False,0.11552329366066348,False
2009-10-05,Pennsylvania,Lancaster,85,Percent of days with PM2.5 levels over the National Ambient Air Quality Standard (NAAQS),0.9075684487751684,False,-0.44055114317297284,False
2009-10-06,Pennsylvania,Lancaster,85,Percent of days with PM2.5 levels over the National Ambient Air Quality Standard (NAAQS),1.0700822241973658,False,0.41086324215485887,False
2009-10-07,Pennsylvania,Lancaster,85,Percent of days with PM2.5 levels over the National Ambient Air Quality Standard (NAAQS),0.9580281967545154,False,-0.23467870864661025,False
2009-10-08,Pennsylvania,Lancaster,85,Percent of days with PM2.5 levels over the National Ambient Air Quality Standard (NAAQS),0.7556011830448784,False,-1.2766255263001074,False
2009-10-09,Pennsylvania,Lancaster,85,Percent of days with PM2.5 levels over the National Ambient Air Quality Standard (NAAQS),1.046839471280632,False,0.3209982955387563,False
2009-10-10,Pennsylvania,Lancaster,85,Percent of days with PM2.5 levels over the National Ambient Air Quality Standard (NAAQS),1.0045450118989006,False,0.020236401537571832,False
2009-10-11,Pennsylvania,Lancaster,85,Percent of days with PM2.5 levels over the National Ambient Air Quality Standard (NAAQS),1.0628557430014969,False,0.363233510123797,False
2009-10-12,Pennsylvania,Lancaster,85,Percent of days with PM2.5 levels over the National Ambient Air Quality Standard (NAAQS),0.9538723219929824,False,-0.25621102694312314,False
2009-10-13,Pennsylvania,Lancaster,85,Percent of days with PM2.5 levels over the National Ambient Air Quality Standard (NAAQS),0.7456440282655497,False,-1.368710954143223,False
2009-10-14,Pennsylvania,Lancaster,85,Percent of days with PM2.5 levels over the National Ambient Air Quality Standard (NAAQS),1.0622928974097938,False,0.4339176263018241,False
2009-10-15,Pennsylvania,Lancaster,85,Percent of days with PM2.5 levels over the National Ambient Air Quality Standard (NAAQS),1.0733351462549656,False,0.47238871545928723,False
2009-10-16,Pennsylvania,Lancaster,85,Percent of days with PM2.5 levels over the National Ambient Air Quality Standard (NAAQS),0.858221402142382,False,-0.7223339320022052,False
2009-10-17,Pennsylvania,Lancaster,85,Percent of days with PM2.5 levels over the National Ambient Air Quality Standard (NAAQS),1.067123078041646,False,0.47555074775964384,False
2009-10-18,Pennsylvania,Lancaster,85,Percent of days with PM2.5 levels over the National Ambient Air Quality Standard (NAAQS),0.7164973329790576,False,-1.523749664242571,False
2009-10-19,Pennsylvania,Lancaster,85,Percent of days with PM2.5 levels over the National Ambient Air Quality Standard (NAAQS),0.8099237377613738,False,-0.9231643195433786,False
2009-10-20,Pennsylvania,Lancaster,85,Percent of days with PM2.5 levels over the National Ambient Air Quality Standard (NAAQS),1.0580285058199324,False,0.48300745558581387,False
2009-10-21,Pennsylvania,Lancaster,85,Percent of days with PM2.5 levels over the National Ambient Air Quality Standard (NAAQS),1.154845891011275,False,0.961264625099031,False
2009-10-22,Pennsylvania,Lancaster,85,Percent of days with PM2.5 levels over the National Ambient Air Quality Standard (NAAQS),1.2763022238877375,False,1.5115197740485242,False
2009-10-23,Pennsylvania,Lancaster,85,Percent of days with PM2.5 levels over the National Ambient Air Quality Standard (NAAQS),0.8709197748488161,False,-0.6849929675162939,False
2009-10-24,Pennsylvania,Lancaster,85,Percent of days with PM2.5 levels over the National Ambient Air Quality Standard (NAAQS),0.8022563830541679,False,-1.0713958172794866,False
2009-10-25,Pennsylvania,Lancaster,85,Percent of days with PM2.5 levels over the National Ambient Air Quality Standard (NAAQS),0.8876396610305036,False,-0.44581790769407426,False
2009-10-26,Pennsylvania,Lancaster,85,Percent of days with PM2.5 levels over the National Ambient Air Quality Standard (NAAQS),0.5823859218326339,False,-2.226303774528427,False
2009-10-27,Pennsylvania,Lancaster,85,Percent of days with PM2.5 levels over the National Ambient Air Quality Standard (NAAQS),1.0400522773759489,False,0.6411485317132062,False
2009-10-28,Pennsylvania,Lancaster,85,Percent of days with PM2.5 levels over the National Ambient Air Quality Standard (NAAQS),0.9694400105454852,False,0.19875074750619012,False
2009-10-29,Pennsylvania,Lancaster,85,Percent of days with PM2.5 levels over the National Ambient Air Quality Standard (NAAQS),0.8304891169585444,False,-0.6342280030829759,False
2009-10-30,Pennsylvania,Lancaster,85,Percent of days with PM2.5 levels over the National Ambient Air Quality Standard (NAAQS),0.8659088275869442,False,-0.504062378161184,False
2009-10-31,Pennsylvania,Lancaster,85,Percent of days with PM2.5 levels over the National Ambient Air Quality Standard (NAAQS),0.5292276469117654,False,-2.360856495908453,False
2009-11-01,Pennsylvania,Lancaster,85,Percent of days with PM2.5 levels over the National Ambient Air Quality Standard (NAAQS),0.8385209323346344,False,-0.49104944337288114,False
2009-11-02,Pennsylvania,Lancaster,85,Percent of days with PM2.5 levels over the National Ambient Air Quality Standard (NAAQS),1.021659825227743,False,0.5667747593504573,False
2009-11-03,Pennsylvania,Lancaster,85,Percent of days with PM2.5 levels over the National Ambient Air Quality Standard (NAAQS),1.0948835063238518,False,0.9879903413958774,False
2009-11-04,Pennsylvania,Lancaster,85,Percent of days with PM2.5 levels over the National Ambient Air Quality Standard (NAAQS),0.8124910181167858,False,-0.6323538596777922,False
2009-11-05,Pennsylvania,Lancaster,85,Percent of days with PM2.5 levels over the National Ambient Air Quality Standard (NAAQS),0.9594689431601512,False,0.18392635725043308,False
2009-11-06,Pennsylvania,Lancaster,85,Percent of days with PM2.5 levels over the National Ambient Air Quality Standard (NAAQS),0.5943920844956474,False,-1.7812317329273775,False
2009-11-07,Pennsylvania,Lancaster,85,Percent of days with PM2.5 levels over the National Ambient Air Quality Standard (NAAQS),1.030752894659753,False,0.6566706619654396,False
2009-11-08,Pennsylvania,Lancaster,85,Percent of days with PM2.5 levels over the National Ambient Air Quality Standard (NAAQS),0.9449721511597176,False,0.20361792656849362,False
2009-11-09,Pennsylvania,Lancaster,85,Percent of days with PM2.5 levels over the National Ambient Air Quality Standard (NAAQS),0.8662811333915076,False,-0.22396972461073475,False
2009-11-10,Pennsylvania,Lancaster,85,Percent of days with PM2.5 levels over the National Ambient Air Quality Standard (NAAQS),0.978785796863014,False,0.37055365300383175,False
2009-11-11,Pennsylvania,Lancaster,85,Percent of days with PM2.5 levels over the National Ambient Air Quality Standard (NAAQS),1.0120582172407124,False,0.5760732718746436,False
2009-11-12,Pennsylvania,Lancaster,85,Percent of days with PM2.5 levels over the National Ambient Air Quality Standard (NAAQS),1.1436081203267467,False,1.3000595564821662,False
2009-11-13,Pennsylvania,Lancaster,85,Percent of days with PM2.5 levels over the National Ambient Air Quality Standard (NAAQS),0.9631854099913434,False,0.25336627112301097,False
2009-11-14,Pennsylvania,Lancaster,85,Percent of days with PM2.5 levels over the National Ambient Air Quality Standard (NAAQS),0.8553260207849118,False,-0.320977240200867,False
2009-11-15,Pennsylvania,Lancaster,85,Percent of days with PM2.5 levels over the National Ambient Air Quality Standard (NAAQS),1.1085282005284698,False,1.0588961852742498,False
2009-11-16,Pennsylvania,Lancaster,85,Percent of days with PM2.5 levels over the National Ambient Air Quality Standard (NAAQS),1.0751045416226517,False,0.8079477097035401,False
2009-11-17,Pennsylvania,Lancaster,85,Percent of days with PM2.5 levels over the National Ambient Air Quality Standard (NAAQS),0.8899589942651078,False,-0.22381042797250542,False
2009-11-18,Pennsylvania,Lancaster,85,Percent of days with PM2.5 levels over the National Ambient Air Quality Standard (NAAQS),0.9722034344546476,False,0.30058528745224766,False
2009-11-19,Pennsylvania,Lancaster,85,Percent of days with PM2.5 levels over the National Ambient Air Quality Standard (NAAQS),0.9493420691087328,False,0.2565323655910744,False
2009-11-20,Pennsylvania,Lancaster,85,Percent of days with PM2.5 levels over the National Ambient Air Quality Standard (NAAQS),1.2567764938235713,False,2.013569716652479,False
2009-11-21,Pennsylvania,Lancaster,85,Percent of days with PM2.5 levels over the National Ambient Air Quality Standard (NAAQS),1.1092513436381757,False,1.0429029175481683,False
2009-11-22,Pennsylvania,Lancaster,85,Percent of days with PM2.5 levels over the National Ambient Air Quality Standard (NAAQS),0.9401310715082932,False,0.01895335109357763,False
2009-11-23,Pennsylvania,Lancaster,85,Percent of days with PM2.5 levels over the National Ambient Air Quality Standard (NAAQS),0.697078882864182,False,-1.5352426619292239,False
2009-11-24,Pennsylvania,Lancaster,85,Percent of days with PM2.5 levels over the National Ambient Air Quality Standard (NAAQS),0.9791340350652392,False,0.2548071721189295,False
2009-11-25,Pennsylvania,Lancaster,85,Percent of days with PM2.5 levels over the National Ambient Air Quality Standard (NAAQS),0.7751272384949998,False,-0.9753686384984446,False
2009-11-26,Pennsylvania,Lancaster,85,Percent of days with PM2.5 levels over the National Ambient Air Quality Standard (NAAQS),1.1894128239975,False,1.4684535684628894,False
2009-11-27,Pennsylvania,Lancaster,85,Percent of days with PM2.5 levels over the National Ambient Air Quality Standard (NAAQS),1.107796455350925,False,0.9156080386513118,False
2009-11-28,Pennsylvania,Lancaster,85,Percent of days with PM2.5 levels over the National Ambient Air Quality Standard (NAAQS),1.067341795182172,False,0.6405252793691196,False
2009-11-29,Pennsylvania,Lancaster,85,Percent of days with PM2.5 levels over the National Ambient Air Quality Standard (NAAQS),0.8018648143133752,False,-1.1353179808211598,False
2009-11-30,Pennsylvania,Lancaster,85,Percent of days with PM2.5 levels over the National Ambient Air Quality Standard (NAAQS),1.2423852550071828,False,1.6698522353901513,False
2009-12-01,Pennsylvania,Lancaster,85,Percent of days with PM2.5 levels over the National Ambient Air Quality Standard (NAAQS),1.302451091595821,False,1.882181640417396,False
2009-12-02,Pennsylvania,Lancaster,85,Percent of days with PM2.5 levels over the National Ambient Air Quality Standard (NAAQS),0.902029712797268,False,-0.5313882962113833,False
2009-12-03,Pennsylvania,Lancaster,85,Percent of days with PM2.5 levels over the National Ambient Air Quality Standard (NAAQS),0.6852058166307983,False,-1.6855369808840504,False
2009-12-04,Pennsylvania,Lancaster,85,Percent of days with PM2.5 levels over the National Ambient Air Quality Standard (NAAQS),0.8037070783253505,False,-1.1359093000952243,False
2009-12-05,Pennsylvania,Lancaster,85,Percent of days with PM2.5 levels over the National Ambient Air Quality Standard (NAAQS),0.6687661388026761,False,-1.7744881337919165,False
2009-12-06,Pennsylvania,Lancaster,85,Percent of days with PM2.5 levels over the National Ambient Air Quality Standard (NAAQS),0.9581546032588828,False,-0.09799443140410681,False
2009-12-07,Pennsylvania,Lancaster,85,Percent of days with PM2.5 levels over the National Ambient Air Quality Standard (NAAQS),1.1305423912316048,False,0.8427623492907339,False
2009-12-08,Pennsylvania,Lancaster,85,Percent of days with PM2.5 levels over the National Ambient Air Quality Standard (NAAQS),0.6881107161589509,False,-1.569990929659164,False
2009-12-09,Pennsylvania,Lancaster,85,Percent of days with PM2.5 levels over the National Ambient Air Quality Standard (NAAQS),1.2737013345295227,False,1.5222136029060263,False
2009-12-10,Pennsylvania,Lancaster,85,Percent of days with PM2.5 levels over the National Ambient Air Quality Standard (NAAQS),1.079721239829084,False,0.5213111502832555,False
2009-12-11,Pennsylvania,Lancaster,85,Percent of days with PM2.5 levels over the National Ambient Air Quality Standard (NAAQS),1.0016993642355043,False,0.10138075045220393,False
2009-12-12,Pennsylvania,Lancaster,85,Percent of days with PM2.5 levels over the National Ambient Air Quality Standard (NAAQS),0.9377119696762174,False,-0.25450569561710296,False
2009-12-13,Pennsylvania,Lancaster,85,Percent of days with PM2.5 levels over the National Ambient Air Quality Standard (NAAQS),0.9022110952751748,False,-0.4065015752758886,False
2009-12-14,Pennsylvania,Lancaster,85,Percent of days with PM2.5 levels over the National Ambient Air Quality Standard (NAAQS),0.9876869698509888,False,0.06839852759545546,False
2009-12-15,Pennsylvania,Lancaster,85,Percent of days with PM2.5 levels over the National Ambient Air Quality Standard (NAAQS),1.24174783927783,False,1.3268238824506122,False
2009-12-16,Pennsylvania,Lancaster,85,Percent of days with PM2.5 levels over the National Ambient Air Quality Standard (NAAQS),0.8530909005470244,False,-0.6737277473719606,False
2009-12-17,Pennsylvania,Lancaster,85,Percent of days with PM2.5 levels over the National Ambient Air Quality Standard (NAAQS),0.8691821049019763,False,-0.5723561067656536,False
2009-12-18,Pennsylvania,Lancaster,85,Percent of days with PM2.5 levels over the National Ambient Air Quality Standard (NAAQS),1.1509579045108802,False,0.9185252485750738,False
2009-12-19,Pennsylvania,Lancaster,85,Percent of days with PM2.5 levels over the National Ambient Air Quality Standard (NAAQS),0.6331759973639074,False,-1.6440973719479781,False
2009-12-20,Pennsylvania,Lancaster,85,Percent of days with PM2.5 levels over the National Ambient Air Quality Standard (NAAQS),0.5755660504119261,False,-1.7549707210947039,False
2009-12-21,Pennsylvania,Lancaster,85,Percent of days with PM2.5 levels over the National Ambient Air Quality Standard (NAAQS),1.09470122882207,False,0.6455866899531262,False
2009-12-22,Pennsylvania,Lancaster,85,Percent of days with PM2.5 levels over the National Ambient Air Quality Standard (NAAQS),0.9810337569802836,False,0.09710947007868458,False
2009-12-23,Pennsylvania,Lancaster,85,Percent of days with PM2.5 levels over the National Ambient Air Quality Standard (NAAQS),1.265683319812333,False,1.3564885269014446,False
2009-12-24,Pennsylvania,Lancaster,85,Percent of days with PM2.5 levels over the National Ambient Air Quality Standard (NAAQS),0.9408778518437646,False,-0.13794708407609924,False
2009-12-25,Pennsylvania,Lancaster,85,Percent of days with PM2.5 levels over the National Ambient Air Quality Standard (NAAQS),0.8574218835607607,False,-0.4984615781509707,False
2009-12-26,Pennsylvania,Lancaster,85,Percent of days with PM2.5 levels over the National Ambient Air Quality Standard (NAAQS),1.0358711435506598,False,0.37001458657869013,False
2009-12-27,Pennsylvania,Lancaster,85,Percent of days with PM2.5 levels over the National Ambient Air Quality Standard (NAAQS),0.833340755778665,False,-0.6187552058145123,False
2009-12-28,Pennsylvania,Lancaster,85,Percent of days with PM2.5 levels over the National Ambient Air Quality Standard (NAAQS),1.2842065934673137,False,1.5491695294221592,False
2009-12-29,Pennsylvania,Lancaster,85,Percent of days with PM2.5 levels over the National Ambient Air Quality Standard (NAAQS),0.9095299915644952,False,-0.19549395588178256,False
2009-12-30,Pennsylvania,Lancaster,85,Percent of days with PM2.5 levels over the National Ambient Air Quality Standard (NAAQS),1.2356194591062668,False,1.3501983769064707,False
2009-12-31,Pennsylvania,Lancaster,85,Percent of days with PM2.5 levels over the National Ambient Air Quality Standard (NAAQS),1.1951980945482703,False,1.077176224116888,False
2010-01-01,Pennsylvania,Lancaster,85,Percent of days with PM2.5 levels over the National Ambient Air Quality Standard (NAAQS),0.0852979857969991,False,-3.3182424460557374,False
2010-01-02,Pennsylvania,Lancaster,85,Percent of days with PM2.5 levels over the National Ambient Air Quality Standard (NAAQS),0.0307881839910566,False,-2.897576432640467,False
2010-01-03,Pennsylvania,Lancaster,85,Percent of days with PM2.5 levels over the National Ambient Air Quality Standard (NAAQS),0.198797163195324,False,-2.073246987854072,False
2010-01-04,Pennsylvania,Lancaster,85,Percent of days with PM2.5 levels over the National Ambient Air Quality Standard (NAAQS),0.0936002618507881,False,-2.092258505450075,False
2010-01-05,Pennsylvania,Lancaster,85,Percent of days with PM2.5 levels over the National Ambient Air Quality Standard (NAAQS),0.2094146691817611,False,-1.6466997034470685,False
2010-01-06,Pennsylvania,Lancaster,85,Percent of days with PM2.5 levels over the National Ambient Air Quality Standard (NAAQS),0.1600356858036032,False,-1.622537640084511,False
2010-01-07,Pennsylvania,Lancaster,85,Percent of days with PM2.5 levels over the National Ambient Air Quality Standard (NAAQS),0.11458654926877,False,-1.5826525211799418,False
2010-01-08,Pennsylvania,Lancaster,85,Percent of days with PM2.5 levels over the National Ambient Air Quality Standard (NAAQS),0.2631066534986787,False,-1.1401714517991826,False
2010-01-09,Pennsylvania,Lancaster,85,Percent of days with PM2.5 levels over the National Ambient Air Quality Standard (NAAQS),0.2074825995622276,False,-1.1813258760080738,False
2010-01-10,Pennsylvania,Lancaster,85,Percent of days with PM2.5 levels over the National Ambient Air Quality Standard (NAAQS),0.102583472875104,False,-1.3151788513279157,False
2010-01-11,Pennsylvania,Lancaster,85,Percent of days with PM2.5 levels over the National Ambient Air Quality Standard (NAAQS),0.1916568286091103,False,-1.040044025352076,False
2010-01-12,Pennsylvania,Lancaster,85,Percent of days with PM2.5 levels over the National Ambient Air Quality Standard (NAAQS),0.1674232340643034,False,-1.0206093175557942,False
2010-01-13,Pennsylvania,Lancaster,85,Percent of days with PM2.5 levels over the National Ambient Air Quality Standard (NAAQS),0.1539298564797218,False,-0.981313252496835,False
2010-01-14,Pennsylvania,Lancaster,85,Percent of days with PM2.5 levels over the National Ambient Air Quality Standard (NAAQS),0.1507423309360984,False,-0.9227991744317757,False
2010-01-15,Pennsylvania,Lancaster,85,Percent of days with PM2.5 levels over the National Ambient Air Quality Standard (NAAQS),0.1517980901498846,False,-0.8571180253812205,False
2010-01-16,Pennsylvania,Lancaster,85,Percent of days with PM2.5 levels over the National Ambient Air Quality Standard (NAAQS),0.1597753093448942,False,-0.7930864487207799,False
2010-01-17,Pennsylvania,Lancaster,85,Percent of days with PM2.5 levels over the National Ambient Air Quality Standard (NAAQS),0.1398746447310096,False,-0.7930047554757591,False
2010-01-18,Pennsylvania,Lancaster,85,Percent of days with PM2.5 levels over the National Ambient Air Quality Standard (NAAQS),0.1507605579851786,False,-0.7122844443436063,False
2010-01-19,Pennsylvania,Lancaster,85,Percent of days with PM2.5 levels over the National Ambient Air Quality Standard (NAAQS),0.1202469958888808,False,-0.722150716879988,False
2010-01-20,Pennsylvania,Lancaster,85,Percent of days with PM2.5 levels over the National Ambient Air Quality Standard (NAAQS),0.0936830503947405,False,-0.7299418368751233,False
2010-01-21,Pennsylvania,Lancaster,85,Percent of days with PM2.5 levels over the National Ambient Air Quality Standard (NAAQS),0.114987779185331,False,-0.6248092611400724,False
2010-01-22,Pennsylvania,Lancaster,85,Percent of days with PM2.5 levels over the National Ambient Air Quality Standard (NAAQS),0.1554434313725413,False,-0.47632281270421606,False
2010-01-23,Pennsylvania,Lancaster,85,Percent of days with PM2.5 levels over the National Ambient Air Quality Standard (NAAQS),0.1227710919778181,False,-0.5034576667953385,False
2010-01-24,Pennsylvania,Lancaster,85,Percent of days with PM2.5 levels over the National Ambient Air Quality Standard (NAAQS),0.2033122045952084,False,-0.24094140870102718,False
2010-01-25,Pennsylvania,Lancaster,85,Percent of days with PM2.5 levels over the National Ambient Air Quality Standard (NAAQS),0.1468574654083404,False,-0.3344444384307397,False
2010-01-26,Pennsylvania,Lancaster,85,Percent of days with PM2.5 levels over the National Ambient Air Quality Standard (NAAQS),0.1441121291682698,False,-0.28030356264993445,False
2010-01-27,Pennsylvania,Lancaster,85,Percent of days with PM2.5 levels over the National Ambient Air Quality Standard (NAAQS),0.1208210852618563,False,-0.309759628298268,False
2010-01-28,Pennsylvania,Lancaster,85,Percent of days with PM2.5 levels over the National Ambient Air Quality Standard (NAAQS),0.1207006349571201,False,-0.5285691271043336,False
2010-01-29,Pennsylvania,Lancaster,85,Percent of days with PM2.5 levels over the National Ambient Air Quality Standard (NAAQS),0.1668032261301301,False,0.40294286368549437,False
2010-01-30,Pennsylvania,Lancaster,85,Percent of days with PM2.5 levels over the National Ambient Air Quality Standard (NAAQS),0.1442660620887862,False,-0.20877451619864837,False
2010-01-31,Pennsylvania,Lancaster,85,Percent of days with PM2.5 levels over the National Ambient Air Quality Standard (NAAQS),0.1701854119803029,False,0.4865382253569731,False
2010-02-01,Pennsylvania,Lancaster,85,Percent of days with PM2.5 levels over the National Ambient Air Quality Standard (NAAQS),0.0944049728786666,False,-1.4852194696141567,False
2010-02-02,Pennsylvania,Lancaster,85,Percent of days with PM2.5 levels over the National Ambient Air Quality Standard (NAAQS),0.1576384640631303,False,0.21754561885119633,False
2010-02-03,Pennsylvania,Lancaster,85,Percent of days with PM2.5 levels over the National Ambient Air Quality Standard (NAAQS),0.1635592336188471,False,0.3747701874140512,False
2010-02-04,Pennsylvania,Lancaster,85,Percent of days with PM2.5 levels over the National Ambient Air Quality Standard (NAAQS),0.1539001047051595,False,0.07545441188815823,False
2010-02-05,Pennsylvania,Lancaster,85,Percent of days with PM2.5 levels over the National Ambient Air Quality Standard (NAAQS),0.1162177785573236,False,-1.013334752512135,False
2010-02-06,Pennsylvania,Lancaster,85,Percent of days with PM2.5 levels over the National Ambient Air Quality Standard (NAAQS),0.132933212497421,False,-0.38551416197195093,False
2010-02-07,Pennsylvania,Lancaster,85,Percent of days with PM2.5 levels over the National Ambient Air Quality Standard (NAAQS),0.1534784916243689,False,0.32753789962614155,False
2010-02-08,Pennsylvania,Lancaster,85,Percent of days with PM2.5 levels over the National Ambient Air Quality Standard (NAAQS),0.1233580173656815,False,-0.7951384014549225,False
2010-02-09,Pennsylvania,Lancaster,85,Percent of days with PM2.5 levels over the National Ambient Air Quality Standard (NAAQS),0.112741767862663,False,-1.1461175278349025,False
2010-02-10,Pennsylvania,Lancaster,85,Percent of days with PM2.5 levels over the National Ambient Air Quality Standard (NAAQS),0.1660203199439116,False,1.006743253981827,False
2010-02-11,Pennsylvania,Lancaster,85,Percent of days with PM2.5 levels over the National Ambient Air Quality Standard (NAAQS),0.1137875929942942,False,-1.0330383905823584,False
2010-02-12,Pennsylvania,Lancaster,85,Percent of days with PM2.5 levels over the National Ambient Air Quality Standard (NAAQS),0.0905700347315091,False,-1.7610908667113967,False
2010-02-13,Pennsylvania,Lancaster,85,Percent of days with PM2.5 levels over the National Ambient Air Quality Standard (NAAQS),0.1654843114363383,False,1.0280904357099896,False
2010-02-14,Pennsylvania,Lancaster,85,Percent of days with PM2.5 levels over the National Ambient Air Quality Standard (NAAQS),0.0202653034540818,False,-3.2474154319487725,False
2010-02-15,Pennsylvania,Lancaster,85,Percent of days with PM2.5 levels over the National Ambient Air Quality Standard (NAAQS),0.1264667770104971,False,-0.17881825361486162,False
2010-02-16,Pennsylvania,Lancaster,85,Percent of days with PM2.5 levels over the National Ambient Air Quality Standard (NAAQS),0.1373301892897162,False,0.11657023911307407,False
2010-02-17,Pennsylvania,Lancaster,85,Percent of days with PM2.5 levels over the National Ambient Air Quality Standard (NAAQS),0.1937463955284738,False,1.5989043917624526,False
2010-02-18,Pennsylvania,Lancaster,85,Percent of days with PM2.5 levels over the National Ambient Air Quality Standard (NAAQS),0.1178659899654007,False,-0.5377940654390856,False
2010-02-19,Pennsylvania,Lancaster,85,Percent of days with PM2.5 levels over the National Ambient Air Quality Standard (NAAQS),0.1274622434112386,False,-0.24044066137377446,False
2010-02-20,Pennsylvania,Lancaster,85,Percent of days with PM2.5 levels over the National Ambient Air Quality Standard (NAAQS),0.1992465127773472,False,1.626910670529314,False
2010-02-21,Pennsylvania,Lancaster,85,Percent of days with PM2.5 levels over the National Ambient Air Quality Standard (NAAQS),0.1504567270311032,False,0.388812032298528,False
2010-02-22,Pennsylvania,Lancaster,85,Percent of days with PM2.5 levels over the National Ambient Air Quality Standard (NAAQS),0.1509766479000816,False,0.3988398478601547,False
2010-02-23,Pennsylvania,Lancaster,85,Percent of days with PM2.5 levels over the National Ambient Air Quality Standard (NAAQS),0.176891091439733,False,1.078706765431975,False
2010-02-24,Pennsylvania,Lancaster,85,Percent of days with PM2.5 levels over the National Ambient Air Quality Standard (NAAQS),0.100996803716226,False,-0.9984444279964657,False
2010-02-25,Pennsylvania,Lancaster,85,Percent of days with PM2.5 levels over the National Ambient Air Quality Standard (NAAQS),0.1044876425652439,False,-0.8772202247636753,False
2010-02-26,Pennsylvania,Lancaster,85,Percent of days with PM2.5 levels over the National Ambient Air Quality Standard (NAAQS),0.1591469579029477,False,0.6156033722768527,False
2010-02-27,Pennsylvania,Lancaster,85,Percent of days with PM2.5 levels over the National Ambient Air Quality Standard (NAAQS),0.0930784895206956,False,-1.109581819472106,False
2010-02-28,Pennsylvania,Lancaster,85,Percent of days with PM2.5 levels over the National Ambient Air Quality Standard (NAAQS),0.1809246140372887,False,1.2061305492099208,False
2010-03-01,Pennsylvania,Lancaster,85,Percent of days with PM2.5 levels over the National Ambient Air Quality Standard (NAAQS),0.1581435095340899,False,0.5554316427190379,False
2010-03-02,Pennsylvania,Lancaster,85,Percent of days with PM2.5 levels over the National Ambient Air Quality Standard (NAAQS),0.146594613917837,False,0.2579007907575445,False
2010-03-03,Pennsylvania,Lancaster,85,Percent of days with PM2.5 levels over the National Ambient Air Quality Standard (NAAQS),0.1395861850832702,False,0.0933523268216729,False
2010-03-04,Pennsylvania,Lancaster,85,Percent of days with PM2.5 levels over the National Ambient Air Quality Standard (NAAQS),0.1221319790604387,False,-0.3505595410475427,False
2010-03-05,Pennsylvania,Lancaster,85,Percent of days with PM2.5 levels over the National Ambient Air Quality Standard (NAAQS),0.0824273319758697,False,-1.3548446144121882,False
2010-03-06,Pennsylvania,Lancaster,85,Percent of days with PM2.5 levels over the National Ambient Air Quality Standard (NAAQS),0.173668829548229,False,0.9933898225075218,False
2010-03-07,Pennsylvania,Lancaster,85,Percent of days with PM2.5 levels over the National Ambient Air Quality Standard (NAAQS),0.1328540989881717,False,-0.0434117595003043,False
2010-03-08,Pennsylvania,Lancaster,85,Percent of days with PM2.5 levels over the National Ambient Air Quality Standard (NAAQS),0.1604500463969244,False,0.6350412149351947,False
2010-03-09,Pennsylvania,Lancaster,85,Percent of days with PM2.5 levels over the National Ambient Air Quality Standard (NAAQS),0.0799217101830478,False,-1.3709443332594689,False
2010-03-10,Pennsylvania,Lancaster,85,Percent of days with PM2.5 levels over the National Ambient Air Quality Standard (NAAQS),0.17742761136625,False,1.0499368775925115,False
2010-03-11,Pennsylvania,Lancaster,85,Percent of days with PM2.5 levels over the National Ambient Air Quality Standard (NAAQS),0.1978726304604526,False,1.430656400746068,False
2010-03-12,Pennsylvania,Lancaster,85,Percent of days with PM2.5 levels over the National Ambient Air Quality Standard (NAAQS),0.1285461889504753,False,-0.2671659877883063,False
2010-03-13,Pennsylvania,Lancaster,85,Percent of days with PM2.5 levels over the National Ambient Air Quality Standard (NAAQS),0.109308709766746,False,-0.6886726231991285,False
2010-03-14,Pennsylvania,Lancaster,85,Percent of days with PM2.5 levels over the National Ambient Air Quality Standard (NAAQS),0.1669487421737648,False,0.7115024092591672,False
2010-03-15,Pennsylvania,Lancaster,85,Percent of days with PM2.5 levels over the National Ambient Air Quality Standard (NAAQS),0.0949725897418208,False,-1.3244042491031438,False
2010-03-16,Pennsylvania,Lancaster,85,Percent of days with PM2.5 levels over the National Ambient Air Quality Standard (NAAQS),0.1129232440819749,False,-0.7801640586372155,False
2010-03-17,Pennsylvania,Lancaster,85,Percent of days with PM2.5 levels over the National Ambient Air Quality Standard (NAAQS),0.121553934759412,False,-0.48416554627134417,False
2010-03-18,Pennsylvania,Lancaster,85,Percent of days with PM2.5 levels over the National Ambient Air Quality Standard (NAAQS),0.1475674983735299,False,0.24727285941167915,False
2010-03-19,Pennsylvania,Lancaster,85,Percent of days with PM2.5 levels over the National Ambient Air Quality Standard (NAAQS),0.1623239898128873,False,0.6411548733607106,False
2010-03-20,Pennsylvania,Lancaster,85,Percent of days with PM2.5 levels over the National Ambient Air Quality Standard (NAAQS),0.1782590934120496,False,1.1677538664485527,False
2010-03-21,Pennsylvania,Lancaster,85,Percent of days with PM2.5 levels over the National Ambient Air Quality Standard (NAAQS),0.1771625987273955,False,1.0827673305462742,False
2010-03-22,Pennsylvania,Lancaster,85,Percent of days with PM2.5 levels over the National Ambient Air Quality Standard (NAAQS),0.1441755038203636,False,0.11292627359861439,False
2010-03-23,Pennsylvania,Lancaster,85,Percent of days with PM2.5 levels over the National Ambient Air Quality Standard (NAAQS),0.1460736538084062,False,0.20644555327570477,False
2010-03-24,Pennsylvania,Lancaster,85,Percent of days with PM2.5 levels over the National Ambient Air Quality Standard (NAAQS),0.2388987273361736,False,2.5542826122871385,False
2010-03-25,Pennsylvania,Lancaster,85,Percent of days with PM2.5 levels over the National Ambient Air Quality Standard (NAAQS),0.0956690217615342,False,-1.2869004810218247,False
2010-03-26,Pennsylvania,Lancaster,85,Percent of days with PM2.5 levels over the National Ambient Air Quality Standard (NAAQS),0.0605470103168914,False,-1.971317562606019,False
2010-03-27,Pennsylvania,Lancaster,85,Percent of days with PM2.5 levels over the National Ambient Air Quality Standard (NAAQS),0.0281096799863525,False,-2.4474400580012556,False
2010-03-28,Pennsylvania,Lancaster,85,Percent of days with PM2.5 levels over the National Ambient Air Quality Standard (NAAQS),0.0239530627091224,False,-2.2148920341221374,False
2010-03-29,Pennsylvania,Lancaster,85,Percent of days with PM2.5 levels over the National Ambient Air Quality Standard (NAAQS),0.1412383292638269,False,0.19303855222491054,False
2010-03-30,Pennsylvania,Lancaster,85,Percent of days with PM2.5 levels over the National Ambient Air Quality Standard (NAAQS),0.1402645984932353,False,0.17790819708406522,False
2010-03-31,Pennsylvania,Lancaster,85,Percent of days with PM2.5 levels over the National Ambient Air Quality Standard (NAAQS),0.1780262046743156,False,0.9107947702284843,False
2010-04-01,Pennsylvania,Lancaster,85,Percent of days with PM2.5 levels over the National Ambient Air Quality Standard (NAAQS),0.1225441327300874,False,-0.21117040128266626,False
2010-04-02,Pennsylvania,Lancaster,85,Percent of days with PM2.5 levels over the National Ambient Air Quality Standard (NAAQS),0.2263585291887954,False,1.7148181238977802,False
2010-04-03,Pennsylvania,Lancaster,85,Percent of days with PM2.5 levels over the National Ambient Air Quality Standard (NAAQS),0.2240090496786973,False,1.5694346908729768,False
2010-04-04,Pennsylvania,Lancaster,85,Percent of days with PM2.5 levels over the National Ambient Air Quality Standard (NAAQS),0.1113451542474286,False,-0.5166648113938519,False
2010-04-05,Pennsylvania,Lancaster,85,Percent of days with PM2.5 levels over the National Ambient Air Quality Standard (NAAQS),0.2128594040662927,False,1.2945175838002254,False
2010-04-06,Pennsylvania,Lancaster,85,Percent of days with PM2.5 levels over the National Ambient Air Quality Standard (NAAQS),0.0955759407576301,False,-0.8377689213186318,False
2010-04-07,Pennsylvania,Lancaster,85,Percent of days with PM2.5 levels over the National Ambient Air Quality Standard (NAAQS),0.168753501652967,False,0.5019010369725684,False
2010-04-08,Pennsylvania,Lancaster,85,Percent of days with PM2.5 levels over the National Ambient Air Quality Standard (NAAQS),0.2406971503133777,False,1.7193504600426146,False
2010-04-09,Pennsylvania,Lancaster,85,Percent of days with PM2.5 levels over the National Ambient Air Quality Standard (NAAQS),0.1720417963611558,False,0.48455415138651803,False
2010-04-10,Pennsylvania,Lancaster,85,Percent of days with PM2.5 levels over the National Ambient Air Quality Standard (NAAQS),0.1116045488472491,False,-0.5754206494197548,False
2010-04-11,Pennsylvania,Lancaster,85,Percent of days with PM2.5 levels over the National Ambient Air Quality Standard (NAAQS),0.140214168539471,False,-0.057568174250318016,False
2010-04-12,Pennsylvania,Lancaster,85,Percent of days with PM2.5 levels over the National Ambient Air Quality Standard (NAAQS),0.1013068511802845,False,-0.7477367238093512,False
2010-04-13,Pennsylvania,Lancaster,85,Percent of days with PM2.5 levels over the National Ambient Air Quality Standard (NAAQS),0.1477560616495111,False,0.04957169833466237,False
2010-04-14,Pennsylvania,Lancaster,85,Percent of days with PM2.5 levels over the National Ambient Air Quality Standard (NAAQS),0.1977882810359991,False,0.8780823985601607,False
2010-04-15,Pennsylvania,Lancaster,85,Percent of days with PM2.5 levels over the National Ambient Air Quality Standard (NAAQS),0.1509266567351083,False,0.05473894485814723,False
2010-04-16,Pennsylvania,Lancaster,85,Percent of days with PM2.5 levels over the National Ambient Air Quality Standard (NAAQS),0.1468647181087905,False,-0.006774664526194801,False
2010-04-17,Pennsylvania,Lancaster,85,Percent of days with PM2.5 levels over the National Ambient Air Quality Standard (NAAQS),0.1833216236061124,False,0.6284972173442346,False
2010-04-18,Pennsylvania,Lancaster,85,Percent of days with PM2.5 levels over the National Ambient Air Quality Standard (NAAQS),0.2040310793422277,False,0.9619029925260922,False
2010-04-19,Pennsylvania,Lancaster,85,Percent of days with PM2.5 levels over the National Ambient Air Quality Standard (NAAQS),0.2200190235563384,False,1.1603749919444595,False
2010-04-20,Pennsylvania,Lancaster,85,Percent of days with PM2.5 levels over the National Ambient Air Quality Standard (NAAQS),0.1896844565129398,False,0.6188974365603372,False
2010-04-21,Pennsylvania,Lancaster,85,Percent of days with PM2.5 levels over the National Ambient Air Quality Standard (NAAQS),0.1970534844003603,False,0.7899798511827172,False
2010-04-22,Pennsylvania,Lancaster,85,Percent of days with PM2.5 levels over the National Ambient Air Quality Standard (NAAQS),0.1564044866510152,False,0.05383837408474481,False
2010-04-23,Pennsylvania,Lancaster,85,Percent of days with PM2.5 levels over the National Ambient Air Quality Standard (NAAQS),0.122808280647076,False,-0.6011856062793258,False
2010-04-24,Pennsylvania,Lancaster,85,Percent of days with PM2.5 levels over the National Ambient Air Quality Standard (NAAQS),0.1570780214699336,False,-0.06369830935955685,False
2010-04-25,Pennsylvania,Lancaster,85,Percent of days with PM2.5 levels over the National Ambient Air Quality Standard (NAAQS),0.2090712337806858,False,1.0259480514541468,False
2010-04-26,Pennsylvania,Lancaster,85,Percent of days with PM2.5 levels over the National Ambient Air Quality Standard (NAAQS),0.1487962404381725,False,-0.4441828536818569,False
2010-04-27,Pennsylvania,Lancaster,85,Percent of days with PM2.5 levels over the National Ambient Air Quality Standard (NAAQS),0.1002142471392497,False,-1.531175277370627,False
2010-04-28,Pennsylvania,Lancaster,85,Percent of days with PM2.5 levels over the National Ambient Air Quality Standard (NAAQS),0.1241549495215601,False,-0.9121750498794514,False
2010-04-29,Pennsylvania,Lancaster,85,Percent of days with PM2.5 levels over the National Ambient Air Quality Standard (NAAQS),0.0651885713591843,False,-2.0702104568825104,False
2010-04-30,Pennsylvania,Lancaster,85,Percent of days with PM2.5 levels over the National Ambient Air Quality Standard (NAAQS),0.111807093475007,False,-1.0005237323740603,False
2010-05-01,Pennsylvania,Lancaster,85,Percent of days with PM2.5 levels over the National Ambient Air Quality Standard (NAAQS),0.2161965112661691,False,1.3002411543911485,False
2010-05-02,Pennsylvania,Lancaster,85,Percent of days with PM2.5 levels over the National Ambient Air Quality Standard (NAAQS),0.1567377679306175,False,-0.04848218712859025,False
2010-05-03,Pennsylvania,Lancaster,85,Percent of days with PM2.5 levels over the National Ambient Air Quality Standard (NAAQS),0.128875952700158,False,-0.6215570075775363,False
2010-05-04,Pennsylvania,Lancaster,85,Percent of days with PM2.5 levels over the National Ambient Air Quality Standard (NAAQS),0.1618050526235108,False,0.08481089120462881,False
2010-05-05,Pennsylvania,Lancaster,85,Percent of days with PM2.5 levels over the National Ambient Air Quality Standard (NAAQS),0.1553318336596186,False,-0.05853904660595448,False
2010-05-06,Pennsylvania,Lancaster,85,Percent of days with PM2.5 levels over the National Ambient Air Quality Standard (NAAQS),0.1538482565559371,False,-0.021505437617826497,False
2010-05-07,Pennsylvania,Lancaster,85,Percent of days with PM2.5 levels over the National Ambient Air Quality Standard (NAAQS),0.1504423794934085,False,-0.09028090750065804,False
2010-05-08,Pennsylvania,Lancaster,85,Percent of days with PM2.5 levels over the National Ambient Air Quality Standard (NAAQS),0.0880333001096317,False,-1.644096578875092,False
2010-05-09,Pennsylvania,Lancaster,85,Percent of days with PM2.5 levels over the National Ambient Air Quality Standard (NAAQS),0.13311060209654,False,-0.49666773266396214,False
2010-05-10,Pennsylvania,Lancaster,85,Percent of days with PM2.5 levels over the National Ambient Air Quality Standard (NAAQS),0.1077709793956328,False,-1.149885497566169,False
2010-05-11,Pennsylvania,Lancaster,85,Percent of days with PM2.5 levels over the National Ambient Air Quality Standard (NAAQS),0.0909697419122032,False,-1.4617257330884121,False
2010-05-12,Pennsylvania,Lancaster,85,Percent of days with PM2.5 levels over the National Ambient Air Quality Standard (NAAQS),0.064371993625397,False,-1.8980794450105283,False
2010-05-13,Pennsylvania,Lancaster,85,Percent of days with PM2.5 levels over the National Ambient Air Quality Standard (NAAQS),0.1147538927774089,False,-0.6937999894678556,False
2010-05-14,Pennsylvania,Lancaster,85,Percent of days with PM2.5 levels over the National Ambient Air Quality Standard (NAAQS),0.1495867789825016,False,0.10414769595317552,False
2010-05-15,Pennsylvania,Lancaster,85,Percent of days with PM2.5 levels over the National Ambient Air Quality Standard (NAAQS),0.1248453986866557,False,-0.4210331640909214,False
2010-05-16,Pennsylvania,Lancaster,85,Percent of days with PM2.5 levels over the National Ambient Air Quality Standard (NAAQS),0.1115716454447668,False,-0.6736114300575485,False
2010-05-17,Pennsylvania,Lancaster,85,Percent of days with PM2.5 levels over the National Ambient Air Quality Standard (NAAQS),0.0850023136267144,False,-1.2512871188226993,False
2010-05-18,Pennsylvania,Lancaster,85,Percent of days with PM2.5 levels over the National Ambient Air Quality Standard (NAAQS),0.086058662968201,False,-1.1454556150931745,False
2010-05-19,Pennsylvania,Lancaster,85,Percent of days with PM2.5 levels over the National Ambient Air Quality Standard (NAAQS),0.1444627213114009,False,0.40762237004934304,False
2010-05-20,Pennsylvania,Lancaster,85,Percent of days with PM2.5 levels over the National Ambient Air Quality Standard (NAAQS),0.1914569917698428,False,1.570840158899621,False
2010-05-21,Pennsylvania,Lancaster,85,Percent of days with PM2.5 levels over the National Ambient Air Quality Standard (NAAQS),0.1186320521499542,False,-0.3020734412389151,False
2010-05-22,Pennsylvania,Lancaster,85,Percent of days with PM2.5 levels over the National Ambient Air Quality Standard (NAAQS),0.0978551818967545,False,-0.780515110432918,False
2010-05-23,Pennsylvania,Lancaster,85,Percent of days with PM2.5 levels over the National Ambient Air Quality Standard (NAAQS),0.1473614646455243,False,0.5951653180845842,False
2010-05-24,Pennsylvania,Lancaster,85,Percent of days with PM2.5 levels over the National Ambient Air Quality Standard (NAAQS),0.1270233137853669,False,0.049424163457850334,False
2010-05-25,Pennsylvania,Lancaster,85,Percent of days with PM2.5 levels over the National Ambient Air Quality Standard (NAAQS),0.1804191267221126,False,1.4262671306397194,False
2010-05-26,Pennsylvania,Lancaster,85,Percent of days with PM2.5 levels over the National Ambient Air Quality Standard (NAAQS),0.1353450214038319,False,0.18578943408593837,False
2010-05-27,Pennsylvania,Lancaster,85,Percent of days with PM2.5 levels over the National Ambient Air Quality Standard (NAAQS),0.1480245916944833,False,0.4770193648261378,False
2010-05-28,Pennsylvania,Lancaster,85,Percent of days with PM2.5 levels over the National Ambient Air Quality Standard (NAAQS),0.1621595965131544,False,0.8270384668392055,False
2010-05-29,Pennsylvania,Lancaster,85,Percent of days with PM2.5 levels over the National Ambient Air Quality Standard (NAAQS),0.1662622473055143,False,1.0985410639048983,False
2010-05-30,Pennsylvania,Lancaster,85,Percent of days with PM2.5 levels over the National Ambient Air Quality Standard (NAAQS),0.1334510048400606,False,0.08889260219141809,False
2010-05-31,Pennsylvania,Lancaster,85,Percent of days with PM2.5 levels over the National Ambient Air Quality Standard (NAAQS),0.1907558272059879,False,1.7406309301091738,False
2010-06-01,Pennsylvania,Lancaster,85,Percent of days with PM2.5 levels over the National Ambient Air Quality Standard (NAAQS),0.1564233913353733,False,0.7172215042084403,False
2010-06-02,Pennsylvania,Lancaster,85,Percent of days with PM2.5 levels over the National Ambient Air Quality Standard (NAAQS),0.1531180068280784,False,0.6207244431681559,False
2010-06-03,Pennsylvania,Lancaster,85,Percent of days with PM2.5 levels over the National Ambient Air Quality Standard (NAAQS),0.1654536162011815,False,0.9713584014965263,False
2010-06-04,Pennsylvania,Lancaster,85,Percent of days with PM2.5 levels over the National Ambient Air Quality Standard (NAAQS),0.0999056069919872,False,-0.927272798498479,False
2010-06-05,Pennsylvania,Lancaster,85,Percent of days with PM2.5 levels over the National Ambient Air Quality Standard (NAAQS),0.1406847860367615,False,0.23171721728353792,False
2010-06-06,Pennsylvania,Lancaster,85,Percent of days with PM2.5 levels over the National Ambient Air Quality Standard (NAAQS),0.2191790525028003,False,2.271140494543519,False
2010-06-07,Pennsylvania,Lancaster,85,Percent of days with PM2.5 levels over the National Ambient Air Quality Standard (NAAQS),0.1296355065254711,False,-0.20250889638592906,False
2010-06-08,Pennsylvania,Lancaster,85,Percent of days with PM2.5 levels over the National Ambient Air Quality Standard (NAAQS),0.1159247445428207,False,-0.62155613994926,False
2010-06-09,Pennsylvania,Lancaster,85,Percent of days with PM2.5 levels over the National Ambient Air Quality Standard (NAAQS),0.1910175826467424,False,1.448741456510201,False
2010-06-10,Pennsylvania,Lancaster,85,Percent of days with PM2.5 levels over the National Ambient Air Quality Standard (NAAQS),0.2242332768222777,False,2.1361780100542793,False
2010-06-11,Pennsylvania,Lancaster,85,Percent of days with PM2.5 levels over the National Ambient Air Quality Standard (NAAQS),0.1002257121315695,False,-1.1809748121356798,False
2010-06-12,Pennsylvania,Lancaster,85,Percent of days with PM2.5 levels over the National Ambient Air Quality Standard (NAAQS),0.1984228093475954,False,1.3272124435735562,False
2010-06-13,Pennsylvania,Lancaster,85,Percent of days with PM2.5 levels over the National Ambient Air Quality Standard (NAAQS),0.1735830295428263,False,0.6325119875684657,False
2010-06-14,Pennsylvania,Lancaster,85,Percent of days with PM2.5 levels over the National Ambient Air Quality Standard (NAAQS),0.1946002562286974,False,1.1152340349552352,False
2010-06-15,Pennsylvania,Lancaster,85,Percent of days with PM2.5 levels over the National Ambient Air Quality Standard (NAAQS),0.1210760134129208,False,-0.9488878796895481,False
2010-06-16,Pennsylvania,Lancaster,85,Percent of days with PM2.5 levels over the National Ambient Air Quality Standard (NAAQS),0.0939471082949709,False,-1.5870929813582908,False
2010-06-17,Pennsylvania,Lancaster,85,Percent of days with PM2.5 levels over the National Ambient Air Quality Standard (NAAQS),0.123532434641095,False,-0.7307471750558101,False
2010-06-18,Pennsylvania,Lancaster,85,Percent of days with PM2.5 levels over the National Ambient Air Quality Standard (NAAQS),0.214367419248093,False,1.5961175342639562,False
2010-06-19,Pennsylvania,Lancaster,85,Percent of days with PM2.5 levels over the National Ambient Air Quality Standard (NAAQS),0.172437144530273,False,0.439682746311268,False
2010-06-20,Pennsylvania,Lancaster,85,Percent of days with PM2.5 levels over the National Ambient Air Quality Standard (NAAQS),0.1311379562110539,False,-0.6700845326399305,False
2010-06-21,Pennsylvania,Lancaster,85,Percent of days with PM2.5 levels over the National Ambient Air Quality Standard (NAAQS),0.156593713526837,False,-0.007161735927985793,False
2010-06-22,Pennsylvania,Lancaster,85,Percent of days with PM2.5 levels over the National Ambient Air Quality Standard (NAAQS),0.157703523546794,False,0.046034105230090605,False
2010-06-23,Pennsylvania,Lancaster,85,Percent of days with PM2.5 levels over the National Ambient Air Quality Standard (NAAQS),0.110961314877323,False,-1.1988547225397612,False
2010-06-24,Pennsylvania,Lancaster,85,Percent of days with PM2.5 levels over the National Ambient Air Quality Standard (NAAQS),0.1782293158033148,False,0.5923853848721923,False
2010-06-25,Pennsylvania,Lancaster,85,Percent of days with PM2.5 levels over the National Ambient Air Quality Standard (NAAQS),0.2108833458453592,False,1.3736434360138858,False
2010-06-26,Pennsylvania,Lancaster,85,Percent of days with PM2.5 levels over the National Ambient Air Quality Standard (NAAQS),0.116634553897791,False,-1.0086250672248558,False
2010-06-27,Pennsylvania,Lancaster,85,Percent of days with PM2.5 levels over the National Ambient Air Quality Standard (NAAQS),0.1486124264418283,False,-0.20878501878963238,False
2010-06-28,Pennsylvania,Lancaster,85,Percent of days with PM2.5 levels over the National Ambient Air Quality Standard (NAAQS),0.1756634879471451,False,0.5031833453022453,False
2010-06-29,Pennsylvania,Lancaster,85,Percent of days with PM2.5 levels over the National Ambient Air Quality Standard (NAAQS),0.2130767926551507,False,1.3672052482095942,False
2010-06-30,Pennsylvania,Lancaster,85,Percent of days with PM2.5 levels over the National Ambient Air Quality Standard (NAAQS),0.05737738519283,False,-2.194312386942487,False
2010-07-01,Pennsylvania,Lancaster,85,Percent of days with PM2.5 levels over the National Ambient Air Quality Standard (NAAQS),0.2353994957515751,False,1.663849031356447,False
2010-07-02,Pennsylvania,Lancaster,85,Percent of days with PM2.5 levels over the National Ambient Air Quality Standard (NAAQS),0.1793066817018787,False,0.41889612359297357,False
2010-07-03,Pennsylvania,Lancaster,85,Percent of days with PM2.5 levels over the National Ambient Air Quality Standard (NAAQS),0.1168680943227126,False,-0.916557417802329,False
2010-07-04,Pennsylvania,Lancaster,85,Percent of days with PM2.5 levels over the National Ambient Air Quality Standard (NAAQS),0.1919684055063662,False,0.7428403377958919,False
2010-07-05,Pennsylvania,Lancaster,85,Percent of days with PM2.5 levels over the National Ambient Air Quality Standard (NAAQS),0.0984371030371194,False,-1.2675255307038382,False
2010-07-06,Pennsylvania,Lancaster,85,Percent of days with PM2.5 levels over the National Ambient Air Quality Standard (NAAQS),0.1654460219087371,False,0.14130259816690624,False
2010-07-07,Pennsylvania,Lancaster,85,Percent of days with PM2.5 levels over the National Ambient Air Quality Standard (NAAQS),0.1121558036254104,False,-0.9555648980107252,False
2010-07-08,Pennsylvania,Lancaster,85,Percent of days with PM2.5 levels over the National Ambient Air Quality Standard (NAAQS),0.1860723716130543,False,0.7022454836525095,False
2010-07-09,Pennsylvania,Lancaster,85,Percent of days with PM2.5 levels over the National Ambient Air Quality Standard (NAAQS),0.1065873353044764,False,-1.0951376985047931,False
2010-07-10,Pennsylvania,Lancaster,85,Percent of days with PM2.5 levels over the National Ambient Air Quality Standard (NAAQS),0.1242655558432975,False,-0.6426133258188733,False
2010-07-11,Pennsylvania,Lancaster,85,Percent of days with PM2.5 levels over the National Ambient Air Quality Standard (NAAQS),0.2003658427101028,False,1.0558449235047889,False
2010-07-12,Pennsylvania,Lancaster,85,Percent of days with PM2.5 levels over the National Ambient Air Quality Standard (NAAQS),0.089415228721364,False,-1.3268297317018074,False
2010-07-13,Pennsylvania,Lancaster,85,Percent of days with PM2.5 levels over the National Ambient Air Quality Standard (NAAQS),0.1116894474102632,False,-0.8237136432981491,False
2010-07-14,Pennsylvania,Lancaster,85,Percent of days with PM2.5 levels over the National Ambient Air Quality Standard (NAAQS),0.1485944667853763,False,-0.05896157123525944,False
2010-07-15,Pennsylvania,Lancaster,85,Percent of days with PM2.5 levels over the National Ambient Air Quality Standard (NAAQS),0.0487467746326391,False,-2.073706299354668,False
2010-07-16,Pennsylvania,Lancaster,85,Percent of days with PM2.5 levels over the National Ambient Air Quality Standard (NAAQS),0.2304580072898688,False,1.6593486112773448,False
2010-07-17,Pennsylvania,Lancaster,85,Percent of days with PM2.5 levels over the National Ambient Air Quality Standard (NAAQS),0.1400593035400462,False,-0.1616596838491035,False
2010-07-18,Pennsylvania,Lancaster,85,Percent of days with PM2.5 levels over the National Ambient Air Quality Standard (NAAQS),0.1652781533442188,False,0.32984636808830897,False
2010-07-19,Pennsylvania,Lancaster,85,Percent of days with PM2.5 levels over the National Ambient Air Quality Standard (NAAQS),0.1888142132350818,False,0.7794163561127353,False
2010-07-20,Pennsylvania,Lancaster,85,Percent of days with PM2.5 levels over the National Ambient Air Quality Standard (NAAQS),0.1394101122614316,False,-0.20768886504173012,False
2010-07-21,Pennsylvania,Lancaster,85,Percent of days with PM2.5 levels over the National Ambient Air Quality Standard (NAAQS),0.0480967981704244,False,-1.8899789195721934,False
2010-07-22,Pennsylvania,Lancaster,85,Percent of days with PM2.5 levels over the National Ambient Air Quality Standard (NAAQS),0.1579061949804446,False,0.21446460306511428,False
2010-07-23,Pennsylvania,Lancaster,85,Percent of days with PM2.5 levels over the National Ambient Air Quality Standard (NAAQS),0.1698307907998473,False,0.4828148241657871,False
2010-07-24,Pennsylvania,Lancaster,85,Percent of days with PM2.5 levels over the National Ambient Air Quality Standard (NAAQS),0.1216877788403108,False,-0.4665957513477422,False
2010-07-25,Pennsylvania,Lancaster,85,Percent of days with PM2.5 levels over the National Ambient Air Quality Standard (NAAQS),0.1814963955587672,False,0.6804180458910364,False
2010-07-26,Pennsylvania,Lancaster,85,Percent of days with PM2.5 levels over the National Ambient Air Quality Standard (NAAQS),0.1202554450658746,False,-0.475578753309191,False
2010-07-27,Pennsylvania,Lancaster,85,Percent of days with PM2.5 levels over the National Ambient Air Quality Standard (NAAQS),0.1555456256466975,False,0.2625170774618146,False
2010-07-28,Pennsylvania,Lancaster,85,Percent of days with PM2.5 levels over the National Ambient Air Quality Standard (NAAQS),0.1378015576505847,False,-0.16360702779264422,False
2010-07-29,Pennsylvania,Lancaster,85,Percent of days with PM2.5 levels over the National Ambient Air Quality Standard (NAAQS),0.1943671695946308,False,1.1388177903727663,False
2010-07-30,Pennsylvania,Lancaster,85,Percent of days with PM2.5 levels over the National Ambient Air Quality Standard (NAAQS),0.1570801581298724,False,0.31762654714362026,False
2010-07-31,Pennsylvania,Lancaster,85,Percent of days with PM2.5 levels over the National Ambient Air Quality Standard (NAAQS),0.1007471155226333,False,-0.9453758100768419,False
2010-08-01,Pennsylvania,Lancaster,85,Percent of days with PM2.5 levels over the National Ambient Air Quality Standard (NAAQS),0.0899743914250685,False,-1.1068891337062572,False
2010-08-02,Pennsylvania,Lancaster,85,Percent of days with PM2.5 levels over the National Ambient Air Quality Standard (NAAQS),0.1704748036110041,False,0.6595750377724686,False
2010-08-03,Pennsylvania,Lancaster,85,Percent of days with PM2.5 levels over the National Ambient Air Quality Standard (NAAQS),0.1340370526532844,False,-0.14574171942641695,False
2010-08-04,Pennsylvania,Lancaster,85,Percent of days with PM2.5 levels over the National Ambient Air Quality Standard (NAAQS),0.1219269022519602,False,-0.4330313079520065,False
2010-08-05,Pennsylvania,Lancaster,85,Percent of days with PM2.5 levels over the National Ambient Air Quality Standard (NAAQS),0.2028207475217061,False,1.3900888058704088,False
2010-08-06,Pennsylvania,Lancaster,85,Percent of days with PM2.5 levels over the National Ambient Air Quality Standard (NAAQS),0.1590711275914607,False,0.3618112720267594,False
2010-08-07,Pennsylvania,Lancaster,85,Percent of days with PM2.5 levels over the National Ambient Air Quality Standard (NAAQS),0.1495001103325394,False,0.12315316624278365,False
2010-08-08,Pennsylvania,Lancaster,85,Percent of days with PM2.5 levels over the National Ambient Air Quality Standard (NAAQS),0.1101092870247901,False,-0.7215252338612763,False
2010-08-09,Pennsylvania,Lancaster,85,Percent of days with PM2.5 levels over the National Ambient Air Quality Standard (NAAQS),0.1024083331298897,False,-0.9239659834306626,False
2010-08-10,Pennsylvania,Lancaster,85,Percent of days with PM2.5 levels over the National Ambient Air Quality Standard (NAAQS),0.186938216691286,False,1.006836814556226,False
2010-08-11,Pennsylvania,Lancaster,85,Percent of days with PM2.5 levels over the National Ambient Air Quality Standard (NAAQS),0.1424104939937846,False,-0.03334264414927107,False
2010-08-12,Pennsylvania,Lancaster,85,Percent of days with PM2.5 levels over the National Ambient Air Quality Standard (NAAQS),0.1667113179674241,False,0.4852781796270688,False
2010-08-13,Pennsylvania,Lancaster,85,Percent of days with PM2.5 levels over the National Ambient Air Quality Standard (NAAQS),0.1318264454345751,False,-0.36268146668351237,False
2010-08-14,Pennsylvania,Lancaster,85,Percent of days with PM2.5 levels over the National Ambient Air Quality Standard (NAAQS),0.1433326985603607,False,-0.03729845454201342,False
2010-08-15,Pennsylvania,Lancaster,85,Percent of days with PM2.5 levels over the National Ambient Air Quality Standard (NAAQS),0.1419029513917429,False,-0.05466350061533596,False
2010-08-16,Pennsylvania,Lancaster,85,Percent of days with PM2.5 levels over the National Ambient Air Quality Standard (NAAQS),0.0667209248881086,False,-1.9914354892555552,False
2010-08-17,Pennsylvania,Lancaster,85,Percent of days with PM2.5 levels over the National Ambient Air Quality Standard (NAAQS),0.0879575526653182,False,-1.3137279243145064,False
2010-08-18,Pennsylvania,Lancaster,85,Percent of days with PM2.5 levels over the National Ambient Air Quality Standard (NAAQS),0.1468981711827365,False,0.17211749194873724,False
2010-08-19,Pennsylvania,Lancaster,85,Percent of days with PM2.5 levels over the National Ambient Air Quality Standard (NAAQS),0.081730645097493,False,-1.6133629664316271,False
2010-08-20,Pennsylvania,Lancaster,85,Percent of days with PM2.5 levels over the National Ambient Air Quality Standard (NAAQS),0.1687594292883624,False,0.8657065925805977,False
2010-08-21,Pennsylvania,Lancaster,85,Percent of days with PM2.5 levels over the National Ambient Air Quality Standard (NAAQS),0.1468915914453565,False,0.21776149134083828,False
2010-08-22,Pennsylvania,Lancaster,85,Percent of days with PM2.5 levels over the National Ambient Air Quality Standard (NAAQS),0.1338066878576651,False,-0.1107595581571407,False
2010-08-23,Pennsylvania,Lancaster,85,Percent of days with PM2.5 levels over the National Ambient Air Quality Standard (NAAQS),0.2272752072017201,False,2.273253221773313,False
2010-08-24,Pennsylvania,Lancaster,85,Percent of days with PM2.5 levels over the National Ambient Air Quality Standard (NAAQS),0.1418917105760299,False,0.02615714701267241,False
2010-08-25,Pennsylvania,Lancaster,85,Percent of days with PM2.5 levels over the National Ambient Air Quality Standard (NAAQS),0.0924496581259372,False,-1.2079167031638771,False
2010-08-26,Pennsylvania,Lancaster,85,Percent of days with PM2.5 levels over the National Ambient Air Quality Standard (NAAQS),0.2195177761013387,False,1.9657767081536526,False
2010-08-27,Pennsylvania,Lancaster,85,Percent of days with PM2.5 levels over the National Ambient Air Quality Standard (NAAQS),0.079231267132832,False,-1.3915131569233399,False
2010-08-28,Pennsylvania,Lancaster,85,Percent of days with PM2.5 levels over the National Ambient Air Quality Standard (NAAQS),0.1924700663764412,False,1.22099737225747,False
2010-08-29,Pennsylvania,Lancaster,85,Percent of days with PM2.5 levels over the National Ambient Air Quality Standard (NAAQS),0.1187278066866578,False,-0.5539754982942973,False
2010-08-30,Pennsylvania,Lancaster,85,Percent of days with PM2.5 levels over the National Ambient Air Quality Standard (NAAQS),0.1704649356033071,False,0.6932946335364414,False
2010-08-31,Pennsylvania,Lancaster,85,Percent of days with PM2.5 levels over the National Ambient Air Quality Standard (NAAQS),0.1176611556484498,False,-0.5625075574897879,False
2010-09-01,Pennsylvania,Lancaster,85,Percent of days with PM2.5 levels over the National Ambient Air Quality Standard (NAAQS),0.1841300499566173,False,0.9642323977294416,False
2010-09-02,Pennsylvania,Lancaster,85,Percent of days with PM2.5 levels over the National Ambient Air Quality Standard (NAAQS),0.1543129098946949,False,0.3117954022876726,False
2010-09-03,Pennsylvania,Lancaster,85,Percent of days with PM2.5 levels over the National Ambient Air Quality Standard (NAAQS),0.1624209709521314,False,0.5071658255726236,False
2010-09-04,Pennsylvania,Lancaster,85,Percent of days with PM2.5 levels over the National Ambient Air Quality Standard (NAAQS),0.1559376695967055,False,0.34207751320857166,False
2010-09-05,Pennsylvania,Lancaster,85,Percent of days with PM2.5 levels over the National Ambient Air Quality Standard (NAAQS),0.2288781902828449,False,1.900185803502898,False
2010-09-06,Pennsylvania,Lancaster,85,Percent of days with PM2.5 levels over the National Ambient Air Quality Standard (NAAQS),0.1077657013799355,False,-0.8916676449075299,False
2010-09-07,Pennsylvania,Lancaster,85,Percent of days with PM2.5 levels over the National Ambient Air Quality Standard (NAAQS),0.120580588388294,False,-0.5473128940997171,False
2010-09-08,Pennsylvania,Lancaster,85,Percent of days with PM2.5 levels over the National Ambient Air Quality Standard (NAAQS),0.1373299815033599,False,-0.15197554794800247,False
2010-09-09,Pennsylvania,Lancaster,85,Percent of days with PM2.5 levels over the National Ambient Air Quality Standard (NAAQS),0.0716623123076928,False,-1.53891488087739,False
2010-09-10,Pennsylvania,Lancaster,85,Percent of days with PM2.5 levels over the National Ambient Air Quality Standard (NAAQS),0.1563268057537204,False,0.3351970748211468,False
2010-09-11,Pennsylvania,Lancaster,85,Percent of days with PM2.5 levels over the National Ambient Air Quality Standard (NAAQS),0.158447405976712,False,0.3695537291191867,False
2010-09-12,Pennsylvania,Lancaster,85,Percent of days with PM2.5 levels over the National Ambient Air Quality Standard (NAAQS),0.1854546933925339,False,0.921291275975173,False
2010-09-13,Pennsylvania,Lancaster,85,Percent of days with PM2.5 levels over the National Ambient Air Quality Standard (NAAQS),0.1670703618379305,False,0.46390153069413326,False
2010-09-14,Pennsylvania,Lancaster,85,Percent of days with PM2.5 levels over the National Ambient Air Quality Standard (NAAQS),0.143882297896969,False,-0.12271782217776508,False
2010-09-15,Pennsylvania,Lancaster,85,Percent of days with PM2.5 levels over the National Ambient Air Quality Standard (NAAQS),0.1991248260590567,False,1.1288115425169338,False
2010-09-16,Pennsylvania,Lancaster,85,Percent of days with PM2.5 levels over the National Ambient Air Quality Standard (NAAQS),0.1796114522224183,False,0.6181399612239641,False
2010-09-17,Pennsylvania,Lancaster,85,Percent of days with PM2.5 levels over the National Ambient Air Quality Standard (NAAQS),0.1787531035356914,False,0.5858987491252554,False
2010-09-18,Pennsylvania,Lancaster,85,Percent of days with PM2.5 levels over the National Ambient Air Quality Standard (NAAQS),0.1479016344883597,False,-0.16703772371189526,False
2010-09-19,Pennsylvania,Lancaster,85,Percent of days with PM2.5 levels over the National Ambient Air Quality Standard (NAAQS),0.1397019150672168,False,-0.37295553858770675,False
2010-09-20,Pennsylvania,Lancaster,85,Percent of days with PM2.5 levels over the National Ambient Air Quality Standard (NAAQS),0.2243064829024917,False,1.7050953671794222,False
2010-09-21,Pennsylvania,Lancaster,85,Percent of days with PM2.5 levels over the National Ambient Air Quality Standard (NAAQS),0.1557029639803429,False,0.008660859482929708,False
2010-09-22,Pennsylvania,Lancaster,85,Percent of days with PM2.5 levels over the National Ambient Air Quality Standard (NAAQS),0.0580011913494485,False,-2.231485177660702,False
2010-09-23,Pennsylvania,Lancaster,85,Percent of days with PM2.5 levels over the National Ambient Air Quality Standard (NAAQS),0.2006467596421905,False,1.1197927878071452,False
2010-09-24,Pennsylvania,Lancaster,85,Percent of days with PM2.5 levels over the National Ambient Air Quality Standard (NAAQS),0.1309119668745712,False,-0.611815130920293,False
2010-09-25,Pennsylvania,Lancaster,85,Percent of days with PM2.5 levels over the National Ambient Air Quality Standard (NAAQS),0.1358835765542793,False,-0.4421524982670629,False
2010-09-26,Pennsylvania,Lancaster,85,Percent of days with PM2.5 levels over the National Ambient Air Quality Standard (NAAQS),0.170558707186621,False,0.39726360106694814,False
2010-09-27,Pennsylvania,Lancaster,85,Percent of days with PM2.5 levels over the National Ambient Air Quality Standard (NAAQS),0.1422123723080883,False,-0.30665177620331174,False
2010-09-28,Pennsylvania,Lancaster,85,Percent of days with PM2.5 levels over the National Ambient Air Quality Standard (NAAQS),0.1512254264063569,False,-0.10711006724909618,False
2010-09-29,Pennsylvania,Lancaster,85,Percent of days with PM2.5 levels over the National Ambient Air Quality Standard (NAAQS),0.1178350011041032,False,-0.9153349445073962,False
2010-09-30,Pennsylvania,Lancaster,85,Percent of days with PM2.5 levels over the National Ambient Air Quality Standard (NAAQS),0.1820426477553537,False,0.7253678771078683,False
2010-10-01,Pennsylvania,Lancaster,85,Percent of days with PM2.5 levels over the National Ambient Air Quality Standard (NAAQS),0.1429345338544056,False,-0.26580662825863005,False
2010-10-02,Pennsylvania,Lancaster,85,Percent of days with PM2.5 levels over the National Ambient Air Quality Standard (NAAQS),0.1040661725907642,False,-1.1872526260012388,False
2010-10-03,Pennsylvania,Lancaster,85,Percent of days with PM2.5 levels over the National Ambient Air Quality Standard (NAAQS),0.2068904335726557,False,1.4633553759543556,False
2010-10-04,Pennsylvania,Lancaster,85,Percent of days with PM2.5 levels over the National Ambient Air Quality Standard (NAAQS),0.1685372988739717,False,0.4185718072486762,False
2010-10-05,Pennsylvania,Lancaster,85,Percent of days with PM2.5 levels over the National Ambient Air Quality Standard (NAAQS),0.1717358013412851,False,0.45962872976142183,False
2010-10-06,Pennsylvania,Lancaster,85,Percent of days with PM2.5 levels over the National Ambient Air Quality Standard (NAAQS),0.168035465385569,False,0.3316416382541617,False
2010-10-07,Pennsylvania,Lancaster,85,Percent of days with PM2.5 levels over the National Ambient Air Quality Standard (NAAQS),0.138928555991883,False,-0.5708829487587573,False
2010-10-08,Pennsylvania,Lancaster,85,Percent of days with PM2.5 levels over the National Ambient Air Quality Standard (NAAQS),0.122958500120374,False,-0.9917775872221957,False
2010-10-09,Pennsylvania,Lancaster,85,Percent of days with PM2.5 levels over the National Ambient Air Quality Standard (NAAQS),0.1228340235817545,False,-0.9418264956244062,False
2010-10-10,Pennsylvania,Lancaster,85,Percent of days with PM2.5 levels over the National Ambient Air Quality Standard (NAAQS),0.2121442493569553,False,1.5425227595651128,False
2010-10-11,Pennsylvania,Lancaster,85,Percent of days with PM2.5 levels over the National Ambient Air Quality Standard (NAAQS),0.1776318703146572,False,0.5711516431324288,False
2010-10-12,Pennsylvania,Lancaster,85,Percent of days with PM2.5 levels over the National Ambient Air Quality Standard (NAAQS),0.1423103109728798,False,-0.40316385863798326,False
2010-10-13,Pennsylvania,Lancaster,85,Percent of days with PM2.5 levels over the National Ambient Air Quality Standard (NAAQS),0.1042450411128244,False,-1.3481767009619399,False
2010-10-14,Pennsylvania,Lancaster,85,Percent of days with PM2.5 levels over the National Ambient Air Quality Standard (NAAQS),0.0832351934947803,False,-1.7367287040403723,False
2010-10-15,Pennsylvania,Lancaster,85,Percent of days with PM2.5 levels over the National Ambient Air Quality Standard (NAAQS),0.1459866418302784,False,-0.07669970196546906,False
2010-10-16,Pennsylvania,Lancaster,85,Percent of days with PM2.5 levels over the National Ambient Air Quality Standard (NAAQS),0.2042264622459664,False,1.3500387100300022,False
2010-10-17,Pennsylvania,Lancaster,85,Percent of days with PM2.5 levels over the National Ambient Air Quality Standard (NAAQS),0.1334818241103625,False,-0.43506361257788134,False
2010-10-18,Pennsylvania,Lancaster,85,Percent of days with PM2.5 levels over the National Ambient Air Quality Standard (NAAQS),0.1399533297856502,False,-0.20964133368982624,False
2010-10-19,Pennsylvania,Lancaster,85,Percent of days with PM2.5 levels over the National Ambient Air Quality Standard (NAAQS),0.1367163663993958,False,-0.27886804886440475,False
2010-10-20,Pennsylvania,Lancaster,85,Percent of days with PM2.5 levels over the National Ambient Air Quality Standard (NAAQS),0.1529905307231814,False,0.07970809330003341,False
2010-10-21,Pennsylvania,Lancaster,85,Percent of days with PM2.5 levels over the National Ambient Air Quality Standard (NAAQS),0.0596695917996667,False,-2.4310656470436287,False
2010-10-22,Pennsylvania,Lancaster,85,Percent of days with PM2.5 levels over the National Ambient Air Quality Standard (NAAQS),0.1020993758539682,False,-1.1700341357975925,False
2010-10-23,Pennsylvania,Lancaster,85,Percent of days with PM2.5 levels over the National Ambient Air Quality Standard (NAAQS),0.0845893148372271,False,-1.531958218558427,False
2010-10-24,Pennsylvania,Lancaster,85,Percent of days with PM2.5 levels over the National Ambient Air Quality Standard (NAAQS),0.1332853490939173,False,-0.2106712167701283,False
2010-10-25,Pennsylvania,Lancaster,85,Percent of days with PM2.5 levels over the National Ambient Air Quality Standard (NAAQS),0.1451008658060239,False,0.10219499239096043,False
2010-10-26,Pennsylvania,Lancaster,85,Percent of days with PM2.5 levels over the National Ambient Air Quality Standard (NAAQS),0.1835701919002132,False,1.0755938231226476,False
2010-10-27,Pennsylvania,Lancaster,85,Percent of days with PM2.5 levels over the National Ambient Air Quality Standard (NAAQS),0.1807550703148064,False,0.934733318516344,False
2010-10-28,Pennsylvania,Lancaster,85,Percent of days with PM2.5 levels over the National Ambient Air Quality Standard (NAAQS),0.131153172643383,False,-0.30834039213547776,False
2010-10-29,Pennsylvania,Lancaster,85,Percent of days with PM2.5 levels over the National Ambient Air Quality Standard (NAAQS),0.1325616419885807,False,-0.26114131032323584,False
2010-10-30,Pennsylvania,Lancaster,85,Percent of days with PM2.5 levels over the National Ambient Air Quality Standard (NAAQS),0.1843903508644626,False,1.0261150290629597,False
2010-10-31,Pennsylvania,Lancaster,85,Percent of days with PM2.5 levels over the National Ambient Air Quality Standard (NAAQS),0.1226718635764398,False,-0.5423553869982424,False
2010-11-01,Pennsylvania,Lancaster,85,Percent of days with PM2.5 levels over the National Ambient Air Quality Standard (NAAQS),0.1742669340477083,False,0.8699868447117202,False
2010-11-02,Pennsylvania,Lancaster,85,Percent of days with PM2.5 levels over the National Ambient Air Quality Standard (NAAQS),0.0798349492208654,False,-1.5708481553265243,False
2010-11-03,Pennsylvania,Lancaster,85,Percent of days with PM2.5 levels over the National Ambient Air Quality Standard (NAAQS),0.1535037529074642,False,0.39305902592093017,False
2010-11-04,Pennsylvania,Lancaster,85,Percent of days with PM2.5 levels over the National Ambient Air Quality Standard (NAAQS),0.138877222950318,False,0.003348299824903444,False
2010-11-05,Pennsylvania,Lancaster,85,Percent of days with PM2.5 levels over the National Ambient Air Quality Standard (NAAQS),0.1575545710601225,False,0.4677496068354774,False
2010-11-06,Pennsylvania,Lancaster,85,Percent of days with PM2.5 levels over the National Ambient Air Quality Standard (NAAQS),0.1255146054410292,False,-0.3883280717100406,False
2010-11-07,Pennsylvania,Lancaster,85,Percent of days with PM2.5 levels over the National Ambient Air Quality Standard (NAAQS),0.1193485185378159,False,-0.49881969660253334,False
2010-11-08,Pennsylvania,Lancaster,85,Percent of days with PM2.5 levels over the National Ambient Air Quality Standard (NAAQS),0.1836603170795294,False,1.3259693073487226,False
2010-11-09,Pennsylvania,Lancaster,85,Percent of days with PM2.5 levels over the National Ambient Air Quality Standard (NAAQS),0.1724616747347341,False,0.9602127314508746,False
2010-11-10,Pennsylvania,Lancaster,85,Percent of days with PM2.5 levels over the National Ambient Air Quality Standard (NAAQS),0.1589658562028141,False,0.535280051587748,False
2010-11-11,Pennsylvania,Lancaster,85,Percent of days with PM2.5 levels over the National Ambient Air Quality Standard (NAAQS),0.1809133454369127,False,1.0875105441636632,False
2010-11-12,Pennsylvania,Lancaster,85,Percent of days with PM2.5 levels over the National Ambient Air Quality Standard (NAAQS),0.2031108762470878,False,1.5902960268949606,False
2010-11-13,Pennsylvania,Lancaster,85,Percent of days with PM2.5 levels over the National Ambient Air Quality Standard (NAAQS),0.1010024752540798,False,-1.159168319958711,False
2010-11-14,Pennsylvania,Lancaster,85,Percent of days with PM2.5 levels over the National Ambient Air Quality Standard (NAAQS),0.1114509360587421,False,-0.8300964556647213,False
2010-11-15,Pennsylvania,Lancaster,85,Percent of days with PM2.5 levels over the National Ambient Air Quality Standard (NAAQS),0.1012156426819347,False,-1.054897844372256,False
2010-11-16,Pennsylvania,Lancaster,85,Percent of days with PM2.5 levels over the National Ambient Air Quality Standard (NAAQS),0.1607227788904371,False,0.5501445214400911,False
2010-11-17,Pennsylvania,Lancaster,85,Percent of days with PM2.5 levels over the National Ambient Air Quality Standard (NAAQS),0.1805874955883432,False,1.044622266436705,False
2010-11-18,Pennsylvania,Lancaster,85,Percent of days with PM2.5 levels over the National Ambient Air Quality Standard (NAAQS),0.116291271722654,False,-0.7972823922366206,False
2010-11-19,Pennsylvania,Lancaster,85,Percent of days with PM2.5 levels over the National Ambient Air Quality Standard (NAAQS),0.1876178593583458,False,1.2001549366517938,False
2010-11-20,Pennsylvania,Lancaster,85,Percent of days with PM2.5 levels over the National Ambient Air Quality Standard (NAAQS),0.1529947230610327,False,0.12349614533699337,False
2010-11-21,Pennsylvania,Lancaster,85,Percent of days with PM2.5 levels over the National Ambient Air Quality Standard (NAAQS),0.0786303962931385,False,-1.9838518725848526,False
2010-11-22,Pennsylvania,Lancaster,85,Percent of days with PM2.5 levels over the National Ambient Air Quality Standard (NAAQS),0.2093371074570766,False,1.6443742459339712,False
2010-11-23,Pennsylvania,Lancaster,85,Percent of days with PM2.5 levels over the National Ambient Air Quality Standard (NAAQS),0.1650333604814825,False,0.45317954368049557,False
2010-11-24,Pennsylvania,Lancaster,85,Percent of days with PM2.5 levels over the National Ambient Air Quality Standard (NAAQS),0.1019207678072884,False,-1.2066585998640895,False
2010-11-25,Pennsylvania,Lancaster,85,Percent of days with PM2.5 levels over the National Ambient Air Quality Standard (NAAQS),0.1120541711885215,False,-0.898618193331394,False
2010-11-26,Pennsylvania,Lancaster,85,Percent of days with PM2.5 levels over the National Ambient Air Quality Standard (NAAQS),0.0807472926139313,False,-1.6130899832212828,False
2010-11-27,Pennsylvania,Lancaster,85,Percent of days with PM2.5 levels over the National Ambient Air Quality Standard (NAAQS),0.1232801080358956,False,-0.4696972119062364,False
2010-11-28,Pennsylvania,Lancaster,85,Percent of days with PM2.5 levels over the National Ambient Air Quality Standard (NAAQS),0.0668538228986068,False,-1.784810454512102,False
2010-11-29,Pennsylvania,Lancaster,85,Percent of days with PM2.5 levels over the National Ambient Air Quality Standard (NAAQS),0.1521452122380811,False,0.34289113634201857,False
2010-11-30,Pennsylvania,Lancaster,85,Percent of days with PM2.5 levels over the National Ambient Air Quality Standard (NAAQS),0.1553543293030765,False,0.3702868587228582,False
2010-12-01,Pennsylvania,Lancaster,85,Percent of days with PM2.5 levels over the National Ambient Air Quality Standard (NAAQS),0.1304788421654769,False,-0.2552850208851569,False
2010-12-02,Pennsylvania,Lancaster,85,Percent of days with PM2.5 levels over the National Ambient Air Quality Standard (NAAQS),0.1486236402607768,False,0.20760698221431587,False
2010-12-03,Pennsylvania,Lancaster,85,Percent of days with PM2.5 levels over the National Ambient Air Quality Standard (NAAQS),0.1732047192881698,False,0.8242836238216562,False
2010-12-04,Pennsylvania,Lancaster,85,Percent of days with PM2.5 levels over the National Ambient Air Quality Standard (NAAQS),0.1208338193145533,False,-0.5190405434830052,False
2010-12-05,Pennsylvania,Lancaster,85,Percent of days with PM2.5 levels over the National Ambient Air Quality Standard (NAAQS),0.2071050978854109,False,1.550369097000562,False
2010-12-06,Pennsylvania,Lancaster,85,Percent of days with PM2.5 levels over the National Ambient Air Quality Standard (NAAQS),0.0685796009559733,False,-1.6919985944183145,False
2010-12-07,Pennsylvania,Lancaster,85,Percent of days with PM2.5 levels over the National Ambient Air Quality Standard (NAAQS),0.1534985262054594,False,0.33740045266766533,False
2010-12-08,Pennsylvania,Lancaster,85,Percent of days with PM2.5 levels over the National Ambient Air Quality Standard (NAAQS),0.119327771506267,False,-0.4453798940116648,False
2010-12-09,Pennsylvania,Lancaster,85,Percent of days with PM2.5 levels over the National Ambient Air Quality Standard (NAAQS),0.0736343134942265,False,-1.4180112021899136,False
2010-12-10,Pennsylvania,Lancaster,85,Percent of days with PM2.5 levels over the National Ambient Air Quality Standard (NAAQS),0.1811171291923881,False,1.1502442341819004,False
2010-12-11,Pennsylvania,Lancaster,85,Percent of days with PM2.5 levels over the National Ambient Air Quality Standard (NAAQS),0.1745156929506549,False,0.9235731019199718,False
2010-12-12,Pennsylvania,Lancaster,85,Percent of days with PM2.5 levels over the National Ambient Air Quality Standard (NAAQS),0.1600730541099357,False,0.5365116689041943,False
2010-12-13,Pennsylvania,Lancaster,85,Percent of days with PM2.5 levels over the National Ambient Air Quality Standard (NAAQS),0.1292161679998166,False,-0.2308316924500361,False
2010-12-14,Pennsylvania,Lancaster,85,Percent of days with PM2.5 levels over the National Ambient Air Quality Standard (NAAQS),0.1842159648274018,False,1.0683427818738522,False
2010-12-15,Pennsylvania,Lancaster,85,Percent of days with PM2.5 levels over the National Ambient Air Quality Standard (NAAQS),0.139511233721428,False,0.03491842723425255,False
2010-12-16,Pennsylvania,Lancaster,85,Percent of days with PM2.5 levels over the National Ambient Air Quality Standard (NAAQS),0.1683855610543265,False,0.6906330760639595,False
2010-12-17,Pennsylvania,Lancaster,85,Percent of days with PM2.5 levels over the National Ambient Air Quality Standard (NAAQS),0.1679462888610247,False,0.7087472593315339,False
2010-12-18,Pennsylvania,Lancaster,85,Percent of days with PM2.5 levels over the National Ambient Air Quality Standard (NAAQS),0.170889827569999,False,0.7588050274268793,False
2010-12-19,Pennsylvania,Lancaster,85,Percent of days with PM2.5 levels over the National Ambient Air Quality Standard (NAAQS),0.2047447185260913,False,1.4787299972580943,False
2010-12-20,Pennsylvania,Lancaster,85,Percent of days with PM2.5 levels over the National Ambient Air Quality Standard (NAAQS),0.1914883383990915,False,1.1966678701469187,False
2010-12-21,Pennsylvania,Lancaster,85,Percent of days with PM2.5 levels over the National Ambient Air Quality Standard (NAAQS),0.1491988282496113,False,0.15170076843695532,False
2010-12-22,Pennsylvania,Lancaster,85,Percent of days with PM2.5 levels over the National Ambient Air Quality Standard (NAAQS),0.1436856301287046,False,-0.025280772325946194,False
2010-12-23,Pennsylvania,Lancaster,85,Percent of days with PM2.5 levels over the National Ambient Air Quality Standard (NAAQS),0.0966662504978383,False,-1.2028761751846664,False
2010-12-24,Pennsylvania,Lancaster,85,Percent of days with PM2.5 levels over the National Ambient Air Quality Standard (NAAQS),0.1002138201490004,False,-1.159955651251948,False
2010-12-25,Pennsylvania,Lancaster,85,Percent of days with PM2.5 levels over the National Ambient Air Quality Standard (NAAQS),0.0474711044009873,False,-2.227756124963727,False
2010-12-26,Pennsylvania,Lancaster,85,Percent of days with PM2.5 levels over the National Ambient Air Quality Standard (NAAQS),0.1269107069228494,False,-0.4337042788306525,False
2010-12-27,Pennsylvania,Lancaster,85,Percent of days with PM2.5 levels over the National Ambient Air Quality Standard (NAAQS),0.0530493240882626,False,-2.0157060169118473,False
2010-12-28,Pennsylvania,Lancaster,85,Percent of days with PM2.5 levels over the National Ambient Air Quality Standard (NAAQS),0.1543334653970425,False,0.3141336224866769,False
2010-12-29,Pennsylvania,Lancaster,85,Percent of days with PM2.5 levels over the National Ambient Air Quality Standard (NAAQS),0.1604478633604809,False,0.4290790848951571,False
2010-12-30,Pennsylvania,Lancaster,85,Percent of days with PM2.5 levels over the National Ambient Air Quality Standard (NAAQS),0.1104517734831578,False,-0.6808943229646807,False
2010-12-31,Pennsylvania,Lancaster,85,Percent of days with PM2.5 levels over the National Ambient Air Quality Standard (NAAQS),0.1306425703294518,False,-0.18890262291949086,False
2011-01-01,Pennsylvania,Lancaster,85,Percent of days with PM2.5 levels over the National Ambient Air Quality Standard (NAAQS),0.0506776826049691,False,-1.8422380865612935,False
2011-01-02,Pennsylvania,Lancaster,85,Percent of days with PM2.5 levels over the National Ambient Air Quality Standard (NAAQS),0.0536871784349349,False,-1.645848707198257,False
2011-01-03,Pennsylvania,Lancaster,85,Percent of days with PM2.5 levels over the National Ambient Air Quality Standard (NAAQS),0.0791416917936169,False,-1.1226342309071258,False
2011-01-04,Pennsylvania,Lancaster,85,Percent of days with PM2.5 levels over the National Ambient Air Quality Standard (NAAQS),0.0429256982936267,False,-1.7190635977771103,False
2011-01-05,Pennsylvania,Lancaster,85,Percent of days with PM2.5 levels over the National Ambient Air Quality Standard (NAAQS),0.0870888445120727,False,-0.7867613679009857,False
2011-01-06,Pennsylvania,Lancaster,85,Percent of days with PM2.5 levels over the National Ambient Air Quality Standard (NAAQS),0.0524916231998738,False,-1.4399199009232262,False
2011-01-07,Pennsylvania,Lancaster,85,Percent of days with PM2.5 levels over the National Ambient Air Quality Standard (NAAQS),0.0652677886299237,False,-1.1056222617602347,False
2011-01-08,Pennsylvania,Lancaster,85,Percent of days with PM2.5 levels over the National Ambient Air Quality Standard (NAAQS),0.0566007696625717,False,-1.1863564133809157,False
2011-01-09,Pennsylvania,Lancaster,85,Percent of days with PM2.5 levels over the National Ambient Air Quality Standard (NAAQS),0.0506530160046696,False,-1.2081712519382717,False
2011-01-10,Pennsylvania,Lancaster,85,Percent of days with PM2.5 levels over the National Ambient Air Quality Standard (NAAQS),0.0410759815754901,False,-1.2914817384295547,False
2011-01-11,Pennsylvania,Lancaster,85,Percent of days with PM2.5 levels over the National Ambient Air Quality Standard (NAAQS),0.0588319251706205,False,-0.8951663650143675,False
2011-01-12,Pennsylvania,Lancaster,85,Percent of days with PM2.5 levels over the National Ambient Air Quality Standard (NAAQS),0.0379529295114075,False,-1.2013425682879206,False
2011-01-13,Pennsylvania,Lancaster,85,Percent of days with PM2.5 levels over the National Ambient Air Quality Standard (NAAQS),0.0581009311450467,False,-0.7635796290583952,False
2011-01-14,Pennsylvania,Lancaster,85,Percent of days with PM2.5 levels over the National Ambient Air Quality Standard (NAAQS),0.0622228115889919,False,-0.6297121435454746,False
2011-01-15,Pennsylvania,Lancaster,85,Percent of days with PM2.5 levels over the National Ambient Air Quality Standard (NAAQS),0.0666642620841154,False,-0.48860901065975554,False
2011-01-16,Pennsylvania,Lancaster,85,Percent of days with PM2.5 levels over the National Ambient Air Quality Standard (NAAQS),0.0728263832018832,False,-0.2982594311441384,False
2011-01-17,Pennsylvania,Lancaster,85,Percent of days with PM2.5 levels over the National Ambient Air Quality Standard (NAAQS),0.0857984306118067,False,0.10074840505548778,False
2011-01-18,Pennsylvania,Lancaster,85,Percent of days with PM2.5 levels over the National Ambient Air Quality Standard (NAAQS),0.0023503121443117,False,-1.929953271601357,False
2011-01-19,Pennsylvania,Lancaster,85,Percent of days with PM2.5 levels over the National Ambient Air Quality Standard (NAAQS),0.0596955671181056,False,-0.3860401422908438,False
2011-01-20,Pennsylvania,Lancaster,85,Percent of days with PM2.5 levels over the National Ambient Air Quality Standard (NAAQS),0.0637003270837414,False,-0.24502770305953653,False
2011-01-21,Pennsylvania,Lancaster,85,Percent of days with PM2.5 levels over the National Ambient Air Quality Standard (NAAQS),0.0609101861946557,False,-0.2862359104731838,False
2011-01-22,Pennsylvania,Lancaster,85,Percent of days with PM2.5 levels over the National Ambient Air Quality Standard (NAAQS),0.0562008333422675,False,-0.42882184953565355,False
2011-01-23,Pennsylvania,Lancaster,85,Percent of days with PM2.5 levels over the National Ambient Air Quality Standard (NAAQS),0.0657583757583955,False,-0.1036527106634429,False
2011-01-24,Pennsylvania,Lancaster,85,Percent of days with PM2.5 levels over the National Ambient Air Quality Standard (NAAQS),0.0506707233084928,False,-0.5458122343754231,False
2011-01-25,Pennsylvania,Lancaster,85,Percent of days with PM2.5 levels over the National Ambient Air Quality Standard (NAAQS),0.0655181691046942,False,-0.016744861408946297,False
2011-01-26,Pennsylvania,Lancaster,85,Percent of days with PM2.5 levels over the National Ambient Air Quality Standard (NAAQS),0.0150352825156612,False,-1.853625116611535,False
2011-01-27,Pennsylvania,Lancaster,85,Percent of days with PM2.5 levels over the National Ambient Air Quality Standard (NAAQS),0.0687141397723686,False,0.41203505034079224,False
2011-01-28,Pennsylvania,Lancaster,85,Percent of days with PM2.5 levels over the National Ambient Air Quality Standard (NAAQS),0.0776199941731325,False,1.0960354594470083,False
2011-01-29,Pennsylvania,Lancaster,85,Percent of days with PM2.5 levels over the National Ambient Air Quality Standard (NAAQS),0.0510145031907942,False,-0.3493725808983851,False
2011-01-30,Pennsylvania,Lancaster,85,Percent of days with PM2.5 levels over the National Ambient Air Quality Standard (NAAQS),0.0365623666278607,False,-1.0771412137591527,False
2011-01-31,Pennsylvania,Lancaster,85,Percent of days with PM2.5 levels over the National Ambient Air Quality Standard (NAAQS),0.0597243594263996,False,0.19554303087752972,False
2011-02-01,Pennsylvania,Lancaster,85,Percent of days with PM2.5 levels over the National Ambient Air Quality Standard (NAAQS),0.0507382713777564,False,-0.31275390177460904,False
2011-02-02,Pennsylvania,Lancaster,85,Percent of days with PM2.5 levels over the National Ambient Air Quality Standard (NAAQS),0.0359259585766254,False,-1.0647130738811592,False
2011-02-03,Pennsylvania,Lancaster,85,Percent of days with PM2.5 levels over the National Ambient Air Quality Standard (NAAQS),0.0533859148626201,False,-0.07072528288464841,False
2011-02-04,Pennsylvania,Lancaster,85,Percent of days with PM2.5 levels over the National Ambient Air Quality Standard (NAAQS),0.0593065433533208,False,0.28073249506020526,False
2011-02-05,Pennsylvania,Lancaster,85,Percent of days with PM2.5 levels over the National Ambient Air Quality Standard (NAAQS),0.0448354469748573,False,-0.5227057601620373,False
2011-02-06,Pennsylvania,Lancaster,85,Percent of days with PM2.5 levels over the National Ambient Air Quality Standard (NAAQS),0.055579817493677,False,0.08060064462220365,False
2011-02-07,Pennsylvania,Lancaster,85,Percent of days with PM2.5 levels over the National Ambient Air Quality Standard (NAAQS),0.0540644653842542,False,-0.032794670890936496,False
2011-02-08,Pennsylvania,Lancaster,85,Percent of days with PM2.5 levels over the National Ambient Air Quality Standard (NAAQS),0.0726564764741513,False,0.9938712896099041,False
2011-02-09,Pennsylvania,Lancaster,85,Percent of days with PM2.5 levels over the National Ambient Air Quality Standard (NAAQS),0.0517596226627879,False,-0.22270636402070998,False
2011-02-10,Pennsylvania,Lancaster,85,Percent of days with PM2.5 levels over the National Ambient Air Quality Standard (NAAQS),0.0639168967601679,False,0.46503255319973924,False
2011-02-11,Pennsylvania,Lancaster,85,Percent of days with PM2.5 levels over the National Ambient Air Quality Standard (NAAQS),0.0556895401931479,False,0.005524443667982626,False
2011-02-12,Pennsylvania,Lancaster,85,Percent of days with PM2.5 levels over the National Ambient Air Quality Standard (NAAQS),0.0738926356111406,False,1.0265430037211773,False
2011-02-13,Pennsylvania,Lancaster,85,Percent of days with PM2.5 levels over the National Ambient Air Quality Standard (NAAQS),0.06755727617092,False,0.6830191617579153,False
2011-02-14,Pennsylvania,Lancaster,85,Percent of days with PM2.5 levels over the National Ambient Air Quality Standard (NAAQS),0.0215467199504364,False,-1.815485295686158,False
2011-02-15,Pennsylvania,Lancaster,85,Percent of days with PM2.5 levels over the National Ambient Air Quality Standard (NAAQS),0.0259861433339592,False,-1.8301927802390545,False
2011-02-16,Pennsylvania,Lancaster,85,Percent of days with PM2.5 levels over the National Ambient Air Quality Standard (NAAQS),0.0696287118347883,False,0.9613703758229211,False
2011-02-17,Pennsylvania,Lancaster,85,Percent of days with PM2.5 levels over the National Ambient Air Quality Standard (NAAQS),0.0291684664037162,False,-1.485487021514178,False
2011-02-18,Pennsylvania,Lancaster,85,Percent of days with PM2.5 levels over the National Ambient Air Quality Standard (NAAQS),0.0309696274904078,False,-1.2729612393793475,False
2011-02-19,Pennsylvania,Lancaster,85,Percent of days with PM2.5 levels over the National Ambient Air Quality Standard (NAAQS),0.0702077071834454,False,1.0225562309391274,False
2011-02-20,Pennsylvania,Lancaster,85,Percent of days with PM2.5 levels over the National Ambient Air Quality Standard (NAAQS),0.0750003218429677,False,1.258598685377881,False
2011-02-21,Pennsylvania,Lancaster,85,Percent of days with PM2.5 levels over the National Ambient Air Quality Standard (NAAQS),0.0532473844623222,False,0.0034364400673190386,False
2011-02-22,Pennsylvania,Lancaster,85,Percent of days with PM2.5 levels over the National Ambient Air Quality Standard (NAAQS),0.0210078905047574,False,-1.6768851863391636,False
2011-02-23,Pennsylvania,Lancaster,85,Percent of days with PM2.5 levels over the National Ambient Air Quality Standard (NAAQS),0.0569156435140379,False,0.2275980371927543,False
2011-02-24,Pennsylvania,Lancaster,85,Percent of days with PM2.5 levels over the National Ambient Air Quality Standard (NAAQS),0.0534728596323583,False,0.0559293472083475,False
2011-02-25,Pennsylvania,Lancaster,85,Percent of days with PM2.5 levels over the National Ambient Air Quality Standard (NAAQS),0.0491976527467285,False,-0.14815908998853286,False
2011-02-26,Pennsylvania,Lancaster,85,Percent of days with PM2.5 levels over the National Ambient Air Quality Standard (NAAQS),0.0789308240606413,False,1.5905653939258733,False
2011-02-27,Pennsylvania,Lancaster,85,Percent of days with PM2.5 levels over the National Ambient Air Quality Standard (NAAQS),0.0499327625922689,False,-0.188585580539271,False
2011-02-28,Pennsylvania,Lancaster,85,Percent of days with PM2.5 levels over the National Ambient Air Quality Standard (NAAQS),0.0396628749989115,False,-0.7679725510515353,False
2011-03-01,Pennsylvania,Lancaster,85,Percent of days with PM2.5 levels over the National Ambient Air Quality Standard (NAAQS),0.0473927171485729,False,-0.29024839646637846,False
2011-03-02,Pennsylvania,Lancaster,85,Percent of days with PM2.5 levels over the National Ambient Air Quality Standard (NAAQS),0.0892664424506387,False,2.002948591924538,False
2011-03-03,Pennsylvania,Lancaster,85,Percent of days with PM2.5 levels over the National Ambient Air Quality Standard (NAAQS),0.0678951582792595,False,0.7488180592434527,False
2011-03-04,Pennsylvania,Lancaster,85,Percent of days with PM2.5 levels over the National Ambient Air Quality Standard (NAAQS),0.054631463272498,False,0.011412133660636939,False
2011-03-05,Pennsylvania,Lancaster,85,Percent of days with PM2.5 levels over the National Ambient Air Quality Standard (NAAQS),0.0198971619690931,False,-1.7867342584500854,False
2011-03-06,Pennsylvania,Lancaster,85,Percent of days with PM2.5 levels over the National Ambient Air Quality Standard (NAAQS),0.0733503473048464,False,0.9990447035900494,False
2011-03-07,Pennsylvania,Lancaster,85,Percent of days with PM2.5 levels over the National Ambient Air Quality Standard (NAAQS),0.0663964172007317,False,0.6094403464710275,False
2011-03-08,Pennsylvania,Lancaster,85,Percent of days with PM2.5 levels over the National Ambient Air Quality Standard (NAAQS),0.0907186341755456,False,1.7521116166216524,False
2011-03-09,Pennsylvania,Lancaster,85,Percent of days with PM2.5 levels over the National Ambient Air Quality Standard (NAAQS),0.0826097355518437,False,1.2577080904519993,False
2011-03-10,Pennsylvania,Lancaster,85,Percent of days with PM2.5 levels over the National Ambient Air Quality Standard (NAAQS),0.08160629088033,False,1.151821396865127,False
2011-03-11,Pennsylvania,Lancaster,85,Percent of days with PM2.5 levels over the National Ambient Air Quality Standard (NAAQS),0.0444479034353898,False,-0.5647687230725077,False
2011-03-12,Pennsylvania,Lancaster,85,Percent of days with PM2.5 levels over the National Ambient Air Quality Standard (NAAQS),0.0586579661367518,False,0.12296326895631352,False
2011-03-13,Pennsylvania,Lancaster,85,Percent of days with PM2.5 levels over the National Ambient Air Quality Standard (NAAQS),0.0687406206052492,False,0.5950333095873772,False
2011-03-14,Pennsylvania,Lancaster,85,Percent of days with PM2.5 levels over the National Ambient Air Quality Standard (NAAQS),0.0863173819269618,False,1.3366090244208568,False
2011-03-15,Pennsylvania,Lancaster,85,Percent of days with PM2.5 levels over the National Ambient Air Quality Standard (NAAQS),0.091222197164307,False,1.4677486793176795,False
2011-03-16,Pennsylvania,Lancaster,85,Percent of days with PM2.5 levels over the National Ambient Air Quality Standard (NAAQS),0.0520650631401543,False,-0.38726051661118016,False
2011-03-17,Pennsylvania,Lancaster,85,Percent of days with PM2.5 levels over the National Ambient Air Quality Standard (NAAQS),0.0478268579673219,False,-0.6466754992258273,False
2011-03-18,Pennsylvania,Lancaster,85,Percent of days with PM2.5 levels over the National Ambient Air Quality Standard (NAAQS),0.0687803654798549,False,0.34700614648869715,False
2011-03-19,Pennsylvania,Lancaster,85,Percent of days with PM2.5 levels over the National Ambient Air Quality Standard (NAAQS),0.0426035957122349,False,-0.9520107927297968,False
2011-03-20,Pennsylvania,Lancaster,85,Percent of days with PM2.5 levels over the National Ambient Air Quality Standard (NAAQS),0.0288454766021829,False,-1.5177182194204903,False
2011-03-21,Pennsylvania,Lancaster,85,Percent of days with PM2.5 levels over the National Ambient Air Quality Standard (NAAQS),0.0552946678800196,False,-0.21148613996451657,False
2011-03-22,Pennsylvania,Lancaster,85,Percent of days with PM2.5 levels over the National Ambient Air Quality Standard (NAAQS),0.0488005678051436,False,-0.6237202535798322,False
2011-03-23,Pennsylvania,Lancaster,85,Percent of days with PM2.5 levels over the National Ambient Air Quality Standard (NAAQS),0.0786024933964491,False,0.9030051198450816,False
2011-03-24,Pennsylvania,Lancaster,85,Percent of days with PM2.5 levels over the National Ambient Air Quality Standard (NAAQS),0.0669254540081075,False,0.26800851297639405,False
2011-03-25,Pennsylvania,Lancaster,85,Percent of days with PM2.5 levels over the National Ambient Air Quality Standard (NAAQS),0.0609284139101474,False,-0.0685655669129554,False
2011-03-26,Pennsylvania,Lancaster,85,Percent of days with PM2.5 levels over the National Ambient Air Quality Standard (NAAQS),0.0588184750296976,False,-0.14417094285864246,False
2011-03-27,Pennsylvania,Lancaster,85,Percent of days with PM2.5 levels over the National Ambient Air Quality Standard (NAAQS),0.0510556252470103,False,-0.563112901708312,False
2011-03-28,Pennsylvania,Lancaster,85,Percent of days with PM2.5 levels over the National Ambient Air Quality Standard (NAAQS),0.0205441964749841,False,-2.038448342723414,False
2011-03-29,Pennsylvania,Lancaster,85,Percent of days with PM2.5 levels over the National Ambient Air Quality Standard (NAAQS),0.0678597184361912,False,0.3188583661656746,False
2011-03-30,Pennsylvania,Lancaster,85,Percent of days with PM2.5 levels over the National Ambient Air Quality Standard (NAAQS),0.0847160909394417,False,1.1987325408239005,False
2011-03-31,Pennsylvania,Lancaster,85,Percent of days with PM2.5 levels over the National Ambient Air Quality Standard (NAAQS),0.0364060289195561,False,-1.198842172213128,False
2011-04-01,Pennsylvania,Lancaster,85,Percent of days with PM2.5 levels over the National Ambient Air Quality Standard (NAAQS),0.0542013309588514,False,-0.30550770229969615,False
2011-04-02,Pennsylvania,Lancaster,85,Percent of days with PM2.5 levels over the National Ambient Air Quality Standard (NAAQS),0.0629625345429522,False,0.06174054090293219,False
2011-04-03,Pennsylvania,Lancaster,85,Percent of days with PM2.5 levels over the National Ambient Air Quality Standard (NAAQS),0.0570705586234302,False,-0.22987844585849096,False
2011-04-04,Pennsylvania,Lancaster,85,Percent of days with PM2.5 levels over the National Ambient Air Quality Standard (NAAQS),0.0540337624662153,False,-0.3721743075869813,False
2011-04-05,Pennsylvania,Lancaster,85,Percent of days with PM2.5 levels over the National Ambient Air Quality Standard (NAAQS),0.0442976960299051,False,-0.8497544350404798,False
2011-04-06,Pennsylvania,Lancaster,85,Percent of days with PM2.5 levels over the National Ambient Air Quality Standard (NAAQS),0.0306373426232094,False,-1.5099069770097173,False
2011-04-07,Pennsylvania,Lancaster,85,Percent of days with PM2.5 levels over the National Ambient Air Quality Standard (NAAQS),0.0579029592016208,False,0.08552725846236557,False
2011-04-08,Pennsylvania,Lancaster,85,Percent of days with PM2.5 levels over the National Ambient Air Quality Standard (NAAQS),0.0646808494146844,False,0.4442569503267185,False
2011-04-09,Pennsylvania,Lancaster,85,Percent of days with PM2.5 levels over the National Ambient Air Quality Standard (NAAQS),0.0536794044643672,False,-0.19594826401360435,False
2011-04-10,Pennsylvania,Lancaster,85,Percent of days with PM2.5 levels over the National Ambient Air Quality Standard (NAAQS),0.0673548332556815,False,0.6167595765665517,False
2011-04-11,Pennsylvania,Lancaster,85,Percent of days with PM2.5 levels over the National Ambient Air Quality Standard (NAAQS),0.0700107866457851,False,0.8482059570811827,False
2011-04-12,Pennsylvania,Lancaster,85,Percent of days with PM2.5 levels over the National Ambient Air Quality Standard (NAAQS),0.0749795126267288,False,1.2758329254993857,False
2011-04-13,Pennsylvania,Lancaster,85,Percent of days with PM2.5 levels over the National Ambient Air Quality Standard (NAAQS),0.0544337560592168,False,-0.0952902146454085,False
2011-04-14,Pennsylvania,Lancaster,85,Percent of days with PM2.5 levels over the National Ambient Air Quality Standard (NAAQS),0.0712790333526507,False,0.9576388480179118,False
2011-04-15,Pennsylvania,Lancaster,85,Percent of days with PM2.5 levels over the National Ambient Air Quality Standard (NAAQS),0.068891910426327,False,0.8003627957411044,False
2011-04-16,Pennsylvania,Lancaster,85,Percent of days with PM2.5 levels over the National Ambient Air Quality Standard (NAAQS),0.0614022493289386,False,0.2683689473343029,False
2011-04-17,Pennsylvania,Lancaster,85,Percent of days with PM2.5 levels over the National Ambient Air Quality Standard (NAAQS),0.0590134102574402,False,0.04003424304791746,False
2011-04-18,Pennsylvania,Lancaster,85,Percent of days with PM2.5 levels over the National Ambient Air Quality Standard (NAAQS),0.0325092372594578,False,-1.7048062743683134,False
2011-04-19,Pennsylvania,Lancaster,85,Percent of days with PM2.5 levels over the National Ambient Air Quality Standard (NAAQS),0.0720147373731662,False,0.9101876989594623,False
2011-04-20,Pennsylvania,Lancaster,85,Percent of days with PM2.5 levels over the National Ambient Air Quality Standard (NAAQS),0.0646596725382595,False,0.46408449422716147,False
2011-04-21,Pennsylvania,Lancaster,85,Percent of days with PM2.5 levels over the National Ambient Air Quality Standard (NAAQS),0.0547327413027656,False,-0.19607118391239362,False
2011-04-22,Pennsylvania,Lancaster,85,Percent of days with PM2.5 levels over the National Ambient Air Quality Standard (NAAQS),0.0507547584057994,False,-0.4474260959845983,False
2011-04-23,Pennsylvania,Lancaster,85,Percent of days with PM2.5 levels over the National Ambient Air Quality Standard (NAAQS),0.0683538591855683,False,0.7473423680001215,False
2011-04-24,Pennsylvania,Lancaster,85,Percent of days with PM2.5 levels over the National Ambient Air Quality Standard (NAAQS),0.0492885878455117,False,-0.5616658342957502,False
2011-04-25,Pennsylvania,Lancaster,85,Percent of days with PM2.5 levels over the National Ambient Air Quality Standard (NAAQS),0.0386100247598107,False,-1.479321186832588,False
2011-04-26,Pennsylvania,Lancaster,85,Percent of days with PM2.5 levels over the National Ambient Air Quality Standard (NAAQS),0.0532978381058302,False,-0.32768905336586507,False
2011-04-27,Pennsylvania,Lancaster,85,Percent of days with PM2.5 levels over the National Ambient Air Quality Standard (NAAQS),0.0399822301987795,False,-1.297062462711753,False
2011-04-28,Pennsylvania,Lancaster,85,Percent of days with PM2.5 levels over the National Ambient Air Quality Standard (NAAQS),0.0509641104823868,False,-0.47024813465106485,False
2011-04-29,Pennsylvania,Lancaster,85,Percent of days with PM2.5 levels over the National Ambient Air Quality Standard (NAAQS),0.0617051956063572,False,0.4182886389447034,False
2011-04-30,Pennsylvania,Lancaster,85,Percent of days with PM2.5 levels over the National Ambient Air Quality Standard (NAAQS),0.0565717725991984,False,0.0027279882804289654,False
2011-05-01,Pennsylvania,Lancaster,85,Percent of days with PM2.5 levels over the National Ambient Air Quality Standard (NAAQS),0.0588031679689105,False,0.18739386011465337,False
2011-05-02,Pennsylvania,Lancaster,85,Percent of days with PM2.5 levels over the National Ambient Air Quality Standard (NAAQS),0.0701982645831868,False,1.0838993736083247,False
2011-05-03,Pennsylvania,Lancaster,85,Percent of days with PM2.5 levels over the National Ambient Air Quality Standard (NAAQS),0.0441441902692228,False,-1.0841715511931864,False
2011-05-04,Pennsylvania,Lancaster,85,Percent of days with PM2.5 levels over the National Ambient Air Quality Standard (NAAQS),0.0773334693346424,False,1.61868817348975,False
2011-05-05,Pennsylvania,Lancaster,85,Percent of days with PM2.5 levels over the National Ambient Air Quality Standard (NAAQS),0.0606049833228135,False,0.14590479913939253,False
2011-05-06,Pennsylvania,Lancaster,85,Percent of days with PM2.5 levels over the National Ambient Air Quality Standard (NAAQS),0.0497332431835617,False,-0.754085253374728,False
2011-05-07,Pennsylvania,Lancaster,85,Percent of days with PM2.5 levels over the National Ambient Air Quality Standard (NAAQS),0.0422933843134794,False,-1.3233340441924346,False
2011-05-08,Pennsylvania,Lancaster,85,Percent of days with PM2.5 levels over the National Ambient Air Quality Standard (NAAQS),0.0673270819479759,False,0.7863536255899857,False
2011-05-09,Pennsylvania,Lancaster,85,Percent of days with PM2.5 levels over the National Ambient Air Quality Standard (NAAQS),0.0673102590253283,False,0.799168660979577,False
2011-05-10,Pennsylvania,Lancaster,85,Percent of days with PM2.5 levels over the National Ambient Air Quality Standard (NAAQS),0.0671132971728125,False,0.8297990039557585,False
2011-05-11,Pennsylvania,Lancaster,85,Percent of days with PM2.5 levels over the National Ambient Air Quality Standard (NAAQS),0.0561828695420885,False,-0.13110914164367996,False
2011-05-12,Pennsylvania,Lancaster,85,Percent of days with PM2.5 levels over the National Ambient Air Quality Standard (NAAQS),0.081373313536933,False,1.941460950821008,False
2011-05-13,Pennsylvania,Lancaster,85,Percent of days with PM2.5 levels over the National Ambient Air Quality Standard (NAAQS),0.0618716662087464,False,0.3442130049895657,False
2011-05-14,Pennsylvania,Lancaster,85,Percent of days with PM2.5 levels over the National Ambient Air Quality Standard (NAAQS),0.0313788643903697,False,-1.974504500499081,False
2011-05-15,Pennsylvania,Lancaster,85,Percent of days with PM2.5 levels over the National Ambient Air Quality Standard (NAAQS),0.0609968176961726,False,0.327352618069072,False
2011-05-16,Pennsylvania,Lancaster,85,Percent of days with PM2.5 levels over the National Ambient Air Quality Standard (NAAQS),0.0357969899546974,False,-1.670720676702882,False
2011-05-17,Pennsylvania,Lancaster,85,Percent of days with PM2.5 levels over the National Ambient Air Quality Standard (NAAQS),0.05709497039605,False,0.058673990329886475,False
2011-05-18,Pennsylvania,Lancaster,85,Percent of days with PM2.5 levels over the National Ambient Air Quality Standard (NAAQS),0.0545032676547324,False,-0.12382525053127184,False
2011-05-19,Pennsylvania,Lancaster,85,Percent of days with PM2.5 levels over the National Ambient Air Quality Standard (NAAQS),0.0421181786591756,False,-1.0789392003129248,False
2011-05-20,Pennsylvania,Lancaster,85,Percent of days with PM2.5 levels over the National Ambient Air Quality Standard (NAAQS),0.0641274278426994,False,0.64585348658485,False
2011-05-21,Pennsylvania,Lancaster,85,Percent of days with PM2.5 levels over the National Ambient Air Quality Standard (NAAQS),0.0229556276222908,False,-2.288179159548596,False
2011-05-22,Pennsylvania,Lancaster,85,Percent of days with PM2.5 levels over the National Ambient Air Quality Standard (NAAQS),0.0494490911438105,False,-0.3618005082079171,False
2011-05-23,Pennsylvania,Lancaster,85,Percent of days with PM2.5 levels over the National Ambient Air Quality Standard (NAAQS),0.0525842989782363,False,-0.17443679347029625,False
2011-05-24,Pennsylvania,Lancaster,85,Percent of days with PM2.5 levels over the National Ambient Air Quality Standard (NAAQS),0.0686800149320903,False,0.9679926312615799,False
2011-05-25,Pennsylvania,Lancaster,85,Percent of days with PM2.5 levels over the National Ambient Air Quality Standard (NAAQS),0.0956766231113563,False,2.5032085785832456,False
2011-05-26,Pennsylvania,Lancaster,85,Percent of days with PM2.5 levels over the National Ambient Air Quality Standard (NAAQS),0.04294386975162,False,-0.9200202869672278,False
2011-05-27,Pennsylvania,Lancaster,85,Percent of days with PM2.5 levels over the National Ambient Air Quality Standard (NAAQS),0.076360743852061,False,1.1760892200991229,False
2011-05-28,Pennsylvania,Lancaster,85,Percent of days with PM2.5 levels over the National Ambient Air Quality Standard (NAAQS),0.0131458284736041,False,-2.39337852723242,False
2011-05-29,Pennsylvania,Lancaster,85,Percent of days with PM2.5 levels over the National Ambient Air Quality Standard (NAAQS),0.0729016298160128,False,0.891026499643239,False
2011-05-30,Pennsylvania,Lancaster,85,Percent of days with PM2.5 levels over the National Ambient Air Quality Standard (NAAQS),0.0477991398669486,False,-0.4444633161342522,False
2011-05-31,Pennsylvania,Lancaster,85,Percent of days with PM2.5 levels over the National Ambient Air Quality Standard (NAAQS),0.0476555828868044,False,-0.46114574162099653,False
2011-06-01,Pennsylvania,Lancaster,85,Percent of days with PM2.5 levels over the National Ambient Air Quality Standard (NAAQS),0.0834972326001701,False,1.4880720067176951,False
2011-06-02,Pennsylvania,Lancaster,85,Percent of days with PM2.5 levels over the National Ambient Air Quality Standard (NAAQS),0.059692014523309,False,0.19242640612343132,False
2011-06-03,Pennsylvania,Lancaster,85,Percent of days with PM2.5 levels over the National Ambient Air Quality Standard (NAAQS),0.0599056691620191,False,0.1845823201818192,False
2011-06-04,Pennsylvania,Lancaster,85,Percent of days with PM2.5 levels over the National Ambient Air Quality Standard (NAAQS),0.0182447885599713,False,-1.9167064351176086,False
2011-06-05,Pennsylvania,Lancaster,85,Percent of days with PM2.5 levels over the National Ambient Air Quality Standard (NAAQS),0.0343349366759705,False,-1.0184809068167358,False
2011-06-06,Pennsylvania,Lancaster,85,Percent of days with PM2.5 levels over the National Ambient Air Quality Standard (NAAQS),0.0687732256939041,False,0.7178580159154898,False
2011-06-07,Pennsylvania,Lancaster,85,Percent of days with PM2.5 levels over the National Ambient Air Quality Standard (NAAQS),0.0622877605378295,False,0.40129677277019554,False
2011-06-08,Pennsylvania,Lancaster,85,Percent of days with PM2.5 levels over the National Ambient Air Quality Standard (NAAQS),0.0711675149565236,False,0.8137573462508693,False
2011-06-09,Pennsylvania,Lancaster,85,Percent of days with PM2.5 levels over the National Ambient Air Quality Standard (NAAQS),0.0506315085585211,False,-0.16440513658045797,False
2011-06-10,Pennsylvania,Lancaster,85,Percent of days with PM2.5 levels over the National Ambient Air Quality Standard (NAAQS),0.0412121741038049,False,-0.6116039767741138,False
2011-06-11,Pennsylvania,Lancaster,85,Percent of days with PM2.5 levels over the National Ambient Air Quality Standard (NAAQS),0.0511690589517935,False,-0.13774159207584066,False
2011-06-12,Pennsylvania,Lancaster,85,Percent of days with PM2.5 levels over the National Ambient Air Quality Standard (NAAQS),0.0909540212008077,False,1.7919097924295502,False
2011-06-13,Pennsylvania,Lancaster,85,Percent of days with PM2.5 levels over the National Ambient Air Quality Standard (NAAQS),0.0274428717827093,False,-1.3219899070077525,False
2011-06-14,Pennsylvania,Lancaster,85,Percent of days with PM2.5 levels over the National Ambient Air Quality Standard (NAAQS),0.0579682945102966,False,0.16532640288528708,False
2011-06-15,Pennsylvania,Lancaster,85,Percent of days with PM2.5 levels over the National Ambient Air Quality Standard (NAAQS),0.0650300865005241,False,0.489090718351131,False
2011-06-16,Pennsylvania,Lancaster,85,Percent of days with PM2.5 levels over the National Ambient Air Quality Standard (NAAQS),0.0667424351565947,False,0.5306190840786997,False
2011-06-17,Pennsylvania,Lancaster,85,Percent of days with PM2.5 levels over the National Ambient Air Quality Standard (NAAQS),0.0297719909643692,False,-1.178950217417617,False
2011-06-18,Pennsylvania,Lancaster,85,Percent of days with PM2.5 levels over the National Ambient Air Quality Standard (NAAQS),0.0749523310056543,False,0.9039138651606821,False
2011-06-19,Pennsylvania,Lancaster,85,Percent of days with PM2.5 levels over the National Ambient Air Quality Standard (NAAQS),0.0448008113862446,False,-0.5599317625759724,False
2011-06-20,Pennsylvania,Lancaster,85,Percent of days with PM2.5 levels over the National Ambient Air Quality Standard (NAAQS),0.0668355198516721,False,0.48654366364798124,False
2011-06-21,Pennsylvania,Lancaster,85,Percent of days with PM2.5 levels over the National Ambient Air Quality Standard (NAAQS),0.0490204414241733,False,-0.34507322004490454,False
2011-06-22,Pennsylvania,Lancaster,85,Percent of days with PM2.5 levels over the National Ambient Air Quality Standard (NAAQS),0.0487985651180339,False,-0.2957844102487563,False
2011-06-23,Pennsylvania,Lancaster,85,Percent of days with PM2.5 levels over the National Ambient Air Quality Standard (NAAQS),0.0605404646728605,False,0.28950296953601756,False
2011-06-24,Pennsylvania,Lancaster,85,Percent of days with PM2.5 levels over the National Ambient Air Quality Standard (NAAQS),0.0290006518906766,False,-1.2772416339892347,False
2011-06-25,Pennsylvania,Lancaster,85,Percent of days with PM2.5 levels over the National Ambient Air Quality Standard (NAAQS),0.0632901923019847,False,0.4661518003059992,False
2011-06-26,Pennsylvania,Lancaster,85,Percent of days with PM2.5 levels over the National Ambient Air Quality Standard (NAAQS),0.0638022379823232,False,0.5219078529216802,False
2011-06-27,Pennsylvania,Lancaster,85,Percent of days with PM2.5 levels over the National Ambient Air Quality Standard (NAAQS),0.0667216612308898,False,0.6492484146155691,False
2011-06-28,Pennsylvania,Lancaster,85,Percent of days with PM2.5 levels over the National Ambient Air Quality Standard (NAAQS),0.0715575199499238,False,0.8703934830482644,False
2011-06-29,Pennsylvania,Lancaster,85,Percent of days with PM2.5 levels over the National Ambient Air Quality Standard (NAAQS),0.0414413061394178,False,-0.7971013365813325,False
2011-06-30,Pennsylvania,Lancaster,85,Percent of days with PM2.5 levels over the National Ambient Air Quality Standard (NAAQS),0.0748666966822123,False,1.1293127550885163,False
2011-07-01,Pennsylvania,Lancaster,85,Percent of days with PM2.5 levels over the National Ambient Air Quality Standard (NAAQS),0.0545131840413847,False,-0.04046463393268006,False
2011-07-02,Pennsylvania,Lancaster,85,Percent of days with PM2.5 levels over the National Ambient Air Quality Standard (NAAQS),0.0874373718859775,False,1.7852127902005925,False
2011-07-03,Pennsylvania,Lancaster,85,Percent of days with PM2.5 levels over the National Ambient Air Quality Standard (NAAQS),0.0703976415433436,False,0.7061876464636401,False
2011-07-04,Pennsylvania,Lancaster,85,Percent of days with PM2.5 levels over the National Ambient Air Quality Standard (NAAQS),0.0598663193101837,False,0.0756378054170485,False
2011-07-05,Pennsylvania,Lancaster,85,Percent of days with PM2.5 levels over the National Ambient Air Quality Standard (NAAQS),0.0401855722987927,False,-1.0761689620373551,False
2011-07-06,Pennsylvania,Lancaster,85,Percent of days with PM2.5 levels over the National Ambient Air Quality Standard (NAAQS),0.0430987311221968,False,-0.8370396715054562,False
2011-07-07,Pennsylvania,Lancaster,85,Percent of days with PM2.5 levels over the National Ambient Air Quality Standard (NAAQS),0.0495404336400624,False,-0.4423704631251454,False
2011-07-08,Pennsylvania,Lancaster,85,Percent of days with PM2.5 levels over the National Ambient Air Quality Standard (NAAQS),0.0554419499257977,False,-0.11662587617105337,False
2011-07-09,Pennsylvania,Lancaster,85,Percent of days with PM2.5 levels over the National Ambient Air Quality Standard (NAAQS),0.0852287850867637,False,1.573852637244482,False
2011-07-10,Pennsylvania,Lancaster,85,Percent of days with PM2.5 levels over the National Ambient Air Quality Standard (NAAQS),0.0752421242227193,False,1.0733166797917812,False
2011-07-11,Pennsylvania,Lancaster,85,Percent of days with PM2.5 levels over the National Ambient Air Quality Standard (NAAQS),0.0818781328657367,False,1.4132557516462354,False
2011-07-12,Pennsylvania,Lancaster,85,Percent of days with PM2.5 levels over the National Ambient Air Quality Standard (NAAQS),0.040006964883775,False,-1.2064318107890748,False
2011-07-13,Pennsylvania,Lancaster,85,Percent of days with PM2.5 levels over the National Ambient Air Quality Standard (NAAQS),0.0612336341756532,False,0.13063914840440782,False
2011-07-14,Pennsylvania,Lancaster,85,Percent of days with PM2.5 levels over the National Ambient Air Quality Standard (NAAQS),0.0653946340516184,False,0.3951431862250989,False
2011-07-15,Pennsylvania,Lancaster,85,Percent of days with PM2.5 levels over the National Ambient Air Quality Standard (NAAQS),0.0496448998329875,False,-0.6785616743403192,False
2011-07-16,Pennsylvania,Lancaster,85,Percent of days with PM2.5 levels over the National Ambient Air Quality Standard (NAAQS),0.0769349388089463,False,1.132112714891921,False
2011-07-17,Pennsylvania,Lancaster,85,Percent of days with PM2.5 levels over the National Ambient Air Quality Standard (NAAQS),0.0405425032505248,False,-1.259034954850284,False
2011-07-18,Pennsylvania,Lancaster,85,Percent of days with PM2.5 levels over the National Ambient Air Quality Standard (NAAQS),0.0841940169873497,False,1.501478565478204,False
2011-07-19,Pennsylvania,Lancaster,85,Percent of days with PM2.5 levels over the National Ambient Air Quality Standard (NAAQS),0.0681438509043469,False,0.45042124648531195,False
2011-07-20,Pennsylvania,Lancaster,85,Percent of days with PM2.5 levels over the National Ambient Air Quality Standard (NAAQS),0.0527546815837814,False,-0.5366945690967659,False
2011-07-21,Pennsylvania,Lancaster,85,Percent of days with PM2.5 levels over the National Ambient Air Quality Standard (NAAQS),0.0715288114967687,False,0.630073361858899,False
2011-07-22,Pennsylvania,Lancaster,85,Percent of days with PM2.5 levels over the National Ambient Air Quality Standard (NAAQS),0.0535374037709731,False,-0.6113184384351983,False
2011-07-23,Pennsylvania,Lancaster,85,Percent of days with PM2.5 levels over the National Ambient Air Quality Standard (NAAQS),0.0783429221435608,False,1.0326368010009108,False
2011-07-24,Pennsylvania,Lancaster,85,Percent of days with PM2.5 levels over the National Ambient Air Quality Standard (NAAQS),0.0488379916068792,False,-0.9005180248517639,False
2011-07-25,Pennsylvania,Lancaster,85,Percent of days with PM2.5 levels over the National Ambient Air Quality Standard (NAAQS),0.046923363924675,False,-0.9642401928049092,False
2011-07-26,Pennsylvania,Lancaster,85,Percent of days with PM2.5 levels over the National Ambient Air Quality Standard (NAAQS),0.0596026803506376,False,-0.11215565306347,False
2011-07-27,Pennsylvania,Lancaster,85,Percent of days with PM2.5 levels over the National Ambient Air Quality Standard (NAAQS),0.0750659853657766,False,0.8397877620773777,False
2011-07-28,Pennsylvania,Lancaster,85,Percent of days with PM2.5 levels over the National Ambient Air Quality Standard (NAAQS),0.0699009367157313,False,0.5102931241516521,False
2011-07-29,Pennsylvania,Lancaster,85,Percent of days with PM2.5 levels over the National Ambient Air Quality Standard (NAAQS),0.0770347906021743,False,0.9266595241891827,False
2011-07-30,Pennsylvania,Lancaster,85,Percent of days with PM2.5 levels over the National Ambient Air Quality Standard (NAAQS),0.0672556346631768,False,0.33936589631237063,False
2011-07-31,Pennsylvania,Lancaster,85,Percent of days with PM2.5 levels over the National Ambient Air Quality Standard (NAAQS),0.0489042306190971,False,-0.8864193443672398,False
2011-08-01,Pennsylvania,Lancaster,85,Percent of days with PM2.5 levels over the National Ambient Air Quality Standard (NAAQS),0.077048885582843,False,1.007940670330042,False
2011-08-02,Pennsylvania,Lancaster,85,Percent of days with PM2.5 levels over the National Ambient Air Quality Standard (NAAQS),0.0450819416594265,False,-1.2037728753177912,False
2011-08-03,Pennsylvania,Lancaster,85,Percent of days with PM2.5 levels over the National Ambient Air Quality Standard (NAAQS),0.0552360950363971,False,-0.5458417037823554,False
2011-08-04,Pennsylvania,Lancaster,85,Percent of days with PM2.5 levels over the National Ambient Air Quality Standard (NAAQS),0.0459743297299768,False,-1.1866089416923513,False
2011-08-05,Pennsylvania,Lancaster,85,Percent of days with PM2.5 levels over the National Ambient Air Quality Standard (NAAQS),0.06747297416402,False,0.30496952471897015,False
2011-08-06,Pennsylvania,Lancaster,85,Percent of days with PM2.5 levels over the National Ambient Air Quality Standard (NAAQS),0.072248949411964,False,0.7043830885929646,False
2011-08-07,Pennsylvania,Lancaster,85,Percent of days with PM2.5 levels over the National Ambient Air Quality Standard (NAAQS),0.0460426602924864,False,-1.1439608704749555,False
2011-08-08,Pennsylvania,Lancaster,85,Percent of days with PM2.5 levels over the National Ambient Air Quality Standard (NAAQS),0.0771756491581866,False,1.1670061452374565,False
2011-08-09,Pennsylvania,Lancaster,85,Percent of days with PM2.5 levels over the National Ambient Air Quality Standard (NAAQS),0.046966154841691,False,-1.1305437510844003,False
2011-08-10,Pennsylvania,Lancaster,85,Percent of days with PM2.5 levels over the National Ambient Air Quality Standard (NAAQS),0.0368504822128452,False,-1.7288358847950125,False
2011-08-11,Pennsylvania,Lancaster,85,Percent of days with PM2.5 levels over the National Ambient Air Quality Standard (NAAQS),0.0474107723295502,False,-0.909908245153684,False
2011-08-12,Pennsylvania,Lancaster,85,Percent of days with PM2.5 levels over the National Ambient Air Quality Standard (NAAQS),0.0416319083063614,False,-1.2723629429305043,False
2011-08-13,Pennsylvania,Lancaster,85,Percent of days with PM2.5 levels over the National Ambient Air Quality Standard (NAAQS),0.0512738378513889,False,-0.5508181790630765,False
2011-08-14,Pennsylvania,Lancaster,85,Percent of days with PM2.5 levels over the National Ambient Air Quality Standard (NAAQS),0.0446938991380094,False,-1.0417060225074557,False
2011-08-15,Pennsylvania,Lancaster,85,Percent of days with PM2.5 levels over the National Ambient Air Quality Standard (NAAQS),0.0332384438271624,False,-1.7419856210845344,False
2011-08-16,Pennsylvania,Lancaster,85,Percent of days with PM2.5 levels over the National Ambient Air Quality Standard (NAAQS),0.072305521532839,False,1.0573594224718255,False
2011-08-17,Pennsylvania,Lancaster,85,Percent of days with PM2.5 levels over the National Ambient Air Quality Standard (NAAQS),0.0604376309088516,False,0.18977436975706286,False
2011-08-18,Pennsylvania,Lancaster,85,Percent of days with PM2.5 levels over the National Ambient Air Quality Standard (NAAQS),0.0476481080163297,False,-0.6715292637142848,False
2011-08-19,Pennsylvania,Lancaster,85,Percent of days with PM2.5 levels over the National Ambient Air Quality Standard (NAAQS),0.0050151944453952,False,-2.9598127507513126,False
2011-08-20,Pennsylvania,Lancaster,85,Percent of days with PM2.5 levels over the National Ambient Air Quality Standard (NAAQS),0.0815589676257759,False,1.532166018898494,False
2011-08-21,Pennsylvania,Lancaster,85,Percent of days with PM2.5 levels over the National Ambient Air Quality Standard (NAAQS),0.0637440597963782,False,0.4603820806467576,False
2011-08-22,Pennsylvania,Lancaster,85,Percent of days with PM2.5 levels over the National Ambient Air Quality Standard (NAAQS),0.0626011843620367,False,0.3620773418228616,False
2011-08-23,Pennsylvania,Lancaster,85,Percent of days with PM2.5 levels over the National Ambient Air Quality Standard (NAAQS),0.0629832543495454,False,0.37657909173943516,False
2011-08-24,Pennsylvania,Lancaster,85,Percent of days with PM2.5 levels over the National Ambient Air Quality Standard (NAAQS),0.0425015016794252,False,-0.7594258614492603,False
2011-08-25,Pennsylvania,Lancaster,85,Percent of days with PM2.5 levels over the National Ambient Air Quality Standard (NAAQS),0.0660595572838905,False,0.6434664208403532,False
2011-08-26,Pennsylvania,Lancaster,85,Percent of days with PM2.5 levels over the National Ambient Air Quality Standard (NAAQS),0.083136632775723,False,1.6135111861050797,False
2011-08-27,Pennsylvania,Lancaster,85,Percent of days with PM2.5 levels over the National Ambient Air Quality Standard (NAAQS),0.0284956297572866,False,-1.4421878971871476,False
2011-08-28,Pennsylvania,Lancaster,85,Percent of days with PM2.5 levels over the National Ambient Air Quality Standard (NAAQS),0.0760912740364089,False,1.1587314760440834,False
2011-08-29,Pennsylvania,Lancaster,85,Percent of days with PM2.5 levels over the National Ambient Air Quality Standard (NAAQS),0.0350290361093281,False,-1.0266789863611643,False
2011-08-30,Pennsylvania,Lancaster,85,Percent of days with PM2.5 levels over the National Ambient Air Quality Standard (NAAQS),0.0543705783177262,False,0.02822257312281886,False
2011-08-31,Pennsylvania,Lancaster,85,Percent of days with PM2.5 levels over the National Ambient Air Quality Standard (NAAQS),0.0755823308477793,False,1.1402255644183454,False
2011-09-01,Pennsylvania,Lancaster,85,Percent of days with PM2.5 levels over the National Ambient Air Quality Standard (NAAQS),0.075831984190812,False,1.0757672114290866,False
2011-09-02,Pennsylvania,Lancaster,85,Percent of days with PM2.5 levels over the National Ambient Air Quality Standard (NAAQS),0.0350612317409981,False,-1.0232637577055113,False
2011-09-03,Pennsylvania,Lancaster,85,Percent of days with PM2.5 levels over the National Ambient Air Quality Standard (NAAQS),0.085658381727578,False,1.5637704444769798,False
2011-09-04,Pennsylvania,Lancaster,85,Percent of days with PM2.5 levels over the National Ambient Air Quality Standard (NAAQS),0.0559745475368676,False,0.032823462665605915,False
2011-09-05,Pennsylvania,Lancaster,85,Percent of days with PM2.5 levels over the National Ambient Air Quality Standard (NAAQS),0.0752067548700521,False,1.0247005860108553,False
2011-09-06,Pennsylvania,Lancaster,85,Percent of days with PM2.5 levels over the National Ambient Air Quality Standard (NAAQS),0.0436644154312289,False,-0.587982284554734,False
2011-09-07,Pennsylvania,Lancaster,85,Percent of days with PM2.5 levels over the National Ambient Air Quality Standard (NAAQS),0.0521042178121336,False,-0.1866834935642386,False
2011-09-08,Pennsylvania,Lancaster,85,Percent of days with PM2.5 levels over the National Ambient Air Quality Standard (NAAQS),0.0734243112316693,False,0.8654303740642558,False
2011-09-09,Pennsylvania,Lancaster,85,Percent of days with PM2.5 levels over the National Ambient Air Quality Standard (NAAQS),0.067243516776455,False,0.5033886203108496,False
2011-09-10,Pennsylvania,Lancaster,85,Percent of days with PM2.5 levels over the National Ambient Air Quality Standard (NAAQS),0.0206172392155961,False,-1.7481868464619374,False
2011-09-11,Pennsylvania,Lancaster,85,Percent of days with PM2.5 levels over the National Ambient Air Quality Standard (NAAQS),0.0185466752153716,False,-1.7101647354540335,False
2011-09-12,Pennsylvania,Lancaster,85,Percent of days with PM2.5 levels over the National Ambient Air Quality Standard (NAAQS),0.0503545009696548,False,-0.2718238072156209,False
2011-09-13,Pennsylvania,Lancaster,85,Percent of days with PM2.5 levels over the National Ambient Air Quality Standard (NAAQS),0.0489487390073833,False,-0.30166743963028025,False
2011-09-14,Pennsylvania,Lancaster,85,Percent of days with PM2.5 levels over the National Ambient Air Quality Standard (NAAQS),0.015447437430881,False,-1.7167458738558343,False
2011-09-15,Pennsylvania,Lancaster,85,Percent of days with PM2.5 levels over the National Ambient Air Quality Standard (NAAQS),0.0606959925070646,False,0.2942975588677994,False
2011-09-16,Pennsylvania,Lancaster,85,Percent of days with PM2.5 levels over the National Ambient Air Quality Standard (NAAQS),0.0408171959538613,False,-0.7197693004127516,False
2011-09-17,Pennsylvania,Lancaster,85,Percent of days with PM2.5 levels over the National Ambient Air Quality Standard (NAAQS),0.0616328184102537,False,0.35191980262917305,False
2011-09-18,Pennsylvania,Lancaster,85,Percent of days with PM2.5 levels over the National Ambient Air Quality Standard (NAAQS),0.0348406825713827,False,-0.94449687684086,False
2011-09-19,Pennsylvania,Lancaster,85,Percent of days with PM2.5 levels over the National Ambient Air Quality Standard (NAAQS),0.078310049320026,False,1.1790423397271508,False
2011-09-20,Pennsylvania,Lancaster,85,Percent of days with PM2.5 levels over the National Ambient Air Quality Standard (NAAQS),0.0661153450922127,False,0.5746623835119843,False
2011-09-21,Pennsylvania,Lancaster,85,Percent of days with PM2.5 levels over the National Ambient Air Quality Standard (NAAQS),0.0409351601466213,False,-0.6512233861044089,False
2011-09-22,Pennsylvania,Lancaster,85,Percent of days with PM2.5 levels over the National Ambient Air Quality Standard (NAAQS),0.0718425906021744,False,0.839345600034679,False
2011-09-23,Pennsylvania,Lancaster,85,Percent of days with PM2.5 levels over the National Ambient Air Quality Standard (NAAQS),0.0348370354708587,False,-0.8882269550093582,False
2011-09-24,Pennsylvania,Lancaster,85,Percent of days with PM2.5 levels over the National Ambient Air Quality Standard (NAAQS),0.0248054970476465,False,-1.3665663458271808,False
2011-09-25,Pennsylvania,Lancaster,85,Percent of days with PM2.5 levels over the National Ambient Air Quality Standard (NAAQS),0.0582546065043073,False,0.31430187990582736,False
2011-09-26,Pennsylvania,Lancaster,85,Percent of days with PM2.5 levels over the National Ambient Air Quality Standard (NAAQS),0.0612138160021976,False,0.42061576243577703,False
2011-09-27,Pennsylvania,Lancaster,85,Percent of days with PM2.5 levels over the National Ambient Air Quality Standard (NAAQS),0.0563537735911751,False,0.16984918517979186,False
2011-09-28,Pennsylvania,Lancaster,85,Percent of days with PM2.5 levels over the National Ambient Air Quality Standard (NAAQS),0.034044989789898,False,-0.8975655877249805,False
2011-09-29,Pennsylvania,Lancaster,85,Percent of days with PM2.5 levels over the National Ambient Air Quality Standard (NAAQS),0.0558624415201859,False,0.26689152411768163,False
2011-09-30,Pennsylvania,Lancaster,85,Percent of days with PM2.5 levels over the National Ambient Air Quality Standard (NAAQS),0.0311373211263643,False,-1.0256956744082075,False
2011-10-01,Pennsylvania,Lancaster,85,Percent of days with PM2.5 levels over the National Ambient Air Quality Standard (NAAQS),0.0610408655931012,False,0.6279792523850684,False
2011-10-02,Pennsylvania,Lancaster,85,Percent of days with PM2.5 levels over the National Ambient Air Quality Standard (NAAQS),0.0620039762370714,False,0.6655393283062673,False
2011-10-03,Pennsylvania,Lancaster,85,Percent of days with PM2.5 levels over the National Ambient Air Quality Standard (NAAQS),0.0652055403962481,False,0.8838098230025734,False
2011-10-04,Pennsylvania,Lancaster,85,Percent of days with PM2.5 levels over the National Ambient Air Quality Standard (NAAQS),0.0512478651473565,False,0.07536955462020882,False
2011-10-05,Pennsylvania,Lancaster,85,Percent of days with PM2.5 levels over the National Ambient Air Quality Standard (NAAQS),0.0447562012324467,False,-0.2790510199406984,False
2011-10-06,Pennsylvania,Lancaster,85,Percent of days with PM2.5 levels over the National Ambient Air Quality Standard (NAAQS),0.0407569136740102,False,-0.45466529599894606,False
2011-10-07,Pennsylvania,Lancaster,85,Percent of days with PM2.5 levels over the National Ambient Air Quality Standard (NAAQS),0.0467026322412312,False,-0.06372332864159086,False
2011-10-08,Pennsylvania,Lancaster,85,Percent of days with PM2.5 levels over the National Ambient Air Quality Standard (NAAQS),0.0454206258850482,False,-0.2047766350856772,False
2011-10-09,Pennsylvania,Lancaster,85,Percent of days with PM2.5 levels over the National Ambient Air Quality Standard (NAAQS),0.0281531869926026,False,-1.373387983654513,False
2011-10-10,Pennsylvania,Lancaster,85,Percent of days with PM2.5 levels over the National Ambient Air Quality Standard (NAAQS),0.0683064531406994,False,1.1966965666124973,False
2011-10-11,Pennsylvania,Lancaster,85,Percent of days with PM2.5 levels over the National Ambient Air Quality Standard (NAAQS),0.034235896067197,False,-0.9367535234619481,False
2011-10-12,Pennsylvania,Lancaster,85,Percent of days with PM2.5 levels over the National Ambient Air Quality Standard (NAAQS),0.0492146877644245,False,-0.07600843448243036,False
2011-10-13,Pennsylvania,Lancaster,85,Percent of days with PM2.5 levels over the National Ambient Air Quality Standard (NAAQS),0.0583232380942774,False,0.5628176289512503,False
2011-10-14,Pennsylvania,Lancaster,85,Percent of days with PM2.5 levels over the National Ambient Air Quality Standard (NAAQS),0.0521559272085963,False,0.10676734977574337,False
2011-10-15,Pennsylvania,Lancaster,85,Percent of days with PM2.5 levels over the National Ambient Air Quality Standard (NAAQS),0.0525091407057785,False,0.15607801646947397,False
2011-10-16,Pennsylvania,Lancaster,85,Percent of days with PM2.5 levels over the National Ambient Air Quality Standard (NAAQS),0.0679559443432348,False,1.1633199227589825,False
2011-10-17,Pennsylvania,Lancaster,85,Percent of days with PM2.5 levels over the National Ambient Air Quality Standard (NAAQS),0.0439001507989892,False,-0.48177841330995996,False
2011-10-18,Pennsylvania,Lancaster,85,Percent of days with PM2.5 levels over the National Ambient Air Quality Standard (NAAQS),0.0463804993078735,False,-0.24716997979173827,False
2011-10-19,Pennsylvania,Lancaster,85,Percent of days with PM2.5 levels over the National Ambient Air Quality Standard (NAAQS),0.0258982508430906,False,-1.7105395152801663,False
2011-10-20,Pennsylvania,Lancaster,85,Percent of days with PM2.5 levels over the National Ambient Air Quality Standard (NAAQS),0.0250833500922751,False,-1.651657696576746,False
2011-10-21,Pennsylvania,Lancaster,85,Percent of days with PM2.5 levels over the National Ambient Air Quality Standard (NAAQS),0.0530502729733125,False,0.38000142400476766,False
2011-10-22,Pennsylvania,Lancaster,85,Percent of days with PM2.5 levels over the National Ambient Air Quality Standard (NAAQS),0.0479964393576412,False,-0.06651156879103591,False
2011-10-23,Pennsylvania,Lancaster,85,Percent of days with PM2.5 levels over the National Ambient Air Quality Standard (NAAQS),0.0450196419327897,False,-0.26955628872466963,False
2011-10-24,Pennsylvania,Lancaster,85,Percent of days with PM2.5 levels over the National Ambient Air Quality Standard (NAAQS),0.0396672654663624,False,-0.6483781004391549,False
2011-10-25,Pennsylvania,Lancaster,85,Percent of days with PM2.5 levels over the National Ambient Air Quality Standard (NAAQS),0.0592447067602081,False,0.9394955457663599,False
2011-10-26,Pennsylvania,Lancaster,85,Percent of days with PM2.5 levels over the National Ambient Air Quality Standard (NAAQS),0.046294916764594,False,-0.1524294912068456,False
2011-10-27,Pennsylvania,Lancaster,85,Percent of days with PM2.5 levels over the National Ambient Air Quality Standard (NAAQS),0.0813360975769598,False,2.393893605720715,False
2011-10-28,Pennsylvania,Lancaster,85,Percent of days with PM2.5 levels over the National Ambient Air Quality Standard (NAAQS),0.1105388397796261,False,3.3762064615557796,True
2011-10-29,Pennsylvania,Lancaster,85,Percent of days with PM2.5 levels over the National Ambient Air Quality Standard (NAAQS),0.0764572108210551,False,1.3417034122226545,False
2011-10-30,Pennsylvania,Lancaster,85,Percent of days with PM2.5 levels over the National Ambient Air Quality Standard (NAAQS),0.0294495346399702,False,-1.1904368750708632,False
2011-10-31,Pennsylvania,Lancaster,85,Percent of days with PM2.5 levels over the National Ambient Air Quality Standard (NAAQS),0.0642647993174372,False,0.7127054293210254,False
2011-11-01,Pennsylvania,Lancaster,85,Percent of days with PM2.5 levels over the National Ambient Air Quality Standard (NAAQS),0.0746705918028332,False,1.20103388563678,False
2011-11-02,Pennsylvania,Lancaster,85,Percent of days with PM2.5 levels over the National Ambient Air Quality Standard (NAAQS),0.0554891779798433,False,0.16207431387999077,False
2011-11-03,Pennsylvania,Lancaster,85,Percent of days with PM2.5 levels over the National Ambient Air Quality Standard (NAAQS),0.0801401897567005,False,1.3594215608950586,False
2011-11-04,Pennsylvania,Lancaster,85,Percent of days with PM2.5 levels over the National Ambient Air Quality Standard (NAAQS),0.0332136931345095,False,-1.0238449400533896,False
2011-11-05,Pennsylvania,Lancaster,85,Percent of days with PM2.5 levels over the National Ambient Air Quality Standard (NAAQS),0.0683391698155004,False,0.7139219311867074,False
2011-11-06,Pennsylvania,Lancaster,85,Percent of days with PM2.5 levels over the National Ambient Air Quality Standard (NAAQS),0.0778684681252782,False,1.115979715087196,False
2011-11-07,Pennsylvania,Lancaster,85,Percent of days with PM2.5 levels over the National Ambient Air Quality Standard (NAAQS),0.0642012086650843,False,0.4288791737303055,False
2011-11-08,Pennsylvania,Lancaster,85,Percent of days with PM2.5 levels over the National Ambient Air Quality Standard (NAAQS),0.0260268272823848,False,-1.4792943896969741,False
2011-11-09,Pennsylvania,Lancaster,85,Percent of days with PM2.5 levels over the National Ambient Air Quality Standard (NAAQS),0.0504261489158643,False,-0.2580227386703309,False
2011-11-10,Pennsylvania,Lancaster,85,Percent of days with PM2.5 levels over the National Ambient Air Quality Standard (NAAQS),0.0721405355913434,False,0.7972612988809702,False
2011-11-11,Pennsylvania,Lancaster,85,Percent of days with PM2.5 levels over the National Ambient Air Quality Standard (NAAQS),0.0460418030900605,False,-0.48413618353645566,False
2011-11-12,Pennsylvania,Lancaster,85,Percent of days with PM2.5 levels over the National Ambient Air Quality Standard (NAAQS),0.039797290736973,False,-0.7619237053448719,False
2011-11-13,Pennsylvania,Lancaster,85,Percent of days with PM2.5 levels over the National Ambient Air Quality Standard (NAAQS),0.0541389422399148,False,-0.03724407050387084,False
2011-11-14,Pennsylvania,Lancaster,85,Percent of days with PM2.5 levels over the National Ambient Air Quality Standard (NAAQS),0.0571926623941912,False,0.09019787897617092,False
2011-11-15,Pennsylvania,Lancaster,85,Percent of days with PM2.5 levels over the National Ambient Air Quality Standard (NAAQS),0.065818641571283,False,0.48245653417789414,False
2011-11-16,Pennsylvania,Lancaster,85,Percent of days with PM2.5 levels over the National Ambient Air Quality Standard (NAAQS),0.0141685478606794,False,-1.977619954112219,False
2011-11-17,Pennsylvania,Lancaster,85,Percent of days with PM2.5 levels over the National Ambient Air Quality Standard (NAAQS),0.0772580692177487,False,0.9648280281553405,False
2011-11-18,Pennsylvania,Lancaster,85,Percent of days with PM2.5 levels over the National Ambient Air Quality Standard (NAAQS),0.0562195854918769,False,-0.06857908245170845,False
2011-11-19,Pennsylvania,Lancaster,85,Percent of days with PM2.5 levels over the National Ambient Air Quality Standard (NAAQS),0.012914616461071,False,-1.9685895395314987,False
2011-11-20,Pennsylvania,Lancaster,85,Percent of days with PM2.5 levels over the National Ambient Air Quality Standard (NAAQS),0.0558929640487193,False,-0.039368624642755375,False
2011-11-21,Pennsylvania,Lancaster,85,Percent of days with PM2.5 levels over the National Ambient Air Quality Standard (NAAQS),0.0386847835344153,False,-0.8202176665062928,False
2011-11-22,Pennsylvania,Lancaster,85,Percent of days with PM2.5 levels over the National Ambient Air Quality Standard (NAAQS),0.0501551292310189,False,-0.28350544075507134,False
2011-11-23,Pennsylvania,Lancaster,85,Percent of days with PM2.5 levels over the National Ambient Air Quality Standard (NAAQS),0.049369475002744,False,-0.32482979239735005,False
2011-11-24,Pennsylvania,Lancaster,85,Percent of days with PM2.5 levels over the National Ambient Air Quality Standard (NAAQS),0.0753756801029954,False,0.8771385778145313,False
2011-11-25,Pennsylvania,Lancaster,85,Percent of days with PM2.5 levels over the National Ambient Air Quality Standard (NAAQS),0.0697439673353835,False,0.7762590710253787,False
2011-11-26,Pennsylvania,Lancaster,85,Percent of days with PM2.5 levels over the National Ambient Air Quality Standard (NAAQS),0.0709864352258674,False,0.8601565736145643,False
2011-11-27,Pennsylvania,Lancaster,85,Percent of days with PM2.5 levels over the National Ambient Air Quality Standard (NAAQS),0.0525850906525004,False,-0.15708519894767026,False
2011-11-28,Pennsylvania,Lancaster,85,Percent of days with PM2.5 levels over the National Ambient Air Quality Standard (NAAQS),0.0674992227342787,False,0.646687263422135,False
2011-11-29,Pennsylvania,Lancaster,85,Percent of days with PM2.5 levels over the National Ambient Air Quality Standard (NAAQS),0.0415885457142393,False,-0.7035014790360504,False
2011-11-30,Pennsylvania,Lancaster,85,Percent of days with PM2.5 levels over the National Ambient Air Quality Standard (NAAQS),0.0575775337086479,False,0.17011867283371834,False
2011-12-01,Pennsylvania,Lancaster,85,Percent of days with PM2.5 levels over the National Ambient Air Quality Standard (NAAQS),0.0751572364626351,False,1.159629224138385,False
2011-12-02,Pennsylvania,Lancaster,85,Percent of days with PM2.5 levels over the National Ambient Air Quality Standard (NAAQS),0.0546335207350409,False,-0.024611367822111027,False
2011-12-03,Pennsylvania,Lancaster,85,Percent of days with PM2.5 levels over the National Ambient Air Quality Standard (NAAQS),0.0332250844017162,False,-1.158084982354335,False
2011-12-04,Pennsylvania,Lancaster,85,Percent of days with PM2.5 levels over the National Ambient Air Quality Standard (NAAQS),0.0480235805581662,False,-0.2750509793781642,False
2011-12-05,Pennsylvania,Lancaster,85,Percent of days with PM2.5 levels over the National Ambient Air Quality Standard (NAAQS),0.0825641942454689,False,1.6247156497382784,False
2011-12-06,Pennsylvania,Lancaster,85,Percent of days with PM2.5 levels over the National Ambient Air Quality Standard (NAAQS),0.0378708780404383,False,-0.9161295299455905,False
2011-12-07,Pennsylvania,Lancaster,85,Percent of days with PM2.5 levels over the National Ambient Air Quality Standard (NAAQS),0.0971230342986644,False,2.166304204363193,False
2011-12-08,Pennsylvania,Lancaster,85,Percent of days with PM2.5 levels over the National Ambient Air Quality Standard (NAAQS),0.0415911467766924,False,-0.6704541209820643,False
2011-12-09,Pennsylvania,Lancaster,85,Percent of days with PM2.5 levels over the National Ambient Air Quality Standard (NAAQS),0.0551171606127736,False,0.020653331137185538,False
2011-12-10,Pennsylvania,Lancaster,85,Percent of days with PM2.5 levels over the National Ambient Air Quality Standard (NAAQS),0.0570614637570296,False,0.0914795558358188,False
2011-12-11,Pennsylvania,Lancaster,85,Percent of days with PM2.5 levels over the National Ambient Air Quality Standard (NAAQS),0.0526976467818787,False,-0.1377231087733109,False
2011-12-12,Pennsylvania,Lancaster,85,Percent of days with PM2.5 levels over the National Ambient Air Quality Standard (NAAQS),0.0653330865800734,False,0.5157746969654173,False
2011-12-13,Pennsylvania,Lancaster,85,Percent of days with PM2.5 levels over the National Ambient Air Quality Standard (NAAQS),0.0346446446123009,False,-1.032379539071407,False
2011-12-14,Pennsylvania,Lancaster,85,Percent of days with PM2.5 levels over the National Ambient Air Quality Standard (NAAQS),0.088009309535869,False,1.6688440608185258,False
2011-12-15,Pennsylvania,Lancaster,85,Percent of days with PM2.5 levels over the National Ambient Air Quality Standard (NAAQS),0.0599397189724581,False,0.19079887650786975,False
2011-12-16,Pennsylvania,Lancaster,85,Percent of days with PM2.5 levels over the National Ambient Air Quality Standard (NAAQS),0.0797829934593781,False,1.2051980184561748,False
2011-12-17,Pennsylvania,Lancaster,85,Percent of days with PM2.5 levels over the National Ambient Air Quality Standard (NAAQS),0.0474440673708569,False,-0.6688891903333768,False
2011-12-18,Pennsylvania,Lancaster,85,Percent of days with PM2.5 levels over the National Ambient Air Quality Standard (NAAQS),0.0515258575682809,False,-0.4127326797223745,False
2011-12-19,Pennsylvania,Lancaster,85,Percent of days with PM2.5 levels over the National Ambient Air Quality Standard (NAAQS),0.0372648977932175,False,-1.260584399437789,False
2011-12-20,Pennsylvania,Lancaster,85,Percent of days with PM2.5 levels over the National Ambient Air Quality Standard (NAAQS),0.0325965739084525,False,-1.4471622906035484,False
2011-12-21,Pennsylvania,Lancaster,85,Percent of days with PM2.5 levels over the National Ambient Air Quality Standard (NAAQS),0.0650446771770031,False,0.38982053775022246,False
2011-12-22,Pennsylvania,Lancaster,85,Percent of days with PM2.5 levels over the National Ambient Air Quality Standard (NAAQS),0.041344710007486,False,-0.9096227419878288,False
2011-12-23,Pennsylvania,Lancaster,85,Percent of days with PM2.5 levels over the National Ambient Air Quality Standard (NAAQS),0.0589871190912751,False,0.13442705198173502,False
2011-12-24,Pennsylvania,Lancaster,85,Percent of days with PM2.5 levels over the National Ambient Air Quality Standard (NAAQS),0.0571692964418825,False,0.05782392241104629,False
2011-12-25,Pennsylvania,Lancaster,85,Percent of days with PM2.5 levels over the National Ambient Air Quality Standard (NAAQS),0.0546982010373182,False,-0.09306026171524595,False
2011-12-26,Pennsylvania,Lancaster,85,Percent of days with PM2.5 levels over the National Ambient Air Quality Standard (NAAQS),0.0880133414271178,False,1.7423902799783488,False
2011-12-27,Pennsylvania,Lancaster,85,Percent of days with PM2.5 levels over the National Ambient Air Quality Standard (NAAQS),0.0634257858590763,False,0.3211783309770595,False
2011-12-28,Pennsylvania,Lancaster,85,Percent of days with PM2.5 levels over the National Ambient Air Quality Standard (NAAQS),0.0640722184782933,False,0.343977900911005,False
2011-12-29,Pennsylvania,Lancaster,85,Percent of days with PM2.5 levels over the National Ambient Air Quality Standard (NAAQS),0.0403466485976865,False,-0.9337106248864829,False
2011-12-30,Pennsylvania,Lancaster,85,Percent of days with PM2.5 levels over the National Ambient Air Quality Standard (NAAQS),0.0553536955373082,False,-0.0819786172301233,False
2011-12-31,Pennsylvania,Lancaster,85,Percent of days with PM2.5 levels over the National Ambient Air Quality Standard (NAAQS),0.0692605025599143,False,0.6533255640665716,False
2012-01-01,Pennsylvania,Lancaster,85,Percent of days with PM2.5 levels over the National Ambient Air Quality Standard (NAAQS),0.1705636166676446,False,3.9801436706942805,True
2012-01-02,Pennsylvania,Lancaster,85,Percent of days with PM2.5 levels over the National Ambient Air Quality Standard (NAAQS),0.0779204642906963,False,0.5777766950310099,False
2012-01-03,Pennsylvania,Lancaster,85,Percent of days with PM2.5 levels over the National Ambient Air Quality Standard (NAAQS),0.1295067258664555,False,2.173181798382582,False
2012-01-04,Pennsylvania,Lancaster,85,Percent of days with PM2.5 levels over the National Ambient Air Quality Standard (NAAQS),0.1136891228931978,False,1.5720181372668707,False
2012-01-05,Pennsylvania,Lancaster,85,Percent of days with PM2.5 levels over the National Ambient Air Quality Standard (NAAQS),0.1628232956213102,False,2.6451852837011063,False
2012-01-06,Pennsylvania,Lancaster,85,Percent of days with PM2.5 levels over the National Ambient Air Quality Standard (NAAQS),0.1157773569043828,False,1.20493831272118,False
2012-01-07,Pennsylvania,Lancaster,85,Percent of days with PM2.5 levels over the National Ambient Air Quality Standard (NAAQS),0.1589381335856272,False,2.110215598071585,False
2012-01-08,Pennsylvania,Lancaster,85,Percent of days with PM2.5 levels over the National Ambient Air Quality Standard (NAAQS),0.1431923440336644,False,1.5588366932370765,False
2012-01-09,Pennsylvania,Lancaster,85,Percent of days with PM2.5 levels over the National Ambient Air Quality Standard (NAAQS),0.0540323954718902,False,-0.6112384636056895,False
2012-01-10,Pennsylvania,Lancaster,85,Percent of days with PM2.5 levels over the National Ambient Air Quality Standard (NAAQS),0.1262759865505514,False,1.0698033766072392,False
2012-01-11,Pennsylvania,Lancaster,85,Percent of days with PM2.5 levels over the National Ambient Air Quality Standard (NAAQS),0.0752040083708545,False,-0.1640773199523099,False
2012-01-12,Pennsylvania,Lancaster,85,Percent of days with PM2.5 levels over the National Ambient Air Quality Standard (NAAQS),0.1417122794964103,False,1.344329920033431,False
2012-01-13,Pennsylvania,Lancaster,85,Percent of days with PM2.5 levels over the National Ambient Air Quality Standard (NAAQS),0.0349731278181523,False,-1.1143567791089417,False
2012-01-14,Pennsylvania,Lancaster,85,Percent of days with PM2.5 levels over the National Ambient Air Quality Standard (NAAQS),0.2388589236785446,False,2.8747187068015463,False
2012-01-15,Pennsylvania,Lancaster,85,Percent of days with PM2.5 levels over the National Ambient Air Quality Standard (NAAQS),0.2066269460123236,False,1.9954272789635592,False
2012-01-16,Pennsylvania,Lancaster,85,Percent of days with PM2.5 levels over the National Ambient Air Quality Standard (NAAQS),0.2179289248154501,False,1.9641155611952168,False
2012-01-17,Pennsylvania,Lancaster,85,Percent of days with PM2.5 levels over the National Ambient Air Quality Standard (NAAQS),0.1208410768138298,False,0.27155702170411133,False
2012-01-18,Pennsylvania,Lancaster,85,Percent of days with PM2.5 levels over the National Ambient Air Quality Standard (NAAQS),0.1517518967818528,False,0.754360456492857,False
2012-01-19,Pennsylvania,Lancaster,85,Percent of days with PM2.5 levels over the National Ambient Air Quality Standard (NAAQS),0.1475334019043015,False,0.6270472954289251,False
2012-01-20,Pennsylvania,Lancaster,85,Percent of days with PM2.5 levels over the National Ambient Air Quality Standard (NAAQS),0.1566429962216946,False,0.7316433496029825,False
2012-01-21,Pennsylvania,Lancaster,85,Percent of days with PM2.5 levels over the National Ambient Air Quality Standard (NAAQS),0.1482386329543397,False,0.5321456329378401,False
2012-01-22,Pennsylvania,Lancaster,85,Percent of days with PM2.5 levels over the National Ambient Air Quality Standard (NAAQS),0.1679319311185396,False,0.8266101627396826,False
2012-01-23,Pennsylvania,Lancaster,85,Percent of days with PM2.5 levels over the National Ambient Air Quality Standard (NAAQS),0.1108093200579912,False,-0.2387104464504321,False
2012-01-24,Pennsylvania,Lancaster,85,Percent of days with PM2.5 levels over the National Ambient Air Quality Standard (NAAQS),0.1673111471449679,False,0.7472794408310617,False
2012-01-25,Pennsylvania,Lancaster,85,Percent of days with PM2.5 levels over the National Ambient Air Quality Standard (NAAQS),0.1898908950738888,False,1.091023680643126,False
2012-01-26,Pennsylvania,Lancaster,85,Percent of days with PM2.5 levels over the National Ambient Air Quality Standard (NAAQS),0.0954753272977731,False,-0.7597512020869415,False
2012-01-27,Pennsylvania,Lancaster,85,Percent of days with PM2.5 levels over the National Ambient Air Quality Standard (NAAQS),0.1499992202909581,False,0.2637953231885491,False
2012-01-28,Pennsylvania,Lancaster,85,Percent of days with PM2.5 levels over the National Ambient Air Quality Standard (NAAQS),0.1130604910173329,False,-0.5528457357860039,False
2012-01-29,Pennsylvania,Lancaster,85,Percent of days with PM2.5 levels over the National Ambient Air Quality Standard (NAAQS),0.150547209167171,False,0.2684327517333695,False
2012-01-30,Pennsylvania,Lancaster,85,Percent of days with PM2.5 levels over the National Ambient Air Quality Standard (NAAQS),0.1634098198577783,False,0.49448220804970655,False
2012-01-31,Pennsylvania,Lancaster,85,Percent of days with PM2.5 levels over the National Ambient Air Quality Standard (NAAQS),0.1793081616165085,False,0.7995804090414478,False
2012-02-01,Pennsylvania,Lancaster,85,Percent of days with PM2.5 levels over the National Ambient Air Quality Standard (NAAQS),0.1090960823134425,False,-0.7392662200686816,False
2012-02-02,Pennsylvania,Lancaster,85,Percent of days with PM2.5 levels over the National Ambient Air Quality Standard (NAAQS),0.152586178000678,False,0.22349997883209435,False
2012-02-03,Pennsylvania,Lancaster,85,Percent of days with PM2.5 levels over the National Ambient Air Quality Standard (NAAQS),0.1128137956708152,False,-0.6481847590674452,False
2012-02-04,Pennsylvania,Lancaster,85,Percent of days with PM2.5 levels over the National Ambient Air Quality Standard (NAAQS),0.0995710599871224,False,-0.8813546760898322,False
2012-02-05,Pennsylvania,Lancaster,85,Percent of days with PM2.5 levels over the National Ambient Air Quality Standard (NAAQS),0.0299179469647763,False,-2.1004012075669296,False
2012-02-06,Pennsylvania,Lancaster,85,Percent of days with PM2.5 levels over the National Ambient Air Quality Standard (NAAQS),0.1535263131465071,False,0.2877056375026563,False
2012-02-07,Pennsylvania,Lancaster,85,Percent of days with PM2.5 levels over the National Ambient Air Quality Standard (NAAQS),0.1974705026750431,False,1.1232379217601163,False
2012-02-08,Pennsylvania,Lancaster,85,Percent of days with PM2.5 levels over the National Ambient Air Quality Standard (NAAQS),0.1582055062277507,False,0.27381336412860746,False
2012-02-09,Pennsylvania,Lancaster,85,Percent of days with PM2.5 levels over the National Ambient Air Quality Standard (NAAQS),0.1173594107513835,False,-0.5654068639784876,False
2012-02-10,Pennsylvania,Lancaster,85,Percent of days with PM2.5 levels over the National Ambient Air Quality Standard (NAAQS),0.1474601012506164,False,-0.021179761736347894,False
2012-02-11,Pennsylvania,Lancaster,85,Percent of days with PM2.5 levels over the National Ambient Air Quality Standard (NAAQS),0.0780179565902507,False,-1.5834689869889607,False
2012-02-12,Pennsylvania,Lancaster,85,Percent of days with PM2.5 levels over the National Ambient Air Quality Standard (NAAQS),0.144662541887273,False,0.10962099217367845,False
2012-02-13,Pennsylvania,Lancaster,85,Percent of days with PM2.5 levels over the National Ambient Air Quality Standard (NAAQS),0.1124189643269761,False,-0.6718530863473184,False
2012-02-14,Pennsylvania,Lancaster,85,Percent of days with PM2.5 levels over the National Ambient Air Quality Standard (NAAQS),0.1605556959627522,False,0.6218041035629005,False
2012-02-15,Pennsylvania,Lancaster,85,Percent of days with PM2.5 levels over the National Ambient Air Quality Standard (NAAQS),0.1222772383703777,False,-0.40680463873304296,False
2012-02-16,Pennsylvania,Lancaster,85,Percent of days with PM2.5 levels over the National Ambient Air Quality Standard (NAAQS),0.0983106601122589,False,-1.0020662655880992,False
2012-02-17,Pennsylvania,Lancaster,85,Percent of days with PM2.5 levels over the National Ambient Air Quality Standard (NAAQS),0.1175785178676004,False,-0.442675585088905,False
2012-02-18,Pennsylvania,Lancaster,85,Percent of days with PM2.5 levels over the National Ambient Air Quality Standard (NAAQS),0.1250054348130634,False,-0.21849683831269473,False
2012-02-19,Pennsylvania,Lancaster,85,Percent of days with PM2.5 levels over the National Ambient Air Quality Standard (NAAQS),0.0754836828071688,False,-1.4434112349456918,False
2012-02-20,Pennsylvania,Lancaster,85,Percent of days with PM2.5 levels over the National Ambient Air Quality Standard (NAAQS),0.1672475418140712,False,0.9337325890860427,False
2012-02-21,Pennsylvania,Lancaster,85,Percent of days with PM2.5 levels over the National Ambient Air Quality Standard (NAAQS),0.0955928668614012,False,-0.8845400434664185,False
2012-02-22,Pennsylvania,Lancaster,85,Percent of days with PM2.5 levels over the National Ambient Air Quality Standard (NAAQS),0.0957219652589387,False,-0.8236637212787038,False
2012-02-23,Pennsylvania,Lancaster,85,Percent of days with PM2.5 levels over the National Ambient Air Quality Standard (NAAQS),0.1264942898615112,False,-0.011751013102117689,False
2012-02-24,Pennsylvania,Lancaster,85,Percent of days with PM2.5 levels over the National Ambient Air Quality Standard (NAAQS),0.1682402650705513,False,1.1101601415999045,False
2012-02-25,Pennsylvania,Lancaster,85,Percent of days with PM2.5 levels over the National Ambient Air Quality Standard (NAAQS),0.1118147671468657,False,-0.428600611954505,False
2012-02-26,Pennsylvania,Lancaster,85,Percent of days with PM2.5 levels over the National Ambient Air Quality Standard (NAAQS),0.173101302265935,False,1.1964848539075068,False
2012-02-27,Pennsylvania,Lancaster,85,Percent of days with PM2.5 levels over the National Ambient Air Quality Standard (NAAQS),0.1510053333693977,False,0.6238041744145024,False
2012-02-28,Pennsylvania,Lancaster,85,Percent of days with PM2.5 levels over the National Ambient Air Quality Standard (NAAQS),0.1707638529854099,False,1.1781016258196535,False
2012-02-29,Pennsylvania,Lancaster,85,Percent of days with PM2.5 levels over the National Ambient Air Quality Standard (NAAQS),0.2289737008137834,False,2.3604299253479755,False
2012-03-01,Pennsylvania,Lancaster,85,Percent of days with PM2.5 levels over the National Ambient Air Quality Standard (NAAQS),0.1733254264125852,False,0.9762819208774709,False
2012-03-02,Pennsylvania,Lancaster,85,Percent of days with PM2.5 levels over the National Ambient Air Quality Standard (NAAQS),0.2382150219607419,False,2.1977160266607756,False
2012-03-03,Pennsylvania,Lancaster,85,Percent of days with PM2.5 levels over the National Ambient Air Quality Standard (NAAQS),0.1610819482156636,False,0.47784451767307334,False
2012-03-04,Pennsylvania,Lancaster,85,Percent of days with PM2.5 levels over the National Ambient Air Quality Standard (NAAQS),0.0595252363917523,False,-1.867146618694911,False
2012-03-05,Pennsylvania,Lancaster,85,Percent of days with PM2.5 levels over the National Ambient Air Quality Standard (NAAQS),0.2401632503581426,False,2.0502789285724856,False
2012-03-06,Pennsylvania,Lancaster,85,Percent of days with PM2.5 levels over the National Ambient Air Quality Standard (NAAQS),0.1484242865167218,False,0.1466413998234796,False
2012-03-07,Pennsylvania,Lancaster,85,Percent of days with PM2.5 levels over the National Ambient Air Quality Standard (NAAQS),0.1793091582840024,False,0.7939451265221311,False
2012-03-08,Pennsylvania,Lancaster,85,Percent of days with PM2.5 levels over the National Ambient Air Quality Standard (NAAQS),0.1582882378067735,False,0.311058934841748,False
2012-03-09,Pennsylvania,Lancaster,85,Percent of days with PM2.5 levels over the National Ambient Air Quality Standard (NAAQS),0.1993151527098332,False,1.1291139522586273,False
2012-03-10,Pennsylvania,Lancaster,85,Percent of days with PM2.5 levels over the National Ambient Air Quality Standard (NAAQS),0.1479918428839222,False,-0.005580124276206508,False
2012-03-11,Pennsylvania,Lancaster,85,Percent of days with PM2.5 levels over the National Ambient Air Quality Standard (NAAQS),0.1898816483414087,False,0.8660034807036935,False
2012-03-12,Pennsylvania,Lancaster,85,Percent of days with PM2.5 levels over the National Ambient Air Quality Standard (NAAQS),0.1255782053935333,False,-0.5394643300795317,False
2012-03-13,Pennsylvania,Lancaster,85,Percent of days with PM2.5 levels over the National Ambient Air Quality Standard (NAAQS),0.1517178525594099,False,0.03713986997210831,False
2012-03-14,Pennsylvania,Lancaster,85,Percent of days with PM2.5 levels over the National Ambient Air Quality Standard (NAAQS),0.1442352796462025,False,-0.14415486373224143,False
2012-03-15,Pennsylvania,Lancaster,85,Percent of days with PM2.5 levels over the National Ambient Air Quality Standard (NAAQS),0.1886338086643207,False,0.7712280856397804,False
2012-03-16,Pennsylvania,Lancaster,85,Percent of days with PM2.5 levels over the National Ambient Air Quality Standard (NAAQS),0.1356382034839804,False,-0.4280821229438964,False
2012-03-17,Pennsylvania,Lancaster,85,Percent of days with PM2.5 levels over the National Ambient Air Quality Standard (NAAQS),0.1228608646822374,False,-0.7128759783397056,False
2012-03-18,Pennsylvania,Lancaster,85,Percent of days with PM2.5 levels over the National Ambient Air Quality Standard (NAAQS),0.1744520698577575,False,0.3900621839782062,False
2012-03-19,Pennsylvania,Lancaster,85,Percent of days with PM2.5 levels over the National Ambient Air Quality Standard (NAAQS),0.1604030976205074,False,0.06024823059580688,False
2012-03-20,Pennsylvania,Lancaster,85,Percent of days with PM2.5 levels over the National Ambient Air Quality Standard (NAAQS),0.1765757739472548,False,0.3938909629998376,False
2012-03-21,Pennsylvania,Lancaster,85,Percent of days with PM2.5 levels over the National Ambient Air Quality Standard (NAAQS),0.1813667521284319,False,0.45911215685664125,False
2012-03-22,Pennsylvania,Lancaster,85,Percent of days with PM2.5 levels over the National Ambient Air Quality Standard (NAAQS),0.1545323124642449,False,-0.2745293442271704,False
2012-03-23,Pennsylvania,Lancaster,85,Percent of days with PM2.5 levels over the National Ambient Air Quality Standard (NAAQS),0.1188327189363478,False,-1.1485974050512573,False
2012-03-24,Pennsylvania,Lancaster,85,Percent of days with PM2.5 levels over the National Ambient Air Quality Standard (NAAQS),0.162854223859584,False,-0.05486919715321759,False
2012-03-25,Pennsylvania,Lancaster,85,Percent of days with PM2.5 levels over the National Ambient Air Quality Standard (NAAQS),0.1160101859466287,False,-1.2241540106493798,False
2012-03-26,Pennsylvania,Lancaster,85,Percent of days with PM2.5 levels over the National Ambient Air Quality Standard (NAAQS),0.1407133237143545,False,-0.5665371629640812,False
2012-03-27,Pennsylvania,Lancaster,85,Percent of days with PM2.5 levels over the National Ambient Air Quality Standard (NAAQS),0.1471868544089091,False,-0.3755137252780582,False
2012-03-28,Pennsylvania,Lancaster,85,Percent of days with PM2.5 levels over the National Ambient Air Quality Standard (NAAQS),0.129486803304835,False,-0.7814738560865645,False
2012-03-29,Pennsylvania,Lancaster,85,Percent of days with PM2.5 levels over the National Ambient Air Quality Standard (NAAQS),0.2346844089485411,False,1.8936560702338088,False
2012-03-30,Pennsylvania,Lancaster,85,Percent of days with PM2.5 levels over the National Ambient Air Quality Standard (NAAQS),0.1044468777484109,False,-1.359539955262917,False
2012-03-31,Pennsylvania,Lancaster,85,Percent of days with PM2.5 levels over the National Ambient Air Quality Standard (NAAQS),0.0899811946558842,False,-1.5938518754088926,False
2012-04-01,Pennsylvania,Lancaster,85,Percent of days with PM2.5 levels over the National Ambient Air Quality Standard (NAAQS),0.2512279318731757,False,2.323945763706388,False
2012-04-02,Pennsylvania,Lancaster,85,Percent of days with PM2.5 levels over the National Ambient Air Quality Standard (NAAQS),0.119496502664149,False,-0.9803304431537827,False
2012-04-03,Pennsylvania,Lancaster,85,Percent of days with PM2.5 levels over the National Ambient Air Quality Standard (NAAQS),0.1850736318486104,False,0.7613263454681917,False
2012-04-04,Pennsylvania,Lancaster,85,Percent of days with PM2.5 levels over the National Ambient Air Quality Standard (NAAQS),0.1084425179648203,False,-1.2083459786165767,False
2012-04-05,Pennsylvania,Lancaster,85,Percent of days with PM2.5 levels over the National Ambient Air Quality Standard (NAAQS),0.1404785421656942,False,-0.34637926290609367,False
2012-04-06,Pennsylvania,Lancaster,85,Percent of days with PM2.5 levels over the National Ambient Air Quality Standard (NAAQS),0.0840310987139336,False,-1.674567311406123,False
2012-04-07,Pennsylvania,Lancaster,85,Percent of days with PM2.5 levels over the National Ambient Air Quality Standard (NAAQS),0.106709617237314,False,-1.035109425059898,False
2012-04-08,Pennsylvania,Lancaster,85,Percent of days with PM2.5 levels over the National Ambient Air Quality Standard (NAAQS),0.1480299697262028,False,0.03760071603467805,False
2012-04-09,Pennsylvania,Lancaster,85,Percent of days with PM2.5 levels over the National Ambient Air Quality Standard (NAAQS),0.134041282919566,False,-0.32909904066900747,False
2012-04-10,Pennsylvania,Lancaster,85,Percent of days with PM2.5 levels over the National Ambient Air Quality Standard (NAAQS),0.119585094790584,False,-0.6651887751091446,False
2012-04-11,Pennsylvania,Lancaster,85,Percent of days with PM2.5 levels over the National Ambient Air Quality Standard (NAAQS),0.146151958492114,False,0.00938963555194714,False
2012-04-12,Pennsylvania,Lancaster,85,Percent of days with PM2.5 levels over the National Ambient Air Quality Standard (NAAQS),0.1806224256392436,False,0.9010022281207691,False
2012-04-13,Pennsylvania,Lancaster,85,Percent of days with PM2.5 levels over the National Ambient Air Quality Standard (NAAQS),0.1366428422100937,False,-0.22809097188247276,False
2012-04-14,Pennsylvania,Lancaster,85,Percent of days with PM2.5 levels over the National Ambient Air Quality Standard (NAAQS),0.1121975861566433,False,-0.839461160204971,False
2012-04-15,Pennsylvania,Lancaster,85,Percent of days with PM2.5 levels over the National Ambient Air Quality Standard (NAAQS),0.1022340657619456,False,-1.017859887707908,False
2012-04-16,Pennsylvania,Lancaster,85,Percent of days with PM2.5 levels over the National Ambient Air Quality Standard (NAAQS),0.0900161606198559,False,-1.230260216384066,False
2012-04-17,Pennsylvania,Lancaster,85,Percent of days with PM2.5 levels over the National Ambient Air Quality Standard (NAAQS),0.1992754518374163,False,1.4024311950907007,False
2012-04-18,Pennsylvania,Lancaster,85,Percent of days with PM2.5 levels over the National Ambient Air Quality Standard (NAAQS),0.1454735664685179,False,0.1439088995784101,False
2012-04-19,Pennsylvania,Lancaster,85,Percent of days with PM2.5 levels over the National Ambient Air Quality Standard (NAAQS),0.1458969570360666,False,0.1621361962565604,False
2012-04-20,Pennsylvania,Lancaster,85,Percent of days with PM2.5 levels over the National Ambient Air Quality Standard (NAAQS),0.1138724810661079,False,-0.6166038137295197,False
2012-04-21,Pennsylvania,Lancaster,85,Percent of days with PM2.5 levels over the National Ambient Air Quality Standard (NAAQS),0.1486730364940535,False,0.2476001593273148,False
2012-04-22,Pennsylvania,Lancaster,85,Percent of days with PM2.5 levels over the National Ambient Air Quality Standard (NAAQS),0.1459091322338501,False,0.15429884457508847,False
2012-04-23,Pennsylvania,Lancaster,85,Percent of days with PM2.5 levels over the National Ambient Air Quality Standard (NAAQS),0.1456758404566747,False,0.144100973957375,False
2012-04-24,Pennsylvania,Lancaster,85,Percent of days with PM2.5 levels over the National Ambient Air Quality Standard (NAAQS),0.076526259951905,False,-1.4410871271061707,False
2012-04-25,Pennsylvania,Lancaster,85,Percent of days with PM2.5 levels over the National Ambient Air Quality Standard (NAAQS),0.1447432187108187,False,0.1631449202882582,False
2012-04-26,Pennsylvania,Lancaster,85,Percent of days with PM2.5 levels over the National Ambient Air Quality Standard (NAAQS),0.1472370238313832,False,0.33109230971407466,False
2012-04-27,Pennsylvania,Lancaster,85,Percent of days with PM2.5 levels over the National Ambient Air Quality Standard (NAAQS),0.1287970902996386,False,-0.18260623844977583,False
2012-04-28,Pennsylvania,Lancaster,85,Percent of days with PM2.5 levels over the National Ambient Air Quality Standard (NAAQS),0.0988647217189567,False,-1.003403964573112,False
2012-04-29,Pennsylvania,Lancaster,85,Percent of days with PM2.5 levels over the National Ambient Air Quality Standard (NAAQS),0.1401032974874267,False,0.2784036087303582,False
2012-04-30,Pennsylvania,Lancaster,85,Percent of days with PM2.5 levels over the National Ambient Air Quality Standard (NAAQS),0.0941016891033185,False,-1.2298275221900181,False
2012-05-01,Pennsylvania,Lancaster,85,Percent of days with PM2.5 levels over the National Ambient Air Quality Standard (NAAQS),0.151421864014242,False,0.7587637462921497,False
2012-05-02,Pennsylvania,Lancaster,85,Percent of days with PM2.5 levels over the National Ambient Air Quality Standard (NAAQS),0.0631910291781113,False,-2.1065767624288445,False
2012-05-03,Pennsylvania,Lancaster,85,Percent of days with PM2.5 levels over the National Ambient Air Quality Standard (NAAQS),0.0692737086658846,False,-1.7248588670193064,False
2012-05-04,Pennsylvania,Lancaster,85,Percent of days with PM2.5 levels over the National Ambient Air Quality Standard (NAAQS),0.1258538782180118,False,-0.041960699561517885,False
2012-05-05,Pennsylvania,Lancaster,85,Percent of days with PM2.5 levels over the National Ambient Air Quality Standard (NAAQS),0.1912977758025998,False,1.8170772470104148,False
2012-05-06,Pennsylvania,Lancaster,85,Percent of days with PM2.5 levels over the National Ambient Air Quality Standard (NAAQS),0.113016277060851,False,-0.47452296826714846,False
2012-05-07,Pennsylvania,Lancaster,85,Percent of days with PM2.5 levels over the National Ambient Air Quality Standard (NAAQS),0.1068320701923135,False,-0.6252518138439704,False
2012-05-08,Pennsylvania,Lancaster,85,Percent of days with PM2.5 levels over the National Ambient Air Quality Standard (NAAQS),0.1477087050172372,False,0.5509194353844517,False
2012-05-09,Pennsylvania,Lancaster,85,Percent of days with PM2.5 levels over the National Ambient Air Quality Standard (NAAQS),0.1382735616871637,False,0.28252249457711115,False
2012-05-10,Pennsylvania,Lancaster,85,Percent of days with PM2.5 levels over the National Ambient Air Quality Standard (NAAQS),0.1901027394200248,False,1.7724077303627077,False
2012-05-11,Pennsylvania,Lancaster,85,Percent of days with PM2.5 levels over the National Ambient Air Quality Standard (NAAQS),0.1271294922512753,False,-0.04573125349116733,False
2012-05-12,Pennsylvania,Lancaster,85,Percent of days with PM2.5 levels over the National Ambient Air Quality Standard (NAAQS),0.1486080653886146,False,0.5398731532847143,False
2012-05-13,Pennsylvania,Lancaster,85,Percent of days with PM2.5 levels over the National Ambient Air Quality Standard (NAAQS),0.1837821282786921,False,1.4345387936686718,False
2012-05-14,Pennsylvania,Lancaster,85,Percent of days with PM2.5 levels over the National Ambient Air Quality Standard (NAAQS),0.1156712691517602,False,-0.5244367735171336,False
2012-05-15,Pennsylvania,Lancaster,85,Percent of days with PM2.5 levels over the National Ambient Air Quality Standard (NAAQS),0.1731498776184845,False,1.2152654635723863,False
2012-05-16,Pennsylvania,Lancaster,85,Percent of days with PM2.5 levels over the National Ambient Air Quality Standard (NAAQS),0.1799711239263282,False,1.3392101191164192,False
2012-05-17,Pennsylvania,Lancaster,85,Percent of days with PM2.5 levels over the National Ambient Air Quality Standard (NAAQS),0.1126339267042192,False,-0.5907034755774557,False
2012-05-18,Pennsylvania,Lancaster,85,Percent of days with PM2.5 levels over the National Ambient Air Quality Standard (NAAQS),0.1467285851032579,False,0.3680297566406372,False
2012-05-19,Pennsylvania,Lancaster,85,Percent of days with PM2.5 levels over the National Ambient Air Quality Standard (NAAQS),0.1797673118506395,False,1.26365593860599,False
2012-05-20,Pennsylvania,Lancaster,85,Percent of days with PM2.5 levels over the National Ambient Air Quality Standard (NAAQS),0.1184647756187666,False,-0.4468440386309577,False
2012-05-21,Pennsylvania,Lancaster,85,Percent of days with PM2.5 levels over the National Ambient Air Quality Standard (NAAQS),0.2112350165868271,False,1.9559150743949758,False
2012-05-22,Pennsylvania,Lancaster,85,Percent of days with PM2.5 levels over the National Ambient Air Quality Standard (NAAQS),0.1267933613669005,False,-0.3186473808497501,False
2012-05-23,Pennsylvania,Lancaster,85,Percent of days with PM2.5 levels over the National Ambient Air Quality Standard (NAAQS),0.058372621636581,False,-1.954663052185906,False
2012-05-24,Pennsylvania,Lancaster,85,Percent of days with PM2.5 levels over the National Ambient Air Quality Standard (NAAQS),0.144384241323835,False,0.23359776792255868,False
2012-05-25,Pennsylvania,Lancaster,85,Percent of days with PM2.5 levels over the National Ambient Air Quality Standard (NAAQS),0.1247112270054069,False,-0.2627166935667514,False
2012-05-26,Pennsylvania,Lancaster,85,Percent of days with PM2.5 levels over the National Ambient Air Quality Standard (NAAQS),0.1775396641401888,False,1.0048087523618772,False
2012-05-27,Pennsylvania,Lancaster,85,Percent of days with PM2.5 levels over the National Ambient Air Quality Standard (NAAQS),0.0987609773329389,False,-0.9366522304287908,False
2012-05-28,Pennsylvania,Lancaster,85,Percent of days with PM2.5 levels over the National Ambient Air Quality Standard (NAAQS),0.1506268969192147,False,0.31041303531399134,False
2012-05-29,Pennsylvania,Lancaster,85,Percent of days with PM2.5 levels over the National Ambient Air Quality Standard (NAAQS),0.1111369600174716,False,-0.6519029177787885,False
2012-05-30,Pennsylvania,Lancaster,85,Percent of days with PM2.5 levels over the National Ambient Air Quality Standard (NAAQS),0.1180902062951561,False,-0.5614149512614294,False
2012-05-31,Pennsylvania,Lancaster,85,Percent of days with PM2.5 levels over the National Ambient Air Quality Standard (NAAQS),0.1473902552437421,False,0.16435065148841416,False
2012-06-01,Pennsylvania,Lancaster,85,Percent of days with PM2.5 levels over the National Ambient Air Quality Standard (NAAQS),0.1126148307594185,False,-0.8216224913173539,False
2012-06-02,Pennsylvania,Lancaster,85,Percent of days with PM2.5 levels over the National Ambient Air Quality Standard (NAAQS),0.2207555496263549,False,2.13207971971245,False
2012-06-03,Pennsylvania,Lancaster,85,Percent of days with PM2.5 levels over the National Ambient Air Quality Standard (NAAQS),0.0968442903270985,False,-1.199849556138082,False
2012-06-04,Pennsylvania,Lancaster,85,Percent of days with PM2.5 levels over the National Ambient Air Quality Standard (NAAQS),0.0959418745786781,False,-1.1997725384972668,False
2012-06-05,Pennsylvania,Lancaster,85,Percent of days with PM2.5 levels over the National Ambient Air Quality Standard (NAAQS),0.2041568571067664,False,1.5340304366778734,False
2012-06-06,Pennsylvania,Lancaster,85,Percent of days with PM2.5 levels over the National Ambient Air Quality Standard (NAAQS),0.1898646900390798,False,1.1008290706245856,False
2012-06-07,Pennsylvania,Lancaster,85,Percent of days with PM2.5 levels over the National Ambient Air Quality Standard (NAAQS),0.0741489262629907,False,-1.6029872013894804,False
2012-06-08,Pennsylvania,Lancaster,85,Percent of days with PM2.5 levels over the National Ambient Air Quality Standard (NAAQS),0.1341158760574466,False,-0.17229871638941321,False
2012-06-09,Pennsylvania,Lancaster,85,Percent of days with PM2.5 levels over the National Ambient Air Quality Standard (NAAQS),0.1274596765031999,False,-0.31351153556249456,False
2012-06-10,Pennsylvania,Lancaster,85,Percent of days with PM2.5 levels over the National Ambient Air Quality Standard (NAAQS),0.1101150285017048,False,-0.6743936935563238,False
2012-06-11,Pennsylvania,Lancaster,85,Percent of days with PM2.5 levels over the National Ambient Air Quality Standard (NAAQS),0.1207194539834109,False,-0.4223820341764427,False
2012-06-12,Pennsylvania,Lancaster,85,Percent of days with PM2.5 levels over the National Ambient Air Quality Standard (NAAQS),0.1729969494148903,False,0.8490971151807016,False
2012-06-13,Pennsylvania,Lancaster,85,Percent of days with PM2.5 levels over the National Ambient Air Quality Standard (NAAQS),0.1963506374379892,False,1.3784277237911058,False
2012-06-14,Pennsylvania,Lancaster,85,Percent of days with PM2.5 levels over the National Ambient Air Quality Standard (NAAQS),0.1430611831321936,False,0.0795852929627938,False
2012-06-15,Pennsylvania,Lancaster,85,Percent of days with PM2.5 levels over the National Ambient Air Quality Standard (NAAQS),0.1548383781433983,False,0.35546072607344026,False
2012-06-16,Pennsylvania,Lancaster,85,Percent of days with PM2.5 levels over the National Ambient Air Quality Standard (NAAQS),0.1681553177620849,False,0.6912905470061592,False
2012-06-17,Pennsylvania,Lancaster,85,Percent of days with PM2.5 levels over the National Ambient Air Quality Standard (NAAQS),0.107428924157663,False,-0.7659739560632837,False
2012-06-18,Pennsylvania,Lancaster,85,Percent of days with PM2.5 levels over the National Ambient Air Quality Standard (NAAQS),0.1681759938337391,False,0.7714264294942741,False
2012-06-19,Pennsylvania,Lancaster,85,Percent of days with PM2.5 levels over the National Ambient Air Quality Standard (NAAQS),0.1377653764121292,False,-0.008231221429071464,False
2012-06-20,Pennsylvania,Lancaster,85,Percent of days with PM2.5 levels over the National Ambient Air Quality Standard (NAAQS),0.1406268014642602,False,-0.01106826194415818,False
2012-06-21,Pennsylvania,Lancaster,85,Percent of days with PM2.5 levels over the National Ambient Air Quality Standard (NAAQS),0.0918360301844981,False,-1.2655326430999794,False
2012-06-22,Pennsylvania,Lancaster,85,Percent of days with PM2.5 levels over the National Ambient Air Quality Standard (NAAQS),0.180160683421617,False,1.0255549745478048,False
2012-06-23,Pennsylvania,Lancaster,85,Percent of days with PM2.5 levels over the National Ambient Air Quality Standard (NAAQS),0.0579859821869694,False,-1.9498595605610796,False
2012-06-24,Pennsylvania,Lancaster,85,Percent of days with PM2.5 levels over the National Ambient Air Quality Standard (NAAQS),0.1235304795979252,False,-0.3566927015750036,False
2012-06-25,Pennsylvania,Lancaster,85,Percent of days with PM2.5 levels over the National Ambient Air Quality Standard (NAAQS),0.1838135462332561,False,1.1017987993411746,False
2012-06-26,Pennsylvania,Lancaster,85,Percent of days with PM2.5 levels over the National Ambient Air Quality Standard (NAAQS),0.1634328157217997,False,0.5573087665551929,False
2012-06-27,Pennsylvania,Lancaster,85,Percent of days with PM2.5 levels over the National Ambient Air Quality Standard (NAAQS),0.1423364621194396,False,0.016630973625873208,False
2012-06-28,Pennsylvania,Lancaster,85,Percent of days with PM2.5 levels over the National Ambient Air Quality Standard (NAAQS),0.0667546226160064,False,-1.6849101684146754,False
2012-06-29,Pennsylvania,Lancaster,85,Percent of days with PM2.5 levels over the National Ambient Air Quality Standard (NAAQS),0.1429316917786424,False,0.07217866979637048,False
2012-06-30,Pennsylvania,Lancaster,85,Percent of days with PM2.5 levels over the National Ambient Air Quality Standard (NAAQS),0.1726628137902648,False,0.863863083129515,False
2012-07-01,Pennsylvania,Lancaster,85,Percent of days with PM2.5 levels over the National Ambient Air Quality Standard (NAAQS),0.1532303850712901,False,0.3332684072510145,False
2012-07-02,Pennsylvania,Lancaster,85,Percent of days with PM2.5 levels over the National Ambient Air Quality Standard (NAAQS),0.1428269378181633,False,0.02584622260173331,False
2012-07-03,Pennsylvania,Lancaster,85,Percent of days with PM2.5 levels over the National Ambient Air Quality Standard (NAAQS),0.0787495785986614,False,-1.5419324329277413,False
2012-07-04,Pennsylvania,Lancaster,85,Percent of days with PM2.5 levels over the National Ambient Air Quality Standard (NAAQS),0.143375079051553,False,0.2095867395928268,False
2012-07-05,Pennsylvania,Lancaster,85,Percent of days with PM2.5 levels over the National Ambient Air Quality Standard (NAAQS),0.125088220604426,False,-0.35859457152041846,False
2012-07-06,Pennsylvania,Lancaster,85,Percent of days with PM2.5 levels over the National Ambient Air Quality Standard (NAAQS),0.1276414014122684,False,-0.2779085301920888,False
2012-07-07,Pennsylvania,Lancaster,85,Percent of days with PM2.5 levels over the National Ambient Air Quality Standard (NAAQS),0.1309599977141601,False,-0.18606309088942927,False
2012-07-08,Pennsylvania,Lancaster,85,Percent of days with PM2.5 levels over the National Ambient Air Quality Standard (NAAQS),0.1068069539182605,False,-0.8765494507888303,False
2012-07-09,Pennsylvania,Lancaster,85,Percent of days with PM2.5 levels over the National Ambient Air Quality Standard (NAAQS),0.1535578330120418,False,0.43419809100868256,False
2012-07-10,Pennsylvania,Lancaster,85,Percent of days with PM2.5 levels over the National Ambient Air Quality Standard (NAAQS),0.1719459601784576,False,0.9654123467739718,False
2012-07-11,Pennsylvania,Lancaster,85,Percent of days with PM2.5 levels over the National Ambient Air Quality Standard (NAAQS),0.179829309984531,False,1.2413751431676574,False
2012-07-12,Pennsylvania,Lancaster,85,Percent of days with PM2.5 levels over the National Ambient Air Quality Standard (NAAQS),0.1329607073078511,False,-0.133589310384567,False
2012-07-13,Pennsylvania,Lancaster,85,Percent of days with PM2.5 levels over the National Ambient Air Quality Standard (NAAQS),0.1437376766230322,False,0.19763222564931182,False
2012-07-14,Pennsylvania,Lancaster,85,Percent of days with PM2.5 levels over the National Ambient Air Quality Standard (NAAQS),0.138680347078639,False,0.08002119885640688,False
2012-07-15,Pennsylvania,Lancaster,85,Percent of days with PM2.5 levels over the National Ambient Air Quality Standard (NAAQS),0.1402221642215546,False,0.09252985959937848,False
2012-07-16,Pennsylvania,Lancaster,85,Percent of days with PM2.5 levels over the National Ambient Air Quality Standard (NAAQS),0.2030422057628911,False,1.872910666205208,False
2012-07-17,Pennsylvania,Lancaster,85,Percent of days with PM2.5 levels over the National Ambient Air Quality Standard (NAAQS),0.1458954002906746,False,0.20739646959702285,False
2012-07-18,Pennsylvania,Lancaster,85,Percent of days with PM2.5 levels over the National Ambient Air Quality Standard (NAAQS),0.1642781286149107,False,0.7085895095807841,False
2012-07-19,Pennsylvania,Lancaster,85,Percent of days with PM2.5 levels over the National Ambient Air Quality Standard (NAAQS),0.1876952042936431,False,1.2879941933927321,False
2012-07-20,Pennsylvania,Lancaster,85,Percent of days with PM2.5 levels over the National Ambient Air Quality Standard (NAAQS),0.1020264890773781,False,-1.099221120848077,False
2012-07-21,Pennsylvania,Lancaster,85,Percent of days with PM2.5 levels over the National Ambient Air Quality Standard (NAAQS),0.164600820411071,False,0.6629800065570006,False
2012-07-22,Pennsylvania,Lancaster,85,Percent of days with PM2.5 levels over the National Ambient Air Quality Standard (NAAQS),0.1898102091670903,False,1.3597220140071158,False
2012-07-23,Pennsylvania,Lancaster,85,Percent of days with PM2.5 levels over the National Ambient Air Quality Standard (NAAQS),0.1667557610843605,False,0.6690706106453663,False
2012-07-24,Pennsylvania,Lancaster,85,Percent of days with PM2.5 levels over the National Ambient Air Quality Standard (NAAQS),0.1851965089034538,False,1.204982826109483,False
2012-07-25,Pennsylvania,Lancaster,85,Percent of days with PM2.5 levels over the National Ambient Air Quality Standard (NAAQS),0.1311401921386896,False,-0.4665053987066309,False
2012-07-26,Pennsylvania,Lancaster,85,Percent of days with PM2.5 levels over the National Ambient Air Quality Standard (NAAQS),0.1161886921038438,False,-1.0996849935883897,False
2012-07-27,Pennsylvania,Lancaster,85,Percent of days with PM2.5 levels over the National Ambient Air Quality Standard (NAAQS),0.1815757842937516,False,1.0930256283884343,False
2012-07-28,Pennsylvania,Lancaster,85,Percent of days with PM2.5 levels over the National Ambient Air Quality Standard (NAAQS),0.1480626857324765,False,-0.012397410167818094,False
2012-07-29,Pennsylvania,Lancaster,85,Percent of days with PM2.5 levels over the National Ambient Air Quality Standard (NAAQS),0.1863841699684337,False,1.2245667528317197,False
2012-07-30,Pennsylvania,Lancaster,85,Percent of days with PM2.5 levels over the National Ambient Air Quality Standard (NAAQS),0.1172159178821085,False,-1.0276801381163618,False
2012-07-31,Pennsylvania,Lancaster,85,Percent of days with PM2.5 levels over the National Ambient Air Quality Standard (NAAQS),0.1206448336505467,False,-1.0553054286474326,False
2012-08-01,Pennsylvania,Lancaster,85,Percent of days with PM2.5 levels over the National Ambient Air Quality Standard (NAAQS),0.1180117890095728,False,-1.0923461645253707,False
2012-08-02,Pennsylvania,Lancaster,85,Percent of days with PM2.5 levels over the National Ambient Air Quality Standard (NAAQS),0.2105194988599856,False,1.9108781043734089,False
2012-08-03,Pennsylvania,Lancaster,85,Percent of days with PM2.5 levels over the National Ambient Air Quality Standard (NAAQS),0.2451140398590741,False,2.5517511366971903,False
2012-08-04,Pennsylvania,Lancaster,85,Percent of days with PM2.5 levels over the National Ambient Air Quality Standard (NAAQS),0.1447175766171246,False,-0.3573173819725661,False
2012-08-05,Pennsylvania,Lancaster,85,Percent of days with PM2.5 levels over the National Ambient Air Quality Standard (NAAQS),0.1863860842320541,False,0.7939203145843822,False
2012-08-06,Pennsylvania,Lancaster,85,Percent of days with PM2.5 levels over the National Ambient Air Quality Standard (NAAQS),0.1284696965718779,False,-0.8992797342456905,False
2012-08-07,Pennsylvania,Lancaster,85,Percent of days with PM2.5 levels over the National Ambient Air Quality Standard (NAAQS),0.1488430818606778,False,-0.2745951553216707,False
2012-08-08,Pennsylvania,Lancaster,85,Percent of days with PM2.5 levels over the National Ambient Air Quality Standard (NAAQS),0.1369784548756785,False,-0.5805539521577089,False
2012-08-09,Pennsylvania,Lancaster,85,Percent of days with PM2.5 levels over the National Ambient Air Quality Standard (NAAQS),0.1879073749803839,False,0.8629640378614832,False
2012-08-10,Pennsylvania,Lancaster,85,Percent of days with PM2.5 levels over the National Ambient Air Quality Standard (NAAQS),0.1235496275211462,False,-0.9935671661690366,False
2012-08-11,Pennsylvania,Lancaster,85,Percent of days with PM2.5 levels over the National Ambient Air Quality Standard (NAAQS),0.0714442857865646,False,-2.2069113770733404,False
2012-08-12,Pennsylvania,Lancaster,85,Percent of days with PM2.5 levels over the National Ambient Air Quality Standard (NAAQS),0.0953378348920375,False,-1.4759483726713596,False
2012-08-13,Pennsylvania,Lancaster,85,Percent of days with PM2.5 levels over the National Ambient Air Quality Standard (NAAQS),0.1643177079353765,False,0.307630057587512,False
2012-08-14,Pennsylvania,Lancaster,85,Percent of days with PM2.5 levels over the National Ambient Air Quality Standard (NAAQS),0.1322495107369949,False,-0.5098719963718564,False
2012-08-15,Pennsylvania,Lancaster,85,Percent of days with PM2.5 levels over the National Ambient Air Quality Standard (NAAQS),0.1117864370843874,False,-0.9739306695320292,False
2012-08-16,Pennsylvania,Lancaster,85,Percent of days with PM2.5 levels over the National Ambient Air Quality Standard (NAAQS),0.1865140241962029,False,0.9274568569228991,False
2012-08-17,Pennsylvania,Lancaster,85,Percent of days with PM2.5 levels over the National Ambient Air Quality Standard (NAAQS),0.0863509636867857,False,-1.5742452243739047,False
2012-08-18,Pennsylvania,Lancaster,85,Percent of days with PM2.5 levels over the National Ambient Air Quality Standard (NAAQS),0.1945838529338804,False,1.0753793550182726,False
2012-08-19,Pennsylvania,Lancaster,85,Percent of days with PM2.5 levels over the National Ambient Air Quality Standard (NAAQS),0.0752965610533436,False,-1.6730685607958724,False
2012-08-20,Pennsylvania,Lancaster,85,Percent of days with PM2.5 levels over the National Ambient Air Quality Standard (NAAQS),0.1021910313151422,False,-0.9729357323992208,False
2012-08-21,Pennsylvania,Lancaster,85,Percent of days with PM2.5 levels over the National Ambient Air Quality Standard (NAAQS),0.1401102007807379,False,-0.05795392558913454,False
2012-08-22,Pennsylvania,Lancaster,85,Percent of days with PM2.5 levels over the National Ambient Air Quality Standard (NAAQS),0.1336835817631817,False,-0.21177311869754875,False
2012-08-23,Pennsylvania,Lancaster,85,Percent of days with PM2.5 levels over the National Ambient Air Quality Standard (NAAQS),0.1423714290735713,False,-0.02905448157388332,False
2012-08-24,Pennsylvania,Lancaster,85,Percent of days with PM2.5 levels over the National Ambient Air Quality Standard (NAAQS),0.128930933386168,False,-0.30820851854087333,False
2012-08-25,Pennsylvania,Lancaster,85,Percent of days with PM2.5 levels over the National Ambient Air Quality Standard (NAAQS),0.183122553229581,False,0.951703073472025,False
2012-08-26,Pennsylvania,Lancaster,85,Percent of days with PM2.5 levels over the National Ambient Air Quality Standard (NAAQS),0.1332330388205188,False,-0.1894299596131373,False
2012-08-27,Pennsylvania,Lancaster,85,Percent of days with PM2.5 levels over the National Ambient Air Quality Standard (NAAQS),0.117710863839801,False,-0.5653259929903617,False
2012-08-28,Pennsylvania,Lancaster,85,Percent of days with PM2.5 levels over the National Ambient Air Quality Standard (NAAQS),0.1352706423937905,False,-0.15391176059253395,False
2012-08-29,Pennsylvania,Lancaster,85,Percent of days with PM2.5 levels over the National Ambient Air Quality Standard (NAAQS),0.1045395577583671,False,-0.8808939483742281,False
2012-08-30,Pennsylvania,Lancaster,85,Percent of days with PM2.5 levels over the National Ambient Air Quality Standard (NAAQS),0.0998115199648768,False,-0.9358677625124235,False
2012-08-31,Pennsylvania,Lancaster,85,Percent of days with PM2.5 levels over the National Ambient Air Quality Standard (NAAQS),0.1415725804635604,False,0.23894156777371256,False
2012-09-01,Pennsylvania,Lancaster,85,Percent of days with PM2.5 levels over the National Ambient Air Quality Standard (NAAQS),0.1318761778567931,False,-0.033692502740727784,False
2012-09-02,Pennsylvania,Lancaster,85,Percent of days with PM2.5 levels over the National Ambient Air Quality Standard (NAAQS),0.1442484909424873,False,0.3948456341908812,False
2012-09-03,Pennsylvania,Lancaster,85,Percent of days with PM2.5 levels over the National Ambient Air Quality Standard (NAAQS),0.137013894925681,False,0.16107443675783276,False
2012-09-04,Pennsylvania,Lancaster,85,Percent of days with PM2.5 levels over the National Ambient Air Quality Standard (NAAQS),0.1562270455202496,False,0.744266923020293,False
2012-09-05,Pennsylvania,Lancaster,85,Percent of days with PM2.5 levels over the National Ambient Air Quality Standard (NAAQS),0.0815953539972343,False,-1.4353139774432062,False
2012-09-06,Pennsylvania,Lancaster,85,Percent of days with PM2.5 levels over the National Ambient Air Quality Standard (NAAQS),0.1596691990464929,False,0.9437484281944285,False
2012-09-07,Pennsylvania,Lancaster,85,Percent of days with PM2.5 levels over the National Ambient Air Quality Standard (NAAQS),0.2165270301318303,False,2.31494299446943,False
2012-09-08,Pennsylvania,Lancaster,85,Percent of days with PM2.5 levels over the National Ambient Air Quality Standard (NAAQS),0.1153943559039385,False,-0.5387074216986951,False
2012-09-09,Pennsylvania,Lancaster,85,Percent of days with PM2.5 levels over the National Ambient Air Quality Standard (NAAQS),0.0640919770554988,False,-1.896554689834345,False
2012-09-10,Pennsylvania,Lancaster,85,Percent of days with PM2.5 levels over the National Ambient Air Quality Standard (NAAQS),0.1154574980268079,False,-0.4367480853420386,False
2012-09-11,Pennsylvania,Lancaster,85,Percent of days with PM2.5 levels over the National Ambient Air Quality Standard (NAAQS),0.1729751101167704,False,1.099862382397219,False
2012-09-12,Pennsylvania,Lancaster,85,Percent of days with PM2.5 levels over the National Ambient Air Quality Standard (NAAQS),0.1553074238635852,False,0.5763991966813997,False
2012-09-13,Pennsylvania,Lancaster,85,Percent of days with PM2.5 levels over the National Ambient Air Quality Standard (NAAQS),0.0745004217576372,False,-1.5067201706309896,False
2012-09-14,Pennsylvania,Lancaster,85,Percent of days with PM2.5 levels over the National Ambient Air Quality Standard (NAAQS),0.1318734950698946,False,0.003254139280385927,False
2012-09-15,Pennsylvania,Lancaster,85,Percent of days with PM2.5 levels over the National Ambient Air Quality Standard (NAAQS),0.1144627643765527,False,-0.42633542958352677,False
2012-09-16,Pennsylvania,Lancaster,85,Percent of days with PM2.5 levels over the National Ambient Air Quality Standard (NAAQS),0.1789141999507156,False,1.3852431359855717,False
2012-09-17,Pennsylvania,Lancaster,85,Percent of days with PM2.5 levels over the National Ambient Air Quality Standard (NAAQS),0.1843235021298214,False,1.4241005810940972,False
2012-09-18,Pennsylvania,Lancaster,85,Percent of days with PM2.5 levels over the National Ambient Air Quality Standard (NAAQS),0.1547302596628401,False,0.5422597276454154,False
2012-09-19,Pennsylvania,Lancaster,85,Percent of days with PM2.5 levels over the National Ambient Air Quality Standard (NAAQS),0.2025501795349193,False,1.7469024606627743,False
2012-09-20,Pennsylvania,Lancaster,85,Percent of days with PM2.5 levels over the National Ambient Air Quality Standard (NAAQS),0.1454321505410082,False,0.18573985348049254,False
2012-09-21,Pennsylvania,Lancaster,85,Percent of days with PM2.5 levels over the National Ambient Air Quality Standard (NAAQS),0.1439719349825816,False,0.1314110539094371,False
2012-09-22,Pennsylvania,Lancaster,85,Percent of days with PM2.5 levels over the National Ambient Air Quality Standard (NAAQS),0.1684352825763351,False,0.8258643199300401,False
2012-09-23,Pennsylvania,Lancaster,85,Percent of days with PM2.5 levels over the National Ambient Air Quality Standard (NAAQS),0.1897564664326624,False,1.3153354826183143,False
2012-09-24,Pennsylvania,Lancaster,85,Percent of days with PM2.5 levels over the National Ambient Air Quality Standard (NAAQS),0.1317118994095894,False,-0.25438603053446984,False
2012-09-25,Pennsylvania,Lancaster,85,Percent of days with PM2.5 levels over the National Ambient Air Quality Standard (NAAQS),0.1545739664002798,False,0.34253568183384564,False
2012-09-26,Pennsylvania,Lancaster,85,Percent of days with PM2.5 levels over the National Ambient Air Quality Standard (NAAQS),0.1558722093387073,False,0.33395967009460353,False
2012-09-27,Pennsylvania,Lancaster,85,Percent of days with PM2.5 levels over the National Ambient Air Quality Standard (NAAQS),0.1153395744062946,False,-0.8036327495223841,False
2012-09-28,Pennsylvania,Lancaster,85,Percent of days with PM2.5 levels over the National Ambient Air Quality Standard (NAAQS),0.101517936544783,False,-1.1204179670532093,False
2012-09-29,Pennsylvania,Lancaster,85,Percent of days with PM2.5 levels over the National Ambient Air Quality Standard (NAAQS),0.1131006091521074,False,-0.7799042010543851,False
2012-09-30,Pennsylvania,Lancaster,85,Percent of days with PM2.5 levels over the National Ambient Air Quality Standard (NAAQS),0.1490337951051933,False,0.1808613059762721,False
2012-10-01,Pennsylvania,Lancaster,85,Percent of days with PM2.5 levels over the National Ambient Air Quality Standard (NAAQS),0.2088528044437301,False,1.6289956357949158,False
2012-10-02,Pennsylvania,Lancaster,85,Percent of days with PM2.5 levels over the National Ambient Air Quality Standard (NAAQS),0.1607134035559025,False,0.39882245601241095,False
2012-10-03,Pennsylvania,Lancaster,85,Percent of days with PM2.5 levels over the National Ambient Air Quality Standard (NAAQS),0.1972104948734718,False,1.248477192386176,False
2012-10-04,Pennsylvania,Lancaster,85,Percent of days with PM2.5 levels over the National Ambient Air Quality Standard (NAAQS),0.0810388378596688,False,-1.612024107137867,False
2012-10-05,Pennsylvania,Lancaster,85,Percent of days with PM2.5 levels over the National Ambient Air Quality Standard (NAAQS),0.1436092253176331,False,-0.0034616693438930756,False
2012-10-06,Pennsylvania,Lancaster,85,Percent of days with PM2.5 levels over the National Ambient Air Quality Standard (NAAQS),0.1090005318202927,False,-0.9010889635665547,False
2012-10-07,Pennsylvania,Lancaster,85,Percent of days with PM2.5 levels over the National Ambient Air Quality Standard (NAAQS),0.143441396793805,False,-0.08300874320364256,False
2012-10-08,Pennsylvania,Lancaster,85,Percent of days with PM2.5 levels over the National Ambient Air Quality Standard (NAAQS),0.1374987157164458,False,-0.2790856297532468,False
2012-10-09,Pennsylvania,Lancaster,85,Percent of days with PM2.5 levels over the National Ambient Air Quality Standard (NAAQS),0.1162589006376336,False,-0.8334259534172328,False
2012-10-10,Pennsylvania,Lancaster,85,Percent of days with PM2.5 levels over the National Ambient Air Quality Standard (NAAQS),0.1409816293709276,False,-0.10458676088776557,False
2012-10-11,Pennsylvania,Lancaster,85,Percent of days with PM2.5 levels over the National Ambient Air Quality Standard (NAAQS),0.2139867598922331,False,1.88675058335974,False
2012-10-12,Pennsylvania,Lancaster,85,Percent of days with PM2.5 levels over the National Ambient Air Quality Standard (NAAQS),0.0844185529326762,False,-1.7548005398069106,False
2012-10-13,Pennsylvania,Lancaster,85,Percent of days with PM2.5 levels over the National Ambient Air Quality Standard (NAAQS),0.1302987124010982,False,-0.5077610896779398,False
2012-10-14,Pennsylvania,Lancaster,85,Percent of days with PM2.5 levels over the National Ambient Air Quality Standard (NAAQS),0.1595400426304448,False,0.3336112963682902,False
2012-10-15,Pennsylvania,Lancaster,85,Percent of days with PM2.5 levels over the National Ambient Air Quality Standard (NAAQS),0.117631693159525,False,-0.7924612128153612,False
2012-10-16,Pennsylvania,Lancaster,85,Percent of days with PM2.5 levels over the National Ambient Air Quality Standard (NAAQS),0.1593885408152129,False,0.3948748788390494,False
2012-10-17,Pennsylvania,Lancaster,85,Percent of days with PM2.5 levels over the National Ambient Air Quality Standard (NAAQS),0.104161559024465,False,-1.1118353433074888,False
2012-10-18,Pennsylvania,Lancaster,85,Percent of days with PM2.5 levels over the National Ambient Air Quality Standard (NAAQS),0.1839429258493779,False,1.1594226889266837,False
2012-10-19,Pennsylvania,Lancaster,85,Percent of days with PM2.5 levels over the National Ambient Air Quality Standard (NAAQS),0.1215794192728346,False,-0.5971501720660563,False
2012-10-20,Pennsylvania,Lancaster,85,Percent of days with PM2.5 levels over the National Ambient Air Quality Standard (NAAQS),0.193963444062324,False,1.392945237633552,False
2012-10-21,Pennsylvania,Lancaster,85,Percent of days with PM2.5 levels over the National Ambient Air Quality Standard (NAAQS),0.1344494063233152,False,-0.20205208821416548,False
2012-10-22,Pennsylvania,Lancaster,85,Percent of days with PM2.5 levels over the National Ambient Air Quality Standard (NAAQS),0.1411138993132306,False,-0.02174039482660796,False
2012-10-23,Pennsylvania,Lancaster,85,Percent of days with PM2.5 levels over the National Ambient Air Quality Standard (NAAQS),0.1422227696911526,False,0.022551323052183395,False
2012-10-24,Pennsylvania,Lancaster,85,Percent of days with PM2.5 levels over the National Ambient Air Quality Standard (NAAQS),0.1230812387640509,False,-0.490930473582684,False
2012-10-25,Pennsylvania,Lancaster,85,Percent of days with PM2.5 levels over the National Ambient Air Quality Standard (NAAQS),0.1081909740168494,False,-0.9035567981428546,False
2012-10-26,Pennsylvania,Lancaster,85,Percent of days with PM2.5 levels over the National Ambient Air Quality Standard (NAAQS),0.1890783303861614,False,1.2921755502343233,False
2012-10-27,Pennsylvania,Lancaster,85,Percent of days with PM2.5 levels over the National Ambient Air Quality Standard (NAAQS),0.207651628904713,False,1.6499691097835296,False
2012-10-28,Pennsylvania,Lancaster,85,Percent of days with PM2.5 levels over the National Ambient Air Quality Standard (NAAQS),0.1464327519450159,False,0.0003648042551097538,False
2012-10-29,Pennsylvania,Lancaster,85,Percent of days with PM2.5 levels over the National Ambient Air Quality Standard (NAAQS),0.0933660225237011,False,-1.349244948878876,False
2012-10-30,Pennsylvania,Lancaster,85,Percent of days with PM2.5 levels over the National Ambient Air Quality Standard (NAAQS),0.1167137068851407,False,-0.659800464845197,False
2012-10-31,Pennsylvania,Lancaster,85,Percent of days with PM2.5 levels over the National Ambient Air Quality Standard (NAAQS),0.1355914274308098,False,-0.08454739375165718,False
2012-11-01,Pennsylvania,Lancaster,85,Percent of days with PM2.5 levels over the National Ambient Air Quality Standard (NAAQS),0.1297835256056755,False,-0.31900641238934124,False
2012-11-02,Pennsylvania,Lancaster,85,Percent of days with PM2.5 levels over the National Ambient Air Quality Standard (NAAQS),0.107051519006041,False,-0.9542717421095525,False
2012-11-03,Pennsylvania,Lancaster,85,Percent of days with PM2.5 levels over the National Ambient Air Quality Standard (NAAQS),0.1585058244961097,False,0.53716260394974,False
2012-11-04,Pennsylvania,Lancaster,85,Percent of days with PM2.5 levels over the National Ambient Air Quality Standard (NAAQS),0.1153519045693412,False,-0.7288292577939369,False
2012-11-05,Pennsylvania,Lancaster,85,Percent of days with PM2.5 levels over the National Ambient Air Quality Standard (NAAQS),0.0928646439483079,False,-1.3085017372639909,False
2012-11-06,Pennsylvania,Lancaster,85,Percent of days with PM2.5 levels over the National Ambient Air Quality Standard (NAAQS),0.1183218063810014,False,-0.5754776544918121,False
2012-11-07,Pennsylvania,Lancaster,85,Percent of days with PM2.5 levels over the National Ambient Air Quality Standard (NAAQS),0.1555053186682529,False,0.48372452300381397,False
2012-11-08,Pennsylvania,Lancaster,85,Percent of days with PM2.5 levels over the National Ambient Air Quality Standard (NAAQS),0.1711444959645287,False,1.0576192002798053,False
2012-11-09,Pennsylvania,Lancaster,85,Percent of days with PM2.5 levels over the National Ambient Air Quality Standard (NAAQS),0.1810266329929489,False,1.2859180064547662,False
2012-11-10,Pennsylvania,Lancaster,85,Percent of days with PM2.5 levels over the National Ambient Air Quality Standard (NAAQS),0.0626747289100985,False,-2.179654354095923,False
2012-11-11,Pennsylvania,Lancaster,85,Percent of days with PM2.5 levels over the National Ambient Air Quality Standard (NAAQS),0.0895054649171995,False,-1.298962937292999,False
2012-11-12,Pennsylvania,Lancaster,85,Percent of days with PM2.5 levels over the National Ambient Air Quality Standard (NAAQS),0.1315195962986874,False,-0.1327411879835298,False
2012-11-13,Pennsylvania,Lancaster,85,Percent of days with PM2.5 levels over the National Ambient Air Quality Standard (NAAQS),0.1223968052895986,False,-0.3550979041300648,False
2012-11-14,Pennsylvania,Lancaster,85,Percent of days with PM2.5 levels over the National Ambient Air Quality Standard (NAAQS),0.0114107232468122,False,-2.8661011332773443,False
2012-11-15,Pennsylvania,Lancaster,85,Percent of days with PM2.5 levels over the National Ambient Air Quality Standard (NAAQS),0.1952775469724417,False,1.4888884351350098,False
2012-11-16,Pennsylvania,Lancaster,85,Percent of days with PM2.5 levels over the National Ambient Air Quality Standard (NAAQS),0.2300158311555543,False,2.0338272554541823,False
2012-11-17,Pennsylvania,Lancaster,85,Percent of days with PM2.5 levels over the National Ambient Air Quality Standard (NAAQS),0.1551342217935337,False,0.45849137998200384,False
2012-11-18,Pennsylvania,Lancaster,85,Percent of days with PM2.5 levels over the National Ambient Air Quality Standard (NAAQS),0.1724885019559403,False,0.8033894253630811,False
2012-11-19,Pennsylvania,Lancaster,85,Percent of days with PM2.5 levels over the National Ambient Air Quality Standard (NAAQS),0.13830882974374,False,0.05639902608276029,False
2012-11-20,Pennsylvania,Lancaster,85,Percent of days with PM2.5 levels over the National Ambient Air Quality Standard (NAAQS),0.0875420165897062,False,-0.9947177874615433,False
2012-11-21,Pennsylvania,Lancaster,85,Percent of days with PM2.5 levels over the National Ambient Air Quality Standard (NAAQS),0.0763231392719721,False,-1.169378276598652,False
2012-11-22,Pennsylvania,Lancaster,85,Percent of days with PM2.5 levels over the National Ambient Air Quality Standard (NAAQS),0.0951005720880035,False,-0.7611141316506491,False
2012-11-23,Pennsylvania,Lancaster,85,Percent of days with PM2.5 levels over the National Ambient Air Quality Standard (NAAQS),0.1077006642018178,False,-0.4489795501860168,False
2012-11-24,Pennsylvania,Lancaster,85,Percent of days with PM2.5 levels over the National Ambient Air Quality Standard (NAAQS),0.0963530090444392,False,-0.6372758366914553,False
2012-11-25,Pennsylvania,Lancaster,85,Percent of days with PM2.5 levels over the National Ambient Air Quality Standard (NAAQS),0.1467080398107358,False,0.4919153434040763,False
2012-11-26,Pennsylvania,Lancaster,85,Percent of days with PM2.5 levels over the National Ambient Air Quality Standard (NAAQS),0.1796618096452149,False,1.1432731707164354,False
2012-11-27,Pennsylvania,Lancaster,85,Percent of days with PM2.5 levels over the National Ambient Air Quality Standard (NAAQS),0.1532678029632208,False,0.5297232532695527,False
2012-11-28,Pennsylvania,Lancaster,85,Percent of days with PM2.5 levels over the National Ambient Air Quality Standard (NAAQS),0.1165569933121368,False,-0.26181118496809247,False
2012-11-29,Pennsylvania,Lancaster,85,Percent of days with PM2.5 levels over the National Ambient Air Quality Standard (NAAQS),0.1399879647797931,False,0.2443241075168829,False
2012-11-30,Pennsylvania,Lancaster,85,Percent of days with PM2.5 levels over the National Ambient Air Quality Standard (NAAQS),0.1393363490508437,False,0.20548638872045502,False
2012-12-01,Pennsylvania,Lancaster,85,Percent of days with PM2.5 levels over the National Ambient Air Quality Standard (NAAQS),0.0977325590532459,False,-0.6618101411869639,False
2012-12-02,Pennsylvania,Lancaster,85,Percent of days with PM2.5 levels over the National Ambient Air Quality Standard (NAAQS),0.0894948801529759,False,-0.8133052820429857,False
2012-12-03,Pennsylvania,Lancaster,85,Percent of days with PM2.5 levels over the National Ambient Air Quality Standard (NAAQS),0.1331007510778265,False,0.10452147259079982,False
2012-12-04,Pennsylvania,Lancaster,85,Percent of days with PM2.5 levels over the National Ambient Air Quality Standard (NAAQS),0.0842482293380767,False,-0.9271000658337235,False
2012-12-05,Pennsylvania,Lancaster,85,Percent of days with PM2.5 levels over the National Ambient Air Quality Standard (NAAQS),0.1426855266648772,False,0.34805064497692245,False
2012-12-06,Pennsylvania,Lancaster,85,Percent of days with PM2.5 levels over the National Ambient Air Quality Standard (NAAQS),0.1161141928145783,False,-0.18992953028368892,False
2012-12-07,Pennsylvania,Lancaster,85,Percent of days with PM2.5 levels over the National Ambient Air Quality Standard (NAAQS),0.1684864769456499,False,0.9895320800788704,False
2012-12-08,Pennsylvania,Lancaster,85,Percent of days with PM2.5 levels over the National Ambient Air Quality Standard (NAAQS),0.1050997457780263,False,-0.4781465814153454,False
2012-12-09,Pennsylvania,Lancaster,85,Percent of days with PM2.5 levels over the National Ambient Air Quality Standard (NAAQS),0.1245402185873709,False,-0.058177903860824734,False
2012-12-10,Pennsylvania,Lancaster,85,Percent of days with PM2.5 levels over the National Ambient Air Quality Standard (NAAQS),0.0835257856971556,False,-0.9623830459770224,False
2012-12-11,Pennsylvania,Lancaster,85,Percent of days with PM2.5 levels over the National Ambient Air Quality Standard (NAAQS),0.093354230170013,False,-0.7053296989323986,False
2012-12-12,Pennsylvania,Lancaster,85,Percent of days with PM2.5 levels over the National Ambient Air Quality Standard (NAAQS),0.132178434968765,False,0.09499623547828541,False
2012-12-13,Pennsylvania,Lancaster,85,Percent of days with PM2.5 levels over the National Ambient Air Quality Standard (NAAQS),0.1661807163673856,False,1.0638624925291635,False
2012-12-14,Pennsylvania,Lancaster,85,Percent of days with PM2.5 levels over the National Ambient Air Quality Standard (NAAQS),0.1234130231930681,False,-0.010693147631686545,False
2012-12-15,Pennsylvania,Lancaster,85,Percent of days with PM2.5 levels over the National Ambient Air Quality Standard (NAAQS),0.1522522858239806,False,0.9490887892775897,False
2012-12-16,Pennsylvania,Lancaster,85,Percent of days with PM2.5 levels over the National Ambient Air Quality Standard (NAAQS),0.1864365313628611,False,2.0039215612790198,False
2012-12-17,Pennsylvania,Lancaster,85,Percent of days with PM2.5 levels over the National Ambient Air Quality Standard (NAAQS),0.0956287250797212,False,-0.8587832557671023,False
2012-12-18,Pennsylvania,Lancaster,85,Percent of days with PM2.5 levels over the National Ambient Air Quality Standard (NAAQS),0.1074990322019426,False,-0.5134985511113437,False
2012-12-19,Pennsylvania,Lancaster,85,Percent of days with PM2.5 levels over the National Ambient Air Quality Standard (NAAQS),0.1073584832603258,False,-0.576861869084032,False
2012-12-20,Pennsylvania,Lancaster,85,Percent of days with PM2.5 levels over the National Ambient Air Quality Standard (NAAQS),0.0882703927425585,False,-1.202393580307227,False
2012-12-21,Pennsylvania,Lancaster,85,Percent of days with PM2.5 levels over the National Ambient Air Quality Standard (NAAQS),0.1719489534586544,False,1.4666606092971524,False
2012-12-22,Pennsylvania,Lancaster,85,Percent of days with PM2.5 levels over the National Ambient Air Quality Standard (NAAQS),0.1849975197364551,False,1.7131495294164358,False
2012-12-23,Pennsylvania,Lancaster,85,Percent of days with PM2.5 levels over the National Ambient Air Quality Standard (NAAQS),0.0978311068260552,False,-0.9202976537272696,False
2012-12-24,Pennsylvania,Lancaster,85,Percent of days with PM2.5 levels over the National Ambient Air Quality Standard (NAAQS),0.1487060859186082,False,0.6988756499859845,False
2012-12-25,Pennsylvania,Lancaster,85,Percent of days with PM2.5 levels over the National Ambient Air Quality Standard (NAAQS),0.1420985691749774,False,0.5053593243869207,False
2012-12-26,Pennsylvania,Lancaster,85,Percent of days with PM2.5 levels over the National Ambient Air Quality Standard (NAAQS),0.123415336275732,False,-0.10395555129802156,False
2012-12-27,Pennsylvania,Lancaster,85,Percent of days with PM2.5 levels over the National Ambient Air Quality Standard (NAAQS),0.0603210538585357,False,-1.905023882968994,False
2012-12-28,Pennsylvania,Lancaster,85,Percent of days with PM2.5 levels over the National Ambient Air Quality Standard (NAAQS),0.223196902083275,False,2.5249287057699905,False
2012-12-29,Pennsylvania,Lancaster,85,Percent of days with PM2.5 levels over the National Ambient Air Quality Standard (NAAQS),0.1405605339696659,False,0.3235721684515994,False
2012-12-30,Pennsylvania,Lancaster,85,Percent of days with PM2.5 levels over the National Ambient Air Quality Standard (NAAQS),0.1453944792827839,False,0.4056045136235917,False
2012-12-31,Pennsylvania,Lancaster,85,Percent of days with PM2.5 levels over the National Ambient Air Quality Standard (NAAQS),0.2488893414034043,False,2.635997438202175,False
2013-01-01,Pennsylvania,Lancaster,85,Percent of days with PM2.5 levels over the National Ambient Air Quality Standard (NAAQS),0.1999368571861136,False,1.395662698160179,False
2013-01-02,Pennsylvania,Lancaster,85,Percent of days with PM2.5 levels over the National Ambient Air Quality Standard (NAAQS),0.1399643414466614,False,0.0336408050311703,False
2013-01-03,Pennsylvania,Lancaster,85,Percent of days with PM2.5 levels over the National Ambient Air Quality Standard (NAAQS),0.1525670661385449,False,0.29172578614281663,False
2013-01-04,Pennsylvania,Lancaster,85,Percent of days with PM2.5 levels over the National Ambient Air Quality Standard (NAAQS),0.1422634364366252,False,0.0785377751859046,False
2013-01-05,Pennsylvania,Lancaster,85,Percent of days with PM2.5 levels over the National Ambient Air Quality Standard (NAAQS),0.213641579585582,False,1.5711344954265503,False
2013-01-06,Pennsylvania,Lancaster,85,Percent of days with PM2.5 levels over the National Ambient Air Quality Standard (NAAQS),0.2949688636450438,False,2.740145110647912,False
2013-01-07,Pennsylvania,Lancaster,85,Percent of days with PM2.5 levels over the National Ambient Air Quality Standard (NAAQS),0.154880333559112,False,0.06792811560544142,False
2013-01-08,Pennsylvania,Lancaster,85,Percent of days with PM2.5 levels over the National Ambient Air Quality Standard (NAAQS),0.2040056364518662,False,0.9470152981453343,False
2013-01-09,Pennsylvania,Lancaster,85,Percent of days with PM2.5 levels over the National Ambient Air Quality Standard (NAAQS),0.1438762857372545,False,-0.23125618844312354,False
2013-01-10,Pennsylvania,Lancaster,85,Percent of days with PM2.5 levels over the National Ambient Air Quality Standard (NAAQS),0.0857714722791257,False,-1.2685290348503626,False
2013-01-11,Pennsylvania,Lancaster,85,Percent of days with PM2.5 levels over the National Ambient Air Quality Standard (NAAQS),0.2250287740989888,False,1.26315297161977,False
2013-01-12,Pennsylvania,Lancaster,85,Percent of days with PM2.5 levels over the National Ambient Air Quality Standard (NAAQS),0.1688101502873437,False,0.21599590309035735,False
2013-01-13,Pennsylvania,Lancaster,85,Percent of days with PM2.5 levels over the National Ambient Air Quality Standard (NAAQS),0.1659515915486331,False,0.17772035456726232,False
2013-01-14,Pennsylvania,Lancaster,85,Percent of days with PM2.5 levels over the National Ambient Air Quality Standard (NAAQS),0.1657774182281533,False,0.13130980189118924,False
2013-01-15,Pennsylvania,Lancaster,85,Percent of days with PM2.5 levels over the National Ambient Air Quality Standard (NAAQS),0.2519989078397026,False,1.612957339518569,False
2013-01-16,Pennsylvania,Lancaster,85,Percent of days with PM2.5 levels over the National Ambient Air Quality Standard (NAAQS),0.1756575224875811,False,0.17222115776261232,False
2013-01-17,Pennsylvania,Lancaster,85,Percent of days with PM2.5 levels over the National Ambient Air Quality Standard (NAAQS),0.1674057129341873,False,-0.03662973843805861,False
2013-01-18,Pennsylvania,Lancaster,85,Percent of days with PM2.5 levels over the National Ambient Air Quality Standard (NAAQS),0.1926504296129884,False,0.4404235931634536,False
2013-01-19,Pennsylvania,Lancaster,85,Percent of days with PM2.5 levels over the National Ambient Air Quality Standard (NAAQS),0.170204744921961,False,0.01389495060930174,False
2013-01-20,Pennsylvania,Lancaster,85,Percent of days with PM2.5 levels over the National Ambient Air Quality Standard (NAAQS),0.1830404447341669,False,0.21273526255484404,False
2013-01-21,Pennsylvania,Lancaster,85,Percent of days with PM2.5 levels over the National Ambient Air Quality Standard (NAAQS),0.1675993065401535,False,-0.11409889434476762,False
2013-01-22,Pennsylvania,Lancaster,85,Percent of days with PM2.5 levels over the National Ambient Air Quality Standard (NAAQS),0.138980036591191,False,-0.6927668575912155,False
2013-01-23,Pennsylvania,Lancaster,85,Percent of days with PM2.5 levels over the National Ambient Air Quality Standard (NAAQS),0.1095286157371538,False,-1.2656586105234056,False
2013-01-24,Pennsylvania,Lancaster,85,Percent of days with PM2.5 levels over the National Ambient Air Quality Standard (NAAQS),0.209159108190169,False,0.6922320443302671,False
2013-01-25,Pennsylvania,Lancaster,85,Percent of days with PM2.5 levels over the National Ambient Air Quality Standard (NAAQS),0.0562366929754235,False,-2.32727492649224,False
2013-01-26,Pennsylvania,Lancaster,85,Percent of days with PM2.5 levels over the National Ambient Air Quality Standard (NAAQS),0.1404915831411207,False,-0.6327131926236407,False
2013-01-27,Pennsylvania,Lancaster,85,Percent of days with PM2.5 levels over the National Ambient Air Quality Standard (NAAQS),0.1273511585445678,False,-0.8757129644975314,False
2013-01-28,Pennsylvania,Lancaster,85,Percent of days with PM2.5 levels over the National Ambient Air Quality Standard (NAAQS),0.1434859619913326,False,-0.5004836313098072,False
2013-01-29,Pennsylvania,Lancaster,85,Percent of days with PM2.5 levels over the National Ambient Air Quality Standard (NAAQS),0.1784524266289445,False,0.24475423101623103,False
2013-01-30,Pennsylvania,Lancaster,85,Percent of days with PM2.5 levels over the National Ambient Air Quality Standard (NAAQS),0.1542926350652488,False,-0.27370281994094436,False
2013-01-31,Pennsylvania,Lancaster,85,Percent of days with PM2.5 levels over the National Ambient Air Quality Standard (NAAQS),0.1685554791507369,False,0.01468469654109943,False
2013-02-01,Pennsylvania,Lancaster,85,Percent of days with PM2.5 levels over the National Ambient Air Quality Standard (NAAQS),0.1770689593350596,False,0.1689451079626925,False
2013-02-02,Pennsylvania,Lancaster,85,Percent of days with PM2.5 levels over the National Ambient Air Quality Standard (NAAQS),0.237221436724869,False,1.3964179795393243,False
2013-02-03,Pennsylvania,Lancaster,85,Percent of days with PM2.5 levels over the National Ambient Air Quality Standard (NAAQS),0.1436993398187443,False,-0.5000372564247563,False
2013-02-04,Pennsylvania,Lancaster,85,Percent of days with PM2.5 levels over the National Ambient Air Quality Standard (NAAQS),0.1865237006143927,False,0.49836346657884106,False
2013-02-05,Pennsylvania,Lancaster,85,Percent of days with PM2.5 levels over the National Ambient Air Quality Standard (NAAQS),0.2106947272493801,False,1.064119416252986,False
2013-02-06,Pennsylvania,Lancaster,85,Percent of days with PM2.5 levels over the National Ambient Air Quality Standard (NAAQS),0.1249678718920294,False,-0.945254321873931,False
2013-02-07,Pennsylvania,Lancaster,85,Percent of days with PM2.5 levels over the National Ambient Air Quality Standard (NAAQS),0.1541454816511337,False,-0.3405218344749436,False
2013-02-08,Pennsylvania,Lancaster,85,Percent of days with PM2.5 levels over the National Ambient Air Quality Standard (NAAQS),0.131157022310141,False,-0.8577743514550371,False
2013-02-09,Pennsylvania,Lancaster,85,Percent of days with PM2.5 levels over the National Ambient Air Quality Standard (NAAQS),0.2432842018675994,False,1.8407905082128826,False
2013-02-10,Pennsylvania,Lancaster,85,Percent of days with PM2.5 levels over the National Ambient Air Quality Standard (NAAQS),0.1935805611311963,False,0.6133626543758919,False
2013-02-11,Pennsylvania,Lancaster,85,Percent of days with PM2.5 levels over the National Ambient Air Quality Standard (NAAQS),0.1652567860423939,False,-0.06458199569928168,False
2013-02-12,Pennsylvania,Lancaster,85,Percent of days with PM2.5 levels over the National Ambient Air Quality Standard (NAAQS),0.1588677416460419,False,-0.15005144883904906,False
2013-02-13,Pennsylvania,Lancaster,85,Percent of days with PM2.5 levels over the National Ambient Air Quality Standard (NAAQS),0.1935591582071321,False,0.7306822134488977,False
2013-02-14,Pennsylvania,Lancaster,85,Percent of days with PM2.5 levels over the National Ambient Air Quality Standard (NAAQS),0.1440320458699081,False,-0.5240826300034354,False
2013-02-15,Pennsylvania,Lancaster,85,Percent of days with PM2.5 levels over the National Ambient Air Quality Standard (NAAQS),0.2545028369708468,False,2.0819247650823476,False
2013-02-16,Pennsylvania,Lancaster,85,Percent of days with PM2.5 levels over the National Ambient Air Quality Standard (NAAQS),0.0649407634523675,False,-2.112740471215157,False
2013-02-17,Pennsylvania,Lancaster,85,Percent of days with PM2.5 levels over the National Ambient Air Quality Standard (NAAQS),0.2536082130195995,False,1.7885494546740421,False
2013-02-18,Pennsylvania,Lancaster,85,Percent of days with PM2.5 levels over the National Ambient Air Quality Standard (NAAQS),0.180990245929443,False,0.3058521055573706,False
2013-02-19,Pennsylvania,Lancaster,85,Percent of days with PM2.5 levels over the National Ambient Air Quality Standard (NAAQS),0.1799037776339122,False,0.2554166745507774,False
2013-02-20,Pennsylvania,Lancaster,85,Percent of days with PM2.5 levels over the National Ambient Air Quality Standard (NAAQS),0.2450523486978648,False,1.458980593640092,False
2013-02-21,Pennsylvania,Lancaster,85,Percent of days with PM2.5 levels over the National Ambient Air Quality Standard (NAAQS),0.15045908094237,False,-0.39594628287086003,False
2013-02-22,Pennsylvania,Lancaster,85,Percent of days with PM2.5 levels over the National Ambient Air Quality Standard (NAAQS),0.1886304936619363,False,0.3115858563861768,False
2013-02-23,Pennsylvania,Lancaster,85,Percent of days with PM2.5 levels over the National Ambient Air Quality Standard (NAAQS),0.0519117134287896,False,-2.408360888917552,False
2013-02-24,Pennsylvania,Lancaster,85,Percent of days with PM2.5 levels over the National Ambient Air Quality Standard (NAAQS),0.1503406270512887,False,-0.4503007539625044,False
2013-02-25,Pennsylvania,Lancaster,85,Percent of days with PM2.5 levels over the National Ambient Air Quality Standard (NAAQS),0.1733881625393243,False,-0.0030868621932774983,False
2013-02-26,Pennsylvania,Lancaster,85,Percent of days with PM2.5 levels over the National Ambient Air Quality Standard (NAAQS),0.2324039329085095,False,1.1372618066045668,False
2013-02-27,Pennsylvania,Lancaster,85,Percent of days with PM2.5 levels over the National Ambient Air Quality Standard (NAAQS),0.2345203647070902,False,1.099712656065193,False
2013-02-28,Pennsylvania,Lancaster,85,Percent of days with PM2.5 levels over the National Ambient Air Quality Standard (NAAQS),0.1738120027672633,False,-0.09216706222889376,False
2013-03-01,Pennsylvania,Lancaster,85,Percent of days with PM2.5 levels over the National Ambient Air Quality Standard (NAAQS),0.1363560994436008,False,-0.787617841934983,False
2013-03-02,Pennsylvania,Lancaster,85,Percent of days with PM2.5 levels over the National Ambient Air Quality Standard (NAAQS),0.1745449964682504,False,-0.005588452291622289,False
2013-03-03,Pennsylvania,Lancaster,85,Percent of days with PM2.5 levels over the National Ambient Air Quality Standard (NAAQS),0.1864271903577943,False,0.20153556119546445,False
2013-03-04,Pennsylvania,Lancaster,85,Percent of days with PM2.5 levels over the National Ambient Air Quality Standard (NAAQS),0.152651165003322,False,-0.44852230912050184,False
2013-03-05,Pennsylvania,Lancaster,85,Percent of days with PM2.5 levels over the National Ambient Air Quality Standard (NAAQS),0.0933448336630624,False,-1.4942758098714797,False
2013-03-06,Pennsylvania,Lancaster,85,Percent of days with PM2.5 levels over the National Ambient Air Quality Standard (NAAQS),0.1680967132584753,False,-0.08591523252571662,False
2013-03-07,Pennsylvania,Lancaster,85,Percent of days with PM2.5 levels over the National Ambient Air Quality Standard (NAAQS),0.2120575109362243,False,0.7273263036042249,False
2013-03-08,Pennsylvania,Lancaster,85,Percent of days with PM2.5 levels over the National Ambient Air Quality Standard (NAAQS),0.1871808925948523,False,0.20868059826308802,False
2013-03-09,Pennsylvania,Lancaster,85,Percent of days with PM2.5 levels over the National Ambient Air Quality Standard (NAAQS),0.1730925728716169,False,-0.01954858969534957,False
2013-03-10,Pennsylvania,Lancaster,85,Percent of days with PM2.5 levels over the National Ambient Air Quality Standard (NAAQS),0.1098332339615254,False,-1.2129323085562385,False
2013-03-11,Pennsylvania,Lancaster,85,Percent of days with PM2.5 levels over the National Ambient Air Quality Standard (NAAQS),0.2445128398041559,False,1.3494639080861144,False
2013-03-12,Pennsylvania,Lancaster,85,Percent of days with PM2.5 levels over the National Ambient Air Quality Standard (NAAQS),0.0985862007701284,False,-1.350219544490293,False
2013-03-13,Pennsylvania,Lancaster,85,Percent of days with PM2.5 levels over the National Ambient Air Quality Standard (NAAQS),0.2512855524724042,False,1.3810433548778882,False
2013-03-14,Pennsylvania,Lancaster,85,Percent of days with PM2.5 levels over the National Ambient Air Quality Standard (NAAQS),0.1190155031988606,False,-0.9489708138380467,False
2013-03-15,Pennsylvania,Lancaster,85,Percent of days with PM2.5 levels over the National Ambient Air Quality Standard (NAAQS),0.1357904296525066,False,-0.5991759990016582,False
2013-03-16,Pennsylvania,Lancaster,85,Percent of days with PM2.5 levels over the National Ambient Air Quality Standard (NAAQS),0.1553513322538406,False,-0.3239909058785288,False
2013-03-17,Pennsylvania,Lancaster,85,Percent of days with PM2.5 levels over the National Ambient Air Quality Standard (NAAQS),0.1045595140442486,False,-1.2404054372379423,False
2013-03-18,Pennsylvania,Lancaster,85,Percent of days with PM2.5 levels over the National Ambient Air Quality Standard (NAAQS),0.1932208251346947,False,0.5223024336453416,False
2013-03-19,Pennsylvania,Lancaster,85,Percent of days with PM2.5 levels over the National Ambient Air Quality Standard (NAAQS),0.0149903913070189,False,-2.53164528253638,False
2013-03-20,Pennsylvania,Lancaster,85,Percent of days with PM2.5 levels over the National Ambient Air Quality Standard (NAAQS),0.2584166674258945,False,1.6552284902753143,False
2013-03-21,Pennsylvania,Lancaster,85,Percent of days with PM2.5 levels over the National Ambient Air Quality Standard (NAAQS),0.1207913563373098,False,-0.6740685735733999,False
2013-03-22,Pennsylvania,Lancaster,85,Percent of days with PM2.5 levels over the National Ambient Air Quality Standard (NAAQS),0.1819270689144294,False,0.3674069580103056,False
2013-03-23,Pennsylvania,Lancaster,85,Percent of days with PM2.5 levels over the National Ambient Air Quality Standard (NAAQS),0.1695768412229685,False,0.09241621109783293,False
2013-03-24,Pennsylvania,Lancaster,85,Percent of days with PM2.5 levels over the National Ambient Air Quality Standard (NAAQS),0.0849297285166144,False,-1.3577404305111567,False
2013-03-25,Pennsylvania,Lancaster,85,Percent of days with PM2.5 levels over the National Ambient Air Quality Standard (NAAQS),0.2334404962792584,False,1.182990136224725,False
2013-03-26,Pennsylvania,Lancaster,85,Percent of days with PM2.5 levels over the National Ambient Air Quality Standard (NAAQS),0.2527605959542537,False,1.4759943127034403,False
2013-03-27,Pennsylvania,Lancaster,85,Percent of days with PM2.5 levels over the National Ambient Air Quality Standard (NAAQS),0.2323344745674491,False,1.1354049008066711,False
2013-03-28,Pennsylvania,Lancaster,85,Percent of days with PM2.5 levels over the National Ambient Air Quality Standard (NAAQS),0.1722053409353384,False,0.12307960730404405,False
2013-03-29,Pennsylvania,Lancaster,85,Percent of days with PM2.5 levels over the National Ambient Air Quality Standard (NAAQS),0.1153680934182739,False,-0.8153190780143349,False
2013-03-30,Pennsylvania,Lancaster,85,Percent of days with PM2.5 levels over the National Ambient Air Quality Standard (NAAQS),0.2513904163203573,False,1.3616573755312793,False
2013-03-31,Pennsylvania,Lancaster,85,Percent of days with PM2.5 levels over the National Ambient Air Quality Standard (NAAQS),0.154907476749561,False,-0.17532094921867722,False
2013-04-01,Pennsylvania,Lancaster,85,Percent of days with PM2.5 levels over the National Ambient Air Quality Standard (NAAQS),0.1548606101278559,False,-0.17739615172075335,False
2013-04-02,Pennsylvania,Lancaster,85,Percent of days with PM2.5 levels over the National Ambient Air Quality Standard (NAAQS),0.1472915419473084,False,-0.3389734821705653,False
2013-04-03,Pennsylvania,Lancaster,85,Percent of days with PM2.5 levels over the National Ambient Air Quality Standard (NAAQS),0.0550655998964786,False,-1.695962253215675,False
2013-04-04,Pennsylvania,Lancaster,85,Percent of days with PM2.5 levels over the National Ambient Air Quality Standard (NAAQS),0.2293310698795984,False,1.0051276895046128,False
2013-04-05,Pennsylvania,Lancaster,85,Percent of days with PM2.5 levels over the National Ambient Air Quality Standard (NAAQS),0.1653467555777208,False,0.027428543057532322,False
2013-04-06,Pennsylvania,Lancaster,85,Percent of days with PM2.5 levels over the National Ambient Air Quality Standard (NAAQS),0.1897526105826165,False,0.3956298529093873,False
2013-04-07,Pennsylvania,Lancaster,85,Percent of days with PM2.5 levels over the National Ambient Air Quality Standard (NAAQS),0.1633422838403357,False,-0.042990432780091674,False
2013-04-08,Pennsylvania,Lancaster,85,Percent of days with PM2.5 levels over the National Ambient Air Quality Standard (NAAQS),0.2547575931975695,False,1.3740370413417622,False
2013-04-09,Pennsylvania,Lancaster,85,Percent of days with PM2.5 levels over the National Ambient Air Quality Standard (NAAQS),0.2144471526399885,False,0.6911085021071333,False
2013-04-10,Pennsylvania,Lancaster,85,Percent of days with PM2.5 levels over the National Ambient Air Quality Standard (NAAQS),0.2276250421661441,False,0.926142391548462,False
2013-04-11,Pennsylvania,Lancaster,85,Percent of days with PM2.5 levels over the National Ambient Air Quality Standard (NAAQS),0.1958620366854575,False,0.3777904802342522,False
2013-04-12,Pennsylvania,Lancaster,85,Percent of days with PM2.5 levels over the National Ambient Air Quality Standard (NAAQS),0.1031880595964743,False,-1.083449532448587,False
2013-04-13,Pennsylvania,Lancaster,85,Percent of days with PM2.5 levels over the National Ambient Air Quality Standard (NAAQS),0.179246323176564,False,0.11253672412434457,False
2013-04-14,Pennsylvania,Lancaster,85,Percent of days with PM2.5 levels over the National Ambient Air Quality Standard (NAAQS),0.1310590720832775,False,-0.6788657799522685,False
2013-04-15,Pennsylvania,Lancaster,85,Percent of days with PM2.5 levels over the National Ambient Air Quality Standard (NAAQS),0.1789814755966608,False,0.1029497289573043,False
2013-04-16,Pennsylvania,Lancaster,85,Percent of days with PM2.5 levels over the National Ambient Air Quality Standard (NAAQS),0.1113477820576964,False,-1.1751776554892495,False
2013-04-17,Pennsylvania,Lancaster,85,Percent of days with PM2.5 levels over the National Ambient Air Quality Standard (NAAQS),0.2375120959366478,False,1.1511411562879623,False
2013-04-18,Pennsylvania,Lancaster,85,Percent of days with PM2.5 levels over the National Ambient Air Quality Standard (NAAQS),0.146532495575452,False,-0.5572680407917115,False
2013-04-19,Pennsylvania,Lancaster,85,Percent of days with PM2.5 levels over the National Ambient Air Quality Standard (NAAQS),0.1802795260873906,False,0.07713890103163104,False
2013-04-20,Pennsylvania,Lancaster,85,Percent of days with PM2.5 levels over the National Ambient Air Quality Standard (NAAQS),0.1754115230546634,False,-0.018139465822559916,False
2013-04-21,Pennsylvania,Lancaster,85,Percent of days with PM2.5 levels over the National Ambient Air Quality Standard (NAAQS),0.1792305745057411,False,-0.01026825456849669,False
2013-04-22,Pennsylvania,Lancaster,85,Percent of days with PM2.5 levels over the National Ambient Air Quality Standard (NAAQS),0.1946351220311204,False,0.33114347732878036,False
2013-04-23,Pennsylvania,Lancaster,85,Percent of days with PM2.5 levels over the National Ambient Air Quality Standard (NAAQS),0.1834378369341789,False,0.16085960493355433,False
2013-04-24,Pennsylvania,Lancaster,85,Percent of days with PM2.5 levels over the National Ambient Air Quality Standard (NAAQS),0.0939754377939669,False,-1.601278551081567,False
2013-04-25,Pennsylvania,Lancaster,85,Percent of days with PM2.5 levels over the National Ambient Air Quality Standard (NAAQS),0.1099859425109251,False,-1.1883673625231206,False
2013-04-26,Pennsylvania,Lancaster,85,Percent of days with PM2.5 levels over the National Ambient Air Quality Standard (NAAQS),0.0608197936157281,False,-2.015082529592459,False
2013-04-27,Pennsylvania,Lancaster,85,Percent of days with PM2.5 levels over the National Ambient Air Quality Standard (NAAQS),0.1928486141107932,False,0.5610934193527372,False
2013-04-28,Pennsylvania,Lancaster,85,Percent of days with PM2.5 levels over the National Ambient Air Quality Standard (NAAQS),0.1386019713055177,False,-0.505774356746657,False
2013-04-29,Pennsylvania,Lancaster,85,Percent of days with PM2.5 levels over the National Ambient Air Quality Standard (NAAQS),0.1343495292571212,False,-0.5723337708154175,False
2013-04-30,Pennsylvania,Lancaster,85,Percent of days with PM2.5 levels over the National Ambient Air Quality Standard (NAAQS),0.158216288566135,False,-0.10946707796239406,False
2013-05-01,Pennsylvania,Lancaster,85,Percent of days with PM2.5 levels over the National Ambient Air Quality Standard (NAAQS),0.1487057302219878,False,-0.3994321275513583,False
2013-05-02,Pennsylvania,Lancaster,85,Percent of days with PM2.5 levels over the National Ambient Air Quality Standard (NAAQS),0.1349409151114027,False,-0.6430944458601653,False
2013-05-03,Pennsylvania,Lancaster,85,Percent of days with PM2.5 levels over the National Ambient Air Quality Standard (NAAQS),0.1608499255034751,False,-0.06074487869608363,False
2013-05-04,Pennsylvania,Lancaster,85,Percent of days with PM2.5 levels over the National Ambient Air Quality Standard (NAAQS),0.1804094370524953,False,0.38505583437096613,False
2013-05-05,Pennsylvania,Lancaster,85,Percent of days with PM2.5 levels over the National Ambient Air Quality Standard (NAAQS),0.2569743494321815,False,1.8836051164530458,False
2013-05-06,Pennsylvania,Lancaster,85,Percent of days with PM2.5 levels over the National Ambient Air Quality Standard (NAAQS),0.1228175828624007,False,-0.8597499021022207,False
2013-05-07,Pennsylvania,Lancaster,85,Percent of days with PM2.5 levels over the National Ambient Air Quality Standard (NAAQS),0.142153012819493,False,-0.3861911282705512,False
2013-05-08,Pennsylvania,Lancaster,85,Percent of days with PM2.5 levels over the National Ambient Air Quality Standard (NAAQS),0.1943895386619652,False,0.8462002817731384,False
2013-05-09,Pennsylvania,Lancaster,85,Percent of days with PM2.5 levels over the National Ambient Air Quality Standard (NAAQS),0.110777245022817,False,-1.026826631100745,False
2013-05-10,Pennsylvania,Lancaster,85,Percent of days with PM2.5 levels over the National Ambient Air Quality Standard (NAAQS),0.1665587118623659,False,0.22015942234624575,False
2013-05-11,Pennsylvania,Lancaster,85,Percent of days with PM2.5 levels over the National Ambient Air Quality Standard (NAAQS),0.0338893329669698,False,-2.477238353877366,False
2013-05-12,Pennsylvania,Lancaster,85,Percent of days with PM2.5 levels over the National Ambient Air Quality Standard (NAAQS),0.1735324840679288,False,0.4167456785992966,False
2013-05-13,Pennsylvania,Lancaster,85,Percent of days with PM2.5 levels over the National Ambient Air Quality Standard (NAAQS),0.1697674394976382,False,0.34581548657579375,False
2013-05-14,Pennsylvania,Lancaster,85,Percent of days with PM2.5 levels over the National Ambient Air Quality Standard (NAAQS),0.2635335370506718,False,2.048512553376601,False
2013-05-15,Pennsylvania,Lancaster,85,Percent of days with PM2.5 levels over the National Ambient Air Quality Standard (NAAQS),0.2399283846401304,False,1.581008091784567,False
2013-05-16,Pennsylvania,Lancaster,85,Percent of days with PM2.5 levels over the National Ambient Air Quality Standard (NAAQS),0.1818734179925431,False,0.42346927312105637,False
2013-05-17,Pennsylvania,Lancaster,85,Percent of days with PM2.5 levels over the National Ambient Air Quality Standard (NAAQS),0.2038266248201589,False,0.8255966297431203,False
2013-05-18,Pennsylvania,Lancaster,85,Percent of days with PM2.5 levels over the National Ambient Air Quality Standard (NAAQS),0.2326972977302158,False,1.2997134587635026,False
2013-05-19,Pennsylvania,Lancaster,85,Percent of days with PM2.5 levels over the National Ambient Air Quality Standard (NAAQS),0.1685430729153234,False,0.1108210668320726,False
2013-05-20,Pennsylvania,Lancaster,85,Percent of days with PM2.5 levels over the National Ambient Air Quality Standard (NAAQS),0.2304792449139535,False,1.2160549861040044,False
2013-05-21,Pennsylvania,Lancaster,85,Percent of days with PM2.5 levels over the National Ambient Air Quality Standard (NAAQS),0.181707415180875,False,0.32665931553416727,False
2013-05-22,Pennsylvania,Lancaster,85,Percent of days with PM2.5 levels over the National Ambient Air Quality Standard (NAAQS),0.23510693396905,False,1.2139613576219686,False
2013-05-23,Pennsylvania,Lancaster,85,Percent of days with PM2.5 levels over the National Ambient Air Quality Standard (NAAQS),0.2467701377600473,False,1.322371906662364,False
2013-05-24,Pennsylvania,Lancaster,85,Percent of days with PM2.5 levels over the National Ambient Air Quality Standard (NAAQS),0.2323717072701903,False,1.016844764082742,False
2013-05-25,Pennsylvania,Lancaster,85,Percent of days with PM2.5 levels over the National Ambient Air Quality Standard (NAAQS),0.1667467159141221,False,-0.2363692970351196,False
2013-05-26,Pennsylvania,Lancaster,85,Percent of days with PM2.5 levels over the National Ambient Air Quality Standard (NAAQS),0.128920062736585,False,-0.9567434256346193,False
2013-05-27,Pennsylvania,Lancaster,85,Percent of days with PM2.5 levels over the National Ambient Air Quality Standard (NAAQS),0.1786274206783328,False,-0.030376001603711674,False
2013-05-28,Pennsylvania,Lancaster,85,Percent of days with PM2.5 levels over the National Ambient Air Quality Standard (NAAQS),0.1871919878666477,False,0.11707559974934294,False
2013-05-29,Pennsylvania,Lancaster,85,Percent of days with PM2.5 levels over the National Ambient Air Quality Standard (NAAQS),0.149590884336945,False,-0.6206214376762548,False
2013-05-30,Pennsylvania,Lancaster,85,Percent of days with PM2.5 levels over the National Ambient Air Quality Standard (NAAQS),0.1607050699126314,False,-0.4261079677930179,False
2013-05-31,Pennsylvania,Lancaster,85,Percent of days with PM2.5 levels over the National Ambient Air Quality Standard (NAAQS),0.1340129360868555,False,-0.9246475393133828,False
2013-06-01,Pennsylvania,Lancaster,85,Percent of days with PM2.5 levels over the National Ambient Air Quality Standard (NAAQS),0.1810871033111617,False,-0.00289719667985014,False
2013-06-02,Pennsylvania,Lancaster,85,Percent of days with PM2.5 levels over the National Ambient Air Quality Standard (NAAQS),0.1920255910423266,False,0.26807184850229926,False
2013-06-03,Pennsylvania,Lancaster,85,Percent of days with PM2.5 levels over the National Ambient Air Quality Standard (NAAQS),0.1754792088474569,False,-0.11154797556512479,False
2013-06-04,Pennsylvania,Lancaster,85,Percent of days with PM2.5 levels over the National Ambient Air Quality Standard (NAAQS),0.1452241248761455,False,-0.7499877953039017,False
2013-06-05,Pennsylvania,Lancaster,85,Percent of days with PM2.5 levels over the National Ambient Air Quality Standard (NAAQS),0.2403171240690894,False,1.183017837590428,False
2013-06-06,Pennsylvania,Lancaster,85,Percent of days with PM2.5 levels over the National Ambient Air Quality Standard (NAAQS),0.1391992864740531,False,-0.9326495893313855,False
2013-06-07,Pennsylvania,Lancaster,85,Percent of days with PM2.5 levels over the National Ambient Air Quality Standard (NAAQS),0.1738577905112961,False,-0.20981972419838069,False
2013-06-08,Pennsylvania,Lancaster,85,Percent of days with PM2.5 levels over the National Ambient Air Quality Standard (NAAQS),0.181157741078539,False,-0.21221221459640002,False
2013-06-09,Pennsylvania,Lancaster,85,Percent of days with PM2.5 levels over the National Ambient Air Quality Standard (NAAQS),0.2091885092456754,False,0.503617632532722,False
2013-06-10,Pennsylvania,Lancaster,85,Percent of days with PM2.5 levels over the National Ambient Air Quality Standard (NAAQS),0.1902960188089411,False,-0.021303308474111445,False
2013-06-11,Pennsylvania,Lancaster,85,Percent of days with PM2.5 levels over the National Ambient Air Quality Standard (NAAQS),0.1913658047523596,False,0.0830826519197462,False
2013-06-12,Pennsylvania,Lancaster,85,Percent of days with PM2.5 levels over the National Ambient Air Quality Standard (NAAQS),0.1881405660585866,False,0.045029688991418515,False
2013-06-13,Pennsylvania,Lancaster,85,Percent of days with PM2.5 levels over the National Ambient Air Quality Standard (NAAQS),0.2411133061826168,False,1.521094903434434,False
2013-06-14,Pennsylvania,Lancaster,85,Percent of days with PM2.5 levels over the National Ambient Air Quality Standard (NAAQS),0.1222420911443901,False,-1.744109363183472,False
2013-06-15,Pennsylvania,Lancaster,85,Percent of days with PM2.5 levels over the National Ambient Air Quality Standard (NAAQS),0.1754689468215675,False,-0.2362701170926472,False
2013-06-16,Pennsylvania,Lancaster,85,Percent of days with PM2.5 levels over the National Ambient Air Quality Standard (NAAQS),0.1053095701902496,False,-1.9932656193752167,False
2013-06-17,Pennsylvania,Lancaster,85,Percent of days with PM2.5 levels over the National Ambient Air Quality Standard (NAAQS),0.0906377040193598,False,-2.1121647244269686,False
2013-06-18,Pennsylvania,Lancaster,85,Percent of days with PM2.5 levels over the National Ambient Air Quality Standard (NAAQS),0.0814383983672308,False,-2.0594617864355675,False
2013-06-19,Pennsylvania,Lancaster,85,Percent of days with PM2.5 levels over the National Ambient Air Quality Standard (NAAQS),0.0732828109812968,False,-2.017835749487343,False
2013-06-20,Pennsylvania,Lancaster,85,Percent of days with PM2.5 levels over the National Ambient Air Quality Standard (NAAQS),0.1640003624591215,False,-0.005691140315558071,False
2013-06-21,Pennsylvania,Lancaster,85,Percent of days with PM2.5 levels over the National Ambient Air Quality Standard (NAAQS),0.1853601762435289,False,0.5424241691027057,False
2013-06-22,Pennsylvania,Lancaster,85,Percent of days with PM2.5 levels over the National Ambient Air Quality Standard (NAAQS),0.2543985517628516,False,1.9510883389828064,False
2013-06-23,Pennsylvania,Lancaster,85,Percent of days with PM2.5 levels over the National Ambient Air Quality Standard (NAAQS),0.0795847027416517,False,-1.7635288795774338,False
2013-06-24,Pennsylvania,Lancaster,85,Percent of days with PM2.5 levels over the National Ambient Air Quality Standard (NAAQS),0.1338854203704579,False,-0.5919616020170031,False
2013-06-25,Pennsylvania,Lancaster,85,Percent of days with PM2.5 levels over the National Ambient Air Quality Standard (NAAQS),0.2070557842929551,False,0.905546028085461,False
2013-06-26,Pennsylvania,Lancaster,85,Percent of days with PM2.5 levels over the National Ambient Air Quality Standard (NAAQS),0.2466534950394457,False,1.5712489000108918,False
2013-06-27,Pennsylvania,Lancaster,85,Percent of days with PM2.5 levels over the National Ambient Air Quality Standard (NAAQS),0.1758647675880175,False,0.1726041315342209,False
2013-06-28,Pennsylvania,Lancaster,85,Percent of days with PM2.5 levels over the National Ambient Air Quality Standard (NAAQS),0.1021917128445269,False,-1.222678584724917,False
2013-06-29,Pennsylvania,Lancaster,85,Percent of days with PM2.5 levels over the National Ambient Air Quality Standard (NAAQS),0.1667115519831764,False,0.025030601007652815,False
2013-06-30,Pennsylvania,Lancaster,85,Percent of days with PM2.5 levels over the National Ambient Air Quality Standard (NAAQS),0.2336631738933616,False,1.2501952618791436,False
2013-07-01,Pennsylvania,Lancaster,85,Percent of days with PM2.5 levels over the National Ambient Air Quality Standard (NAAQS),0.0787767696636945,False,-1.5146341795821598,False
2013-07-02,Pennsylvania,Lancaster,85,Percent of days with PM2.5 levels over the National Ambient Air Quality Standard (NAAQS),0.1000802447257056,False,-1.0817775436825436,False
2013-07-03,Pennsylvania,Lancaster,85,Percent of days with PM2.5 levels over the National Ambient Air Quality Standard (NAAQS),0.1767130008024783,False,0.3114866096795002,False
2013-07-04,Pennsylvania,Lancaster,85,Percent of days with PM2.5 levels over the National Ambient Air Quality Standard (NAAQS),0.2012240108960284,False,0.7112050513548075,False
2013-07-05,Pennsylvania,Lancaster,85,Percent of days with PM2.5 levels over the National Ambient Air Quality Standard (NAAQS),0.1888555556737277,False,0.47691184380151846,False
2013-07-06,Pennsylvania,Lancaster,85,Percent of days with PM2.5 levels over the National Ambient Air Quality Standard (NAAQS),0.1421730988347822,False,-0.33674851548448187,False
2013-07-07,Pennsylvania,Lancaster,85,Percent of days with PM2.5 levels over the National Ambient Air Quality Standard (NAAQS),0.0466142335413447,False,-1.8442764037349861,False
2013-07-08,Pennsylvania,Lancaster,85,Percent of days with PM2.5 levels over the National Ambient Air Quality Standard (NAAQS),0.2143948178438355,False,0.9813335691245226,False
2013-07-09,Pennsylvania,Lancaster,85,Percent of days with PM2.5 levels over the National Ambient Air Quality Standard (NAAQS),0.193793766611619,False,0.6332553195008391,False
2013-07-10,Pennsylvania,Lancaster,85,Percent of days with PM2.5 levels over the National Ambient Air Quality Standard (NAAQS),0.1109155886923693,False,-0.70833804621451,False
2013-07-11,Pennsylvania,Lancaster,85,Percent of days with PM2.5 levels over the National Ambient Air Quality Standard (NAAQS),0.1826543834836802,False,0.5455033047893327,False
2013-07-12,Pennsylvania,Lancaster,85,Percent of days with PM2.5 levels over the National Ambient Air Quality Standard (NAAQS),0.1597113640346107,False,0.12480702575745918,False
2013-07-13,Pennsylvania,Lancaster,85,Percent of days with PM2.5 levels over the National Ambient Air Quality Standard (NAAQS),0.2083584340639293,False,0.9388308973448195,False
2013-07-14,Pennsylvania,Lancaster,85,Percent of days with PM2.5 levels over the National Ambient Air Quality Standard (NAAQS),0.1337883680232738,False,-0.36402987425413447,False
2013-07-15,Pennsylvania,Lancaster,85,Percent of days with PM2.5 levels over the National Ambient Air Quality Standard (NAAQS),0.1894540692145373,False,0.5518621438665636,False
2013-07-16,Pennsylvania,Lancaster,85,Percent of days with PM2.5 levels over the National Ambient Air Quality Standard (NAAQS),0.2076784032977446,False,0.8138578869176907,False
2013-07-17,Pennsylvania,Lancaster,85,Percent of days with PM2.5 levels over the National Ambient Air Quality Standard (NAAQS),0.1808334846596519,False,0.2713384657509767,False
2013-07-18,Pennsylvania,Lancaster,85,Percent of days with PM2.5 levels over the National Ambient Air Quality Standard (NAAQS),0.1782271967412337,False,0.2117074593505037,False
2013-07-19,Pennsylvania,Lancaster,85,Percent of days with PM2.5 levels over the National Ambient Air Quality Standard (NAAQS),0.2327362306777159,False,1.18847959303342,False
2013-07-20,Pennsylvania,Lancaster,85,Percent of days with PM2.5 levels over the National Ambient Air Quality Standard (NAAQS),0.1465103722621561,False,-0.3603270502024124,False
2013-07-21,Pennsylvania,Lancaster,85,Percent of days with PM2.5 levels over the National Ambient Air Quality Standard (NAAQS),0.1606077391511896,False,-0.14976570938138983,False
2013-07-22,Pennsylvania,Lancaster,85,Percent of days with PM2.5 levels over the National Ambient Air Quality Standard (NAAQS),0.1739055106004456,False,0.09616856512367691,False
2013-07-23,Pennsylvania,Lancaster,85,Percent of days with PM2.5 levels over the National Ambient Air Quality Standard (NAAQS),0.2030635011100052,False,0.7084345432815392,False
2013-07-24,Pennsylvania,Lancaster,85,Percent of days with PM2.5 levels over the National Ambient Air Quality Standard (NAAQS),0.1775132225930856,False,0.238378318003831,False
2013-07-25,Pennsylvania,Lancaster,85,Percent of days with PM2.5 levels over the National Ambient Air Quality Standard (NAAQS),0.1026235804635349,False,-1.3077065483364299,False
2013-07-26,Pennsylvania,Lancaster,85,Percent of days with PM2.5 levels over the National Ambient Air Quality Standard (NAAQS),0.1952923759498229,False,0.6103325836433878,False
2013-07-27,Pennsylvania,Lancaster,85,Percent of days with PM2.5 levels over the National Ambient Air Quality Standard (NAAQS),0.2175409303928437,False,1.0352736032751453,False
2013-07-28,Pennsylvania,Lancaster,85,Percent of days with PM2.5 levels over the National Ambient Air Quality Standard (NAAQS),0.07834870115635,False,-1.778829280731837,False
2013-07-29,Pennsylvania,Lancaster,85,Percent of days with PM2.5 levels over the National Ambient Air Quality Standard (NAAQS),0.2035821368896662,False,0.7792804546488896,False
2013-07-30,Pennsylvania,Lancaster,85,Percent of days with PM2.5 levels over the National Ambient Air Quality Standard (NAAQS),0.159089846443634,False,-0.2554806959922937,False
2013-07-31,Pennsylvania,Lancaster,85,Percent of days with PM2.5 levels over the National Ambient Air Quality Standard (NAAQS),0.1708168410086921,False,0.018502566524848205,False
2013-08-01,Pennsylvania,Lancaster,85,Percent of days with PM2.5 levels over the National Ambient Air Quality Standard (NAAQS),0.0871267611596688,False,-1.7205673168746793,False
2013-08-02,Pennsylvania,Lancaster,85,Percent of days with PM2.5 levels over the National Ambient Air Quality Standard (NAAQS),0.1373380251543851,False,-0.5831676295023307,False
2013-08-03,Pennsylvania,Lancaster,85,Percent of days with PM2.5 levels over the National Ambient Air Quality Standard (NAAQS),0.1471920188061067,False,-0.37295882391253377,False
2013-08-04,Pennsylvania,Lancaster,85,Percent of days with PM2.5 levels over the National Ambient Air Quality Standard (NAAQS),0.1687716906613404,False,0.0033731192282009806,False
2013-08-05,Pennsylvania,Lancaster,85,Percent of days with PM2.5 levels over the National Ambient Air Quality Standard (NAAQS),0.1631894409236505,False,-0.09389250766432927,False
2013-08-06,Pennsylvania,Lancaster,85,Percent of days with PM2.5 levels over the National Ambient Air Quality Standard (NAAQS),0.1880655763023084,False,0.5585666258410928,False
2013-08-07,Pennsylvania,Lancaster,85,Percent of days with PM2.5 levels over the National Ambient Air Quality Standard (NAAQS),0.1375427221681155,False,-0.8045337833459754,False
2013-08-08,Pennsylvania,Lancaster,85,Percent of days with PM2.5 levels over the National Ambient Air Quality Standard (NAAQS),0.1384955845997866,False,-0.7314118934414078,False
2013-08-09,Pennsylvania,Lancaster,85,Percent of days with PM2.5 levels over the National Ambient Air Quality Standard (NAAQS),0.18472669274242,False,0.4733695350349871,False
2013-08-10,Pennsylvania,Lancaster,85,Percent of days with PM2.5 levels over the National Ambient Air Quality Standard (NAAQS),0.1331312549055448,False,-0.8318662142485685,False
2013-08-11,Pennsylvania,Lancaster,85,Percent of days with PM2.5 levels over the National Ambient Air Quality Standard (NAAQS),0.2552435706145801,False,2.1368882565235174,False
2013-08-12,Pennsylvania,Lancaster,85,Percent of days with PM2.5 levels over the National Ambient Air Quality Standard (NAAQS),0.1407801223232271,False,-0.6390114551886091,False
2013-08-13,Pennsylvania,Lancaster,85,Percent of days with PM2.5 levels over the National Ambient Air Quality Standard (NAAQS),0.0938987783212881,False,-1.6341027962715546,False
2013-08-14,Pennsylvania,Lancaster,85,Percent of days with PM2.5 levels over the National Ambient Air Quality Standard (NAAQS),0.1847011610261244,False,0.5177720821305285,False
2013-08-15,Pennsylvania,Lancaster,85,Percent of days with PM2.5 levels over the National Ambient Air Quality Standard (NAAQS),0.1288598112508374,False,-0.757643859261747,False
2013-08-16,Pennsylvania,Lancaster,85,Percent of days with PM2.5 levels over the National Ambient Air Quality Standard (NAAQS),0.1133580164222246,False,-1.0588409339072147,False
2013-08-17,Pennsylvania,Lancaster,85,Percent of days with PM2.5 levels over the National Ambient Air Quality Standard (NAAQS),0.1595413923694524,False,0.054699258953994,False
2013-08-18,Pennsylvania,Lancaster,85,Percent of days with PM2.5 levels over the National Ambient Air Quality Standard (NAAQS),0.193483926995399,False,0.8421075647627235,False
2013-08-19,Pennsylvania,Lancaster,85,Percent of days with PM2.5 levels over the National Ambient Air Quality Standard (NAAQS),0.2130183186074373,False,1.24312917248785,False
2013-08-20,Pennsylvania,Lancaster,85,Percent of days with PM2.5 levels over the National Ambient Air Quality Standard (NAAQS),0.188318936810805,False,0.6851679768889749,False
2013-08-21,Pennsylvania,Lancaster,85,Percent of days with PM2.5 levels over the National Ambient Air Quality Standard (NAAQS),0.0966363720454299,False,-1.3675441468405571,False
2013-08-22,Pennsylvania,Lancaster,85,Percent of days with PM2.5 levels over the National Ambient Air Quality Standard (NAAQS),0.1850291209889375,False,0.599636205761012,False
2013-08-23,Pennsylvania,Lancaster,85,Percent of days with PM2.5 levels over the National Ambient Air Quality Standard (NAAQS),0.1748297663083622,False,0.3822780231310979,False
2013-08-24,Pennsylvania,Lancaster,85,Percent of days with PM2.5 levels over the National Ambient Air Quality Standard (NAAQS),0.1606780503215951,False,0.0993621891144554,False
2013-08-25,Pennsylvania,Lancaster,85,Percent of days with PM2.5 levels over the National Ambient Air Quality Standard (NAAQS),0.2058935784337106,False,1.1555323734345826,False
2013-08-26,Pennsylvania,Lancaster,85,Percent of days with PM2.5 levels over the National Ambient Air Quality Standard (NAAQS),0.2679781738691755,False,2.4313152621159886,False
2013-08-27,Pennsylvania,Lancaster,85,Percent of days with PM2.5 levels over the National Ambient Air Quality Standard (NAAQS),0.1868683062509318,False,0.518300613845338,False
2013-08-28,Pennsylvania,Lancaster,85,Percent of days with PM2.5 levels over the National Ambient Air Quality Standard (NAAQS),0.07294773256497,False,-1.8936162671608123,False
2013-08-29,Pennsylvania,Lancaster,85,Percent of days with PM2.5 levels over the National Ambient Air Quality Standard (NAAQS),0.1330854140341611,False,-0.6630036397596846,False
2013-08-30,Pennsylvania,Lancaster,85,Percent of days with PM2.5 levels over the National Ambient Air Quality Standard (NAAQS),0.2101012106496849,False,0.993925833667476,False
2013-08-31,Pennsylvania,Lancaster,85,Percent of days with PM2.5 levels over the National Ambient Air Quality Standard (NAAQS),0.1284055356990704,False,-0.7934146389159203,False
2013-09-01,Pennsylvania,Lancaster,85,Percent of days with PM2.5 levels over the National Ambient Air Quality Standard (NAAQS),0.1068244737806149,False,-1.1853633656393494,False
2013-09-02,Pennsylvania,Lancaster,85,Percent of days with PM2.5 levels over the National Ambient Air Quality Standard (NAAQS),0.1576125540279891,False,-0.09674968677561392,False
2013-09-03,Pennsylvania,Lancaster,85,Percent of days with PM2.5 levels over the National Ambient Air Quality Standard (NAAQS),0.1342209542567365,False,-0.5550120627792309,False
2013-09-04,Pennsylvania,Lancaster,85,Percent of days with PM2.5 levels over the National Ambient Air Quality Standard (NAAQS),0.1458263274876918,False,-0.3144224377965237,False
2013-09-05,Pennsylvania,Lancaster,85,Percent of days with PM2.5 levels over the National Ambient Air Quality Standard (NAAQS),0.1957939780331263,False,0.7073397948289417,False
2013-09-06,Pennsylvania,Lancaster,85,Percent of days with PM2.5 levels over the National Ambient Air Quality Standard (NAAQS),0.2169475789596366,False,1.1107107732299741,False
2013-09-07,Pennsylvania,Lancaster,85,Percent of days with PM2.5 levels over the National Ambient Air Quality Standard (NAAQS),0.0121572019910952,False,-2.6471457419743687,False
2013-09-08,Pennsylvania,Lancaster,85,Percent of days with PM2.5 levels over the National Ambient Air Quality Standard (NAAQS),0.1623942527286611,False,0.12060880973008123,False
2013-09-09,Pennsylvania,Lancaster,85,Percent of days with PM2.5 levels over the National Ambient Air Quality Standard (NAAQS),0.1432702782170991,False,-0.24639303423047246,False
2013-09-10,Pennsylvania,Lancaster,85,Percent of days with PM2.5 levels over the National Ambient Air Quality Standard (NAAQS),0.108798988275926,False,-0.9254531615868925,False
2013-09-11,Pennsylvania,Lancaster,85,Percent of days with PM2.5 levels over the National Ambient Air Quality Standard (NAAQS),0.2434778620294035,False,1.565917024642252,False
2013-09-12,Pennsylvania,Lancaster,85,Percent of days with PM2.5 levels over the National Ambient Air Quality Standard (NAAQS),0.1081913278412558,False,-0.912708657186534,False
2013-09-13,Pennsylvania,Lancaster,85,Percent of days with PM2.5 levels over the National Ambient Air Quality Standard (NAAQS),0.1529489080671807,False,-0.12096005083721072,False
2013-09-14,Pennsylvania,Lancaster,85,Percent of days with PM2.5 levels over the National Ambient Air Quality Standard (NAAQS),0.099717436715584,False,-1.0454378240439204,False
2013-09-15,Pennsylvania,Lancaster,85,Percent of days with PM2.5 levels over the National Ambient Air Quality Standard (NAAQS),0.2111878206669372,False,0.956381049512852,False
2013-09-16,Pennsylvania,Lancaster,85,Percent of days with PM2.5 levels over the National Ambient Air Quality Standard (NAAQS),0.1969565948930958,False,0.7174900285421975,False
2013-09-17,Pennsylvania,Lancaster,85,Percent of days with PM2.5 levels over the National Ambient Air Quality Standard (NAAQS),0.2528049658172711,False,1.6119155915132908,False
2013-09-18,Pennsylvania,Lancaster,85,Percent of days with PM2.5 levels over the National Ambient Air Quality Standard (NAAQS),0.0860354623680108,False,-1.2587157168999887,False
2013-09-19,Pennsylvania,Lancaster,85,Percent of days with PM2.5 levels over the National Ambient Air Quality Standard (NAAQS),0.1491987096354921,False,-0.15237827971995327,False
2013-09-20,Pennsylvania,Lancaster,85,Percent of days with PM2.5 levels over the National Ambient Air Quality Standard (NAAQS),0.1329191121164446,False,-0.4064829567591106,False
2013-09-21,Pennsylvania,Lancaster,85,Percent of days with PM2.5 levels over the National Ambient Air Quality Standard (NAAQS),0.152431050343807,False,-0.06570501465900713,False
2013-09-22,Pennsylvania,Lancaster,85,Percent of days with PM2.5 levels over the National Ambient Air Quality Standard (NAAQS),0.2192724446786766,False,1.0673780395597496,False
2013-09-23,Pennsylvania,Lancaster,85,Percent of days with PM2.5 levels over the National Ambient Air Quality Standard (NAAQS),0.105746972110446,False,-0.8200034606809754,False
2013-09-24,Pennsylvania,Lancaster,85,Percent of days with PM2.5 levels over the National Ambient Air Quality Standard (NAAQS),0.1642972890340655,False,0.258929547075742,False
2013-09-25,Pennsylvania,Lancaster,85,Percent of days with PM2.5 levels over the National Ambient Air Quality Standard (NAAQS),0.1131436871831417,False,-0.7231425079320374,False
2013-09-26,Pennsylvania,Lancaster,85,Percent of days with PM2.5 levels over the National Ambient Air Quality Standard (NAAQS),0.2019071328860046,False,0.8895904268996602,False
2013-09-27,Pennsylvania,Lancaster,85,Percent of days with PM2.5 levels over the National Ambient Air Quality Standard (NAAQS),0.2411908222599805,False,1.5554204588383862,False
2013-09-28,Pennsylvania,Lancaster,85,Percent of days with PM2.5 levels over the National Ambient Air Quality Standard (NAAQS),0.2163054591580866,False,1.0318707218021284,False
2013-09-29,Pennsylvania,Lancaster,85,Percent of days with PM2.5 levels over the National Ambient Air Quality Standard (NAAQS),0.1226104739470104,False,-0.6493536089334765,False
2013-09-30,Pennsylvania,Lancaster,85,Percent of days with PM2.5 levels over the National Ambient Air Quality Standard (NAAQS),0.2211024437590129,False,1.0524530750978482,False
2013-10-01,Pennsylvania,Lancaster,85,Percent of days with PM2.5 levels over the National Ambient Air Quality Standard (NAAQS),0.0955132578489918,False,-1.1042617567708475,False
2013-10-02,Pennsylvania,Lancaster,85,Percent of days with PM2.5 levels over the National Ambient Air Quality Standard (NAAQS),0.2009347343932316,False,0.6698881125694631,False
2013-10-03,Pennsylvania,Lancaster,85,Percent of days with PM2.5 levels over the National Ambient Air Quality Standard (NAAQS),0.1873133179426581,False,0.4437811805468446,False
2013-10-04,Pennsylvania,Lancaster,85,Percent of days with PM2.5 levels over the National Ambient Air Quality Standard (NAAQS),0.3077951793649632,False,2.2407170835970938,False
2013-10-05,Pennsylvania,Lancaster,85,Percent of days with PM2.5 levels over the National Ambient Air Quality Standard (NAAQS),0.1196352965152901,False,-0.8525286222143813,False
2013-10-06,Pennsylvania,Lancaster,85,Percent of days with PM2.5 levels over the National Ambient Air Quality Standard (NAAQS),0.2200600364431025,False,0.8527716517277537,False
2013-10-07,Pennsylvania,Lancaster,85,Percent of days with PM2.5 levels over the National Ambient Air Quality Standard (NAAQS),0.1619789591454171,False,-0.15927401919454817,False
2013-10-08,Pennsylvania,Lancaster,85,Percent of days with PM2.5 levels over the National Ambient Air Quality Standard (NAAQS),0.2583308610529785,False,1.3913702800748518,False
2013-10-09,Pennsylvania,Lancaster,85,Percent of days with PM2.5 levels over the National Ambient Air Quality Standard (NAAQS),0.2299209885432334,False,0.9244900903438635,False
2013-10-10,Pennsylvania,Lancaster,85,Percent of days with PM2.5 levels over the National Ambient Air Quality Standard (NAAQS),0.2134436930733063,False,0.5888862853994805,False
2013-10-11,Pennsylvania,Lancaster,85,Percent of days with PM2.5 levels over the National Ambient Air Quality Standard (NAAQS),0.0942291203033021,False,-1.410776142044052,False
2013-10-12,Pennsylvania,Lancaster,85,Percent of days with PM2.5 levels over the National Ambient Air Quality Standard (NAAQS),0.2543321934033265,False,1.208271099972804,False
2013-10-13,Pennsylvania,Lancaster,85,Percent of days with PM2.5 levels over the National Ambient Air Quality Standard (NAAQS),0.1411598750242666,False,-0.6696562055035408,False
2013-10-14,Pennsylvania,Lancaster,85,Percent of days with PM2.5 levels over the National Ambient Air Quality Standard (NAAQS),0.2398726494356687,False,0.9587812865823351,False
2013-10-15,Pennsylvania,Lancaster,85,Percent of days with PM2.5 levels over the National Ambient Air Quality Standard (NAAQS),0.0912308614167624,False,-1.4021513076657222,False
2013-10-16,Pennsylvania,Lancaster,85,Percent of days with PM2.5 levels over the National Ambient Air Quality Standard (NAAQS),0.246292093303702,False,1.076673293500808,False
2013-10-17,Pennsylvania,Lancaster,85,Percent of days with PM2.5 levels over the National Ambient Air Quality Standard (NAAQS),0.216360157170462,False,0.5336250030289896,False
2013-10-18,Pennsylvania,Lancaster,85,Percent of days with PM2.5 levels over the National Ambient Air Quality Standard (NAAQS),0.1481222355269239,False,-0.62714521715999,False
2013-10-19,Pennsylvania,Lancaster,85,Percent of days with PM2.5 levels over the National Ambient Air Quality Standard (NAAQS),0.1639096507995618,False,-0.36800013542282284,False
2013-10-20,Pennsylvania,Lancaster,85,Percent of days with PM2.5 levels over the National Ambient Air Quality Standard (NAAQS),0.1660011272827319,False,-0.3015286468919665,False
2013-10-21,Pennsylvania,Lancaster,85,Percent of days with PM2.5 levels over the National Ambient Air Quality Standard (NAAQS),0.1472718595902871,False,-0.6639247842674587,False
2013-10-22,Pennsylvania,Lancaster,85,Percent of days with PM2.5 levels over the National Ambient Air Quality Standard (NAAQS),0.04691172882142,False,-2.1386149135234267,False
2013-10-23,Pennsylvania,Lancaster,85,Percent of days with PM2.5 levels over the National Ambient Air Quality Standard (NAAQS),0.2326701795456245,False,0.7657237968778339,False
2013-10-24,Pennsylvania,Lancaster,85,Percent of days with PM2.5 levels over the National Ambient Air Quality Standard (NAAQS),0.1966891856809187,False,0.18811747789728223,False
2013-10-25,Pennsylvania,Lancaster,85,Percent of days with PM2.5 levels over the National Ambient Air Quality Standard (NAAQS),0.1756114875809782,False,-0.11632078144429617,False
2013-10-26,Pennsylvania,Lancaster,85,Percent of days with PM2.5 levels over the National Ambient Air Quality Standard (NAAQS),0.1348059861801665,False,-0.7347472915230623,False
2013-10-27,Pennsylvania,Lancaster,85,Percent of days with PM2.5 levels over the National Ambient Air Quality Standard (NAAQS),0.2306479172226595,False,0.7718839815262137,False
2013-10-28,Pennsylvania,Lancaster,85,Percent of days with PM2.5 levels over the National Ambient Air Quality Standard (NAAQS),0.2226914686537929,False,0.6398940522673511,False
2013-10-29,Pennsylvania,Lancaster,85,Percent of days with PM2.5 levels over the National Ambient Air Quality Standard (NAAQS),0.1875905657626602,False,0.010222374727282279,False
2013-10-30,Pennsylvania,Lancaster,85,Percent of days with PM2.5 levels over the National Ambient Air Quality Standard (NAAQS),0.1712389974071619,False,-0.25147289481887297,False
2013-10-31,Pennsylvania,Lancaster,85,Percent of days with PM2.5 levels over the National Ambient Air Quality Standard (NAAQS),0.1357971526010138,False,-0.8159185449164826,False
2013-11-01,Pennsylvania,Lancaster,85,Percent of days with PM2.5 levels over the National Ambient Air Quality Standard (NAAQS),0.04687834370309,False,-2.1483141551753975,False
2013-11-02,Pennsylvania,Lancaster,85,Percent of days with PM2.5 levels over the National Ambient Air Quality Standard (NAAQS),0.1931999644188956,False,0.2694739376148001,False
2013-11-03,Pennsylvania,Lancaster,85,Percent of days with PM2.5 levels over the National Ambient Air Quality Standard (NAAQS),0.1445603083467664,False,-0.5168290161839236,False
2013-11-04,Pennsylvania,Lancaster,85,Percent of days with PM2.5 levels over the National Ambient Air Quality Standard (NAAQS),0.0843359530198717,False,-1.4419243118561889,False
2013-11-05,Pennsylvania,Lancaster,85,Percent of days with PM2.5 levels over the National Ambient Air Quality Standard (NAAQS),0.1767090253056286,False,0.1317938950257294,False
2013-11-06,Pennsylvania,Lancaster,85,Percent of days with PM2.5 levels over the National Ambient Air Quality Standard (NAAQS),0.2178611575541916,False,0.8504626855155473,False
2013-11-07,Pennsylvania,Lancaster,85,Percent of days with PM2.5 levels over the National Ambient Air Quality Standard (NAAQS),0.127085537873838,False,-0.6651060229926841,False
2013-11-08,Pennsylvania,Lancaster,85,Percent of days with PM2.5 levels over the National Ambient Air Quality Standard (NAAQS),0.142103575406384,False,-0.44628266989343796,False
2013-11-09,Pennsylvania,Lancaster,85,Percent of days with PM2.5 levels over the National Ambient Air Quality Standard (NAAQS),0.1676780191262803,False,0.0664135492615786,False
2013-11-10,Pennsylvania,Lancaster,85,Percent of days with PM2.5 levels over the National Ambient Air Quality Standard (NAAQS),0.198617354590172,False,0.6031104442570706,False
2013-11-11,Pennsylvania,Lancaster,85,Percent of days with PM2.5 levels over the National Ambient Air Quality Standard (NAAQS),0.2654984728612469,False,1.779690952981774,False
2013-11-12,Pennsylvania,Lancaster,85,Percent of days with PM2.5 levels over the National Ambient Air Quality Standard (NAAQS),0.120500590647138,False,-0.8808135988597383,False
2013-11-13,Pennsylvania,Lancaster,85,Percent of days with PM2.5 levels over the National Ambient Air Quality Standard (NAAQS),0.1234970839989759,False,-0.7672643993240412,False
2013-11-14,Pennsylvania,Lancaster,85,Percent of days with PM2.5 levels over the National Ambient Air Quality Standard (NAAQS),0.165736604427704,False,0.07387832799949949,False
2013-11-15,Pennsylvania,Lancaster,85,Percent of days with PM2.5 levels over the National Ambient Air Quality Standard (NAAQS),0.0959182089652907,False,-1.2131363927602665,False
2013-11-16,Pennsylvania,Lancaster,85,Percent of days with PM2.5 levels over the National Ambient Air Quality Standard (NAAQS),0.1371888482948412,False,-0.4133498886539279,False
2013-11-17,Pennsylvania,Lancaster,85,Percent of days with PM2.5 levels over the National Ambient Air Quality Standard (NAAQS),0.1137514848325679,False,-0.8098283183610742,False
2013-11-18,Pennsylvania,Lancaster,85,Percent of days with PM2.5 levels over the National Ambient Air Quality Standard (NAAQS),0.0977329072541623,False,-1.0526734583485855,False
2013-11-19,Pennsylvania,Lancaster,85,Percent of days with PM2.5 levels over the National Ambient Air Quality Standard (NAAQS),0.189490862023102,False,0.5683020175917659,False
2013-11-20,Pennsylvania,Lancaster,85,Percent of days with PM2.5 levels over the National Ambient Air Quality Standard (NAAQS),0.2049531312413954,False,0.913161055934803,False
2013-11-21,Pennsylvania,Lancaster,85,Percent of days with PM2.5 levels over the National Ambient Air Quality Standard (NAAQS),0.1571655152307519,False,-0.020500732602365682,False
2013-11-22,Pennsylvania,Lancaster,85,Percent of days with PM2.5 levels over the National Ambient Air Quality Standard (NAAQS),0.10075304778672,False,-1.0907960478533585,False
2013-11-23,Pennsylvania,Lancaster,85,Percent of days with PM2.5 levels over the National Ambient Air Quality Standard (NAAQS),0.1335543902186095,False,-0.43618483736002794,False
2013-11-24,Pennsylvania,Lancaster,85,Percent of days with PM2.5 levels over the National Ambient Air Quality Standard (NAAQS),0.2661693409819201,False,2.08180531973183,False
2013-11-25,Pennsylvania,Lancaster,85,Percent of days with PM2.5 levels over the National Ambient Air Quality Standard (NAAQS),0.2664033602185381,False,1.9590989511419838,False
2013-11-26,Pennsylvania,Lancaster,85,Percent of days with PM2.5 levels over the National Ambient Air Quality Standard (NAAQS),0.1965469612829548,False,0.6850089341851818,False
2013-11-27,Pennsylvania,Lancaster,85,Percent of days with PM2.5 levels over the National Ambient Air Quality Standard (NAAQS),0.1739217790533449,False,0.274682674711513,False
2013-11-28,Pennsylvania,Lancaster,85,Percent of days with PM2.5 levels over the National Ambient Air Quality Standard (NAAQS),0.2166654147401913,False,0.9786677246496766,False
2013-11-29,Pennsylvania,Lancaster,85,Percent of days with PM2.5 levels over the National Ambient Air Quality Standard (NAAQS),0.1730005040813769,False,0.13384371554831806,False
2013-11-30,Pennsylvania,Lancaster,85,Percent of days with PM2.5 levels over the National Ambient Air Quality Standard (NAAQS),0.1597575733306474,False,-0.10012313206493731,False
2013-12-01,Pennsylvania,Lancaster,85,Percent of days with PM2.5 levels over the National Ambient Air Quality Standard (NAAQS),0.0878852575573086,False,-1.4080184124446058,False
2013-12-02,Pennsylvania,Lancaster,85,Percent of days with PM2.5 levels over the National Ambient Air Quality Standard (NAAQS),0.2494293392432325,False,1.5110248780493816,False
2013-12-03,Pennsylvania,Lancaster,85,Percent of days with PM2.5 levels over the National Ambient Air Quality Standard (NAAQS),0.1471102554694886,False,-0.3850339178889149,False
2013-12-04,Pennsylvania,Lancaster,85,Percent of days with PM2.5 levels over the National Ambient Air Quality Standard (NAAQS),0.1102801527861928,False,-0.9991236465390599,False
2013-12-05,Pennsylvania,Lancaster,85,Percent of days with PM2.5 levels over the National Ambient Air Quality Standard (NAAQS),0.1603072469604665,False,-0.08936325922626548,False
2013-12-06,Pennsylvania,Lancaster,85,Percent of days with PM2.5 levels over the National Ambient Air Quality Standard (NAAQS),0.1855680593255313,False,0.3570308902070405,False
2013-12-07,Pennsylvania,Lancaster,85,Percent of days with PM2.5 levels over the National Ambient Air Quality Standard (NAAQS),0.2101983158419622,False,0.782911161591589,False
2013-12-08,Pennsylvania,Lancaster,85,Percent of days with PM2.5 levels over the National Ambient Air Quality Standard (NAAQS),0.1983472565828222,False,0.5626031669492035,False
2013-12-09,Pennsylvania,Lancaster,85,Percent of days with PM2.5 levels over the National Ambient Air Quality Standard (NAAQS),0.1390267827690793,False,-0.4870651503820845,False
2013-12-10,Pennsylvania,Lancaster,85,Percent of days with PM2.5 levels over the National Ambient Air Quality Standard (NAAQS),0.2075200392397455,False,0.8099999122072344,False
2013-12-11,Pennsylvania,Lancaster,85,Percent of days with PM2.5 levels over the National Ambient Air Quality Standard (NAAQS),0.1325681424495346,False,-0.6876230457826578,False
2013-12-12,Pennsylvania,Lancaster,85,Percent of days with PM2.5 levels over the National Ambient Air Quality Standard (NAAQS),0.1527287323617588,False,-0.27573325663242204,False
2013-12-13,Pennsylvania,Lancaster,85,Percent of days with PM2.5 levels over the National Ambient Air Quality Standard (NAAQS),0.1367231252306182,False,-0.6436194806050437,False
2013-12-14,Pennsylvania,Lancaster,85,Percent of days with PM2.5 levels over the National Ambient Air Quality Standard (NAAQS),0.1482597464141244,False,-0.4163939956606012,False
2013-12-15,Pennsylvania,Lancaster,85,Percent of days with PM2.5 levels over the National Ambient Air Quality Standard (NAAQS),0.2496994083500402,False,1.5426534351659968,False
2013-12-16,Pennsylvania,Lancaster,85,Percent of days with PM2.5 levels over the National Ambient Air Quality Standard (NAAQS),0.1937829721325277,False,0.36028613621919026,False
2013-12-17,Pennsylvania,Lancaster,85,Percent of days with PM2.5 levels over the National Ambient Air Quality Standard (NAAQS),0.1484981454198118,False,-0.5616852306498895,False
2013-12-18,Pennsylvania,Lancaster,85,Percent of days with PM2.5 levels over the National Ambient Air Quality Standard (NAAQS),0.2601625627897922,False,1.6597037714033098,False
2013-12-19,Pennsylvania,Lancaster,85,Percent of days with PM2.5 levels over the National Ambient Air Quality Standard (NAAQS),0.1746655333847231,False,-0.0637204132835676,False
2013-12-20,Pennsylvania,Lancaster,85,Percent of days with PM2.5 levels over the National Ambient Air Quality Standard (NAAQS),0.1430914604378589,False,-0.7552904374326056,False
2013-12-21,Pennsylvania,Lancaster,85,Percent of days with PM2.5 levels over the National Ambient Air Quality Standard (NAAQS),0.1029645972373771,False,-1.5236554399791973,False
2013-12-22,Pennsylvania,Lancaster,85,Percent of days with PM2.5 levels over the National Ambient Air Quality Standard (NAAQS),0.1102265509250111,False,-1.3038449803882652,False
2013-12-23,Pennsylvania,Lancaster,85,Percent of days with PM2.5 levels over the National Ambient Air Quality Standard (NAAQS),0.1059098153756657,False,-1.3318860816528317,False
2013-12-24,Pennsylvania,Lancaster,85,Percent of days with PM2.5 levels over the National Ambient Air Quality Standard (NAAQS),0.2352363251428138,False,1.4136719379682392,False
2013-12-25,Pennsylvania,Lancaster,85,Percent of days with PM2.5 levels over the National Ambient Air Quality Standard (NAAQS),0.2136792809620689,False,0.9133662229268701,False
2013-12-26,Pennsylvania,Lancaster,85,Percent of days with PM2.5 levels over the National Ambient Air Quality Standard (NAAQS),0.1899993328772672,False,0.44726052151991735,False
2013-12-27,Pennsylvania,Lancaster,85,Percent of days with PM2.5 levels over the National Ambient Air Quality Standard (NAAQS),0.1161338980597672,False,-1.0463153273978312,False
2013-12-28,Pennsylvania,Lancaster,85,Percent of days with PM2.5 levels over the National Ambient Air Quality Standard (NAAQS),0.0609094807952519,False,-1.9539619270808422,False
2013-12-29,Pennsylvania,Lancaster,85,Percent of days with PM2.5 levels over the National Ambient Air Quality Standard (NAAQS),0.1764812807033011,False,0.2002546207158064,False
2013-12-30,Pennsylvania,Lancaster,85,Percent of days with PM2.5 levels over the National Ambient Air Quality Standard (NAAQS),0.2299071123927767,False,1.30427320728196,False
2013-12-31,Pennsylvania,Lancaster,85,Percent of days with PM2.5 levels over the National Ambient Air Quality Standard (NAAQS),0.2585919698616536,False,1.7068335934710444,False
