location_id,population_served,sample_date,baseline_rate
California,100000,2018-10-06,0.0
California,100000,2018-10-06,0.2
California,100000,2018-10-06,0.2
California,100000,2018-10-13,0.1
California,100000,2018-10-13,0.2
California,100000,2018-10-13,0.3
California,100000,2018-10-20,0.1
California,100000,2018-10-20,0.2
California,100000,2018-10-20,0.3
California,100000,2018-10-27,0.2
California,100000,2018-10-27,0.2
California,100000,2018-10-27,0.4
California,100000,2018-11-03,0.2
California,100000,2018-11-03,0.1
California,100000,2018-11-03,0.3
California,100000,2018-11-10,0.2
California,100000,2018-11-10,0.2
California,100000,2018-11-10,0.4
California,100000,2018-11-17,0.2
California,100000,2018-11-17,0.2
California,100000,2018-11-17,0.4
California,100000,2018-11-24,0.1
California,100000,2018-11-24,0.4
California,100000,2018-11-24,0.5
California,100000,2018-12-01,0.4
California,100000,2018-12-01,0.7
California,100000,2018-12-01,1.1
California,100000,2018-12-08,0.7
California,100000,2018-12-08,0.4
California,100000,2018-12-08,1.1
California,100000,2018-12-15,0.6
California,100000,2018-12-15,0.7
California,100000,2018-12-15,1.2999999999999998
California,100000,2018-12-22,0.9
California,100000,2018-12-22,1.3
California,100000,2018-12-22,2.2
California,100000,2018-12-29,1.3
California,100000,2018-12-29,1.7
California,100000,2018-12-29,3.0
California,100000,2019-01-05,1.4
California,100000,2019-01-05,3.6
California,100000,2019-01-05,5.0
California,100000,2019-01-12,1.4
California,100000,2019-01-12,3.6
California,100000,2019-01-12,5.0
California,100000,2019-01-19,1.2
California,100000,2019-01-19,2.6
California,100000,2019-01-19,3.8
California,100000,2019-01-26,1.7
California,100000,2019-01-26,2.2
California,100000,2019-01-26,3.9
California,100000,2019-02-02,1.8
California,100000,2019-02-02,2.5
California,100000,2019-02-02,4.3
California,100000,2019-02-09,1.8
California,100000,2019-02-09,2.2
California,100000,2019-02-09,4.0
California,100000,2019-02-16,1.3
California,100000,2019-02-16,3.1
California,100000,2019-02-16,4.4
California,100000,2019-02-23,1.9
California,100000,2019-02-23,4.0
California,100000,2019-02-23,5.9
California,100000,2019-03-02,1.7
California,100000,2019-03-02,5.5
California,100000,2019-03-02,7.2
California,100000,2019-03-09,1.4
California,100000,2019-03-09,4.6
California,100000,2019-03-09,6.0
California,100000,2019-03-16,1.0
California,100000,2019-03-16,3.6
California,100000,2019-03-16,4.6
California,100000,2019-03-23,1.0
California,100000,2019-03-23,4.1
California,100000,2019-03-23,5.1
California,100000,2019-03-30,0.8
California,100000,2019-03-30,2.8
California,100000,2019-03-30,3.5999999999999996
California,100000,2019-04-06,0.7
California,100000,2019-04-06,1.8
California,100000,2019-04-06,2.5
California,100000,2019-04-13,0.4
California,100000,2019-04-13,1.0
California,100000,2019-04-13,1.4
California,100000,2019-04-20,0.4
California,100000,2019-04-20,0.7
California,100000,2019-04-20,1.1
California,100000,2019-04-27,0.1
California,100000,2019-04-27,0.6
California,100000,2019-04-27,0.7
California,100000,2019-05-04,0.1
California,100000,2019-05-04,0.1
California,100000,2019-05-04,0.2
California,100000,2019-10-05,0.0
California,100000,2019-10-05,0.2
California,100000,2019-10-05,0.2
California,100000,2019-10-12,0.0
California,100000,2019-10-12,0.1
California,100000,2019-10-12,0.1
California,100000,2019-10-19,0.1
California,100000,2019-10-19,0.2
California,100000,2019-10-19,0.1
California,100000,2019-10-26,0.2
California,100000,2019-10-26,0.6000000000000001
California,100000,2019-10-26,0.4
California,100000,2019-11-02,0.1
California,100000,2019-11-02,0.7999999999999999
California,100000,2019-11-02,0.7
California,100000,2019-11-09,0.3
California,100000,2019-11-09,1.2
California,100000,2019-11-09,0.9
California,100000,2019-11-16,0.3
California,100000,2019-11-16,1.3
California,100000,2019-11-16,1.0
California,100000,2019-11-23,0.4
California,100000,2019-11-23,1.2000000000000002
California,100000,2019-11-23,0.8
California,100000,2019-11-30,0.4
California,100000,2019-11-30,1.3
California,100000,2019-11-30,0.9
California,100000,2019-12-07,0.8
California,100000,2019-12-07,2.3
California,100000,2019-12-07,1.5
California,100000,2019-12-14,0.8
California,100000,2019-12-14,2.4000000000000004
California,100000,2019-12-14,1.6
California,100000,2019-12-21,0.9
California,100000,2019-12-21,2.9
California,100000,2019-12-21,2.0
California,100000,2019-12-28,1.1
California,100000,2019-12-28,4.1
California,100000,2019-12-28,3.0
California,100000,2020-01-04,1.8
California,100000,2020-01-04,6.5
California,100000,2020-01-04,4.7
California,100000,2020-01-11,1.7
California,100000,2020-01-11,6.3
California,100000,2020-01-11,4.6
California,100000,2020-01-18,1.5
California,100000,2020-01-18,5.8
California,100000,2020-01-18,4.3
California,100000,2020-01-25,1.7
California,100000,2020-01-25,6.6000000000000005
California,100000,2020-01-25,4.9
California,100000,2020-02-01,1.7
California,100000,2020-02-01,5.9
California,100000,2020-02-01,4.2
California,100000,2020-02-08,1.6
California,100000,2020-02-08,5.800000000000001
California,100000,2020-02-08,4.2
California,100000,2020-02-15,1.6
California,100000,2020-02-15,5.699999999999999
California,100000,2020-02-15,4.1
California,100000,2020-02-22,1.6
California,100000,2020-02-22,5.9
California,100000,2020-02-22,4.3
California,100000,2020-02-29,1.6
California,100000,2020-02-29,5.1
California,100000,2020-02-29,3.5
California,100000,2020-03-07,1.0
California,100000,2020-03-07,0.2
California,100000,2020-03-07,3.6
California,100000,2020-03-07,2.4
California,100000,2020-03-14,0.8
California,100000,2020-03-14,0.7
California,100000,2020-03-14,3.2
California,100000,2020-03-14,1.7
California,100000,2020-03-21,0.4
California,100000,2020-03-21,2.1
California,100000,2020-03-21,3.1
California,100000,2020-03-21,0.6
California,100000,2020-03-28,0.3
California,100000,2020-03-28,3.6
California,100000,2020-03-28,4.0
California,100000,2020-03-28,0.1
California,100000,2020-04-04,0.1
California,100000,2020-04-04,3.7
California,100000,2020-04-04,3.9
California,100000,2020-04-04,0.1
California,100000,2020-04-11,0.1
California,100000,2020-04-11,4.0
California,100000,2020-04-11,4.1
California,100000,2020-04-11,0.0
California,100000,2020-04-18,0.0
California,100000,2020-04-18,3.6
California,100000,2020-04-18,3.7
California,100000,2020-04-18,0.1
California,100000,2020-04-25,0.0
California,100000,2020-04-25,2.2
California,100000,2020-04-25,2.2
California,100000,2020-04-25,0.0
California,100000,2020-05-02,0.0
California,100000,2020-05-02,2.5
California,100000,2020-05-02,2.5
California,100000,2020-05-02,0.0
California,100000,2020-05-09,2.4
California,100000,2020-05-09,2.4
California,100000,2020-05-16,2.1
California,100000,2020-05-16,2.1
California,100000,2020-05-23,2.2
California,100000,2020-05-23,2.2
California,100000,2020-05-30,2.5
California,100000,2020-05-30,2.5
California,100000,2020-06-06,2.8
California,100000,2020-06-06,2.8
California,100000,2020-06-13,2.3
California,100000,2020-06-13,2.3
California,100000,2020-06-20,2.8
California,100000,2020-06-20,2.8
California,100000,2020-06-27,3.9
California,100000,2020-06-27,3.9
California,100000,2020-07-04,5.7
California,100000,2020-07-04,5.7
California,100000,2020-07-11,6.3
California,100000,2020-07-11,6.3
California,100000,2020-07-18,7.3
California,100000,2020-07-18,7.3
California,100000,2020-07-25,8.1
California,100000,2020-07-25,8.1
California,100000,2020-08-01,7.8
California,100000,2020-08-01,7.8
California,100000,2020-08-08,6.3
California,100000,2020-08-08,6.3
California,100000,2020-08-15,7.1
California,100000,2020-08-15,7.1
California,100000,2020-08-22,6.8
California,100000,2020-08-22,6.8
California,100000,2020-08-29,6.4
California,100000,2020-08-29,6.4
California,100000,2020-09-05,5.1
California,100000,2020-09-05,5.1
California,100000,2020-09-12,4.8
California,100000,2020-09-12,4.8
California,100000,2020-09-19,3.9
California,100000,2020-09-19,3.9
California,100000,2020-09-26,2.7
California,100000,2020-09-26,2.7
California,100000,2020-10-03,0.0
California,100000,2020-10-03,2.9
California,100000,2020-10-03,2.9
California,100000,2020-10-10,0.0
California,100000,2020-10-10,2.3
California,100000,2020-10-10,2.3
California,100000,2020-10-17,0.0
California,100000,2020-10-17,2.3
California,100000,2020-10-17,2.3
California,100000,2020-10-24,0.0
California,100000,2020-10-24,2.3
California,100000,2020-10-24,2.3
California,100000,2020-10-31,0.0
California,100000,2020-10-31,3.3
California,100000,2020-10-31,3.3
California,100000,2020-11-07,0.0
California,100000,2020-11-07,3.5
California,100000,2020-11-07,3.5
California,100000,2020-11-14,0.0
California,100000,2020-11-14,4.0
California,100000,2020-11-14,4.0
California,100000,2020-11-21,0.0
California,100000,2020-11-21,7.0
California,100000,2020-11-21,7.0
California,100000,2020-11-28,0.0
California,100000,2020-11-28,8.6
California,100000,2020-11-28,8.6
California,100000,2020-12-05,0.0
California,100000,2020-12-05,11.7
California,100000,2020-12-05,11.7
California,100000,2020-12-12,0.0
California,100000,2020-12-12,15.1
California,100000,2020-12-12,15.1
California,100000,2020-12-19,0.0
California,100000,2020-12-19,18.2
California,100000,2020-12-19,18.2
California,100000,2020-12-26,0.0
California,100000,2020-12-26,17.7
California,100000,2020-12-26,17.7
California,100000,2021-01-02,0.0
California,100000,2021-01-02,18.5
California,100000,2021-01-02,18.5
California,100000,2021-01-09,0.0
California,100000,2021-01-09,21.9
California,100000,2021-01-09,21.9
California,100000,2021-01-16,0.0
California,100000,2021-01-16,19.7
California,100000,2021-01-16,19.7
California,100000,2021-01-23,0.0
California,100000,2021-01-23,16.1
California,100000,2021-01-23,16.1
California,100000,2021-01-30,0.0
California,100000,2021-01-30,12.1
California,100000,2021-01-30,12.1
California,100000,2021-02-06,0.0
California,100000,2021-02-06,11.2
California,100000,2021-02-06,11.2
California,100000,2021-02-13,0.0
California,100000,2021-02-13,7.7
California,100000,2021-02-13,7.7
California,100000,2021-02-20,0.0
California,100000,2021-02-20,6.0
California,100000,2021-02-20,6.0
California,100000,2021-02-27,0.0
California,100000,2021-02-27,5.9
California,100000,2021-02-27,5.9
California,100000,2021-03-06,0.0
California,100000,2021-03-06,4.3
California,100000,2021-03-06,4.3
California,100000,2021-03-13,0.0
California,100000,2021-03-13,4.1
California,100000,2021-03-13,4.1
California,100000,2021-03-20,0.0
California,100000,2021-03-20,3.4
California,100000,2021-03-20,3.4
California,100000,2021-03-27,0.0
California,100000,2021-03-27,2.9
California,100000,2021-03-27,2.9
California,100000,2021-04-03,0.0
California,100000,2021-04-03,2.9
California,100000,2021-04-03,2.9
California,100000,2021-04-10,0.0
California,100000,2021-04-10,3.0
California,100000,2021-04-10,3.0
California,100000,2021-04-17,0.0
California,100000,2021-04-17,2.9
California,100000,2021-04-17,2.9
California,100000,2021-04-24,0.0
California,100000,2021-04-24,2.9
California,100000,2021-04-24,2.9
California,100000,2021-05-01,0.0
California,100000,2021-05-01,3.2
California,100000,2021-05-01,3.2
California,100000,2021-05-08,0.0
California,100000,2021-05-08,2.8
California,100000,2021-05-08,2.8
California,100000,2021-05-15,0.0
California,100000,2021-05-15,2.4
California,100000,2021-05-15,2.4
California,100000,2021-05-22,0.0
California,100000,2021-05-22,2.1
California,100000,2021-05-22,2.1
California,100000,2021-05-29,0.0
California,100000,2021-05-29,1.5
California,100000,2021-05-29,1.5
California,100000,2021-06-05,0.0
California,100000,2021-06-05,1.5
California,100000,2021-06-05,1.5
California,100000,2021-06-12,0.0
California,100000,2021-06-12,1.5
California,100000,2021-06-12,1.5
California,100000,2021-06-19,0.0
California,100000,2021-06-19,1.7
California,100000,2021-06-19,1.7
California,100000,2021-06-26,0.0
California,100000,2021-06-26,2.1
California,100000,2021-06-26,2.1
California,100000,2021-07-03,0.0
California,100000,2021-07-03,2.5
California,100000,2021-07-03,2.5
California,100000,2021-07-10,0.0
California,100000,2021-07-10,3.4
California,100000,2021-07-10,3.4
California,100000,2021-07-17,0.0
California,100000,2021-07-17,4.8
California,100000,2021-07-17,4.8
California,100000,2021-07-24,0.0
California,100000,2021-07-24,7.4
California,100000,2021-07-24,7.4
California,100000,2021-07-31,0.1
California,100000,2021-07-31,10.6
California,100000,2021-07-31,10.7
California,100000,2021-08-07,0.1
California,100000,2021-08-07,11.8
California,100000,2021-08-07,11.9
California,100000,2021-08-14,0.2
California,100000,2021-08-14,11.1
California,100000,2021-08-14,11.3
California,100000,2021-08-21,0.1
California,100000,2021-08-21,12.1
California,100000,2021-08-21,12.2
California,100000,2021-08-28,0.1
California,100000,2021-08-28,11.1
California,100000,2021-08-28,11.2
California,100000,2021-09-04,0.1
California,100000,2021-09-04,8.7
California,100000,2021-09-04,8.799999999999999
California,100000,2021-09-11,0.2
California,100000,2021-09-11,6.2
California,100000,2021-09-11,6.4
California,100000,2021-09-18,0.1
California,100000,2021-09-18,5.3
California,100000,2021-09-18,5.3999999999999995
California,100000,2021-09-25,0.1
California,100000,2021-09-25,4.7
California,100000,2021-09-25,4.8
California,100000,2021-10-02,0.2
California,100000,2021-10-02,3.6
California,100000,2021-10-02,3.8
California,100000,2021-10-09,0.1
California,100000,2021-10-09,4.0
California,100000,2021-10-09,4.1
California,100000,2021-10-09,0.0
California,100000,2021-10-16,0.2
California,100000,2021-10-16,3.0
California,100000,2021-10-16,3.3000000000000003
California,100000,2021-10-16,0.1
California,100000,2021-10-23,0.4
California,100000,2021-10-23,3.2
California,100000,2021-10-23,3.6
California,100000,2021-10-23,0.0
California,100000,2021-10-30,0.4
California,100000,2021-10-30,3.0
California,100000,2021-10-30,3.4
California,100000,2021-10-30,0.0
California,100000,2021-11-06,0.2
California,100000,2021-11-06,2.0
California,100000,2021-11-06,2.2
California,100000,2021-11-06,0.0
California,100000,2021-11-13,0.6
California,100000,2021-11-13,1.9
California,100000,2021-11-13,2.5
California,100000,2021-11-13,0.0
California,100000,2021-11-20,0.5
California,100000,2021-11-20,1.7
California,100000,2021-11-20,2.2
California,100000,2021-11-20,0.0
California,100000,2021-11-27,0.7
California,100000,2021-11-27,2.5
California,100000,2021-11-27,3.3
California,100000,2021-11-27,0.1
California,100000,2021-12-04,1.2
California,100000,2021-12-04,2.3
California,100000,2021-12-04,3.5999999999999996
California,100000,2021-12-04,0.1
California,100000,2021-12-11,1.1
California,100000,2021-12-11,3.3
California,100000,2021-12-11,4.4
California,100000,2021-12-11,0.0
California,100000,2021-12-18,1.5
California,100000,2021-12-18,3.2
California,100000,2021-12-18,4.7
California,100000,2021-12-18,0.0
California,100000,2021-12-25,1.4
California,100000,2021-12-25,5.1
California,100000,2021-12-25,6.6
California,100000,2021-12-25,0.1
California,100000,2022-01-01,1.6
California,100000,2022-01-01,13.0
California,100000,2022-01-01,14.7
California,100000,2022-01-01,0.1
California,100000,2022-01-08,1.6
California,100000,2022-01-08,23.0
California,100000,2022-01-08,24.700000000000003
California,100000,2022-01-08,0.1
California,100000,2022-01-15,1.1
California,100000,2022-01-15,29.8
California,100000,2022-01-15,31.000000000000004
California,100000,2022-01-15,0.1
California,100000,2022-01-22,0.7
California,100000,2022-01-22,29.9
California,100000,2022-01-22,30.6
California,100000,2022-01-22,0.0
California,100000,2022-01-29,0.3
California,100000,2022-01-29,23.8
California,100000,2022-01-29,24.1
California,100000,2022-01-29,0.0
California,100000,2022-02-05,0.3
California,100000,2022-02-05,17.8
California,100000,2022-02-05,18.1
California,100000,2022-02-05,0.0
California,100000,2022-02-12,0.2
California,100000,2022-02-12,13.1
California,100000,2022-02-12,13.3
California,100000,2022-02-12,0.0
California,100000,2022-02-19,0.3
California,100000,2022-02-19,8.2
California,100000,2022-02-19,8.5
California,100000,2022-02-19,0.0
California,100000,2022-02-26,0.1
California,100000,2022-02-26,5.7
California,100000,2022-02-26,5.8999999999999995
California,100000,2022-02-26,0.1
California,100000,2022-03-05,0.2
California,100000,2022-03-05,4.2
California,100000,2022-03-05,4.5
California,100000,2022-03-05,0.1
California,100000,2022-03-12,0.2
California,100000,2022-03-12,2.9
California,100000,2022-03-12,3.2
California,100000,2022-03-12,0.1
California,100000,2022-03-19,0.1
California,100000,2022-03-19,2.8
California,100000,2022-03-19,3.0
California,100000,2022-03-19,0.1
California,100000,2022-03-26,0.2
California,100000,2022-03-26,2.3
California,100000,2022-03-26,2.6
California,100000,2022-03-26,0.1
California,100000,2022-04-02,0.1
California,100000,2022-04-02,1.4
California,100000,2022-04-02,1.6
California,100000,2022-04-02,0.1
California,100000,2022-04-09,0.2
California,100000,2022-04-09,2.4
California,100000,2022-04-09,2.7
California,100000,2022-04-09,0.1
California,100000,2022-04-16,0.0
California,100000,2022-04-16,2.3
California,100000,2022-04-16,2.4
California,100000,2022-04-16,0.1
California,100000,2022-04-23,0.1
California,100000,2022-04-23,3.2
California,100000,2022-04-23,3.5000000000000004
California,100000,2022-04-23,0.2
California,100000,2022-04-30,0.1
California,100000,2022-04-30,4.2
California,100000,2022-04-30,4.7
California,100000,2022-04-30,0.4
California,100000,2022-05-07,0.0
California,100000,2022-05-07,5.1
California,100000,2022-05-07,5.3
California,100000,2022-05-07,0.2
California,100000,2022-05-14,0.1
California,100000,2022-05-14,6.6
California,100000,2022-05-14,7.1
California,100000,2022-05-14,0.4
California,100000,2022-05-21,0.0
California,100000,2022-05-21,8.2
California,100000,2022-05-21,8.899999999999999
California,100000,2022-05-21,0.7
California,100000,2022-05-28,0.1
California,100000,2022-05-28,9.5
California,100000,2022-05-28,10.4
California,100000,2022-05-28,0.8
California,100000,2022-06-04,0.0
California,100000,2022-06-04,9.9
California,100000,2022-06-04,10.4
California,100000,2022-06-04,0.5
California,100000,2022-06-11,0.1
California,100000,2022-06-11,9.5
California,100000,2022-06-11,10.1
California,100000,2022-06-11,0.5
California,100000,2022-06-18,0.1
California,100000,2022-06-18,8.8
California,100000,2022-06-18,8.9
California,100000,2022-06-25,0.0
California,100000,2022-06-25,12.0
California,100000,2022-06-25,12.0
California,100000,2022-07-02,0.1
California,100000,2022-07-02,11.4
California,100000,2022-07-02,11.5
California,100000,2022-07-09,0.1
California,100000,2022-07-09,12.1
California,100000,2022-07-09,12.2
California,100000,2022-07-16,0.0
California,100000,2022-07-16,13.5
California,100000,2022-07-16,13.5
California,100000,2022-07-23,0.1
California,100000,2022-07-23,12.0
California,100000,2022-07-23,12.1
California,100000,2022-07-30,0.1
California,100000,2022-07-30,12.1
California,100000,2022-07-30,12.2
California,100000,2022-08-06,0.2
California,100000,2022-08-06,10.4
California,100000,2022-08-06,10.6
California,100000,2022-08-13,0.1
California,100000,2022-08-13,9.6
California,100000,2022-08-13,9.7
California,100000,2022-08-20,0.1
California,100000,2022-08-20,7.6
California,100000,2022-08-20,7.699999999999999
California,100000,2022-08-27,0.2
California,100000,2022-08-27,7.5
California,100000,2022-08-27,7.7
California,100000,2022-09-03,0.1
California,100000,2022-09-03,6.7
California,100000,2022-09-03,6.8
California,100000,2022-09-10,0.2
California,100000,2022-09-10,6.3
California,100000,2022-09-10,6.5
California,100000,2022-09-17,0.2
California,100000,2022-09-17,5.3
California,100000,2022-09-17,5.5
California,100000,2022-09-24,0.3
California,100000,2022-09-24,4.4
California,100000,2022-09-24,4.7
California,100000,2022-10-01,0.6
California,100000,2022-10-01,4.6
California,100000,2022-10-01,5.199999999999999
California,100000,2022-10-08,0.4
California,100000,2022-10-08,4.3
California,100000,2022-10-08,0.1
California,100000,2022-10-08,4.8
California,100000,2022-10-15,0.9
California,100000,2022-10-15,4.9
California,100000,2022-10-15,0.1
California,100000,2022-10-15,5.9
California,100000,2022-10-22,1.4
California,100000,2022-10-22,4.2
California,100000,2022-10-22,0.1
California,100000,2022-10-22,5.699999999999999
California,100000,2022-10-29,1.2
California,100000,2022-10-29,4.3
California,100000,2022-10-29,0.2
California,100000,2022-10-29,5.7
California,100000,2022-11-05,1.7
California,100000,2022-11-05,5.6
California,100000,2022-11-05,0.4
California,100000,2022-11-05,7.7
California,100000,2022-11-12,3.2
California,100000,2022-11-12,6.2
California,100000,2022-11-12,1.0
California,100000,2022-11-12,10.4
California,100000,2022-11-19,2.7
California,100000,2022-11-19,6.4
California,100000,2022-11-19,2.0
California,100000,2022-11-19,11.1
California,100000,2022-11-26,2.7
California,100000,2022-11-26,8.2
California,100000,2022-11-26,4.3
California,100000,2022-11-26,15.2
California,100000,2022-12-03,3.1
California,100000,2022-12-03,9.9
California,100000,2022-12-03,6.3
California,100000,2022-12-03,19.3
California,100000,2022-12-10,2.9
California,100000,2022-12-10,11.5
California,100000,2022-12-10,6.1
California,100000,2022-12-10,20.5
California,100000,2022-12-17,2.3
California,100000,2022-12-17,10.7
California,100000,2022-12-17,5.0
California,100000,2022-12-17,18.0
California,100000,2022-12-24,2.0
California,100000,2022-12-24,10.5
California,100000,2022-12-24,5.8
California,100000,2022-12-24,18.3
California,100000,2022-12-31,1.8
California,100000,2022-12-31,10.6
California,100000,2022-12-31,4.9
California,100000,2022-12-31,17.3
California,100000,2023-01-07,1.6
California,100000,2023-01-07,10.2
California,100000,2023-01-07,2.6
California,100000,2023-01-07,14.4
California,100000,2023-01-14,1.4
California,100000,2023-01-14,7.0
California,100000,2023-01-14,0.9
California,100000,2023-01-14,9.3
California,100000,2023-01-21,0.6
California,100000,2023-01-21,6.3
California,100000,2023-01-21,0.3
California,100000,2023-01-21,7.199999999999999
California,100000,2023-01-28,1.1
California,100000,2023-01-28,5.2
California,100000,2023-01-28,0.2
California,100000,2023-01-28,6.5
California,100000,2023-02-04,0.7
California,100000,2023-02-04,6.0
California,100000,2023-02-04,0.5
California,100000,2023-02-04,7.2
California,100000,2023-02-11,0.8
California,100000,2023-02-11,5.7
California,100000,2023-02-11,0.4
California,100000,2023-02-11,6.9
California,100000,2023-02-18,0.8
California,100000,2023-02-18,6.7
California,100000,2023-02-18,0.3
California,100000,2023-02-18,7.8
California,100000,2023-02-25,0.4
California,100000,2023-02-25,7.1
California,100000,2023-02-25,0.3
California,100000,2023-02-25,7.8
California,100000,2023-03-04,0.3
California,100000,2023-03-04,7.1
California,100000,2023-03-04,0.1
California,100000,2023-03-04,7.499999999999999
California,100000,2023-03-11,0.3
California,100000,2023-03-11,7.0
California,100000,2023-03-11,0.1
California,100000,2023-03-11,7.4
California,100000,2023-03-18,0.5
California,100000,2023-03-18,4.8
California,100000,2023-03-18,0.1
California,100000,2023-03-18,5.3999999999999995
California,100000,2023-03-25,0.3
California,100000,2023-03-25,5.1
California,100000,2023-03-25,0.0
California,100000,2023-03-25,5.3999999999999995
California,100000,2023-04-01,0.2
California,100000,2023-04-01,4.3
California,100000,2023-04-01,0.1
California,100000,2023-04-01,4.6
California,100000,2023-04-08,0.1
California,100000,2023-04-08,4.7
California,100000,2023-04-08,0.2
California,100000,2023-04-08,5.0
California,100000,2023-04-15,0.1
California,100000,2023-04-15,4.9
California,100000,2023-04-15,0.0
California,100000,2023-04-15,5.0
California,100000,2023-04-22,0.0
California,100000,2023-04-22,4.7
California,100000,2023-04-22,0.1
California,100000,2023-04-22,4.8
California,100000,2023-04-29,0.0
California,100000,2023-04-29,4.5
California,100000,2023-04-29,0.0
California,100000,2023-04-29,4.5
California,100000,2023-05-06,0.1
California,100000,2023-05-06,3.1
California,100000,2023-05-06,0.0
California,100000,2023-05-06,3.2
California,100000,2023-05-13,0.0
California,100000,2023-05-13,4.0
California,100000,2023-05-13,4.0
California,100000,2023-05-20,0.1
California,100000,2023-05-20,4.0
California,100000,2023-05-20,4.1
California,100000,2023-05-27,0.1
California,100000,2023-05-27,3.8
California,100000,2023-05-27,3.9
California,100000,2023-06-03,0.1
California,100000,2023-06-03,3.2
California,100000,2023-06-03,3.3000000000000003
California,100000,2023-06-10,0.1
California,100000,2023-06-10,3.0
California,100000,2023-06-10,3.1
California,100000,2023-06-17,0.0
California,100000,2023-06-17,3.4
California,100000,2023-06-17,3.4
California,100000,2023-06-24,0.0
California,100000,2023-06-24,3.4
California,100000,2023-06-24,3.4
California,100000,2023-07-01,0.1
California,100000,2023-07-01,3.1
California,100000,2023-07-01,3.2
California,100000,2023-07-08,0.1
California,100000,2023-07-08,3.2
California,100000,2023-07-08,3.3000000000000003
California,100000,2023-07-15,0.0
California,100000,2023-07-15,4.0
California,100000,2023-07-15,4.0
California,100000,2023-07-22,0.1
California,100000,2023-07-22,3.8
California,100000,2023-07-22,3.9
California,100000,2023-07-29,0.1
California,100000,2023-07-29,5.0
California,100000,2023-07-29,5.1
California,100000,2023-08-05,0.1
California,100000,2023-08-05,5.3
California,100000,2023-08-05,5.3999999999999995
California,100000,2023-08-12,0.1
California,100000,2023-08-12,5.5
California,100000,2023-08-12,5.6
California,100000,2023-08-19,0.0
California,100000,2023-08-19,5.4
California,100000,2023-08-19,5.4
California,100000,2023-08-26,0.1
California,100000,2023-08-26,6.1
California,100000,2023-08-26,6.199999999999999
California,100000,2023-09-02,0.0
California,100000,2023-09-02,6.2
California,100000,2023-09-02,6.2
California,100000,2023-09-09,0.2
California,100000,2023-09-09,6.1
California,100000,2023-09-09,6.3
California,100000,2023-09-16,0.3
California,100000,2023-09-16,6.6
California,100000,2023-09-16,6.8999999999999995
California,100000,2023-09-23,0.2
California,100000,2023-09-23,5.4
California,100000,2023-09-23,5.6000000000000005
California,100000,2023-09-30,0.3
California,100000,2023-09-30,5.1
California,100000,2023-09-30,5.3999999999999995
California,100000,2023-10-07,0.5
California,100000,2023-10-07,4.6
California,100000,2023-10-07,0.3
California,100000,2023-10-07,5.3999999999999995
California,100000,2023-10-14,0.8
California,100000,2023-10-14,3.8
California,100000,2023-10-14,0.2
California,100000,2023-10-14,4.8
California,100000,2023-10-21,1.0
California,100000,2023-10-21,3.6
California,100000,2023-10-21,0.1
California,100000,2023-10-21,4.7
California,100000,2023-10-28,0.7
California,100000,2023-10-28,3.4
California,100000,2023-10-28,0.1
California,100000,2023-10-28,4.2
California,100000,2023-11-04,1.4
California,100000,2023-11-04,4.6
California,100000,2023-11-04,0.3
California,100000,2023-11-04,6.299999999999999
California,100000,2023-11-11,1.9
California,100000,2023-11-11,4.7
California,100000,2023-11-11,0.8
California,100000,2023-11-11,7.4
California,100000,2023-11-18,2.6
California,100000,2023-11-18,4.4
California,100000,2023-11-18,1.0
California,100000,2023-11-18,8.0
California,100000,2023-11-25,2.4
California,100000,2023-11-25,4.5
California,100000,2023-11-25,1.3
California,100000,2023-11-25,8.2
California,100000,2023-12-02,2.4
California,100000,2023-12-02,6.9
California,100000,2023-12-02,2.4
California,100000,2023-12-02,11.7
California,100000,2023-12-09,3.1
California,100000,2023-12-09,7.3
California,100000,2023-12-09,2.6
California,100000,2023-12-09,13.0
California,100000,2023-12-16,2.7
California,100000,2023-12-16,6.5
California,100000,2023-12-16,2.9
California,100000,2023-12-16,12.1
California,100000,2023-12-23,2.4
California,100000,2023-12-23,7.0
California,100000,2023-12-23,4.5
California,100000,2023-12-23,13.9
California,100000,2023-12-30,2.3
California,100000,2023-12-30,8.8
California,100000,2023-12-30,5.2
California,100000,2023-12-30,16.3
California,100000,2024-01-06,3.2
California,100000,2024-01-06,8.4
California,100000,2024-01-06,5.3
California,100000,2024-01-06,16.9
California,100000,2024-01-13,2.1
California,100000,2024-01-13,8.0
California,100000,2024-01-13,2.9
California,100000,2024-01-13,13.0
California,100000,2024-01-20,1.5
California,100000,2024-01-20,7.5
California,100000,2024-01-20,2.8
California,100000,2024-01-20,11.8
California,100000,2024-01-27,1.5
California,100000,2024-01-27,5.4
California,100000,2024-01-27,1.8
California,100000,2024-01-27,8.7
California,100000,2024-02-03,1.0
California,100000,2024-02-03,5.4
California,100000,2024-02-03,1.4
California,100000,2024-02-03,7.800000000000001
California,100000,2024-02-10,1.2
California,100000,2024-02-10,4.9
California,100000,2024-02-10,1.3
California,100000,2024-02-10,7.4
California,100000,2024-02-17,0.6
California,100000,2024-02-17,4.4
California,100000,2024-02-17,1.0
California,100000,2024-02-17,6.0
California,100000,2024-02-24,0.9
California,100000,2024-02-24,4.0
California,100000,2024-02-24,1.0
California,100000,2024-02-24,5.9
California,100000,2024-03-02,0.5
California,100000,2024-03-02,2.8
California,100000,2024-03-02,0.9
California,100000,2024-03-02,4.199999999999999
California,100000,2024-03-09,0.2
California,100000,2024-03-09,2.3
California,100000,2024-03-09,0.7
California,100000,2024-03-09,3.2
California,100000,2024-03-16,0.2
California,100000,2024-03-16,2.9
California,100000,2024-03-16,0.7
California,100000,2024-03-16,3.8
California,100000,2024-03-23,0.2
California,100000,2024-03-23,2.4
California,100000,2024-03-23,0.6
California,100000,2024-03-23,3.2
California,100000,2024-03-30,0.1
California,100000,2024-03-30,2.6
California,100000,2024-03-30,0.8
California,100000,2024-03-30,3.5000000000000004
California,100000,2024-04-06,0.1
California,100000,2024-04-06,2.4
California,100000,2024-04-06,0.6
California,100000,2024-04-06,3.1
California,100000,2024-04-13,0.1
California,100000,2024-04-13,2.2
California,100000,2024-04-13,0.6
California,100000,2024-04-13,2.9000000000000004
California,100000,2024-04-20,0.1
California,100000,2024-04-20,2.0
California,100000,2024-04-20,0.9
California,100000,2024-04-20,3.0
California,100000,2024-04-27,0.1
California,100000,2024-04-27,2.1
California,100000,2024-04-27,0.7
California,100000,2024-04-27,2.9
California,100000,2024-05-04,0.1
California,100000,2024-05-04,2.2
California,100000,2024-05-04,0.6
California,100000,2024-05-04,2.9000000000000004
California,100000,2024-05-11,0.0
California,100000,2024-05-11,2.4
California,100000,2024-05-11,0.5
California,100000,2024-05-11,2.9
California,100000,2024-05-18,0.1
California,100000,2024-05-18,2.7
California,100000,2024-05-18,0.5
California,100000,2024-05-18,3.3000000000000003
California,100000,2024-05-25,0.0
California,100000,2024-05-25,2.8
California,100000,2024-05-25,0.4
California,100000,2024-05-25,3.1999999999999997
California,100000,2024-06-01,0.1
California,100000,2024-06-01,3.9
California,100000,2024-06-01,0.6
California,100000,2024-06-01,4.6
California,100000,2024-06-08,0.0
California,100000,2024-06-08,3.8
California,100000,2024-06-08,0.5
California,100000,2024-06-08,4.3
California,100000,2024-06-15,0.0
California,100000,2024-06-15,4.5
California,100000,2024-06-15,0.3
California,100000,2024-06-15,4.8
California,100000,2024-06-22,0.0
California,100000,2024-06-22,4.9
California,100000,2024-06-22,0.6
California,100000,2024-06-22,5.5
California,100000,2024-06-29,0.0
California,100000,2024-06-29,6.1
California,100000,2024-06-29,0.4
California,100000,2024-06-29,6.5
California,100000,2024-07-06,0.1
California,100000,2024-07-06,7.8
California,100000,2024-07-06,0.5
California,100000,2024-07-06,8.4
California,100000,2024-07-13,0.0
California,100000,2024-07-13,7.4
California,100000,2024-07-13,0.4
California,100000,2024-07-13,7.800000000000001
California,100000,2024-07-20,0.0
California,100000,2024-07-20,6.3
California,100000,2024-07-20,0.2
California,100000,2024-07-20,6.5
California,100000,2024-07-27,0.0
California,100000,2024-07-27,7.3
California,100000,2024-07-27,0.1
California,100000,2024-07-27,7.4
California,100000,2024-08-03,0.0
California,100000,2024-08-03,8.1
California,100000,2024-08-03,0.1
California,100000,2024-08-03,8.2
California,100000,2024-08-10,0.0
California,100000,2024-08-10,7.0
California,100000,2024-08-10,0.1
California,100000,2024-08-10,7.1
California,100000,2024-08-17,0.0
California,100000,2024-08-17,7.1
California,100000,2024-08-17,0.3
California,100000,2024-08-17,7.4
California,100000,2024-08-24,0.0
California,100000,2024-08-24,6.5
California,100000,2024-08-24,0.1
California,100000,2024-08-24,6.6
California,100000,2024-08-31,0.0
California,100000,2024-08-31,5.3
California,100000,2024-08-31,0.2
California,100000,2024-08-31,5.5
California,100000,2024-09-07,0.0
California,100000,2024-09-07,4.2
California,100000,2024-09-07,0.1
California,100000,2024-09-07,4.3
California,100000,2024-09-14,0.1
California,100000,2024-09-14,4.5
California,100000,2024-09-14,0.1
California,100000,2024-09-14,4.699999999999999
California,100000,2024-09-21,0.0
California,100000,2024-09-21,3.2
California,100000,2024-09-21,0.2
California,100000,2024-09-21,3.4000000000000004
California,100000,2024-09-28,0.0
California,100000,2024-09-28,3.0
California,100000,2024-09-28,0.3
California,100000,2024-09-28,3.3
California,100000,2024-10-05,0.2
California,100000,2024-10-05,2.5
California,100000,2024-10-05,0.2
California,100000,2024-10-05,2.9000000000000004
California,100000,2024-10-12,0.3
California,100000,2024-10-12,2.6
California,100000,2024-10-12,0.2
California,100000,2024-10-12,3.1
California,100000,2024-10-19,0.2
California,100000,2024-10-19,1.9
California,100000,2024-10-19,0.2
California,100000,2024-10-19,2.3000000000000003
California,100000,2024-10-26,0.1
California,100000,2024-10-26,1.9
California,100000,2024-10-26,0.4
California,100000,2024-10-26,2.4
California,100000,2024-11-02,0.3
California,100000,2024-11-02,1.8
California,100000,2024-11-02,0.4
California,100000,2024-11-02,2.5
California,100000,2024-11-09,0.4
California,100000,2024-11-09,1.6
California,100000,2024-11-09,0.4
California,100000,2024-11-09,2.4
California,100000,2024-11-16,0.5
California,100000,2024-11-16,1.5
California,100000,2024-11-16,0.5
California,100000,2024-11-16,2.5
California,100000,2024-11-23,0.7
California,100000,2024-11-23,1.5
California,100000,2024-11-23,0.8
California,100000,2024-11-23,3.0
California,100000,2024-11-30,0.9
California,100000,2024-11-30,1.5
California,100000,2024-11-30,0.7
California,100000,2024-11-30,3.1
California,100000,2024-12-07,1.3
California,100000,2024-12-07,1.3
California,100000,2024-12-07,1.5
California,100000,2024-12-07,4.1
California,100000,2024-12-14,1.1
California,100000,2024-12-14,1.3
California,100000,2024-12-14,2.4
California,100000,2024-12-14,4.800000000000001
California,100000,2024-12-21,2.0
California,100000,2024-12-21,1.2
California,100000,2024-12-21,3.2
California,100000,2024-12-21,6.4
California,100000,2024-12-28,2.6
California,100000,2024-12-28,1.8
California,100000,2024-12-28,6.7
California,100000,2024-12-28,11.1
California,100000,2025-01-04,3.5
California,100000,2025-01-04,1.9
California,100000,2025-01-04,8.5
California,100000,2025-01-04,13.9
California,100000,2025-01-11,3.7
California,100000,2025-01-11,1.6
California,100000,2025-01-11,7.6
California,100000,2025-01-11,12.9
California,100000,2025-01-18,2.1
California,100000,2025-01-18,1.5
California,100000,2025-01-18,8.6
California,100000,2025-01-18,12.2
California,100000,2025-01-25,1.8
California,100000,2025-01-25,1.4
California,100000,2025-01-25,10.3
California,100000,2025-01-25,13.500000000000002
California,100000,2025-02-01,2.0
California,100000,2025-02-01,1.7
California,100000,2025-02-01,10.5
California,100000,2025-02-01,14.2
California,100000,2025-02-08,2.1
California,100000,2025-02-08,1.6
California,100000,2025-02-08,9.7
California,100000,2025-02-08,13.4
California,100000,2025-02-15,1.4
California,100000,2025-02-15,1.5
California,100000,2025-02-15,7.7
California,100000,2025-02-15,10.6
California,100000,2025-02-22,1.4
California,100000,2025-02-22,1.2
California,100000,2025-02-22,6.3
California,100000,2025-02-22,8.9
California,100000,2025-03-01,1.2
California,100000,2025-03-01,0.8
California,100000,2025-03-01,4.7
California,100000,2025-03-01,6.7
California,100000,2025-03-08,0.6
California,100000,2025-03-08,1.1
California,100000,2025-03-08,1.5
California,100000,2025-03-08,3.2
California,100000,2025-03-15,0.9
California,100000,2025-03-15,1.1
California,100000,2025-03-15,2.5
California,100000,2025-03-15,4.5
California,100000,2025-03-22,0.4
California,100000,2025-03-22,1.0
California,100000,2025-03-22,1.6
California,100000,2025-03-22,3.0
California,100000,2025-03-29,0.2
California,100000,2025-03-29,1.3
California,100000,2025-03-29,1.3
California,100000,2025-03-29,2.8000000000000003
California,100000,2025-04-05,0.5
California,100000,2025-04-05,1.0
California,100000,2025-04-05,1.0
California,100000,2025-04-05,2.5
California,100000,2025-04-12,0.4
California,100000,2025-04-12,1.2
California,100000,2025-04-12,0.8
California,100000,2025-04-12,2.4
California,100000,2025-04-19,0.2
California,100000,2025-04-19,1.0
California,100000,2025-04-19,0.8
California,100000,2025-04-19,2.0
California,100000,2025-04-26,0.0
California,100000,2025-04-26,0.9
California,100000,2025-04-26,0.5
California,100000,2025-04-26,1.4
California,100000,2025-05-03,0.1
California,100000,2025-05-03,1.0
California,100000,2025-05-03,0.5
California,100000,2025-05-03,1.6
California,100000,2025-05-10,0.0
California,100000,2025-05-10,1.1
California,100000,2025-05-10,1.1
California,100000,2025-05-17,0.1
California,100000,2025-05-17,1.4
California,100000,2025-05-17,1.5
California,100000,2025-05-24,0.2
California,100000,2025-05-24,1.7
California,100000,2025-05-24,1.9
California,100000,2025-05-31,0.1
California,100000,2025-05-31,1.9
California,100000,2025-05-31,2.0
California,100000,2025-06-07,0.0
California,100000,2025-06-07,1.3
California,100000,2025-06-07,1.3
California,100000,2025-06-14,0.0
California,100000,2025-06-14,1.3
California,100000,2025-06-14,1.3
California,100000,2025-06-21,0.0
California,100000,2025-06-21,1.8
California,100000,2025-06-21,1.8
California,100000,2025-06-28,0.0
California,100000,2025-06-28,2.2
California,100000,2025-06-28,2.2
California,100000,2025-07-05,0.0
California,100000,2025-07-05,1.9
California,100000,2025-07-05,1.9
California,100000,2025-07-12,0.1
California,100000,2025-07-12,2.6
California,100000,2025-07-12,2.7
California,100000,2025-07-19,0.0
California,100000,2025-07-19,2.5
California,100000,2025-07-19,2.5
California,100000,2025-07-26,0.0
California,100000,2025-07-26,2.3
California,100000,2025-07-26,2.3
California,100000,2025-08-02,0.1
California,100000,2025-08-02,2.7
California,100000,2025-08-02,2.8000000000000003
California,100000,2025-08-09,0.0
California,100000,2025-08-09,3.9
California,100000,2025-08-09,3.9
California,100000,2025-08-16,0.1
California,100000,2025-08-16,4.3
California,100000,2025-08-16,4.3999999999999995
California,100000,2025-08-23,0.0
California,100000,2025-08-23,4.5
California,100000,2025-08-23,4.5
California,100000,2025-08-30,0.1
California,100000,2025-08-30,4.5
California,100000,2025-08-30,4.6
California,100000,2025-09-06,0.0
California,100000,2025-09-06,4.5
California,100000,2025-09-06,4.5
California,100000,2025-09-13,0.1
California,100000,2025-09-13,3.9
California,100000,2025-09-13,4.0
California,100000,2025-09-20,0.1
California,100000,2025-09-20,3.5
California,100000,2025-09-20,3.6
California,100000,2025-09-27,0.1
California,100000,2025-09-27,2.1
California,100000,2025-09-27,2.2
California,100000,2025-10-04,0.0
California,100000,2025-10-04,1.6
California,100000,2025-10-04,1.6
California,100000,2025-10-04,0.0
California,100000,2025-10-11,0.1
California,100000,2025-10-11,1.3
California,100000,2025-10-11,1.5000000000000002
California,100000,2025-10-11,0.1
California,100000,2025-10-18,0.0
California,100000,2025-10-18,1.2
California,100000,2025-10-18,1.5
California,100000,2025-10-18,0.3
California,100000,2025-10-25,0.1
California,100000,2025-10-25,1.0
California,100000,2025-10-25,1.3
California,100000,2025-10-25,0.2
California,100000,2025-11-01,0.1
California,100000,2025-11-01,0.7
California,100000,2025-11-01,1.0
California,100000,2025-11-01,0.2
California,100000,2025-11-08,0.1
California,100000,2025-11-08,0.3
California,100000,2025-11-08,0.6
California,100000,2025-11-08,0.2
Colorado,100000,2018-10-06,0.0
Colorado,100000,2018-10-06,0.0
Colorado,100000,2018-10-06,0.0
Colorado,100000,2018-10-13,0.0
Colorado,100000,2018-10-13,0.1
Colorado,100000,2018-10-13,0.1
Colorado,100000,2018-10-20,0.0
Colorado,100000,2018-10-20,0.2
Colorado,100000,2018-10-20,0.2
Colorado,100000,2018-10-27,0.0
Colorado,100000,2018-10-27,0.0
Colorado,100000,2018-10-27,0.0
Colorado,100000,2018-11-03,0.0
Colorado,100000,2018-11-03,0.2
Colorado,100000,2018-11-03,0.2
Colorado,100000,2018-11-10,0.0
Colorado,100000,2018-11-10,0.1
Colorado,100000,2018-11-10,0.1
Colorado,100000,2018-11-17,0.1
Colorado,100000,2018-11-17,0.2
Colorado,100000,2018-11-17,0.3
Colorado,100000,2018-11-24,0.1
Colorado,100000,2018-11-24,0.4
Colorado,100000,2018-11-24,0.5
Colorado,100000,2018-12-01,0.2
Colorado,100000,2018-12-01,0.8
Colorado,100000,2018-12-01,1.0
Colorado,100000,2018-12-08,0.2
Colorado,100000,2018-12-08,2.0
Colorado,100000,2018-12-08,2.2
Colorado,100000,2018-12-15,0.4
Colorado,100000,2018-12-15,2.9
Colorado,100000,2018-12-15,3.3
Colorado,100000,2018-12-22,0.3
Colorado,100000,2018-12-22,5.0
Colorado,100000,2018-12-22,5.3
Colorado,100000,2018-12-29,0.5
Colorado,100000,2018-12-29,6.7
Colorado,100000,2018-12-29,7.2
Colorado,100000,2019-01-05,0.6
Colorado,100000,2019-01-05,5.9
Colorado,100000,2019-01-05,6.5
Colorado,100000,2019-01-12,0.9
Colorado,100000,2019-01-12,4.4
Colorado,100000,2019-01-12,5.300000000000001
Colorado,100000,2019-01-19,1.1
Colorado,100000,2019-01-19,2.6
Colorado,100000,2019-01-19,3.7
Colorado,100000,2019-01-26,1.2
Colorado,100000,2019-01-26,2.3
Colorado,100000,2019-01-26,3.5
Colorado,100000,2019-02-02,1.2
Colorado,100000,2019-02-02,1.9
Colorado,100000,2019-02-02,3.0999999999999996
Colorado,100000,2019-02-09,1.6
Colorado,100000,2019-02-09,2.5
Colorado,100000,2019-02-09,4.1
Colorado,100000,2019-02-16,1.7
Colorado,100000,2019-02-16,2.7
Colorado,100000,2019-02-16,4.4
Colorado,100000,2019-02-23,1.4
Colorado,100000,2019-02-23,3.8
Colorado,100000,2019-02-23,5.199999999999999
Colorado,100000,2019-03-02,1.5
Colorado,100000,2019-03-02,4.4
Colorado,100000,2019-03-02,5.9
Colorado,100000,2019-03-09,1.1
Colorado,100000,2019-03-09,5.5
Colorado,100000,2019-03-09,6.6
Colorado,100000,2019-03-16,0.9
Colorado,100000,2019-03-16,4.2
Colorado,100000,2019-03-16,5.1000000000000005
Colorado,100000,2019-03-23,0.7
Colorado,100000,2019-03-23,4.1
Colorado,100000,2019-03-23,4.8
Colorado,100000,2019-03-30,0.1
Colorado,100000,2019-03-30,2.4
Colorado,100000,2019-03-30,2.5
Colorado,100000,2019-04-06,0.3
Colorado,100000,2019-04-06,1.6
Colorado,100000,2019-04-06,1.9
Colorado,100000,2019-04-13,0.3
Colorado,100000,2019-04-13,0.9
Colorado,100000,2019-04-13,1.2
Colorado,100000,2019-04-20,0.2
Colorado,100000,2019-04-20,0.8
Colorado,100000,2019-04-20,1.0
Colorado,100000,2019-04-27,0.0
Colorado,100000,2019-04-27,0.5
Colorado,100000,2019-04-27,0.5
Colorado,100000,2019-05-04,0.0
Colorado,100000,2019-05-04,0.3
Colorado,100000,2019-05-04,0.3
Colorado,100000,2019-10-05,0.0
Colorado,100000,2019-10-05,0.1
Colorado,100000,2019-10-05,0.1
Colorado,100000,2019-10-12,0.0
Colorado,100000,2019-10-12,0.1
Colorado,100000,2019-10-12,0.1
Colorado,100000,2019-10-19,0.0
Colorado,100000,2019-10-19,0.3
Colorado,100000,2019-10-19,0.3
Colorado,100000,2019-10-26,0.0
Colorado,100000,2019-10-26,0.3
Colorado,100000,2019-10-26,0.3
Colorado,100000,2019-11-02,0.1
Colorado,100000,2019-11-02,0.5
Colorado,100000,2019-11-02,0.4
Colorado,100000,2019-11-09,0.1
Colorado,100000,2019-11-09,0.6
Colorado,100000,2019-11-09,0.5
Colorado,100000,2019-11-16,0.4
Colorado,100000,2019-11-16,0.8
Colorado,100000,2019-11-16,0.4
Colorado,100000,2019-11-23,0.3
Colorado,100000,2019-11-23,1.1
Colorado,100000,2019-11-23,0.8
Colorado,100000,2019-11-30,0.4
Colorado,100000,2019-11-30,1.2000000000000002
Colorado,100000,2019-11-30,0.8
Colorado,100000,2019-12-07,1.0
Colorado,100000,2019-12-07,2.2
Colorado,100000,2019-12-07,1.2
Colorado,100000,2019-12-14,0.7
Colorado,100000,2019-12-14,2.0
Colorado,100000,2019-12-14,1.3
Colorado,100000,2019-12-21,1.6
Colorado,100000,2019-12-21,3.6
Colorado,100000,2019-12-21,2.0
Colorado,100000,2019-12-28,2.1
Colorado,100000,2019-12-28,5.800000000000001
Colorado,100000,2019-12-28,3.7
Colorado,100000,2020-01-04,2.2
Colorado,100000,2020-01-04,6.3
Colorado,100000,2020-01-04,4.1
Colorado,100000,2020-01-11,2.3
Colorado,100000,2020-01-11,6.6
Colorado,100000,2020-01-11,4.3
Colorado,100000,2020-01-18,2.3
Colorado,100000,2020-01-18,6.3
Colorado,100000,2020-01-18,4.0
Colorado,100000,2020-01-25,2.8
Colorado,100000,2020-01-25,7.7
Colorado,100000,2020-01-25,4.9
Colorado,100000,2020-02-01,2.4
Colorado,100000,2020-02-01,7.300000000000001
Colorado,100000,2020-02-01,4.9
Colorado,100000,2020-02-08,1.9
Colorado,100000,2020-02-08,7.300000000000001
Colorado,100000,2020-02-08,5.4
Colorado,100000,2020-02-15,2.2
Colorado,100000,2020-02-15,6.1
Colorado,100000,2020-02-15,3.9
Colorado,100000,2020-02-22,1.4
Colorado,100000,2020-02-22,5.199999999999999
Colorado,100000,2020-02-22,3.8
Colorado,100000,2020-02-29,1.9
Colorado,100000,2020-02-29,4.9
Colorado,100000,2020-02-29,3.0
Colorado,100000,2020-03-07,2.3
Colorado,100000,2020-03-07,0.1
Colorado,100000,2020-03-07,5.5
Colorado,100000,2020-03-07,3.1
Colorado,100000,2020-03-14,1.8
Colorado,100000,2020-03-14,0.9
Colorado,100000,2020-03-14,4.8
Colorado,100000,2020-03-14,2.1
Colorado,100000,2020-03-21,1.5
Colorado,100000,2020-03-21,5.1
Colorado,100000,2020-03-21,7.4
Colorado,100000,2020-03-21,0.8
Colorado,100000,2020-03-28,0.7
Colorado,100000,2020-03-28,15.4
Colorado,100000,2020-03-28,16.3
Colorado,100000,2020-03-28,0.2
Colorado,100000,2020-04-04,0.3
Colorado,100000,2020-04-04,18.4
Colorado,100000,2020-04-04,18.8
Colorado,100000,2020-04-04,0.1
Colorado,100000,2020-04-11,0.2
Colorado,100000,2020-04-11,15.4
Colorado,100000,2020-04-11,15.6
Colorado,100000,2020-04-11,0.0
Colorado,100000,2020-04-18,0.1
Colorado,100000,2020-04-18,15.2
Colorado,100000,2020-04-18,15.3
Colorado,100000,2020-04-18,0.0
Colorado,100000,2020-04-25,0.0
Colorado,100000,2020-04-25,13.8
Colorado,100000,2020-04-25,13.8
Colorado,100000,2020-04-25,0.0
Colorado,100000,2020-05-02,0.0
Colorado,100000,2020-05-02,11.9
Colorado,100000,2020-05-02,11.9
Colorado,100000,2020-05-02,0.0
Colorado,100000,2020-05-09,8.6
Colorado,100000,2020-05-09,8.6
Colorado,100000,2020-05-16,7.9
Colorado,100000,2020-05-16,7.9
Colorado,100000,2020-05-23,7.3
Colorado,100000,2020-05-23,7.3
Colorado,100000,2020-05-30,4.4
Colorado,100000,2020-05-30,4.4
Colorado,100000,2020-06-06,2.6
Colorado,100000,2020-06-06,2.6
Colorado,100000,2020-06-13,2.0
Colorado,100000,2020-06-13,2.0
Colorado,100000,2020-06-20,2.5
Colorado,100000,2020-06-20,2.5
Colorado,100000,2020-06-27,2.7
Colorado,100000,2020-06-27,2.7
Colorado,100000,2020-07-04,3.2
Colorado,100000,2020-07-04,3.2
Colorado,100000,2020-07-11,4.5
Colorado,100000,2020-07-11,4.5
Colorado,100000,2020-07-18,4.8
Colorado,100000,2020-07-18,4.8
Colorado,100000,2020-07-25,4.0
Colorado,100000,2020-07-25,4.0
Colorado,100000,2020-08-01,3.6
Colorado,100000,2020-08-01,3.6
Colorado,100000,2020-08-08,2.9
Colorado,100000,2020-08-08,2.9
Colorado,100000,2020-08-15,2.8
Colorado,100000,2020-08-15,2.8
Colorado,100000,2020-08-22,2.1
Colorado,100000,2020-08-22,2.1
Colorado,100000,2020-08-29,2.6
Colorado,100000,2020-08-29,2.6
Colorado,100000,2020-09-05,2.5
Colorado,100000,2020-09-05,2.5
Colorado,100000,2020-09-12,2.3
Colorado,100000,2020-09-12,2.3
Colorado,100000,2020-09-19,2.9
Colorado,100000,2020-09-19,2.9
Colorado,100000,2020-09-26,4.0
Colorado,100000,2020-09-26,4.0
Colorado,100000,2020-10-03,0.0
Colorado,100000,2020-10-03,4.9
Colorado,100000,2020-10-03,4.9
Colorado,100000,2020-10-10,0.0
Colorado,100000,2020-10-10,6.9
Colorado,100000,2020-10-10,6.9
Colorado,100000,2020-10-17,0.0
Colorado,100000,2020-10-17,8.4
Colorado,100000,2020-10-17,8.4
Colorado,100000,2020-10-24,0.0
Colorado,100000,2020-10-24,11.4
Colorado,100000,2020-10-24,11.4
Colorado,100000,2020-10-31,0.0
Colorado,100000,2020-10-31,14.9
Colorado,100000,2020-10-31,14.9
Colorado,100000,2020-11-07,0.0
Colorado,100000,2020-11-07,21.2
Colorado,100000,2020-11-07,21.2
Colorado,100000,2020-11-14,0.0
Colorado,100000,2020-11-14,28.0
Colorado,100000,2020-11-14,28.0
Colorado,100000,2020-11-21,0.0
Colorado,100000,2020-11-21,27.4
Colorado,100000,2020-11-21,27.4
Colorado,100000,2020-11-28,0.0
Colorado,100000,2020-11-28,25.1
Colorado,100000,2020-11-28,25.1
Colorado,100000,2020-12-05,0.0
Colorado,100000,2020-12-05,23.8
Colorado,100000,2020-12-05,23.8
Colorado,100000,2020-12-12,0.0
Colorado,100000,2020-12-12,20.0
Colorado,100000,2020-12-12,20.0
Colorado,100000,2020-12-19,0.0
Colorado,100000,2020-12-19,15.7
Colorado,100000,2020-12-19,15.7
Colorado,100000,2020-12-26,0.0
Colorado,100000,2020-12-26,13.6
Colorado,100000,2020-12-26,13.6
Colorado,100000,2021-01-02,0.0
Colorado,100000,2021-01-02,12.4
Colorado,100000,2021-01-02,12.4
Colorado,100000,2021-01-09,0.0
Colorado,100000,2021-01-09,12.3
Colorado,100000,2021-01-09,12.3
Colorado,100000,2021-01-16,0.0
Colorado,100000,2021-01-16,11.3
Colorado,100000,2021-01-16,11.3
Colorado,100000,2021-01-23,0.0
Colorado,100000,2021-01-23,9.5
Colorado,100000,2021-01-23,9.5
Colorado,100000,2021-01-30,0.0
Colorado,100000,2021-01-30,8.9
Colorado,100000,2021-01-30,8.9
Colorado,100000,2021-02-06,0.0
Colorado,100000,2021-02-06,7.6
Colorado,100000,2021-02-06,7.6
Colorado,100000,2021-02-13,0.0
Colorado,100000,2021-02-13,6.1
Colorado,100000,2021-02-13,6.1
Colorado,100000,2021-02-20,0.0
Colorado,100000,2021-02-20,6.7
Colorado,100000,2021-02-20,6.7
Colorado,100000,2021-02-27,0.0
Colorado,100000,2021-02-27,6.2
Colorado,100000,2021-02-27,6.2
Colorado,100000,2021-03-06,0.0
Colorado,100000,2021-03-06,5.3
Colorado,100000,2021-03-06,5.3
Colorado,100000,2021-03-13,0.0
Colorado,100000,2021-03-13,5.2
Colorado,100000,2021-03-13,5.2
Colorado,100000,2021-03-20,0.0
Colorado,100000,2021-03-20,5.5
Colorado,100000,2021-03-20,5.5
Colorado,100000,2021-03-27,0.0
Colorado,100000,2021-03-27,6.4
Colorado,100000,2021-03-27,6.4
Colorado,100000,2021-04-03,0.0
Colorado,100000,2021-04-03,6.8
Colorado,100000,2021-04-03,6.8
Colorado,100000,2021-04-10,0.0
Colorado,100000,2021-04-10,8.8
Colorado,100000,2021-04-10,8.8
Colorado,100000,2021-04-17,0.0
Colorado,100000,2021-04-17,10.2
Colorado,100000,2021-04-17,10.2
Colorado,100000,2021-04-24,0.0
Colorado,100000,2021-04-24,10.6
Colorado,100000,2021-04-24,10.6
Colorado,100000,2021-05-01,0.0
Colorado,100000,2021-05-01,11.8
Colorado,100000,2021-05-01,11.8
Colorado,100000,2021-05-08,0.1
Colorado,100000,2021-05-08,11.9
Colorado,100000,2021-05-08,12.0
Colorado,100000,2021-05-15,0.1
Colorado,100000,2021-05-15,8.9
Colorado,100000,2021-05-15,9.0
Colorado,100000,2021-05-22,0.1
Colorado,100000,2021-05-22,8.3
Colorado,100000,2021-05-22,8.4
Colorado,100000,2021-05-29,0.0
Colorado,100000,2021-05-29,6.1
Colorado,100000,2021-05-29,6.1
Colorado,100000,2021-06-05,0.0
Colorado,100000,2021-06-05,4.4
Colorado,100000,2021-06-05,4.4
Colorado,100000,2021-06-12,0.1
Colorado,100000,2021-06-12,3.2
Colorado,100000,2021-06-12,3.3000000000000003
Colorado,100000,2021-06-19,0.1
Colorado,100000,2021-06-19,2.5
Colorado,100000,2021-06-19,2.6
Colorado,100000,2021-06-26,0.1
Colorado,100000,2021-06-26,2.6
Colorado,100000,2021-06-26,2.7
Colorado,100000,2021-07-03,0.1
Colorado,100000,2021-07-03,2.8
Colorado,100000,2021-07-03,2.9
Colorado,100000,2021-07-10,0.2
Colorado,100000,2021-07-10,2.5
Colorado,100000,2021-07-10,2.7
Colorado,100000,2021-07-17,0.3
Colorado,100000,2021-07-17,2.8
Colorado,100000,2021-07-17,3.0999999999999996
Colorado,100000,2021-07-24,0.7
Colorado,100000,2021-07-24,3.3
Colorado,100000,2021-07-24,4.0
Colorado,100000,2021-07-31,0.5
Colorado,100000,2021-07-31,4.6
Colorado,100000,2021-07-31,5.1
Colorado,100000,2021-08-07,0.6
Colorado,100000,2021-08-07,6.0
Colorado,100000,2021-08-07,6.6
Colorado,100000,2021-08-14,0.7
Colorado,100000,2021-08-14,7.6
Colorado,100000,2021-08-14,8.299999999999999
Colorado,100000,2021-08-21,1.0
Colorado,100000,2021-08-21,9.1
Colorado,100000,2021-08-21,10.1
Colorado,100000,2021-08-28,1.1
Colorado,100000,2021-08-28,10.7
Colorado,100000,2021-08-28,11.8
Colorado,100000,2021-09-04,0.9
Colorado,100000,2021-09-04,11.7
Colorado,100000,2021-09-04,12.6
Colorado,100000,2021-09-11,0.7
Colorado,100000,2021-09-11,10.6
Colorado,100000,2021-09-11,11.3
Colorado,100000,2021-09-18,0.9
Colorado,100000,2021-09-18,9.9
Colorado,100000,2021-09-18,10.8
Colorado,100000,2021-09-25,0.6
Colorado,100000,2021-09-25,9.6
Colorado,100000,2021-09-25,10.2
Colorado,100000,2021-10-02,0.7
Colorado,100000,2021-10-02,9.4
Colorado,100000,2021-10-02,10.1
Colorado,100000,2021-10-09,1.0
Colorado,100000,2021-10-09,10.6
Colorado,100000,2021-10-09,11.6
Colorado,100000,2021-10-09,0.0
Colorado,100000,2021-10-16,0.8
Colorado,100000,2021-10-16,11.4
Colorado,100000,2021-10-16,12.2
Colorado,100000,2021-10-16,0.0
Colorado,100000,2021-10-23,1.1
Colorado,100000,2021-10-23,12.9
Colorado,100000,2021-10-23,14.1
Colorado,100000,2021-10-23,0.1
Colorado,100000,2021-10-30,1.2
Colorado,100000,2021-10-30,15.7
Colorado,100000,2021-10-30,17.0
Colorado,100000,2021-10-30,0.1
Colorado,100000,2021-11-06,1.3
Colorado,100000,2021-11-06,16.7
Colorado,100000,2021-11-06,18.0
Colorado,100000,2021-11-06,0.0
Colorado,100000,2021-11-13,1.7
Colorado,100000,2021-11-13,19.2
Colorado,100000,2021-11-13,21.0
Colorado,100000,2021-11-13,0.1
Colorado,100000,2021-11-20,2.4
Colorado,100000,2021-11-20,18.2
Colorado,100000,2021-11-20,20.6
Colorado,100000,2021-11-20,0.0
Colorado,100000,2021-11-27,1.7
Colorado,100000,2021-11-27,17.2
Colorado,100000,2021-11-27,19.0
Colorado,100000,2021-11-27,0.1
Colorado,100000,2021-12-04,2.9
Colorado,100000,2021-12-04,17.0
Colorado,100000,2021-12-04,20.4
Colorado,100000,2021-12-04,0.5
Colorado,100000,2021-12-11,3.6
Colorado,100000,2021-12-11,15.3
Colorado,100000,2021-12-11,19.4
Colorado,100000,2021-12-11,0.5
Colorado,100000,2021-12-18,2.9
Colorado,100000,2021-12-18,12.6
Colorado,100000,2021-12-18,16.4
Colorado,100000,2021-12-18,0.9
Colorado,100000,2021-12-25,2.4
Colorado,100000,2021-12-25,12.7
Colorado,100000,2021-12-25,15.8
Colorado,100000,2021-12-25,0.7
Colorado,100000,2022-01-01,2.9
Colorado,100000,2022-01-01,22.9
Colorado,100000,2022-01-01,27.199999999999996
Colorado,100000,2022-01-01,1.4
Colorado,100000,2022-01-08,2.2
Colorado,100000,2022-01-08,33.7
Colorado,100000,2022-01-08,37.10000000000001
Colorado,100000,2022-01-08,1.2
Colorado,100000,2022-01-15,0.8
Colorado,100000,2022-01-15,31.4
Colorado,100000,2022-01-15,32.9
Colorado,100000,2022-01-15,0.7
Colorado,100000,2022-01-22,0.8
Colorado,100000,2022-01-22,26.4
Colorado,100000,2022-01-22,27.4
Colorado,100000,2022-01-22,0.2
Colorado,100000,2022-01-29,0.4
Colorado,100000,2022-01-29,19.9
Colorado,100000,2022-01-29,20.4
Colorado,100000,2022-01-29,0.1
Colorado,100000,2022-02-05,0.5
Colorado,100000,2022-02-05,11.8
Colorado,100000,2022-02-05,12.4
Colorado,100000,2022-02-05,0.1
Colorado,100000,2022-02-12,0.2
Colorado,100000,2022-02-12,8.0
Colorado,100000,2022-02-12,8.399999999999999
Colorado,100000,2022-02-12,0.2
Colorado,100000,2022-02-19,0.2
Colorado,100000,2022-02-19,4.9
Colorado,100000,2022-02-19,5.2
Colorado,100000,2022-02-19,0.1
Colorado,100000,2022-02-26,0.3
Colorado,100000,2022-02-26,3.4
Colorado,100000,2022-02-26,3.9
Colorado,100000,2022-02-26,0.2
Colorado,100000,2022-03-05,0.4
Colorado,100000,2022-03-05,2.4
Colorado,100000,2022-03-05,3.0
Colorado,100000,2022-03-05,0.2
Colorado,100000,2022-03-12,0.6
Colorado,100000,2022-03-12,2.0
Colorado,100000,2022-03-12,3.0
Colorado,100000,2022-03-12,0.4
Colorado,100000,2022-03-19,0.7
Colorado,100000,2022-03-19,1.6
Colorado,100000,2022-03-19,2.9000000000000004
Colorado,100000,2022-03-19,0.6
Colorado,100000,2022-03-26,0.4
Colorado,100000,2022-03-26,1.1
Colorado,100000,2022-03-26,2.9
Colorado,100000,2022-03-26,1.4
Colorado,100000,2022-04-02,0.4
Colorado,100000,2022-04-02,1.2
Colorado,100000,2022-04-02,3.1
Colorado,100000,2022-04-02,1.5
Colorado,100000,2022-04-09,0.4
Colorado,100000,2022-04-09,1.1
Colorado,100000,2022-04-09,2.6
Colorado,100000,2022-04-09,1.1
Colorado,100000,2022-04-16,0.2
Colorado,100000,2022-04-16,2.2
Colorado,100000,2022-04-16,4.8
Colorado,100000,2022-04-16,2.4
Colorado,100000,2022-04-23,0.4
Colorado,100000,2022-04-23,2.3
Colorado,100000,2022-04-23,5.1
Colorado,100000,2022-04-23,2.4
Colorado,100000,2022-04-30,0.2
Colorado,100000,2022-04-30,2.7
Colorado,100000,2022-04-30,5.7
Colorado,100000,2022-04-30,2.8
Colorado,100000,2022-05-07,0.2
Colorado,100000,2022-05-07,3.7
Colorado,100000,2022-05-07,6.6000000000000005
Colorado,100000,2022-05-07,2.7
Colorado,100000,2022-05-14,0.2
Colorado,100000,2022-05-14,4.2
Colorado,100000,2022-05-14,5.8
Colorado,100000,2022-05-14,1.4
Colorado,100000,2022-05-21,0.3
Colorado,100000,2022-05-21,4.7
Colorado,100000,2022-05-21,6.1000000000000005
Colorado,100000,2022-05-21,1.1
Colorado,100000,2022-05-28,0.1
Colorado,100000,2022-05-28,5.5
Colorado,100000,2022-05-28,6.8999999999999995
Colorado,100000,2022-05-28,1.3
Colorado,100000,2022-06-04,0.3
Colorado,100000,2022-06-04,7.0
Colorado,100000,2022-06-04,7.8
Colorado,100000,2022-06-04,0.5
Colorado,100000,2022-06-11,0.3
Colorado,100000,2022-06-11,9.2
Colorado,100000,2022-06-11,9.8
Colorado,100000,2022-06-11,0.3
Colorado,100000,2022-06-18,0.1
Colorado,100000,2022-06-18,7.2
Colorado,100000,2022-06-18,7.3
Colorado,100000,2022-06-25,0.3
Colorado,100000,2022-06-25,7.3
Colorado,100000,2022-06-25,7.6
Colorado,100000,2022-07-02,0.1
Colorado,100000,2022-07-02,6.6
Colorado,100000,2022-07-02,6.699999999999999
Colorado,100000,2022-07-09,0.1
Colorado,100000,2022-07-09,8.0
Colorado,100000,2022-07-09,8.1
Colorado,100000,2022-07-16,0.2
Colorado,100000,2022-07-16,6.5
Colorado,100000,2022-07-16,6.7
Colorado,100000,2022-07-23,0.2
Colorado,100000,2022-07-23,6.8
Colorado,100000,2022-07-23,7.0
Colorado,100000,2022-07-30,0.2
Colorado,100000,2022-07-30,5.9
Colorado,100000,2022-07-30,6.1000000000000005
Colorado,100000,2022-08-06,0.3
Colorado,100000,2022-08-06,5.6
Colorado,100000,2022-08-06,5.8999999999999995
Colorado,100000,2022-08-13,0.3
Colorado,100000,2022-08-13,5.0
Colorado,100000,2022-08-13,5.3
Colorado,100000,2022-08-20,0.3
Colorado,100000,2022-08-20,4.3
Colorado,100000,2022-08-20,4.6
Colorado,100000,2022-08-27,0.1
Colorado,100000,2022-08-27,4.4
Colorado,100000,2022-08-27,4.5
Colorado,100000,2022-09-03,0.2
Colorado,100000,2022-09-03,3.8
Colorado,100000,2022-09-03,4.0
Colorado,100000,2022-09-10,0.2
Colorado,100000,2022-09-10,3.2
Colorado,100000,2022-09-10,3.4000000000000004
Colorado,100000,2022-09-17,0.5
Colorado,100000,2022-09-17,3.8
Colorado,100000,2022-09-17,4.3
Colorado,100000,2022-09-24,0.8
Colorado,100000,2022-09-24,3.2
Colorado,100000,2022-09-24,4.0
Colorado,100000,2022-10-01,0.9
Colorado,100000,2022-10-01,3.4
Colorado,100000,2022-10-01,4.3
Colorado,100000,2022-10-08,1.7
Colorado,100000,2022-10-08,3.0
Colorado,100000,2022-10-08,0.1
Colorado,100000,2022-10-08,4.8
Colorado,100000,2022-10-15,2.4
Colorado,100000,2022-10-15,3.3
Colorado,100000,2022-10-15,0.1
Colorado,100000,2022-10-15,5.8
Colorado,100000,2022-10-22,4.2
Colorado,100000,2022-10-22,3.5
Colorado,100000,2022-10-22,0.5
Colorado,100000,2022-10-22,8.2
Colorado,100000,2022-10-29,4.6
Colorado,100000,2022-10-29,4.0
Colorado,100000,2022-10-29,0.6
Colorado,100000,2022-10-29,9.2
Colorado,100000,2022-11-05,6.9
Colorado,100000,2022-11-05,6.8
Colorado,100000,2022-11-05,0.9
Colorado,100000,2022-11-05,14.6
Colorado,100000,2022-11-12,11.6
Colorado,100000,2022-11-12,8.8
Colorado,100000,2022-11-12,1.8
Colorado,100000,2022-11-12,22.200000000000003
Colorado,100000,2022-11-19,10.2
Colorado,100000,2022-11-19,8.1
Colorado,100000,2022-11-19,3.8
Colorado,100000,2022-11-19,22.1
Colorado,100000,2022-11-26,10.3
Colorado,100000,2022-11-26,8.9
Colorado,100000,2022-11-26,6.2
Colorado,100000,2022-11-26,25.4
Colorado,100000,2022-12-03,8.9
Colorado,100000,2022-12-03,9.5
Colorado,100000,2022-12-03,7.2
Colorado,100000,2022-12-03,25.6
Colorado,100000,2022-12-10,6.5
Colorado,100000,2022-12-10,8.0
Colorado,100000,2022-12-10,6.3
Colorado,100000,2022-12-10,20.8
Colorado,100000,2022-12-17,5.1
Colorado,100000,2022-12-17,6.7
Colorado,100000,2022-12-17,6.1
Colorado,100000,2022-12-17,17.9
Colorado,100000,2022-12-24,3.2
Colorado,100000,2022-12-24,5.7
Colorado,100000,2022-12-24,5.3
Colorado,100000,2022-12-24,14.2
Colorado,100000,2022-12-31,3.1
Colorado,100000,2022-12-31,5.5
Colorado,100000,2022-12-31,5.0
Colorado,100000,2022-12-31,13.6
Colorado,100000,2023-01-07,2.8
Colorado,100000,2023-01-07,5.7
Colorado,100000,2023-01-07,2.9
Colorado,100000,2023-01-07,11.4
Colorado,100000,2023-01-14,1.8
Colorado,100000,2023-01-14,3.3
Colorado,100000,2023-01-14,1.5
Colorado,100000,2023-01-14,6.6
Colorado,100000,2023-01-21,2.0
Colorado,100000,2023-01-21,3.3
Colorado,100000,2023-01-21,0.7
Colorado,100000,2023-01-21,6.0
Colorado,100000,2023-01-28,1.5
Colorado,100000,2023-01-28,3.4
Colorado,100000,2023-01-28,0.5
Colorado,100000,2023-01-28,5.4
Colorado,100000,2023-02-04,1.1
Colorado,100000,2023-02-04,3.8
Colorado,100000,2023-02-04,0.5
Colorado,100000,2023-02-04,5.4
Colorado,100000,2023-02-11,1.1
Colorado,100000,2023-02-11,3.9
Colorado,100000,2023-02-11,0.4
Colorado,100000,2023-02-11,5.4
Colorado,100000,2023-02-18,1.0
Colorado,100000,2023-02-18,4.7
Colorado,100000,2023-02-18,0.4
Colorado,100000,2023-02-18,6.1000000000000005
Colorado,100000,2023-02-25,0.8
Colorado,100000,2023-02-25,5.3
Colorado,100000,2023-02-25,0.2
Colorado,100000,2023-02-25,6.3
Colorado,100000,2023-03-04,0.4
Colorado,100000,2023-03-04,4.9
Colorado,100000,2023-03-04,0.3
Colorado,100000,2023-03-04,5.6000000000000005
Colorado,100000,2023-03-11,0.5
Colorado,100000,2023-03-11,3.6
Colorado,100000,2023-03-11,0.3
Colorado,100000,2023-03-11,4.4
Colorado,100000,2023-03-18,0.2
Colorado,100000,2023-03-18,4.0
Colorado,100000,2023-03-18,0.2
Colorado,100000,2023-03-18,4.4
Colorado,100000,2023-03-25,0.4
Colorado,100000,2023-03-25,4.0
Colorado,100000,2023-03-25,0.1
Colorado,100000,2023-03-25,4.5
Colorado,100000,2023-04-01,0.3
Colorado,100000,2023-04-01,3.0
Colorado,100000,2023-04-01,0.0
Colorado,100000,2023-04-01,3.3
Colorado,100000,2023-04-08,0.3
Colorado,100000,2023-04-08,2.7
Colorado,100000,2023-04-08,0.1
Colorado,100000,2023-04-08,3.1
Colorado,100000,2023-04-15,0.2
Colorado,100000,2023-04-15,2.7
Colorado,100000,2023-04-15,0.2
Colorado,100000,2023-04-15,3.1000000000000005
Colorado,100000,2023-04-22,0.1
Colorado,100000,2023-04-22,2.6
Colorado,100000,2023-04-22,0.2
Colorado,100000,2023-04-22,2.9000000000000004
Colorado,100000,2023-04-29,0.1
Colorado,100000,2023-04-29,2.1
Colorado,100000,2023-04-29,0.0
Colorado,100000,2023-04-29,2.2
Colorado,100000,2023-05-06,0.1
Colorado,100000,2023-05-06,2.3
Colorado,100000,2023-05-06,0.0
Colorado,100000,2023-05-06,2.4
Colorado,100000,2023-05-13,0.1
Colorado,100000,2023-05-13,1.5
Colorado,100000,2023-05-13,1.6
Colorado,100000,2023-05-20,0.0
Colorado,100000,2023-05-20,1.5
Colorado,100000,2023-05-20,1.5
Colorado,100000,2023-05-27,0.1
Colorado,100000,2023-05-27,1.5
Colorado,100000,2023-05-27,1.6
Colorado,100000,2023-06-03,0.0
Colorado,100000,2023-06-03,1.0
Colorado,100000,2023-06-03,1.0
Colorado,100000,2023-06-10,0.0
Colorado,100000,2023-06-10,1.1
Colorado,100000,2023-06-10,1.1
Colorado,100000,2023-06-17,0.0
Colorado,100000,2023-06-17,0.7
Colorado,100000,2023-06-17,0.7
Colorado,100000,2023-06-24,0.0
Colorado,100000,2023-06-24,1.4
Colorado,100000,2023-06-24,1.4
Colorado,100000,2023-07-01,0.0
Colorado,100000,2023-07-01,1.2
Colorado,100000,2023-07-01,1.2
Colorado,100000,2023-07-08,0.0
Colorado,100000,2023-07-08,0.9
Colorado,100000,2023-07-08,0.9
Colorado,100000,2023-07-15,0.0
Colorado,100000,2023-07-15,1.0
Colorado,100000,2023-07-15,1.0
Colorado,100000,2023-07-22,0.1
Colorado,100000,2023-07-22,1.1
Colorado,100000,2023-07-22,1.2000000000000002
Colorado,100000,2023-07-29,0.1
Colorado,100000,2023-07-29,0.9
Colorado,100000,2023-07-29,1.0
Colorado,100000,2023-08-05,0.1
Colorado,100000,2023-08-05,1.7
Colorado,100000,2023-08-05,1.8
Colorado,100000,2023-08-12,0.1
Colorado,100000,2023-08-12,1.8
Colorado,100000,2023-08-12,1.9
Colorado,100000,2023-08-19,0.0
Colorado,100000,2023-08-19,2.0
Colorado,100000,2023-08-19,2.0
Colorado,100000,2023-08-26,0.0
Colorado,100000,2023-08-26,2.9
Colorado,100000,2023-08-26,2.9
Colorado,100000,2023-09-02,0.0
Colorado,100000,2023-09-02,3.0
Colorado,100000,2023-09-02,3.0
Colorado,100000,2023-09-09,0.1
Colorado,100000,2023-09-09,3.4
Colorado,100000,2023-09-09,3.5
Colorado,100000,2023-09-16,0.2
Colorado,100000,2023-09-16,3.9
Colorado,100000,2023-09-16,4.1
Colorado,100000,2023-09-23,0.1
Colorado,100000,2023-09-23,3.7
Colorado,100000,2023-09-23,3.8
Colorado,100000,2023-09-30,0.2
Colorado,100000,2023-09-30,5.0
Colorado,100000,2023-09-30,5.2
Colorado,100000,2023-10-07,0.3
Colorado,100000,2023-10-07,5.1
Colorado,100000,2023-10-07,5.499999999999999
Colorado,100000,2023-10-07,0.1
Colorado,100000,2023-10-14,0.6
Colorado,100000,2023-10-14,6.1
Colorado,100000,2023-10-14,7.1
Colorado,100000,2023-10-14,0.4
Colorado,100000,2023-10-21,0.8
Colorado,100000,2023-10-21,6.1
Colorado,100000,2023-10-21,7.4
Colorado,100000,2023-10-21,0.5
Colorado,100000,2023-10-28,0.8
Colorado,100000,2023-10-28,6.4
Colorado,100000,2023-10-28,8.0
Colorado,100000,2023-10-28,0.8
Colorado,100000,2023-11-04,1.0
Colorado,100000,2023-11-04,6.2
Colorado,100000,2023-11-04,8.0
Colorado,100000,2023-11-04,0.8
Colorado,100000,2023-11-11,2.2
Colorado,100000,2023-11-11,5.4
Colorado,100000,2023-11-11,9.0
Colorado,100000,2023-11-11,1.4
Colorado,100000,2023-11-18,2.2
Colorado,100000,2023-11-18,5.8
Colorado,100000,2023-11-18,9.6
Colorado,100000,2023-11-18,1.6
Colorado,100000,2023-11-25,3.1
Colorado,100000,2023-11-25,5.8
Colorado,100000,2023-11-25,11.9
Colorado,100000,2023-11-25,3.0
Colorado,100000,2023-12-02,3.8
Colorado,100000,2023-12-02,6.6
Colorado,100000,2023-12-02,13.5
Colorado,100000,2023-12-02,3.1
Colorado,100000,2023-12-09,4.8
Colorado,100000,2023-12-09,5.3
Colorado,100000,2023-12-09,13.4
Colorado,100000,2023-12-09,3.3
Colorado,100000,2023-12-16,5.5
Colorado,100000,2023-12-16,4.3
Colorado,100000,2023-12-16,13.8
Colorado,100000,2023-12-16,4.0
Colorado,100000,2023-12-23,6.9
Colorado,100000,2023-12-23,5.1
Colorado,100000,2023-12-23,18.0
Colorado,100000,2023-12-23,6.0
Colorado,100000,2023-12-30,7.8
Colorado,100000,2023-12-30,5.8
Colorado,100000,2023-12-30,19.8
Colorado,100000,2023-12-30,6.2
Colorado,100000,2024-01-06,6.4
Colorado,100000,2024-01-06,6.0
Colorado,100000,2024-01-06,17.9
Colorado,100000,2024-01-06,5.5
Colorado,100000,2024-01-13,5.1
Colorado,100000,2024-01-13,5.1
Colorado,100000,2024-01-13,15.999999999999998
Colorado,100000,2024-01-13,5.8
Colorado,100000,2024-01-20,4.6
Colorado,100000,2024-01-20,4.1
Colorado,100000,2024-01-20,12.999999999999998
Colorado,100000,2024-01-20,4.3
Colorado,100000,2024-01-27,4.3
Colorado,100000,2024-01-27,3.7
Colorado,100000,2024-01-27,12.1
Colorado,100000,2024-01-27,4.1
Colorado,100000,2024-02-03,3.6
Colorado,100000,2024-02-03,3.5
Colorado,100000,2024-02-03,10.4
Colorado,100000,2024-02-03,3.3
Colorado,100000,2024-02-10,3.6
Colorado,100000,2024-02-10,2.7
Colorado,100000,2024-02-10,9.2
Colorado,100000,2024-02-10,2.9
Colorado,100000,2024-02-17,3.5
Colorado,100000,2024-02-17,2.7
Colorado,100000,2024-02-17,8.6
Colorado,100000,2024-02-17,2.4
Colorado,100000,2024-02-24,3.2
Colorado,100000,2024-02-24,2.7
Colorado,100000,2024-02-24,8.4
Colorado,100000,2024-02-24,2.5
Colorado,100000,2024-03-02,2.1
Colorado,100000,2024-03-02,2.3
Colorado,100000,2024-03-02,5.9
Colorado,100000,2024-03-02,1.5
Colorado,100000,2024-03-09,1.7
Colorado,100000,2024-03-09,2.1
Colorado,100000,2024-03-09,5.4
Colorado,100000,2024-03-09,1.6
Colorado,100000,2024-03-16,1.6
Colorado,100000,2024-03-16,1.7
Colorado,100000,2024-03-16,5.1
Colorado,100000,2024-03-16,1.8
Colorado,100000,2024-03-23,1.2
Colorado,100000,2024-03-23,1.6
Colorado,100000,2024-03-23,4.6000000000000005
Colorado,100000,2024-03-23,1.8
Colorado,100000,2024-03-30,1.5
Colorado,100000,2024-03-30,1.3
Colorado,100000,2024-03-30,3.9
Colorado,100000,2024-03-30,1.1
Colorado,100000,2024-04-06,0.7
Colorado,100000,2024-04-06,1.7
Colorado,100000,2024-04-06,3.5999999999999996
Colorado,100000,2024-04-06,1.2
Colorado,100000,2024-04-13,0.5
Colorado,100000,2024-04-13,1.0
Colorado,100000,2024-04-13,2.6
Colorado,100000,2024-04-13,1.1
Colorado,100000,2024-04-20,0.4
Colorado,100000,2024-04-20,1.0
Colorado,100000,2024-04-20,2.2
Colorado,100000,2024-04-20,0.8
Colorado,100000,2024-04-27,0.4
Colorado,100000,2024-04-27,1.0
Colorado,100000,2024-04-27,2.1
Colorado,100000,2024-04-27,0.7
Colorado,100000,2024-05-04,0.3
Colorado,100000,2024-05-04,0.7
Colorado,100000,2024-05-04,1.5
Colorado,100000,2024-05-04,0.5
Colorado,100000,2024-05-11,0.1
Colorado,100000,2024-05-11,1.1
Colorado,100000,2024-05-11,1.7000000000000002
Colorado,100000,2024-05-11,0.5
Colorado,100000,2024-05-18,0.3
Colorado,100000,2024-05-18,1.6
Colorado,100000,2024-05-18,2.4
Colorado,100000,2024-05-18,0.5
Colorado,100000,2024-05-25,0.1
Colorado,100000,2024-05-25,1.5
Colorado,100000,2024-05-25,1.9
Colorado,100000,2024-05-25,0.3
Colorado,100000,2024-06-01,0.2
Colorado,100000,2024-06-01,1.9
Colorado,100000,2024-06-01,2.4
Colorado,100000,2024-06-01,0.3
Colorado,100000,2024-06-08,0.0
Colorado,100000,2024-06-08,1.6
Colorado,100000,2024-06-08,1.7000000000000002
Colorado,100000,2024-06-08,0.1
Colorado,100000,2024-06-15,0.1
Colorado,100000,2024-06-15,2.1
Colorado,100000,2024-06-15,2.2
Colorado,100000,2024-06-15,0.0
Colorado,100000,2024-06-22,0.1
Colorado,100000,2024-06-22,1.7
Colorado,100000,2024-06-22,1.9
Colorado,100000,2024-06-22,0.1
Colorado,100000,2024-06-29,0.0
Colorado,100000,2024-06-29,2.0
Colorado,100000,2024-06-29,2.1
Colorado,100000,2024-06-29,0.1
Colorado,100000,2024-07-06,0.1
Colorado,100000,2024-07-06,2.4
Colorado,100000,2024-07-06,2.6
Colorado,100000,2024-07-06,0.1
Colorado,100000,2024-07-13,0.0
Colorado,100000,2024-07-13,3.2
Colorado,100000,2024-07-13,3.3000000000000003
Colorado,100000,2024-07-13,0.1
Colorado,100000,2024-07-20,0.0
Colorado,100000,2024-07-20,2.8
Colorado,100000,2024-07-20,2.8
Colorado,100000,2024-07-20,0.0
Colorado,100000,2024-07-27,0.0
Colorado,100000,2024-07-27,3.9
Colorado,100000,2024-07-27,4.0
Colorado,100000,2024-07-27,0.1
Colorado,100000,2024-08-03,0.0
Colorado,100000,2024-08-03,3.8
Colorado,100000,2024-08-03,3.9
Colorado,100000,2024-08-03,0.1
Colorado,100000,2024-08-10,0.0
Colorado,100000,2024-08-10,4.0
Colorado,100000,2024-08-10,4.1
Colorado,100000,2024-08-10,0.1
Colorado,100000,2024-08-17,0.0
Colorado,100000,2024-08-17,3.8
Colorado,100000,2024-08-17,3.8
Colorado,100000,2024-08-17,0.0
Colorado,100000,2024-08-24,0.0
Colorado,100000,2024-08-24,3.2
Colorado,100000,2024-08-24,3.3000000000000003
Colorado,100000,2024-08-24,0.1
Colorado,100000,2024-08-31,0.1
Colorado,100000,2024-08-31,3.7
Colorado,100000,2024-08-31,3.8
Colorado,100000,2024-08-31,0.0
Colorado,100000,2024-09-07,0.0
Colorado,100000,2024-09-07,4.8
Colorado,100000,2024-09-07,4.8
Colorado,100000,2024-09-07,0.0
Colorado,100000,2024-09-14,0.0
Colorado,100000,2024-09-14,4.2
Colorado,100000,2024-09-14,4.2
Colorado,100000,2024-09-14,0.0
Colorado,100000,2024-09-21,0.0
Colorado,100000,2024-09-21,3.7
Colorado,100000,2024-09-21,3.7
Colorado,100000,2024-09-21,0.0
Colorado,100000,2024-09-28,0.0
Colorado,100000,2024-09-28,2.9
Colorado,100000,2024-09-28,3.0
Colorado,100000,2024-09-28,0.1
Colorado,100000,2024-10-05,0.0
Colorado,100000,2024-10-05,2.8
Colorado,100000,2024-10-05,0.0
Colorado,100000,2024-10-05,2.8
Colorado,100000,2024-10-12,0.1
Colorado,100000,2024-10-12,2.8
Colorado,100000,2024-10-12,0.2
Colorado,100000,2024-10-12,3.1
Colorado,100000,2024-10-19,0.2
Colorado,100000,2024-10-19,1.9
Colorado,100000,2024-10-19,0.1
Colorado,100000,2024-10-19,2.2
Colorado,100000,2024-10-26,0.1
Colorado,100000,2024-10-26,2.5
Colorado,100000,2024-10-26,0.1
Colorado,100000,2024-10-26,2.7
Colorado,100000,2024-11-02,0.1
Colorado,100000,2024-11-02,2.2
Colorado,100000,2024-11-02,0.3
Colorado,100000,2024-11-02,2.6
Colorado,100000,2024-11-09,0.3
Colorado,100000,2024-11-09,2.1
Colorado,100000,2024-11-09,0.2
Colorado,100000,2024-11-09,2.6
Colorado,100000,2024-11-16,0.5
Colorado,100000,2024-11-16,2.3
Colorado,100000,2024-11-16,0.3
Colorado,100000,2024-11-16,3.0999999999999996
Colorado,100000,2024-11-23,0.7
Colorado,100000,2024-11-23,1.6
Colorado,100000,2024-11-23,0.5
Colorado,100000,2024-11-23,2.8
Colorado,100000,2024-11-30,0.6
Colorado,100000,2024-11-30,2.4
Colorado,100000,2024-11-30,0.6
Colorado,100000,2024-11-30,3.6
Colorado,100000,2024-12-07,1.0
Colorado,100000,2024-12-07,2.1
Colorado,100000,2024-12-07,1.1
Colorado,100000,2024-12-07,4.2
Colorado,100000,2024-12-14,2.0
Colorado,100000,2024-12-14,3.1
Colorado,100000,2024-12-14,2.0
Colorado,100000,2024-12-14,7.1
Colorado,100000,2024-12-21,2.5
Colorado,100000,2024-12-21,3.4
Colorado,100000,2024-12-21,3.4
Colorado,100000,2024-12-21,9.3
Colorado,100000,2024-12-28,4.2
Colorado,100000,2024-12-28,3.8
Colorado,100000,2024-12-28,6.8
Colorado,100000,2024-12-28,14.8
Colorado,100000,2025-01-04,3.6
Colorado,100000,2025-01-04,3.9
Colorado,100000,2025-01-04,8.7
Colorado,100000,2025-01-04,16.2
Colorado,100000,2025-01-11,4.0
Colorado,100000,2025-01-11,3.5
Colorado,100000,2025-01-11,7.2
Colorado,100000,2025-01-11,14.7
Colorado,100000,2025-01-18,4.5
Colorado,100000,2025-01-18,1.9
Colorado,100000,2025-01-18,6.3
Colorado,100000,2025-01-18,12.7
Colorado,100000,2025-01-25,5.2
Colorado,100000,2025-01-25,2.8
Colorado,100000,2025-01-25,7.3
Colorado,100000,2025-01-25,15.3
Colorado,100000,2025-02-01,5.3
Colorado,100000,2025-02-01,2.2
Colorado,100000,2025-02-01,8.0
Colorado,100000,2025-02-01,15.5
Colorado,100000,2025-02-08,5.7
Colorado,100000,2025-02-08,2.1
Colorado,100000,2025-02-08,9.1
Colorado,100000,2025-02-08,16.9
Colorado,100000,2025-02-15,5.5
Colorado,100000,2025-02-15,2.3
Colorado,100000,2025-02-15,6.8
Colorado,100000,2025-02-15,14.6
Colorado,100000,2025-02-22,6.0
Colorado,100000,2025-02-22,1.4
Colorado,100000,2025-02-22,6.4
Colorado,100000,2025-02-22,13.8
Colorado,100000,2025-03-01,5.6
Colorado,100000,2025-03-01,1.5
Colorado,100000,2025-03-01,4.5
Colorado,100000,2025-03-01,11.6
Colorado,100000,2025-03-08,4.4
Colorado,100000,2025-03-08,1.6
Colorado,100000,2025-03-08,3.4
Colorado,100000,2025-03-08,9.4
Colorado,100000,2025-03-15,4.3
Colorado,100000,2025-03-15,1.4
Colorado,100000,2025-03-15,2.5
Colorado,100000,2025-03-15,8.2
Colorado,100000,2025-03-22,2.7
Colorado,100000,2025-03-22,1.3
Colorado,100000,2025-03-22,1.9
Colorado,100000,2025-03-22,5.9
Colorado,100000,2025-03-29,2.5
Colorado,100000,2025-03-29,1.2
Colorado,100000,2025-03-29,1.7
Colorado,100000,2025-03-29,5.4
Colorado,100000,2025-04-05,1.8
Colorado,100000,2025-04-05,1.2
Colorado,100000,2025-04-05,1.3
Colorado,100000,2025-04-05,4.3
Colorado,100000,2025-04-12,1.2
Colorado,100000,2025-04-12,1.1
Colorado,100000,2025-04-12,0.7
Colorado,100000,2025-04-12,3.0
Colorado,100000,2025-04-19,0.8
Colorado,100000,2025-04-19,0.6
Colorado,100000,2025-04-19,0.6
Colorado,100000,2025-04-19,2.0
Colorado,100000,2025-04-26,0.8
Colorado,100000,2025-04-26,0.8
Colorado,100000,2025-04-26,0.9
Colorado,100000,2025-04-26,2.5
Colorado,100000,2025-05-03,0.6
Colorado,100000,2025-05-03,0.9
Colorado,100000,2025-05-03,0.2
Colorado,100000,2025-05-03,1.7000000000000002
Colorado,100000,2025-05-10,0.4
Colorado,100000,2025-05-10,0.5
Colorado,100000,2025-05-10,0.9
Colorado,100000,2025-05-17,0.2
Colorado,100000,2025-05-17,1.1
Colorado,100000,2025-05-17,1.3
Colorado,100000,2025-05-24,0.2
Colorado,100000,2025-05-24,1.1
Colorado,100000,2025-05-24,1.3
Colorado,100000,2025-05-31,0.2
Colorado,100000,2025-05-31,0.8
Colorado,100000,2025-05-31,1.0
Colorado,100000,2025-06-07,0.1
Colorado,100000,2025-06-07,0.7
Colorado,100000,2025-06-07,0.7999999999999999
Colorado,100000,2025-06-14,0.0
Colorado,100000,2025-06-14,0.8
Colorado,100000,2025-06-14,0.8
Colorado,100000,2025-06-21,0.0
Colorado,100000,2025-06-21,0.9
Colorado,100000,2025-06-21,0.9
Colorado,100000,2025-06-28,0.0
Colorado,100000,2025-06-28,0.7
Colorado,100000,2025-06-28,0.7
Colorado,100000,2025-07-05,0.0
Colorado,100000,2025-07-05,0.7
Colorado,100000,2025-07-05,0.7
Colorado,100000,2025-07-12,0.0
Colorado,100000,2025-07-12,0.8
Colorado,100000,2025-07-12,0.8
Colorado,100000,2025-07-19,0.0
Colorado,100000,2025-07-19,1.1
Colorado,100000,2025-07-19,1.1
Colorado,100000,2025-07-26,0.0
Colorado,100000,2025-07-26,1.1
Colorado,100000,2025-07-26,1.1
Colorado,100000,2025-08-02,0.0
Colorado,100000,2025-08-02,0.9
Colorado,100000,2025-08-02,0.9
Colorado,100000,2025-08-09,0.0
Colorado,100000,2025-08-09,1.8
Colorado,100000,2025-08-09,1.8
Colorado,100000,2025-08-16,0.0
Colorado,100000,2025-08-16,2.4
Colorado,100000,2025-08-16,2.4
Colorado,100000,2025-08-23,0.0
Colorado,100000,2025-08-23,1.5
Colorado,100000,2025-08-23,1.5
Colorado,100000,2025-08-30,0.0
Colorado,100000,2025-08-30,1.9
Colorado,100000,2025-08-30,1.9
Colorado,100000,2025-09-06,0.0
Colorado,100000,2025-09-06,1.8
Colorado,100000,2025-09-06,1.8
Colorado,100000,2025-09-13,0.0
Colorado,100000,2025-09-13,2.1
Colorado,100000,2025-09-13,2.1
Colorado,100000,2025-09-20,0.0
Colorado,100000,2025-09-20,2.2
Colorado,100000,2025-09-20,2.2
Colorado,100000,2025-09-27,0.0
Colorado,100000,2025-09-27,1.5
Colorado,100000,2025-09-27,1.5
Colorado,100000,2025-10-04,0.0
Colorado,100000,2025-10-04,1.9
Colorado,100000,2025-10-04,0.2
Colorado,100000,2025-10-04,2.1
Colorado,100000,2025-10-11,0.0
Colorado,100000,2025-10-11,1.3
Colorado,100000,2025-10-11,0.1
Colorado,100000,2025-10-11,1.4
Colorado,100000,2025-10-18,0.1
Colorado,100000,2025-10-18,1.1
Colorado,100000,2025-10-18,0.1
Colorado,100000,2025-10-18,1.3000000000000005
Colorado,100000,2025-10-25,0.1
Colorado,100000,2025-10-25,0.9
Colorado,100000,2025-10-25,0.2
Colorado,100000,2025-10-25,1.2000000000000002
Colorado,100000,2025-11-01,0.0
Colorado,100000,2025-11-01,0.6
Colorado,100000,2025-11-01,0.4
Colorado,100000,2025-11-01,1.0
Colorado,100000,2025-11-08,0.1
Colorado,100000,2025-11-08,0.6
Colorado,100000,2025-11-08,0.9
Colorado,100000,2025-11-08,1.6
Connecticut,100000,2018-10-06,0.0
Connecticut,100000,2018-10-06,0.1
Connecticut,100000,2018-10-06,0.1
Connecticut,100000,2018-10-13,0.2
Connecticut,100000,2018-10-13,0.2
Connecticut,100000,2018-10-13,0.4
Connecticut,100000,2018-10-20,0.4
Connecticut,100000,2018-10-20,0.0
Connecticut,100000,2018-10-20,0.4
Connecticut,100000,2018-10-27,0.2
Connecticut,100000,2018-10-27,0.1
Connecticut,100000,2018-10-27,0.3
Connecticut,100000,2018-11-03,0.2
Connecticut,100000,2018-11-03,0.4
Connecticut,100000,2018-11-03,0.6000000000000001
Connecticut,100000,2018-11-10,0.4
Connecticut,100000,2018-11-10,0.0
Connecticut,100000,2018-11-10,0.4
Connecticut,100000,2018-11-17,0.4
Connecticut,100000,2018-11-17,0.1
Connecticut,100000,2018-11-17,0.5
Connecticut,100000,2018-11-24,0.6
Connecticut,100000,2018-11-24,0.3
Connecticut,100000,2018-11-24,0.8999999999999999
Connecticut,100000,2018-12-01,1.1
Connecticut,100000,2018-12-01,0.2
Connecticut,100000,2018-12-01,1.3
Connecticut,100000,2018-12-08,0.7
Connecticut,100000,2018-12-08,0.3
Connecticut,100000,2018-12-08,1.0
Connecticut,100000,2018-12-15,0.7
Connecticut,100000,2018-12-15,1.1
Connecticut,100000,2018-12-15,1.8
Connecticut,100000,2018-12-22,2.2
Connecticut,100000,2018-12-22,2.5
Connecticut,100000,2018-12-22,4.7
Connecticut,100000,2018-12-29,4.4
Connecticut,100000,2018-12-29,5.0
Connecticut,100000,2018-12-29,9.4
Connecticut,100000,2019-01-05,3.3
Connecticut,100000,2019-01-05,5.5
Connecticut,100000,2019-01-05,8.8
Connecticut,100000,2019-01-12,3.4
Connecticut,100000,2019-01-12,5.3
Connecticut,100000,2019-01-12,8.7
Connecticut,100000,2019-01-19,1.8
Connecticut,100000,2019-01-19,5.8
Connecticut,100000,2019-01-19,7.6
Connecticut,100000,2019-01-26,1.5
Connecticut,100000,2019-01-26,5.5
Connecticut,100000,2019-01-26,7.0
Connecticut,100000,2019-02-02,2.7
Connecticut,100000,2019-02-02,9.4
Connecticut,100000,2019-02-02,12.1
Connecticut,100000,2019-02-09,0.9
Connecticut,100000,2019-02-09,10.3
Connecticut,100000,2019-02-09,11.2
Connecticut,100000,2019-02-16,1.2
Connecticut,100000,2019-02-16,8.3
Connecticut,100000,2019-02-16,9.5
Connecticut,100000,2019-02-23,1.4
Connecticut,100000,2019-02-23,7.2
Connecticut,100000,2019-02-23,8.6
Connecticut,100000,2019-03-02,0.4
Connecticut,100000,2019-03-02,5.8
Connecticut,100000,2019-03-02,6.2
Connecticut,100000,2019-03-09,0.5
Connecticut,100000,2019-03-09,6.8
Connecticut,100000,2019-03-09,7.3
Connecticut,100000,2019-03-16,0.9
Connecticut,100000,2019-03-16,6.5
Connecticut,100000,2019-03-16,7.4
Connecticut,100000,2019-03-23,0.4
Connecticut,100000,2019-03-23,4.8
Connecticut,100000,2019-03-23,5.2
Connecticut,100000,2019-03-30,0.2
Connecticut,100000,2019-03-30,7.1
Connecticut,100000,2019-03-30,7.3
Connecticut,100000,2019-04-06,0.2
Connecticut,100000,2019-04-06,5.2
Connecticut,100000,2019-04-06,5.4
Connecticut,100000,2019-04-13,0.2
Connecticut,100000,2019-04-13,3.9
Connecticut,100000,2019-04-13,4.1
Connecticut,100000,2019-04-20,0.0
Connecticut,100000,2019-04-20,3.3
Connecticut,100000,2019-04-20,3.3
Connecticut,100000,2019-04-27,0.2
Connecticut,100000,2019-04-27,1.6
Connecticut,100000,2019-04-27,1.8
Connecticut,100000,2019-05-04,0.0
Connecticut,100000,2019-05-04,0.5
Connecticut,100000,2019-05-04,0.5
Connecticut,100000,2019-10-05,0.1
Connecticut,100000,2019-10-05,0.3
Connecticut,100000,2019-10-05,0.2
Connecticut,100000,2019-10-12,0.4
Connecticut,100000,2019-10-12,0.6000000000000001
Connecticut,100000,2019-10-12,0.2
Connecticut,100000,2019-10-19,0.1
Connecticut,100000,2019-10-19,0.4
Connecticut,100000,2019-10-19,0.3
Connecticut,100000,2019-10-26,0.4
Connecticut,100000,2019-10-26,0.4
Connecticut,100000,2019-10-26,0.0
Connecticut,100000,2019-11-02,0.5
Connecticut,100000,2019-11-02,0.5
Connecticut,100000,2019-11-02,0.0
Connecticut,100000,2019-11-09,0.4
Connecticut,100000,2019-11-09,0.9
Connecticut,100000,2019-11-09,0.5
Connecticut,100000,2019-11-16,0.4
Connecticut,100000,2019-11-16,0.5
Connecticut,100000,2019-11-16,0.1
Connecticut,100000,2019-11-23,0.8
Connecticut,100000,2019-11-23,0.9
Connecticut,100000,2019-11-23,0.1
Connecticut,100000,2019-11-30,0.6
Connecticut,100000,2019-11-30,1.0
Connecticut,100000,2019-11-30,0.4
Connecticut,100000,2019-12-07,1.1
Connecticut,100000,2019-12-07,1.5
Connecticut,100000,2019-12-07,0.4
Connecticut,100000,2019-12-14,3.2
Connecticut,100000,2019-12-14,4.7
Connecticut,100000,2019-12-14,1.5
Connecticut,100000,2019-12-21,2.9
Connecticut,100000,2019-12-21,5.199999999999999
Connecticut,100000,2019-12-21,2.3
Connecticut,100000,2019-12-28,3.3
Connecticut,100000,2019-12-28,7.7
Connecticut,100000,2019-12-28,4.4
Connecticut,100000,2020-01-04,3.6
Connecticut,100000,2020-01-04,10.7
Connecticut,100000,2020-01-04,7.1
Connecticut,100000,2020-01-11,2.3
Connecticut,100000,2020-01-11,8.7
Connecticut,100000,2020-01-11,6.4
Connecticut,100000,2020-01-18,2.1
Connecticut,100000,2020-01-18,7.699999999999999
Connecticut,100000,2020-01-18,5.6
Connecticut,100000,2020-01-25,1.5
Connecticut,100000,2020-01-25,11.1
Connecticut,100000,2020-01-25,9.6
Connecticut,100000,2020-02-01,1.6
Connecticut,100000,2020-02-01,12.6
Connecticut,100000,2020-02-01,11.0
Connecticut,100000,2020-02-08,0.7
Connecticut,100000,2020-02-08,14.9
Connecticut,100000,2020-02-08,14.2
Connecticut,100000,2020-02-15,1.8
Connecticut,100000,2020-02-15,12.0
Connecticut,100000,2020-02-15,10.2
Connecticut,100000,2020-02-22,0.7
Connecticut,100000,2020-02-22,9.3
Connecticut,100000,2020-02-22,8.6
Connecticut,100000,2020-02-29,0.9
Connecticut,100000,2020-02-29,8.1
Connecticut,100000,2020-02-29,7.2
Connecticut,100000,2020-03-07,0.8
Connecticut,100000,2020-03-07,0.0
Connecticut,100000,2020-03-07,7.6
Connecticut,100000,2020-03-07,6.8
Connecticut,100000,2020-03-14,0.9
Connecticut,100000,2020-03-14,1.0
Connecticut,100000,2020-03-14,5.800000000000001
Connecticut,100000,2020-03-14,3.9
Connecticut,100000,2020-03-21,0.7
Connecticut,100000,2020-03-21,4.5
Connecticut,100000,2020-03-21,6.6000000000000005
Connecticut,100000,2020-03-21,1.4
Connecticut,100000,2020-03-28,0.4
Connecticut,100000,2020-03-28,19.8
Connecticut,100000,2020-03-28,20.5
Connecticut,100000,2020-03-28,0.3
Connecticut,100000,2020-04-04,0.0
Connecticut,100000,2020-04-04,36.0
Connecticut,100000,2020-04-04,36.0
Connecticut,100000,2020-04-04,0.0
Connecticut,100000,2020-04-11,0.0
Connecticut,100000,2020-04-11,41.0
Connecticut,100000,2020-04-11,41.1
Connecticut,100000,2020-04-11,0.1
Connecticut,100000,2020-04-18,0.0
Connecticut,100000,2020-04-18,40.1
Connecticut,100000,2020-04-18,40.2
Connecticut,100000,2020-04-18,0.1
Connecticut,100000,2020-04-25,0.0
Connecticut,100000,2020-04-25,31.9
Connecticut,100000,2020-04-25,31.9
Connecticut,100000,2020-04-25,0.0
Connecticut,100000,2020-05-02,0.0
Connecticut,100000,2020-05-02,28.5
Connecticut,100000,2020-05-02,28.5
Connecticut,100000,2020-05-02,0.0
Connecticut,100000,2020-05-09,24.2
Connecticut,100000,2020-05-09,24.2
Connecticut,100000,2020-05-16,18.1
Connecticut,100000,2020-05-16,18.1
Connecticut,100000,2020-05-23,13.3
Connecticut,100000,2020-05-23,13.3
Connecticut,100000,2020-05-30,8.7
Connecticut,100000,2020-05-30,8.7
Connecticut,100000,2020-06-06,6.1
Connecticut,100000,2020-06-06,6.1
Connecticut,100000,2020-06-13,3.5
Connecticut,100000,2020-06-13,3.5
Connecticut,100000,2020-06-20,2.2
Connecticut,100000,2020-06-20,2.2
Connecticut,100000,2020-06-27,1.6
Connecticut,100000,2020-06-27,1.6
Connecticut,100000,2020-07-04,1.9
Connecticut,100000,2020-07-04,1.9
Connecticut,100000,2020-07-11,2.9
Connecticut,100000,2020-07-11,2.9
Connecticut,100000,2020-07-18,1.7
Connecticut,100000,2020-07-18,1.7
Connecticut,100000,2020-07-25,2.7
Connecticut,100000,2020-07-25,2.7
Connecticut,100000,2020-08-01,2.3
Connecticut,100000,2020-08-01,2.3
Connecticut,100000,2020-08-08,2.3
Connecticut,100000,2020-08-08,2.3
Connecticut,100000,2020-08-15,1.9
Connecticut,100000,2020-08-15,1.9
Connecticut,100000,2020-08-22,2.6
Connecticut,100000,2020-08-22,2.6
Connecticut,100000,2020-08-29,1.8
Connecticut,100000,2020-08-29,1.8
Connecticut,100000,2020-09-05,2.0
Connecticut,100000,2020-09-05,2.0
Connecticut,100000,2020-09-12,1.8
Connecticut,100000,2020-09-12,1.8
Connecticut,100000,2020-09-19,2.7
Connecticut,100000,2020-09-19,2.7
Connecticut,100000,2020-09-26,2.2
Connecticut,100000,2020-09-26,2.2
Connecticut,100000,2020-10-03,0.0
Connecticut,100000,2020-10-03,3.2
Connecticut,100000,2020-10-03,3.2
Connecticut,100000,2020-10-10,0.0
Connecticut,100000,2020-10-10,4.0
Connecticut,100000,2020-10-10,4.0
Connecticut,100000,2020-10-17,0.0
Connecticut,100000,2020-10-17,4.3
Connecticut,100000,2020-10-17,4.3
Connecticut,100000,2020-10-24,0.0
Connecticut,100000,2020-10-24,5.9
Connecticut,100000,2020-10-24,5.9
Connecticut,100000,2020-10-31,0.0
Connecticut,100000,2020-10-31,11.8
Connecticut,100000,2020-10-31,11.8
Connecticut,100000,2020-11-07,0.0
Connecticut,100000,2020-11-07,15.9
Connecticut,100000,2020-11-07,15.9
Connecticut,100000,2020-11-14,0.0
Connecticut,100000,2020-11-14,27.9
Connecticut,100000,2020-11-14,27.9
Connecticut,100000,2020-11-21,0.0
Connecticut,100000,2020-11-21,29.8
Connecticut,100000,2020-11-21,29.8
Connecticut,100000,2020-11-28,0.0
Connecticut,100000,2020-11-28,30.6
Connecticut,100000,2020-11-28,30.6
Connecticut,100000,2020-12-05,0.0
Connecticut,100000,2020-12-05,33.6
Connecticut,100000,2020-12-05,33.6
Connecticut,100000,2020-12-12,0.0
Connecticut,100000,2020-12-12,35.9
Connecticut,100000,2020-12-12,35.9
Connecticut,100000,2020-12-19,0.0
Connecticut,100000,2020-12-19,30.0
Connecticut,100000,2020-12-19,30.0
Connecticut,100000,2020-12-26,0.0
Connecticut,100000,2020-12-26,33.1
Connecticut,100000,2020-12-26,33.1
Connecticut,100000,2021-01-02,0.0
Connecticut,100000,2021-01-02,27.0
Connecticut,100000,2021-01-02,27.0
Connecticut,100000,2021-01-09,0.0
Connecticut,100000,2021-01-09,24.6
Connecticut,100000,2021-01-09,24.6
Connecticut,100000,2021-01-16,0.0
Connecticut,100000,2021-01-16,29.5
Connecticut,100000,2021-01-16,29.5
Connecticut,100000,2021-01-23,0.0
Connecticut,100000,2021-01-23,24.1
Connecticut,100000,2021-01-23,24.1
Connecticut,100000,2021-01-30,0.0
Connecticut,100000,2021-01-30,21.6
Connecticut,100000,2021-01-30,21.6
Connecticut,100000,2021-02-06,0.0
Connecticut,100000,2021-02-06,22.4
Connecticut,100000,2021-02-06,22.4
Connecticut,100000,2021-02-13,0.0
Connecticut,100000,2021-02-13,16.7
Connecticut,100000,2021-02-13,16.7
Connecticut,100000,2021-02-20,0.0
Connecticut,100000,2021-02-20,13.9
Connecticut,100000,2021-02-20,13.9
Connecticut,100000,2021-02-27,0.0
Connecticut,100000,2021-02-27,11.6
Connecticut,100000,2021-02-27,11.6
Connecticut,100000,2021-03-06,0.0
Connecticut,100000,2021-03-06,14.3
Connecticut,100000,2021-03-06,14.3
Connecticut,100000,2021-03-13,0.0
Connecticut,100000,2021-03-13,16.5
Connecticut,100000,2021-03-13,16.5
Connecticut,100000,2021-03-20,0.0
Connecticut,100000,2021-03-20,16.3
Connecticut,100000,2021-03-20,16.3
Connecticut,100000,2021-03-27,0.1
Connecticut,100000,2021-03-27,18.2
Connecticut,100000,2021-03-27,18.3
Connecticut,100000,2021-04-03,0.0
Connecticut,100000,2021-04-03,17.9
Connecticut,100000,2021-04-03,17.9
Connecticut,100000,2021-04-10,0.0
Connecticut,100000,2021-04-10,21.1
Connecticut,100000,2021-04-10,21.1
Connecticut,100000,2021-04-17,0.1
Connecticut,100000,2021-04-17,16.1
Connecticut,100000,2021-04-17,16.200000000000003
Connecticut,100000,2021-04-24,0.0
Connecticut,100000,2021-04-24,14.8
Connecticut,100000,2021-04-24,14.8
Connecticut,100000,2021-05-01,0.0
Connecticut,100000,2021-05-01,11.1
Connecticut,100000,2021-05-01,11.1
Connecticut,100000,2021-05-08,0.1
Connecticut,100000,2021-05-08,10.3
Connecticut,100000,2021-05-08,10.4
Connecticut,100000,2021-05-15,0.0
Connecticut,100000,2021-05-15,4.7
Connecticut,100000,2021-05-15,4.7
Connecticut,100000,2021-05-22,0.2
Connecticut,100000,2021-05-22,3.8
Connecticut,100000,2021-05-22,4.0
Connecticut,100000,2021-05-29,0.0
Connecticut,100000,2021-05-29,4.2
Connecticut,100000,2021-05-29,4.2
Connecticut,100000,2021-06-05,0.0
Connecticut,100000,2021-06-05,3.0
Connecticut,100000,2021-06-05,3.0
Connecticut,100000,2021-06-12,0.4
Connecticut,100000,2021-06-12,1.4
Connecticut,100000,2021-06-12,1.7999999999999998
Connecticut,100000,2021-06-19,0.1
Connecticut,100000,2021-06-19,2.4
Connecticut,100000,2021-06-19,2.5
Connecticut,100000,2021-06-26,0.4
Connecticut,100000,2021-06-26,1.8
Connecticut,100000,2021-06-26,2.2
Connecticut,100000,2021-07-03,0.1
Connecticut,100000,2021-07-03,1.8
Connecticut,100000,2021-07-03,1.9
Connecticut,100000,2021-07-10,0.6
Connecticut,100000,2021-07-10,1.9
Connecticut,100000,2021-07-10,2.5
Connecticut,100000,2021-07-17,1.1
Connecticut,100000,2021-07-17,2.2
Connecticut,100000,2021-07-17,3.3000000000000003
Connecticut,100000,2021-07-24,0.8
Connecticut,100000,2021-07-24,3.0
Connecticut,100000,2021-07-24,3.8
Connecticut,100000,2021-07-31,1.2
Connecticut,100000,2021-07-31,5.2
Connecticut,100000,2021-07-31,6.4
Connecticut,100000,2021-08-07,1.5
Connecticut,100000,2021-08-07,7.0
Connecticut,100000,2021-08-07,8.5
Connecticut,100000,2021-08-14,1.1
Connecticut,100000,2021-08-14,8.6
Connecticut,100000,2021-08-14,9.7
Connecticut,100000,2021-08-21,1.8
Connecticut,100000,2021-08-21,9.8
Connecticut,100000,2021-08-21,11.6
Connecticut,100000,2021-08-28,1.5
Connecticut,100000,2021-08-28,10.3
Connecticut,100000,2021-08-28,11.8
Connecticut,100000,2021-09-04,1.6
Connecticut,100000,2021-09-04,8.7
Connecticut,100000,2021-09-04,10.3
Connecticut,100000,2021-09-11,1.3
Connecticut,100000,2021-09-11,8.9
Connecticut,100000,2021-09-11,10.2
Connecticut,100000,2021-09-18,1.4
Connecticut,100000,2021-09-18,6.4
Connecticut,100000,2021-09-18,7.800000000000001
Connecticut,100000,2021-09-25,2.0
Connecticut,100000,2021-09-25,5.9
Connecticut,100000,2021-09-25,7.9
Connecticut,100000,2021-10-02,0.8
Connecticut,100000,2021-10-02,4.8
Connecticut,100000,2021-10-02,5.6
Connecticut,100000,2021-10-09,1.8
Connecticut,100000,2021-10-09,5.9
Connecticut,100000,2021-10-09,7.7
Connecticut,100000,2021-10-09,0.0
Connecticut,100000,2021-10-16,1.1
Connecticut,100000,2021-10-16,7.4
Connecticut,100000,2021-10-16,8.5
Connecticut,100000,2021-10-16,0.0
Connecticut,100000,2021-10-23,1.1
Connecticut,100000,2021-10-23,5.3
Connecticut,100000,2021-10-23,6.4
Connecticut,100000,2021-10-23,0.0
Connecticut,100000,2021-10-30,1.4
Connecticut,100000,2021-10-30,6.3
Connecticut,100000,2021-10-30,7.699999999999999
Connecticut,100000,2021-10-30,0.0
Connecticut,100000,2021-11-06,1.2
Connecticut,100000,2021-11-06,6.9
Connecticut,100000,2021-11-06,8.1
Connecticut,100000,2021-11-06,0.0
Connecticut,100000,2021-11-13,1.3
Connecticut,100000,2021-11-13,6.7
Connecticut,100000,2021-11-13,8.1
Connecticut,100000,2021-11-13,0.1
Connecticut,100000,2021-11-20,1.6
Connecticut,100000,2021-11-20,9.0
Connecticut,100000,2021-11-20,10.6
Connecticut,100000,2021-11-20,0.0
Connecticut,100000,2021-11-27,1.3
Connecticut,100000,2021-11-27,10.5
Connecticut,100000,2021-11-27,12.1
Connecticut,100000,2021-11-27,0.3
Connecticut,100000,2021-12-04,0.7
Connecticut,100000,2021-12-04,13.5
Connecticut,100000,2021-12-04,14.6
Connecticut,100000,2021-12-04,0.4
Connecticut,100000,2021-12-11,0.9
Connecticut,100000,2021-12-11,21.3
Connecticut,100000,2021-12-11,23.0
Connecticut,100000,2021-12-11,0.8
Connecticut,100000,2021-12-18,1.0
Connecticut,100000,2021-12-18,28.6
Connecticut,100000,2021-12-18,30.3
Connecticut,100000,2021-12-18,0.7
Connecticut,100000,2021-12-25,1.1
Connecticut,100000,2021-12-25,25.8
Connecticut,100000,2021-12-25,27.4
Connecticut,100000,2021-12-25,0.5
Connecticut,100000,2022-01-01,0.6
Connecticut,100000,2022-01-01,52.2
Connecticut,100000,2022-01-01,53.900000000000006
Connecticut,100000,2022-01-01,1.1
Connecticut,100000,2022-01-08,1.1
Connecticut,100000,2022-01-08,66.6
Connecticut,100000,2022-01-08,68.19999999999999
Connecticut,100000,2022-01-08,0.5
Connecticut,100000,2022-01-15,0.6
Connecticut,100000,2022-01-15,58.2
Connecticut,100000,2022-01-15,58.900000000000006
Connecticut,100000,2022-01-15,0.1
Connecticut,100000,2022-01-22,0.6
Connecticut,100000,2022-01-22,43.7
Connecticut,100000,2022-01-22,44.400000000000006
Connecticut,100000,2022-01-22,0.1
Connecticut,100000,2022-01-29,0.2
Connecticut,100000,2022-01-29,28.9
Connecticut,100000,2022-01-29,29.1
Connecticut,100000,2022-01-29,0.0
Connecticut,100000,2022-02-05,0.2
Connecticut,100000,2022-02-05,21.4
Connecticut,100000,2022-02-05,21.999999999999996
Connecticut,100000,2022-02-05,0.4
Connecticut,100000,2022-02-12,0.1
Connecticut,100000,2022-02-12,13.4
Connecticut,100000,2022-02-12,13.5
Connecticut,100000,2022-02-12,0.0
Connecticut,100000,2022-02-19,0.3
Connecticut,100000,2022-02-19,8.0
Connecticut,100000,2022-02-19,8.3
Connecticut,100000,2022-02-19,0.0
Connecticut,100000,2022-02-26,0.2
Connecticut,100000,2022-02-26,6.9
Connecticut,100000,2022-02-26,7.300000000000001
Connecticut,100000,2022-02-26,0.2
Connecticut,100000,2022-03-05,0.0
Connecticut,100000,2022-03-05,5.4
Connecticut,100000,2022-03-05,5.7
Connecticut,100000,2022-03-05,0.3
Connecticut,100000,2022-03-12,0.0
Connecticut,100000,2022-03-12,5.2
Connecticut,100000,2022-03-12,5.7
Connecticut,100000,2022-03-12,0.5
Connecticut,100000,2022-03-19,0.0
Connecticut,100000,2022-03-19,3.5
Connecticut,100000,2022-03-19,4.1
Connecticut,100000,2022-03-19,0.6
Connecticut,100000,2022-03-26,0.3
Connecticut,100000,2022-03-26,3.7
Connecticut,100000,2022-03-26,5.0
Connecticut,100000,2022-03-26,1.0
Connecticut,100000,2022-04-02,0.0
Connecticut,100000,2022-04-02,3.7
Connecticut,100000,2022-04-02,4.800000000000001
Connecticut,100000,2022-04-02,1.1
Connecticut,100000,2022-04-09,0.0
Connecticut,100000,2022-04-09,5.1
Connecticut,100000,2022-04-09,6.8
Connecticut,100000,2022-04-09,1.7
Connecticut,100000,2022-04-16,0.1
Connecticut,100000,2022-04-16,6.0
Connecticut,100000,2022-04-16,8.5
Connecticut,100000,2022-04-16,2.4
Connecticut,100000,2022-04-23,0.4
Connecticut,100000,2022-04-23,6.4
Connecticut,100000,2022-04-23,8.9
Connecticut,100000,2022-04-23,2.1
Connecticut,100000,2022-04-30,0.6
Connecticut,100000,2022-04-30,9.4
Connecticut,100000,2022-04-30,12.1
Connecticut,100000,2022-04-30,2.1
Connecticut,100000,2022-05-07,0.2
Connecticut,100000,2022-05-07,11.2
Connecticut,100000,2022-05-07,14.2
Connecticut,100000,2022-05-07,2.8
Connecticut,100000,2022-05-14,0.3
Connecticut,100000,2022-05-14,14.6
Connecticut,100000,2022-05-14,17.900000000000002
Connecticut,100000,2022-05-14,3.0
Connecticut,100000,2022-05-21,0.0
Connecticut,100000,2022-05-21,13.5
Connecticut,100000,2022-05-21,14.1
Connecticut,100000,2022-05-21,0.6
Connecticut,100000,2022-05-28,0.1
Connecticut,100000,2022-05-28,14.7
Connecticut,100000,2022-05-28,15.8
Connecticut,100000,2022-05-28,1.0
Connecticut,100000,2022-06-04,0.3
Connecticut,100000,2022-06-04,13.0
Connecticut,100000,2022-06-04,13.9
Connecticut,100000,2022-06-04,0.6
Connecticut,100000,2022-06-11,0.3
Connecticut,100000,2022-06-11,9.2
Connecticut,100000,2022-06-11,9.7
Connecticut,100000,2022-06-11,0.2
Connecticut,100000,2022-06-18,0.4
Connecticut,100000,2022-06-18,11.6
Connecticut,100000,2022-06-18,12.0
Connecticut,100000,2022-06-25,0.4
Connecticut,100000,2022-06-25,12.4
Connecticut,100000,2022-06-25,12.8
Connecticut,100000,2022-07-02,0.3
Connecticut,100000,2022-07-02,9.8
Connecticut,100000,2022-07-02,10.1
Connecticut,100000,2022-07-09,0.1
Connecticut,100000,2022-07-09,15.8
Connecticut,100000,2022-07-09,15.9
Connecticut,100000,2022-07-16,0.4
Connecticut,100000,2022-07-16,15.0
Connecticut,100000,2022-07-16,15.4
Connecticut,100000,2022-07-23,0.9
Connecticut,100000,2022-07-23,15.6
Connecticut,100000,2022-07-23,16.5
Connecticut,100000,2022-07-30,0.6
Connecticut,100000,2022-07-30,17.3
Connecticut,100000,2022-07-30,17.900000000000002
Connecticut,100000,2022-08-06,1.0
Connecticut,100000,2022-08-06,18.1
Connecticut,100000,2022-08-06,19.1
Connecticut,100000,2022-08-13,0.5
Connecticut,100000,2022-08-13,15.4
Connecticut,100000,2022-08-13,15.9
Connecticut,100000,2022-08-20,0.6
Connecticut,100000,2022-08-20,15.7
Connecticut,100000,2022-08-20,16.3
Connecticut,100000,2022-08-27,0.8
Connecticut,100000,2022-08-27,15.8
Connecticut,100000,2022-08-27,16.6
Connecticut,100000,2022-09-03,0.9
Connecticut,100000,2022-09-03,14.1
Connecticut,100000,2022-09-03,15.0
Connecticut,100000,2022-09-10,0.6
Connecticut,100000,2022-09-10,15.5
Connecticut,100000,2022-09-10,16.1
Connecticut,100000,2022-09-17,0.4
Connecticut,100000,2022-09-17,17.1
Connecticut,100000,2022-09-17,17.5
Connecticut,100000,2022-09-24,1.3
Connecticut,100000,2022-09-24,19.3
Connecticut,100000,2022-09-24,20.6
Connecticut,100000,2022-10-01,1.0
Connecticut,100000,2022-10-01,15.3
Connecticut,100000,2022-10-01,16.3
Connecticut,100000,2022-10-08,2.1
Connecticut,100000,2022-10-08,14.2
Connecticut,100000,2022-10-08,16.4
Connecticut,100000,2022-10-08,0.1
Connecticut,100000,2022-10-15,4.1
Connecticut,100000,2022-10-15,16.5
Connecticut,100000,2022-10-15,20.700000000000003
Connecticut,100000,2022-10-15,0.1
Connecticut,100000,2022-10-22,4.0
Connecticut,100000,2022-10-22,16.5
Connecticut,100000,2022-10-22,20.8
Connecticut,100000,2022-10-22,0.3
Connecticut,100000,2022-10-29,5.3
Connecticut,100000,2022-10-29,12.8
Connecticut,100000,2022-10-29,19.1
Connecticut,100000,2022-10-29,1.0
Connecticut,100000,2022-11-05,5.1
Connecticut,100000,2022-11-05,13.5
Connecticut,100000,2022-11-05,20.0
Connecticut,100000,2022-11-05,1.4
Connecticut,100000,2022-11-12,5.5
Connecticut,100000,2022-11-12,12.7
Connecticut,100000,2022-11-12,20.4
Connecticut,100000,2022-11-12,2.2
Connecticut,100000,2022-11-19,3.4
Connecticut,100000,2022-11-19,10.6
Connecticut,100000,2022-11-19,17.299999999999997
Connecticut,100000,2022-11-19,3.3
Connecticut,100000,2022-11-26,4.0
Connecticut,100000,2022-11-26,15.6
Connecticut,100000,2022-11-26,32.2
Connecticut,100000,2022-11-26,12.6
Connecticut,100000,2022-12-03,3.3
Connecticut,100000,2022-12-03,17.6
Connecticut,100000,2022-12-03,41.7
Connecticut,100000,2022-12-03,20.8
Connecticut,100000,2022-12-10,2.7
Connecticut,100000,2022-12-10,18.7
Connecticut,100000,2022-12-10,38.1
Connecticut,100000,2022-12-10,16.7
Connecticut,100000,2022-12-17,2.1
Connecticut,100000,2022-12-17,19.1
Connecticut,100000,2022-12-17,34.50000000000001
Connecticut,100000,2022-12-17,13.3
Connecticut,100000,2022-12-24,1.0
Connecticut,100000,2022-12-24,21.1
Connecticut,100000,2022-12-24,32.0
Connecticut,100000,2022-12-24,9.9
Connecticut,100000,2022-12-31,1.6
Connecticut,100000,2022-12-31,29.6
Connecticut,100000,2022-12-31,41.50000000000001
Connecticut,100000,2022-12-31,10.3
Connecticut,100000,2023-01-07,1.2
Connecticut,100000,2023-01-07,26.1
Connecticut,100000,2023-01-07,32.900000000000006
Connecticut,100000,2023-01-07,5.6
Connecticut,100000,2023-01-14,0.9
Connecticut,100000,2023-01-14,25.6
Connecticut,100000,2023-01-14,27.9
Connecticut,100000,2023-01-14,1.4
Connecticut,100000,2023-01-21,1.2
Connecticut,100000,2023-01-21,19.6
Connecticut,100000,2023-01-21,22.2
Connecticut,100000,2023-01-21,1.4
Connecticut,100000,2023-01-28,0.6
Connecticut,100000,2023-01-28,16.9
Connecticut,100000,2023-01-28,18.1
Connecticut,100000,2023-01-28,0.6
Connecticut,100000,2023-02-04,0.4
Connecticut,100000,2023-02-04,12.6
Connecticut,100000,2023-02-04,13.0
Connecticut,100000,2023-02-04,0.0
Connecticut,100000,2023-02-11,0.1
Connecticut,100000,2023-02-11,13.7
Connecticut,100000,2023-02-11,14.3
Connecticut,100000,2023-02-11,0.5
Connecticut,100000,2023-02-18,1.2
Connecticut,100000,2023-02-18,11.2
Connecticut,100000,2023-02-18,12.499999999999998
Connecticut,100000,2023-02-18,0.1
Connecticut,100000,2023-02-25,0.2
Connecticut,100000,2023-02-25,9.2
Connecticut,100000,2023-02-25,9.499999999999998
Connecticut,100000,2023-02-25,0.1
Connecticut,100000,2023-03-04,0.7
Connecticut,100000,2023-03-04,6.9
Connecticut,100000,2023-03-04,7.7
Connecticut,100000,2023-03-04,0.1
Connecticut,100000,2023-03-11,0.7
Connecticut,100000,2023-03-11,6.0
Connecticut,100000,2023-03-11,7.1000000000000005
Connecticut,100000,2023-03-11,0.4
Connecticut,100000,2023-03-18,0.5
Connecticut,100000,2023-03-18,6.0
Connecticut,100000,2023-03-18,6.8
Connecticut,100000,2023-03-18,0.3
Connecticut,100000,2023-03-25,0.1
Connecticut,100000,2023-03-25,5.3
Connecticut,100000,2023-03-25,5.499999999999999
Connecticut,100000,2023-03-25,0.1
Connecticut,100000,2023-04-01,0.0
Connecticut,100000,2023-04-01,5.0
Connecticut,100000,2023-04-01,5.2
Connecticut,100000,2023-04-01,0.2
Connecticut,100000,2023-04-08,0.3
Connecticut,100000,2023-04-08,4.8
Connecticut,100000,2023-04-08,5.3
Connecticut,100000,2023-04-08,0.2
Connecticut,100000,2023-04-15,0.0
Connecticut,100000,2023-04-15,3.7
Connecticut,100000,2023-04-15,3.8
Connecticut,100000,2023-04-15,0.1
Connecticut,100000,2023-04-22,0.1
Connecticut,100000,2023-04-22,4.3
Connecticut,100000,2023-04-22,4.3999999999999995
Connecticut,100000,2023-04-22,0.0
Connecticut,100000,2023-04-29,0.1
Connecticut,100000,2023-04-29,2.8
Connecticut,100000,2023-04-29,3.0
Connecticut,100000,2023-04-29,0.1
Connecticut,100000,2023-05-06,0.2
Connecticut,100000,2023-05-06,2.2
Connecticut,100000,2023-05-06,2.4000000000000004
Connecticut,100000,2023-05-06,0.0
Connecticut,100000,2023-05-13,0.1
Connecticut,100000,2023-05-13,2.3
Connecticut,100000,2023-05-13,2.4
Connecticut,100000,2023-05-20,0.0
Connecticut,100000,2023-05-20,1.8
Connecticut,100000,2023-05-20,1.8
Connecticut,100000,2023-05-27,0.0
Connecticut,100000,2023-05-27,2.1
Connecticut,100000,2023-05-27,2.1
Connecticut,100000,2023-06-03,0.0
Connecticut,100000,2023-06-03,1.4
Connecticut,100000,2023-06-03,1.4
Connecticut,100000,2023-06-10,0.0
Connecticut,100000,2023-06-10,1.8
Connecticut,100000,2023-06-10,1.8
Connecticut,100000,2023-06-17,0.0
Connecticut,100000,2023-06-17,1.9
Connecticut,100000,2023-06-17,1.9
Connecticut,100000,2023-06-24,0.0
Connecticut,100000,2023-06-24,1.8
Connecticut,100000,2023-06-24,1.8
Connecticut,100000,2023-07-01,0.0
Connecticut,100000,2023-07-01,2.3
Connecticut,100000,2023-07-01,2.3
Connecticut,100000,2023-07-08,0.0
Connecticut,100000,2023-07-08,2.0
Connecticut,100000,2023-07-08,2.0
Connecticut,100000,2023-07-15,0.0
Connecticut,100000,2023-07-15,1.8
Connecticut,100000,2023-07-15,1.8
Connecticut,100000,2023-07-22,0.1
Connecticut,100000,2023-07-22,1.5
Connecticut,100000,2023-07-22,1.6
Connecticut,100000,2023-07-29,0.1
Connecticut,100000,2023-07-29,2.7
Connecticut,100000,2023-07-29,2.8000000000000003
Connecticut,100000,2023-08-05,0.1
Connecticut,100000,2023-08-05,3.7
Connecticut,100000,2023-08-05,3.8
Connecticut,100000,2023-08-12,0.0
Connecticut,100000,2023-08-12,4.9
Connecticut,100000,2023-08-12,4.9
Connecticut,100000,2023-08-19,0.0
Connecticut,100000,2023-08-19,6.2
Connecticut,100000,2023-08-19,6.2
Connecticut,100000,2023-08-26,0.2
Connecticut,100000,2023-08-26,6.8
Connecticut,100000,2023-08-26,7.0
Connecticut,100000,2023-09-02,0.2
Connecticut,100000,2023-09-02,6.5
Connecticut,100000,2023-09-02,6.7
Connecticut,100000,2023-09-09,0.2
Connecticut,100000,2023-09-09,7.0
Connecticut,100000,2023-09-09,7.2
Connecticut,100000,2023-09-16,0.1
Connecticut,100000,2023-09-16,7.8
Connecticut,100000,2023-09-16,7.9
Connecticut,100000,2023-09-23,0.4
Connecticut,100000,2023-09-23,7.8
Connecticut,100000,2023-09-23,8.2
Connecticut,100000,2023-09-30,0.4
Connecticut,100000,2023-09-30,6.6
Connecticut,100000,2023-09-30,7.0
Connecticut,100000,2023-10-07,0.7
Connecticut,100000,2023-10-07,8.3
Connecticut,100000,2023-10-07,0.0
Connecticut,100000,2023-10-07,9.0
Connecticut,100000,2023-10-14,1.7
Connecticut,100000,2023-10-14,7.6
Connecticut,100000,2023-10-14,0.1
Connecticut,100000,2023-10-14,9.4
Connecticut,100000,2023-10-21,1.3
Connecticut,100000,2023-10-21,6.5
Connecticut,100000,2023-10-21,0.2
Connecticut,100000,2023-10-21,8.0
Connecticut,100000,2023-10-28,2.2
Connecticut,100000,2023-10-28,7.3
Connecticut,100000,2023-10-28,0.2
Connecticut,100000,2023-10-28,9.7
Connecticut,100000,2023-11-04,2.9
Connecticut,100000,2023-11-04,6.5
Connecticut,100000,2023-11-04,0.2
Connecticut,100000,2023-11-04,9.6
Connecticut,100000,2023-11-11,3.1
Connecticut,100000,2023-11-11,6.9
Connecticut,100000,2023-11-11,0.7
Connecticut,100000,2023-11-11,10.7
Connecticut,100000,2023-11-18,4.2
Connecticut,100000,2023-11-18,7.6
Connecticut,100000,2023-11-18,0.8
Connecticut,100000,2023-11-18,12.6
Connecticut,100000,2023-11-25,5.2
Connecticut,100000,2023-11-25,8.2
Connecticut,100000,2023-11-25,2.0
Connecticut,100000,2023-11-25,15.4
Connecticut,100000,2023-12-02,5.6
Connecticut,100000,2023-12-02,10.8
Connecticut,100000,2023-12-02,3.7
Connecticut,100000,2023-12-02,20.1
Connecticut,100000,2023-12-09,6.0
Connecticut,100000,2023-12-09,10.0
Connecticut,100000,2023-12-09,3.8
Connecticut,100000,2023-12-09,19.8
Connecticut,100000,2023-12-16,4.8
Connecticut,100000,2023-12-16,10.2
Connecticut,100000,2023-12-16,5.7
Connecticut,100000,2023-12-16,20.7
Connecticut,100000,2023-12-23,4.9
Connecticut,100000,2023-12-23,13.3
Connecticut,100000,2023-12-23,5.2
Connecticut,100000,2023-12-23,23.4
Connecticut,100000,2023-12-30,6.7
Connecticut,100000,2023-12-30,17.2
Connecticut,100000,2023-12-30,10.5
Connecticut,100000,2023-12-30,34.4
Connecticut,100000,2024-01-06,6.6
Connecticut,100000,2024-01-06,17.5
Connecticut,100000,2024-01-06,8.7
Connecticut,100000,2024-01-06,32.8
Connecticut,100000,2024-01-13,3.8
Connecticut,100000,2024-01-13,14.2
Connecticut,100000,2024-01-13,5.8
Connecticut,100000,2024-01-13,23.8
Connecticut,100000,2024-01-20,3.3
Connecticut,100000,2024-01-20,9.2
Connecticut,100000,2024-01-20,4.8
Connecticut,100000,2024-01-20,17.3
Connecticut,100000,2024-01-27,3.1
Connecticut,100000,2024-01-27,9.2
Connecticut,100000,2024-01-27,6.4
Connecticut,100000,2024-01-27,18.7
Connecticut,100000,2024-02-03,2.5
Connecticut,100000,2024-02-03,8.6
Connecticut,100000,2024-02-03,5.7
Connecticut,100000,2024-02-03,16.8
Connecticut,100000,2024-02-10,1.3
Connecticut,100000,2024-02-10,5.6
Connecticut,100000,2024-02-10,7.1
Connecticut,100000,2024-02-10,14.0
Connecticut,100000,2024-02-17,2.5
Connecticut,100000,2024-02-17,6.8
Connecticut,100000,2024-02-17,7.0
Connecticut,100000,2024-02-17,16.3
Connecticut,100000,2024-02-24,1.2
Connecticut,100000,2024-02-24,6.2
Connecticut,100000,2024-02-24,8.6
Connecticut,100000,2024-02-24,16.0
Connecticut,100000,2024-03-02,1.0
Connecticut,100000,2024-03-02,5.7
Connecticut,100000,2024-03-02,7.2
Connecticut,100000,2024-03-02,13.9
Connecticut,100000,2024-03-09,0.6
Connecticut,100000,2024-03-09,5.0
Connecticut,100000,2024-03-09,6.2
Connecticut,100000,2024-03-09,11.8
Connecticut,100000,2024-03-16,0.7
Connecticut,100000,2024-03-16,2.8
Connecticut,100000,2024-03-16,3.9
Connecticut,100000,2024-03-16,7.4
Connecticut,100000,2024-03-23,0.6
Connecticut,100000,2024-03-23,2.2
Connecticut,100000,2024-03-23,3.6
Connecticut,100000,2024-03-23,6.4
Connecticut,100000,2024-03-30,0.1
Connecticut,100000,2024-03-30,3.2
Connecticut,100000,2024-03-30,4.5
Connecticut,100000,2024-03-30,7.8
Connecticut,100000,2024-04-06,0.2
Connecticut,100000,2024-04-06,2.5
Connecticut,100000,2024-04-06,3.1
Connecticut,100000,2024-04-06,5.8
Connecticut,100000,2024-04-13,0.3
Connecticut,100000,2024-04-13,1.9
Connecticut,100000,2024-04-13,3.1
Connecticut,100000,2024-04-13,5.3
Connecticut,100000,2024-04-20,0.6
Connecticut,100000,2024-04-20,2.1
Connecticut,100000,2024-04-20,4.3
Connecticut,100000,2024-04-20,7.0
Connecticut,100000,2024-04-27,0.3
Connecticut,100000,2024-04-27,1.4
Connecticut,100000,2024-04-27,3.1
Connecticut,100000,2024-04-27,4.8
Connecticut,100000,2024-05-04,0.0
Connecticut,100000,2024-05-04,1.4
Connecticut,100000,2024-05-04,1.2
Connecticut,100000,2024-05-04,2.5999999999999996
Connecticut,100000,2024-05-11,0.3
Connecticut,100000,2024-05-11,2.0
Connecticut,100000,2024-05-11,0.8
Connecticut,100000,2024-05-11,3.0999999999999996
Connecticut,100000,2024-05-18,0.0
Connecticut,100000,2024-05-18,2.0
Connecticut,100000,2024-05-18,0.4
Connecticut,100000,2024-05-18,2.4
Connecticut,100000,2024-05-25,0.0
Connecticut,100000,2024-05-25,2.6
Connecticut,100000,2024-05-25,0.5
Connecticut,100000,2024-05-25,3.1
Connecticut,100000,2024-06-01,0.1
Connecticut,100000,2024-06-01,1.5
Connecticut,100000,2024-06-01,0.4
Connecticut,100000,2024-06-01,2.0
Connecticut,100000,2024-06-08,0.2
Connecticut,100000,2024-06-08,2.1
Connecticut,100000,2024-06-08,0.0
Connecticut,100000,2024-06-08,2.3000000000000003
Connecticut,100000,2024-06-15,0.1
Connecticut,100000,2024-06-15,2.8
Connecticut,100000,2024-06-15,0.1
Connecticut,100000,2024-06-15,3.0
Connecticut,100000,2024-06-22,0.1
Connecticut,100000,2024-06-22,2.2
Connecticut,100000,2024-06-22,0.1
Connecticut,100000,2024-06-22,2.4000000000000004
Connecticut,100000,2024-06-29,0.1
Connecticut,100000,2024-06-29,1.9
Connecticut,100000,2024-06-29,0.3
Connecticut,100000,2024-06-29,2.3
Connecticut,100000,2024-07-06,0.0
Connecticut,100000,2024-07-06,3.7
Connecticut,100000,2024-07-06,0.2
Connecticut,100000,2024-07-06,3.9
Connecticut,100000,2024-07-13,0.0
Connecticut,100000,2024-07-13,4.1
Connecticut,100000,2024-07-13,0.2
Connecticut,100000,2024-07-13,4.3
Connecticut,100000,2024-07-20,0.0
Connecticut,100000,2024-07-20,3.7
Connecticut,100000,2024-07-20,0.0
Connecticut,100000,2024-07-20,3.7
Connecticut,100000,2024-07-27,0.3
Connecticut,100000,2024-07-27,5.2
Connecticut,100000,2024-07-27,0.1
Connecticut,100000,2024-07-27,5.6
Connecticut,100000,2024-08-03,0.1
Connecticut,100000,2024-08-03,5.7
Connecticut,100000,2024-08-03,0.0
Connecticut,100000,2024-08-03,5.8
Connecticut,100000,2024-08-10,0.2
Connecticut,100000,2024-08-10,5.8
Connecticut,100000,2024-08-10,0.2
Connecticut,100000,2024-08-10,6.2
Connecticut,100000,2024-08-17,0.0
Connecticut,100000,2024-08-17,5.9
Connecticut,100000,2024-08-17,0.2
Connecticut,100000,2024-08-17,6.1000000000000005
Connecticut,100000,2024-08-24,0.0
Connecticut,100000,2024-08-24,7.1
Connecticut,100000,2024-08-24,0.1
Connecticut,100000,2024-08-24,7.199999999999999
Connecticut,100000,2024-08-31,0.0
Connecticut,100000,2024-08-31,6.7
Connecticut,100000,2024-08-31,0.1
Connecticut,100000,2024-08-31,6.8
Connecticut,100000,2024-09-07,0.0
Connecticut,100000,2024-09-07,4.7
Connecticut,100000,2024-09-07,0.2
Connecticut,100000,2024-09-07,4.9
Connecticut,100000,2024-09-14,0.0
Connecticut,100000,2024-09-14,7.1
Connecticut,100000,2024-09-14,0.1
Connecticut,100000,2024-09-14,7.199999999999999
Connecticut,100000,2024-09-21,0.0
Connecticut,100000,2024-09-21,7.7
Connecticut,100000,2024-09-21,0.2
Connecticut,100000,2024-09-21,7.9
Connecticut,100000,2024-09-28,0.2
Connecticut,100000,2024-09-28,5.6
Connecticut,100000,2024-09-28,0.0
Connecticut,100000,2024-09-28,5.8
Connecticut,100000,2024-10-05,0.2
Connecticut,100000,2024-10-05,3.2
Connecticut,100000,2024-10-05,0.2
Connecticut,100000,2024-10-05,3.6000000000000005
Connecticut,100000,2024-10-12,0.3
Connecticut,100000,2024-10-12,3.7
Connecticut,100000,2024-10-12,0.2
Connecticut,100000,2024-10-12,4.2
Connecticut,100000,2024-10-19,0.4
Connecticut,100000,2024-10-19,3.5
Connecticut,100000,2024-10-19,0.1
Connecticut,100000,2024-10-19,4.0
Connecticut,100000,2024-10-26,0.9
Connecticut,100000,2024-10-26,4.7
Connecticut,100000,2024-10-26,0.6
Connecticut,100000,2024-10-26,6.2
Connecticut,100000,2024-11-02,0.7
Connecticut,100000,2024-11-02,3.3
Connecticut,100000,2024-11-02,0.0
Connecticut,100000,2024-11-02,4.0
Connecticut,100000,2024-11-09,0.6
Connecticut,100000,2024-11-09,2.4
Connecticut,100000,2024-11-09,0.2
Connecticut,100000,2024-11-09,3.2
Connecticut,100000,2024-11-16,0.9
Connecticut,100000,2024-11-16,2.7
Connecticut,100000,2024-11-16,0.4
Connecticut,100000,2024-11-16,4.0
Connecticut,100000,2024-11-23,2.2
Connecticut,100000,2024-11-23,3.8
Connecticut,100000,2024-11-23,0.1
Connecticut,100000,2024-11-23,6.1
Connecticut,100000,2024-11-30,2.4
Connecticut,100000,2024-11-30,3.5
Connecticut,100000,2024-11-30,0.5
Connecticut,100000,2024-11-30,6.4
Connecticut,100000,2024-12-07,1.6
Connecticut,100000,2024-12-07,4.3
Connecticut,100000,2024-12-07,0.9
Connecticut,100000,2024-12-07,6.800000000000001
Connecticut,100000,2024-12-14,2.7
Connecticut,100000,2024-12-14,3.8
Connecticut,100000,2024-12-14,2.2
Connecticut,100000,2024-12-14,8.7
Connecticut,100000,2024-12-21,4.1
Connecticut,100000,2024-12-21,6.1
Connecticut,100000,2024-12-21,2.7
Connecticut,100000,2024-12-21,12.9
Connecticut,100000,2024-12-28,5.2
Connecticut,100000,2024-12-28,6.6
Connecticut,100000,2024-12-28,6.8
Connecticut,100000,2024-12-28,18.6
Connecticut,100000,2025-01-04,7.7
Connecticut,100000,2025-01-04,8.2
Connecticut,100000,2025-01-04,12.8
Connecticut,100000,2025-01-04,28.7
Connecticut,100000,2025-01-11,5.3
Connecticut,100000,2025-01-11,8.2
Connecticut,100000,2025-01-11,10.2
Connecticut,100000,2025-01-11,23.7
Connecticut,100000,2025-01-18,3.9
Connecticut,100000,2025-01-18,6.7
Connecticut,100000,2025-01-18,12.4
Connecticut,100000,2025-01-18,23.0
Connecticut,100000,2025-01-25,3.3
Connecticut,100000,2025-01-25,4.1
Connecticut,100000,2025-01-25,15.9
Connecticut,100000,2025-01-25,23.3
Connecticut,100000,2025-02-01,2.6
Connecticut,100000,2025-02-01,6.0
Connecticut,100000,2025-02-01,21.0
Connecticut,100000,2025-02-01,29.6
Connecticut,100000,2025-02-08,2.5
Connecticut,100000,2025-02-08,7.0
Connecticut,100000,2025-02-08,22.6
Connecticut,100000,2025-02-08,32.1
Connecticut,100000,2025-02-15,1.3
Connecticut,100000,2025-02-15,5.1
Connecticut,100000,2025-02-15,16.3
Connecticut,100000,2025-02-15,22.7
Connecticut,100000,2025-02-22,0.8
Connecticut,100000,2025-02-22,3.4
Connecticut,100000,2025-02-22,12.4
Connecticut,100000,2025-02-22,16.6
Connecticut,100000,2025-03-01,0.7
Connecticut,100000,2025-03-01,4.2
Connecticut,100000,2025-03-01,9.5
Connecticut,100000,2025-03-01,14.4
Connecticut,100000,2025-03-08,0.8
Connecticut,100000,2025-03-08,2.9
Connecticut,100000,2025-03-08,6.9
Connecticut,100000,2025-03-08,10.6
Connecticut,100000,2025-03-15,1.1
Connecticut,100000,2025-03-15,2.6
Connecticut,100000,2025-03-15,4.2
Connecticut,100000,2025-03-15,7.9
Connecticut,100000,2025-03-22,0.8
Connecticut,100000,2025-03-22,2.0
Connecticut,100000,2025-03-22,3.6
Connecticut,100000,2025-03-22,6.3999999999999995
Connecticut,100000,2025-03-29,0.7
Connecticut,100000,2025-03-29,4.0
Connecticut,100000,2025-03-29,1.9
Connecticut,100000,2025-03-29,6.6000000000000005
Connecticut,100000,2025-04-05,0.3
Connecticut,100000,2025-04-05,2.0
Connecticut,100000,2025-04-05,2.1
Connecticut,100000,2025-04-05,4.3999999999999995
Connecticut,100000,2025-04-12,0.4
Connecticut,100000,2025-04-12,2.1
Connecticut,100000,2025-04-12,2.4
Connecticut,100000,2025-04-12,4.9
Connecticut,100000,2025-04-19,0.5
Connecticut,100000,2025-04-19,2.1
Connecticut,100000,2025-04-19,0.9
Connecticut,100000,2025-04-19,3.5
Connecticut,100000,2025-04-26,0.2
Connecticut,100000,2025-04-26,1.6
Connecticut,100000,2025-04-26,1.1
Connecticut,100000,2025-04-26,2.9000000000000004
Connecticut,100000,2025-05-03,0.1
Connecticut,100000,2025-05-03,1.9
Connecticut,100000,2025-05-03,0.2
Connecticut,100000,2025-05-03,2.2
Connecticut,100000,2025-05-10,0.0
Connecticut,100000,2025-05-10,2.1
Connecticut,100000,2025-05-10,2.1
Connecticut,100000,2025-05-17,0.4
Connecticut,100000,2025-05-17,0.9
Connecticut,100000,2025-05-17,1.3
Connecticut,100000,2025-05-24,0.0
Connecticut,100000,2025-05-24,0.9
Connecticut,100000,2025-05-24,0.9
Connecticut,100000,2025-05-31,0.2
Connecticut,100000,2025-05-31,1.5
Connecticut,100000,2025-05-31,1.7
Connecticut,100000,2025-06-07,0.2
Connecticut,100000,2025-06-07,0.7
Connecticut,100000,2025-06-07,0.8999999999999999
Connecticut,100000,2025-06-14,0.2
Connecticut,100000,2025-06-14,0.7
Connecticut,100000,2025-06-14,0.8999999999999999
Connecticut,100000,2025-06-21,0.1
Connecticut,100000,2025-06-21,1.0
Connecticut,100000,2025-06-21,1.1
Connecticut,100000,2025-06-28,0.0
Connecticut,100000,2025-06-28,0.7
Connecticut,100000,2025-06-28,0.7
Connecticut,100000,2025-07-05,0.1
Connecticut,100000,2025-07-05,1.2
Connecticut,100000,2025-07-05,1.3
Connecticut,100000,2025-07-12,0.0
Connecticut,100000,2025-07-12,1.5
Connecticut,100000,2025-07-12,1.5
Connecticut,100000,2025-07-19,0.0
Connecticut,100000,2025-07-19,1.1
Connecticut,100000,2025-07-19,1.1
Connecticut,100000,2025-07-26,0.0
Connecticut,100000,2025-07-26,1.5
Connecticut,100000,2025-07-26,1.5
Connecticut,100000,2025-08-02,0.1
Connecticut,100000,2025-08-02,1.5
Connecticut,100000,2025-08-02,1.6
Connecticut,100000,2025-08-09,0.0
Connecticut,100000,2025-08-09,1.7
Connecticut,100000,2025-08-09,1.7
Connecticut,100000,2025-08-16,0.0
Connecticut,100000,2025-08-16,1.5
Connecticut,100000,2025-08-16,1.5
Connecticut,100000,2025-08-23,0.0
Connecticut,100000,2025-08-23,1.9
Connecticut,100000,2025-08-23,1.9
Connecticut,100000,2025-08-30,0.1
Connecticut,100000,2025-08-30,2.7
Connecticut,100000,2025-08-30,2.8000000000000003
Connecticut,100000,2025-09-06,0.2
Connecticut,100000,2025-09-06,3.4
Connecticut,100000,2025-09-06,3.6
Connecticut,100000,2025-09-13,0.0
Connecticut,100000,2025-09-13,3.0
Connecticut,100000,2025-09-13,3.0
Connecticut,100000,2025-09-20,0.0
Connecticut,100000,2025-09-20,3.6
Connecticut,100000,2025-09-20,3.6
Connecticut,100000,2025-09-27,0.1
Connecticut,100000,2025-09-27,3.1
Connecticut,100000,2025-09-27,3.2
Connecticut,100000,2025-10-04,0.1
Connecticut,100000,2025-10-04,3.0
Connecticut,100000,2025-10-04,0.1
Connecticut,100000,2025-10-04,3.2
Connecticut,100000,2025-10-11,0.0
Connecticut,100000,2025-10-11,2.2
Connecticut,100000,2025-10-11,0.0
Connecticut,100000,2025-10-11,2.2
Connecticut,100000,2025-10-18,0.0
Connecticut,100000,2025-10-18,1.8
Connecticut,100000,2025-10-18,0.1
Connecticut,100000,2025-10-18,1.9
Connecticut,100000,2025-10-25,0.2
Connecticut,100000,2025-10-25,1.9
Connecticut,100000,2025-10-25,0.4
Connecticut,100000,2025-10-25,2.5
Connecticut,100000,2025-11-01,0.1
Connecticut,100000,2025-11-01,2.0
Connecticut,100000,2025-11-01,0.2
Connecticut,100000,2025-11-01,2.3000000000000003
Connecticut,100000,2025-11-08,0.2
Connecticut,100000,2025-11-08,1.6
Connecticut,100000,2025-11-08,0.5
Connecticut,100000,2025-11-08,2.3000000000000003
Georgia,100000,2018-10-06,0.4
Georgia,100000,2018-10-06,0.0
Georgia,100000,2018-10-06,0.4
Georgia,100000,2018-10-13,0.6
Georgia,100000,2018-10-13,0.1
Georgia,100000,2018-10-13,0.7
Georgia,100000,2018-10-20,0.7
Georgia,100000,2018-10-20,0.1
Georgia,100000,2018-10-20,0.7999999999999999
Georgia,100000,2018-10-27,0.8
Georgia,100000,2018-10-27,0.1
Georgia,100000,2018-10-27,0.9
Georgia,100000,2018-11-03,0.6
Georgia,100000,2018-11-03,0.3
Georgia,100000,2018-11-03,0.8999999999999999
Georgia,100000,2018-11-10,1.1
Georgia,100000,2018-11-10,0.5
Georgia,100000,2018-11-10,1.6
Georgia,100000,2018-11-17,1.3
Georgia,100000,2018-11-17,0.7
Georgia,100000,2018-11-17,2.0
Georgia,100000,2018-11-24,1.0
Georgia,100000,2018-11-24,0.8
Georgia,100000,2018-11-24,1.8
Georgia,100000,2018-12-01,1.6
Georgia,100000,2018-12-01,1.2
Georgia,100000,2018-12-01,2.8
Georgia,100000,2018-12-08,0.9
Georgia,100000,2018-12-08,1.6
Georgia,100000,2018-12-08,2.5
Georgia,100000,2018-12-15,1.1
Georgia,100000,2018-12-15,3.0
Georgia,100000,2018-12-15,4.1
Georgia,100000,2018-12-22,1.4
Georgia,100000,2018-12-22,4.4
Georgia,100000,2018-12-22,5.800000000000001
Georgia,100000,2018-12-29,1.1
Georgia,100000,2018-12-29,4.9
Georgia,100000,2018-12-29,6.0
Georgia,100000,2019-01-05,0.9
Georgia,100000,2019-01-05,3.5
Georgia,100000,2019-01-05,4.4
Georgia,100000,2019-01-12,0.7
Georgia,100000,2019-01-12,1.2
Georgia,100000,2019-01-12,1.9
Georgia,100000,2019-01-19,0.6
Georgia,100000,2019-01-19,1.2
Georgia,100000,2019-01-19,1.7999999999999998
Georgia,100000,2019-01-26,0.3
Georgia,100000,2019-01-26,1.1
Georgia,100000,2019-01-26,1.4
Georgia,100000,2019-02-02,0.5
Georgia,100000,2019-02-02,1.2
Georgia,100000,2019-02-02,1.7
Georgia,100000,2019-02-09,0.4
Georgia,100000,2019-02-09,1.8
Georgia,100000,2019-02-09,2.2
Georgia,100000,2019-02-16,0.4
Georgia,100000,2019-02-16,1.8
Georgia,100000,2019-02-16,2.2
Georgia,100000,2019-02-23,0.2
Georgia,100000,2019-02-23,1.7
Georgia,100000,2019-02-23,1.9
Georgia,100000,2019-03-02,0.4
Georgia,100000,2019-03-02,1.2
Georgia,100000,2019-03-02,1.6
Georgia,100000,2019-03-09,0.3
Georgia,100000,2019-03-09,1.0
Georgia,100000,2019-03-09,1.3
Georgia,100000,2019-03-16,0.2
Georgia,100000,2019-03-16,1.3
Georgia,100000,2019-03-16,1.5
Georgia,100000,2019-03-23,0.2
Georgia,100000,2019-03-23,1.2
Georgia,100000,2019-03-23,1.4
Georgia,100000,2019-03-30,0.2
Georgia,100000,2019-03-30,0.8
Georgia,100000,2019-03-30,1.0
Georgia,100000,2019-04-06,0.2
Georgia,100000,2019-04-06,1.0
Georgia,100000,2019-04-06,1.2
Georgia,100000,2019-04-13,0.1
Georgia,100000,2019-04-13,0.6
Georgia,100000,2019-04-13,0.7
Georgia,100000,2019-04-20,0.2
Georgia,100000,2019-04-20,0.4
Georgia,100000,2019-04-20,0.6000000000000001
Georgia,100000,2019-04-27,0.0
Georgia,100000,2019-04-27,0.1
Georgia,100000,2019-04-27,0.1
Georgia,100000,2019-05-04,0.1
Georgia,100000,2019-05-04,0.1
Georgia,100000,2019-05-04,0.2
Georgia,100000,2019-10-05,0.5
Georgia,100000,2019-10-05,0.6
Georgia,100000,2019-10-05,0.1
Georgia,100000,2019-10-12,0.5
Georgia,100000,2019-10-12,0.8
Georgia,100000,2019-10-12,0.3
Georgia,100000,2019-10-19,1.0
Georgia,100000,2019-10-19,1.1
Georgia,100000,2019-10-19,0.1
Georgia,100000,2019-10-26,1.2
Georgia,100000,2019-10-26,1.4
Georgia,100000,2019-10-26,0.2
Georgia,100000,2019-11-02,1.6
Georgia,100000,2019-11-02,1.8
Georgia,100000,2019-11-02,0.2
Georgia,100000,2019-11-09,1.4
Georgia,100000,2019-11-09,1.7
Georgia,100000,2019-11-09,0.3
Georgia,100000,2019-11-16,1.8
Georgia,100000,2019-11-16,2.3
Georgia,100000,2019-11-16,0.5
Georgia,100000,2019-11-23,2.0
Georgia,100000,2019-11-23,2.9
Georgia,100000,2019-11-23,0.9
Georgia,100000,2019-11-30,1.4
Georgia,100000,2019-11-30,2.7
Georgia,100000,2019-11-30,1.3
Georgia,100000,2019-12-07,2.1
Georgia,100000,2019-12-07,4.300000000000001
Georgia,100000,2019-12-07,2.2
Georgia,100000,2019-12-14,1.5
Georgia,100000,2019-12-14,4.5
Georgia,100000,2019-12-14,3.0
Georgia,100000,2019-12-21,1.3
Georgia,100000,2019-12-21,5.5
Georgia,100000,2019-12-21,4.2
Georgia,100000,2019-12-28,1.1
Georgia,100000,2019-12-28,8.1
Georgia,100000,2019-12-28,7.0
Georgia,100000,2020-01-04,1.3
Georgia,100000,2020-01-04,7.6
Georgia,100000,2020-01-04,6.3
Georgia,100000,2020-01-11,0.8
Georgia,100000,2020-01-11,5.1
Georgia,100000,2020-01-11,4.3
Georgia,100000,2020-01-18,0.6
Georgia,100000,2020-01-18,4.2
Georgia,100000,2020-01-18,3.6
Georgia,100000,2020-01-25,0.4
Georgia,100000,2020-01-25,3.8
Georgia,100000,2020-01-25,3.4
Georgia,100000,2020-02-01,0.5
Georgia,100000,2020-02-01,5.3
Georgia,100000,2020-02-01,4.8
Georgia,100000,2020-02-08,0.5
Georgia,100000,2020-02-08,5.3
Georgia,100000,2020-02-08,4.8
Georgia,100000,2020-02-15,0.4
Georgia,100000,2020-02-15,3.3
Georgia,100000,2020-02-15,2.9
Georgia,100000,2020-02-22,0.3
Georgia,100000,2020-02-22,3.0999999999999996
Georgia,100000,2020-02-22,2.8
Georgia,100000,2020-02-29,0.3
Georgia,100000,2020-02-29,2.4
Georgia,100000,2020-02-29,2.1
Georgia,100000,2020-03-07,0.2
Georgia,100000,2020-03-07,0.4
Georgia,100000,2020-03-07,2.6
Georgia,100000,2020-03-07,2.0
Georgia,100000,2020-03-14,0.4
Georgia,100000,2020-03-14,2.1
Georgia,100000,2020-03-14,4.1000000000000005
Georgia,100000,2020-03-14,1.6
Georgia,100000,2020-03-21,0.1
Georgia,100000,2020-03-21,7.7
Georgia,100000,2020-03-21,8.7
Georgia,100000,2020-03-21,0.9
Georgia,100000,2020-03-28,0.0
Georgia,100000,2020-03-28,13.4
Georgia,100000,2020-03-28,13.6
Georgia,100000,2020-03-28,0.2
Georgia,100000,2020-04-04,0.1
Georgia,100000,2020-04-04,9.9
Georgia,100000,2020-04-04,10.1
Georgia,100000,2020-04-04,0.1
Georgia,100000,2020-04-11,0.0
Georgia,100000,2020-04-11,7.7
Georgia,100000,2020-04-11,7.8
Georgia,100000,2020-04-11,0.1
Georgia,100000,2020-04-18,0.0
Georgia,100000,2020-04-18,7.9
Georgia,100000,2020-04-18,8.0
Georgia,100000,2020-04-18,0.1
Georgia,100000,2020-04-25,0.0
Georgia,100000,2020-04-25,6.7
Georgia,100000,2020-04-25,6.7
Georgia,100000,2020-04-25,0.0
Georgia,100000,2020-05-02,0.0
Georgia,100000,2020-05-02,6.1
Georgia,100000,2020-05-02,6.1
Georgia,100000,2020-05-02,0.0
Georgia,100000,2020-05-09,5.1
Georgia,100000,2020-05-09,5.1
Georgia,100000,2020-05-16,5.2
Georgia,100000,2020-05-16,5.2
Georgia,100000,2020-05-23,5.0
Georgia,100000,2020-05-23,5.0
Georgia,100000,2020-05-30,4.4
Georgia,100000,2020-05-30,4.4
Georgia,100000,2020-06-06,4.7
Georgia,100000,2020-06-06,4.7
Georgia,100000,2020-06-13,4.9
Georgia,100000,2020-06-13,4.9
Georgia,100000,2020-06-20,6.4
Georgia,100000,2020-06-20,6.4
Georgia,100000,2020-06-27,10.6
Georgia,100000,2020-06-27,10.6
Georgia,100000,2020-07-04,17.2
Georgia,100000,2020-07-04,17.2
Georgia,100000,2020-07-11,21.8
Georgia,100000,2020-07-11,21.8
Georgia,100000,2020-07-18,22.0
Georgia,100000,2020-07-18,22.0
Georgia,100000,2020-07-25,17.3
Georgia,100000,2020-07-25,17.3
Georgia,100000,2020-08-01,14.0
Georgia,100000,2020-08-01,14.0
Georgia,100000,2020-08-08,13.2
Georgia,100000,2020-08-08,13.2
Georgia,100000,2020-08-15,11.3
Georgia,100000,2020-08-15,11.3
Georgia,100000,2020-08-22,10.1
Georgia,100000,2020-08-22,10.1
Georgia,100000,2020-08-29,6.6
Georgia,100000,2020-08-29,6.6
Georgia,100000,2020-09-05,6.8
Georgia,100000,2020-09-05,6.8
Georgia,100000,2020-09-12,5.9
Georgia,100000,2020-09-12,5.9
Georgia,100000,2020-09-19,5.3
Georgia,100000,2020-09-19,5.3
Georgia,100000,2020-09-26,4.7
Georgia,100000,2020-09-26,4.7
Georgia,100000,2020-10-03,0.0
Georgia,100000,2020-10-03,5.4
Georgia,100000,2020-10-03,5.4
Georgia,100000,2020-10-10,0.0
Georgia,100000,2020-10-10,5.8
Georgia,100000,2020-10-10,5.8
Georgia,100000,2020-10-17,0.0
Georgia,100000,2020-10-17,6.5
Georgia,100000,2020-10-17,6.5
Georgia,100000,2020-10-24,0.0
Georgia,100000,2020-10-24,7.3
Georgia,100000,2020-10-24,7.3
Georgia,100000,2020-10-31,0.0
Georgia,100000,2020-10-31,7.0
Georgia,100000,2020-10-31,7.0
Georgia,100000,2020-11-07,0.0
Georgia,100000,2020-11-07,8.7
Georgia,100000,2020-11-07,8.7
Georgia,100000,2020-11-14,0.0
Georgia,100000,2020-11-14,9.7
Georgia,100000,2020-11-14,9.7
Georgia,100000,2020-11-21,0.0
Georgia,100000,2020-11-21,10.0
Georgia,100000,2020-11-21,10.0
Georgia,100000,2020-11-28,0.0
Georgia,100000,2020-11-28,11.8
Georgia,100000,2020-11-28,11.8
Georgia,100000,2020-12-05,0.0
Georgia,100000,2020-12-05,13.5
Georgia,100000,2020-12-05,13.5
Georgia,100000,2020-12-12,0.0
Georgia,100000,2020-12-12,16.7
Georgia,100000,2020-12-12,16.7
Georgia,100000,2020-12-19,0.0
Georgia,100000,2020-12-19,20.8
Georgia,100000,2020-12-19,20.8
Georgia,100000,2020-12-26,0.0
Georgia,100000,2020-12-26,21.9
Georgia,100000,2020-12-26,21.9
Georgia,100000,2021-01-02,0.0
Georgia,100000,2021-01-02,26.8
Georgia,100000,2021-01-02,26.8
Georgia,100000,2021-01-09,0.0
Georgia,100000,2021-01-09,29.5
Georgia,100000,2021-01-09,29.5
Georgia,100000,2021-01-16,0.0
Georgia,100000,2021-01-16,28.8
Georgia,100000,2021-01-16,28.8
Georgia,100000,2021-01-23,0.0
Georgia,100000,2021-01-23,24.5
Georgia,100000,2021-01-23,24.5
Georgia,100000,2021-01-30,0.0
Georgia,100000,2021-01-30,21.8
Georgia,100000,2021-01-30,21.8
Georgia,100000,2021-02-06,0.0
Georgia,100000,2021-02-06,17.9
Georgia,100000,2021-02-06,17.9
Georgia,100000,2021-02-13,0.0
Georgia,100000,2021-02-13,14.6
Georgia,100000,2021-02-13,14.6
Georgia,100000,2021-02-20,0.1
Georgia,100000,2021-02-20,12.6
Georgia,100000,2021-02-20,12.7
Georgia,100000,2021-02-27,0.0
Georgia,100000,2021-02-27,10.5
Georgia,100000,2021-02-27,10.5
Georgia,100000,2021-03-06,0.0
Georgia,100000,2021-03-06,9.6
Georgia,100000,2021-03-06,9.6
Georgia,100000,2021-03-13,0.1
Georgia,100000,2021-03-13,8.6
Georgia,100000,2021-03-13,8.7
Georgia,100000,2021-03-20,0.0
Georgia,100000,2021-03-20,8.2
Georgia,100000,2021-03-20,8.2
Georgia,100000,2021-03-27,0.2
Georgia,100000,2021-03-27,9.1
Georgia,100000,2021-03-27,9.3
Georgia,100000,2021-04-03,0.1
Georgia,100000,2021-04-03,6.6
Georgia,100000,2021-04-03,6.699999999999999
Georgia,100000,2021-04-10,0.3
Georgia,100000,2021-04-10,8.8
Georgia,100000,2021-04-10,9.1
Georgia,100000,2021-04-17,0.2
Georgia,100000,2021-04-17,9.1
Georgia,100000,2021-04-17,9.3
Georgia,100000,2021-04-24,0.2
Georgia,100000,2021-04-24,9.3
Georgia,100000,2021-04-24,9.5
Georgia,100000,2021-05-01,0.2
Georgia,100000,2021-05-01,8.2
Georgia,100000,2021-05-01,8.399999999999999
Georgia,100000,2021-05-08,0.5
Georgia,100000,2021-05-08,6.8
Georgia,100000,2021-05-08,7.3
Georgia,100000,2021-05-15,0.6
Georgia,100000,2021-05-15,5.6
Georgia,100000,2021-05-15,6.199999999999999
Georgia,100000,2021-05-22,0.6
Georgia,100000,2021-05-22,5.6
Georgia,100000,2021-05-22,6.199999999999999
Georgia,100000,2021-05-29,0.6
Georgia,100000,2021-05-29,4.3
Georgia,100000,2021-05-29,4.8999999999999995
Georgia,100000,2021-06-05,0.8
Georgia,100000,2021-06-05,3.2
Georgia,100000,2021-06-05,4.0
Georgia,100000,2021-06-12,0.7
Georgia,100000,2021-06-12,3.1
Georgia,100000,2021-06-12,3.8
Georgia,100000,2021-06-19,0.9
Georgia,100000,2021-06-19,2.2
Georgia,100000,2021-06-19,3.1
Georgia,100000,2021-06-26,0.7
Georgia,100000,2021-06-26,2.2
Georgia,100000,2021-06-26,2.9000000000000004
Georgia,100000,2021-07-03,0.7
Georgia,100000,2021-07-03,1.9
Georgia,100000,2021-07-03,2.5999999999999996
Georgia,100000,2021-07-10,0.8
Georgia,100000,2021-07-10,3.4
Georgia,100000,2021-07-10,4.2
Georgia,100000,2021-07-17,1.2
Georgia,100000,2021-07-17,4.9
Georgia,100000,2021-07-17,6.1000000000000005
Georgia,100000,2021-07-24,1.4
Georgia,100000,2021-07-24,8.1
Georgia,100000,2021-07-24,9.5
Georgia,100000,2021-07-31,1.3
Georgia,100000,2021-07-31,14.1
Georgia,100000,2021-07-31,15.4
Georgia,100000,2021-08-07,1.4
Georgia,100000,2021-08-07,18.6
Georgia,100000,2021-08-07,20.0
Georgia,100000,2021-08-14,1.5
Georgia,100000,2021-08-14,22.1
Georgia,100000,2021-08-14,23.6
Georgia,100000,2021-08-21,1.4
Georgia,100000,2021-08-21,23.8
Georgia,100000,2021-08-21,25.2
Georgia,100000,2021-08-28,1.0
Georgia,100000,2021-08-28,23.6
Georgia,100000,2021-08-28,24.6
Georgia,100000,2021-09-04,1.2
Georgia,100000,2021-09-04,24.0
Georgia,100000,2021-09-04,25.2
Georgia,100000,2021-09-11,1.3
Georgia,100000,2021-09-11,21.8
Georgia,100000,2021-09-11,23.1
Georgia,100000,2021-09-18,1.0
Georgia,100000,2021-09-18,16.9
Georgia,100000,2021-09-18,17.9
Georgia,100000,2021-09-25,0.8
Georgia,100000,2021-09-25,15.7
Georgia,100000,2021-09-25,16.5
Georgia,100000,2021-10-02,1.4
Georgia,100000,2021-10-02,12.1
Georgia,100000,2021-10-02,13.5
Georgia,100000,2021-10-09,0.9
Georgia,100000,2021-10-09,10.8
Georgia,100000,2021-10-09,11.7
Georgia,100000,2021-10-09,0.0
Georgia,100000,2021-10-16,0.8
Georgia,100000,2021-10-16,7.9
Georgia,100000,2021-10-16,8.700000000000001
Georgia,100000,2021-10-16,0.0
Georgia,100000,2021-10-23,0.5
Georgia,100000,2021-10-23,6.3
Georgia,100000,2021-10-23,6.8
Georgia,100000,2021-10-23,0.0
Georgia,100000,2021-10-30,0.5
Georgia,100000,2021-10-30,5.6
Georgia,100000,2021-10-30,6.1
Georgia,100000,2021-10-30,0.0
Georgia,100000,2021-11-06,0.6
Georgia,100000,2021-11-06,3.8
Georgia,100000,2021-11-06,0.0
Georgia,100000,2021-11-06,4.3999999999999995
Georgia,100000,2021-11-13,0.5
Georgia,100000,2021-11-13,4.5
Georgia,100000,2021-11-13,0.1
Georgia,100000,2021-11-13,5.1
Georgia,100000,2021-11-20,0.8
Georgia,100000,2021-11-20,4.4
Georgia,100000,2021-11-20,0.1
Georgia,100000,2021-11-20,5.3
Georgia,100000,2021-11-27,0.4
Georgia,100000,2021-11-27,5.0
Georgia,100000,2021-11-27,0.3
Georgia,100000,2021-11-27,5.7
Georgia,100000,2021-12-04,0.6
Georgia,100000,2021-12-04,5.5
Georgia,100000,2021-12-04,0.3
Georgia,100000,2021-12-04,6.3999999999999995
Georgia,100000,2021-12-11,0.5
Georgia,100000,2021-12-11,7.2
Georgia,100000,2021-12-11,0.3
Georgia,100000,2021-12-11,8.0
Georgia,100000,2021-12-18,0.4
Georgia,100000,2021-12-18,9.6
Georgia,100000,2021-12-18,0.6
Georgia,100000,2021-12-18,10.6
Georgia,100000,2021-12-25,0.4
Georgia,100000,2021-12-25,22.8
Georgia,100000,2021-12-25,0.6
Georgia,100000,2021-12-25,23.8
Georgia,100000,2022-01-01,0.4
Georgia,100000,2022-01-01,51.4
Georgia,100000,2022-01-01,0.8
Georgia,100000,2022-01-01,52.599999999999994
Georgia,100000,2022-01-08,0.2
Georgia,100000,2022-01-08,57.0
Georgia,100000,2022-01-08,0.3
Georgia,100000,2022-01-08,57.5
Georgia,100000,2022-01-15,0.1
Georgia,100000,2022-01-15,45.5
Georgia,100000,2022-01-15,0.1
Georgia,100000,2022-01-15,45.7
Georgia,100000,2022-01-22,0.1
Georgia,100000,2022-01-22,31.5
Georgia,100000,2022-01-22,0.1
Georgia,100000,2022-01-22,31.700000000000003
Georgia,100000,2022-01-29,0.1
Georgia,100000,2022-01-29,24.4
Georgia,100000,2022-01-29,0.3
Georgia,100000,2022-01-29,24.8
Georgia,100000,2022-02-05,0.2
Georgia,100000,2022-02-05,17.7
Georgia,100000,2022-02-05,0.1
Georgia,100000,2022-02-05,18.0
Georgia,100000,2022-02-12,0.1
Georgia,100000,2022-02-12,12.6
Georgia,100000,2022-02-12,0.4
Georgia,100000,2022-02-12,13.1
Georgia,100000,2022-02-19,0.1
Georgia,100000,2022-02-19,8.9
Georgia,100000,2022-02-19,0.5
Georgia,100000,2022-02-19,9.5
Georgia,100000,2022-02-26,0.0
Georgia,100000,2022-02-26,7.0
Georgia,100000,2022-02-26,0.4
Georgia,100000,2022-02-26,7.4
Georgia,100000,2022-03-05,0.1
Georgia,100000,2022-03-05,5.7
Georgia,100000,2022-03-05,0.4
Georgia,100000,2022-03-05,6.2
Georgia,100000,2022-03-12,0.1
Georgia,100000,2022-03-12,3.3
Georgia,100000,2022-03-12,0.5
Georgia,100000,2022-03-12,3.9
Georgia,100000,2022-03-19,0.0
Georgia,100000,2022-03-19,2.8
Georgia,100000,2022-03-19,0.3
Georgia,100000,2022-03-19,3.0999999999999996
Georgia,100000,2022-03-26,0.1
Georgia,100000,2022-03-26,2.4
Georgia,100000,2022-03-26,0.4
Georgia,100000,2022-03-26,2.9
Georgia,100000,2022-04-02,0.1
Georgia,100000,2022-04-02,2.4
Georgia,100000,2022-04-02,0.6
Georgia,100000,2022-04-02,3.1
Georgia,100000,2022-04-09,0.1
Georgia,100000,2022-04-09,1.5
Georgia,100000,2022-04-09,0.6
Georgia,100000,2022-04-09,2.2
Georgia,100000,2022-04-16,0.0
Georgia,100000,2022-04-16,2.3
Georgia,100000,2022-04-16,0.7
Georgia,100000,2022-04-16,3.0
Georgia,100000,2022-04-23,0.2
Georgia,100000,2022-04-23,2.3
Georgia,100000,2022-04-23,0.6
Georgia,100000,2022-04-23,3.1
Georgia,100000,2022-04-30,0.4
Georgia,100000,2022-04-30,2.5
Georgia,100000,2022-04-30,0.6
Georgia,100000,2022-04-30,3.5
Georgia,100000,2022-05-07,0.3
Georgia,100000,2022-05-07,3.8
Georgia,100000,2022-05-07,0.6
Georgia,100000,2022-05-07,4.699999999999999
Georgia,100000,2022-05-14,0.5
Georgia,100000,2022-05-14,4.4
Georgia,100000,2022-05-14,0.6
Georgia,100000,2022-05-14,5.5
Georgia,100000,2022-05-21,0.6
Georgia,100000,2022-05-21,5.4
Georgia,100000,2022-05-21,0.6
Georgia,100000,2022-05-21,6.6
Georgia,100000,2022-05-28,0.9
Georgia,100000,2022-05-28,6.3
Georgia,100000,2022-05-28,0.6
Georgia,100000,2022-05-28,7.8
Georgia,100000,2022-06-04,0.8
Georgia,100000,2022-06-04,7.5
Georgia,100000,2022-06-04,0.6
Georgia,100000,2022-06-04,8.9
Georgia,100000,2022-06-11,0.9
Georgia,100000,2022-06-11,7.4
Georgia,100000,2022-06-11,0.4
Georgia,100000,2022-06-11,8.700000000000001
Georgia,100000,2022-06-18,1.5
Georgia,100000,2022-06-18,8.8
Georgia,100000,2022-06-18,10.3
Georgia,100000,2022-06-25,1.2
Georgia,100000,2022-06-25,10.2
Georgia,100000,2022-06-25,11.4
Georgia,100000,2022-07-02,0.9
Georgia,100000,2022-07-02,10.4
Georgia,100000,2022-07-02,11.3
Georgia,100000,2022-07-09,1.1
Georgia,100000,2022-07-09,11.9
Georgia,100000,2022-07-09,13.0
Georgia,100000,2022-07-16,1.4
Georgia,100000,2022-07-16,13.6
Georgia,100000,2022-07-16,15.0
Georgia,100000,2022-07-23,1.2
Georgia,100000,2022-07-23,14.6
Georgia,100000,2022-07-23,15.8
Georgia,100000,2022-07-30,1.3
Georgia,100000,2022-07-30,14.1
Georgia,100000,2022-07-30,15.4
Georgia,100000,2022-08-06,1.1
Georgia,100000,2022-08-06,14.2
Georgia,100000,2022-08-06,15.3
Georgia,100000,2022-08-13,1.2
Georgia,100000,2022-08-13,13.2
Georgia,100000,2022-08-13,14.4
Georgia,100000,2022-08-20,1.3
Georgia,100000,2022-08-20,12.3
Georgia,100000,2022-08-20,13.6
Georgia,100000,2022-08-27,1.7
Georgia,100000,2022-08-27,13.3
Georgia,100000,2022-08-27,15.0
Georgia,100000,2022-09-03,1.9
Georgia,100000,2022-09-03,10.2
Georgia,100000,2022-09-03,12.1
Georgia,100000,2022-09-10,2.1
Georgia,100000,2022-09-10,8.1
Georgia,100000,2022-09-10,10.2
Georgia,100000,2022-09-17,3.1
Georgia,100000,2022-09-17,6.0
Georgia,100000,2022-09-17,9.1
Georgia,100000,2022-09-24,2.6
Georgia,100000,2022-09-24,5.7
Georgia,100000,2022-09-24,8.3
Georgia,100000,2022-10-01,2.7
Georgia,100000,2022-10-01,4.7
Georgia,100000,2022-10-01,7.4
Georgia,100000,2022-10-08,2.4
Georgia,100000,2022-10-08,3.9
Georgia,100000,2022-10-08,1.7
Georgia,100000,2022-10-08,8.0
Georgia,100000,2022-10-15,2.7
Georgia,100000,2022-10-15,3.9
Georgia,100000,2022-10-15,2.5
Georgia,100000,2022-10-15,9.1
Georgia,100000,2022-10-22,1.9
Georgia,100000,2022-10-22,4.0
Georgia,100000,2022-10-22,3.0
Georgia,100000,2022-10-22,8.9
Georgia,100000,2022-10-29,1.9
Georgia,100000,2022-10-29,4.8
Georgia,100000,2022-10-29,5.8
Georgia,100000,2022-10-29,12.5
Georgia,100000,2022-11-05,1.7
Georgia,100000,2022-11-05,4.8
Georgia,100000,2022-11-05,6.5
Georgia,100000,2022-11-05,13.0
Georgia,100000,2022-11-12,1.2
Georgia,100000,2022-11-12,4.3
Georgia,100000,2022-11-12,4.7
Georgia,100000,2022-11-12,10.2
Georgia,100000,2022-11-19,0.8
Georgia,100000,2022-11-19,4.0
Georgia,100000,2022-11-19,3.2
Georgia,100000,2022-11-19,8.0
Georgia,100000,2022-11-26,0.8
Georgia,100000,2022-11-26,5.6
Georgia,100000,2022-11-26,4.6
Georgia,100000,2022-11-26,11.0
Georgia,100000,2022-12-03,1.2
Georgia,100000,2022-12-03,7.4
Georgia,100000,2022-12-03,4.8
Georgia,100000,2022-12-03,13.4
Georgia,100000,2022-12-10,1.6
Georgia,100000,2022-12-10,8.6
Georgia,100000,2022-12-10,2.6
Georgia,100000,2022-12-10,12.8
Georgia,100000,2022-12-17,1.1
Georgia,100000,2022-12-17,9.1
Georgia,100000,2022-12-17,1.9
Georgia,100000,2022-12-17,12.1
Georgia,100000,2022-12-24,0.7
Georgia,100000,2022-12-24,11.2
Georgia,100000,2022-12-24,1.9
Georgia,100000,2022-12-24,13.8
Georgia,100000,2022-12-31,0.4
Georgia,100000,2022-12-31,14.1
Georgia,100000,2022-12-31,2.0
Georgia,100000,2022-12-31,16.5
Georgia,100000,2023-01-07,0.8
Georgia,100000,2023-01-07,13.3
Georgia,100000,2023-01-07,1.5
Georgia,100000,2023-01-07,15.6
Georgia,100000,2023-01-14,0.8
Georgia,100000,2023-01-14,9.7
Georgia,100000,2023-01-14,1.1
Georgia,100000,2023-01-14,11.6
Georgia,100000,2023-01-21,0.7
Georgia,100000,2023-01-21,8.4
Georgia,100000,2023-01-21,0.8
Georgia,100000,2023-01-21,9.9
Georgia,100000,2023-01-28,0.6
Georgia,100000,2023-01-28,7.8
Georgia,100000,2023-01-28,0.4
Georgia,100000,2023-01-28,8.799999999999999
Georgia,100000,2023-02-04,0.4
Georgia,100000,2023-02-04,7.2
Georgia,100000,2023-02-04,0.5
Georgia,100000,2023-02-04,8.1
Georgia,100000,2023-02-11,0.6
Georgia,100000,2023-02-11,6.3
Georgia,100000,2023-02-11,0.4
Georgia,100000,2023-02-11,7.3
Georgia,100000,2023-02-18,0.3
Georgia,100000,2023-02-18,5.7
Georgia,100000,2023-02-18,0.3
Georgia,100000,2023-02-18,6.3
Georgia,100000,2023-02-25,0.2
Georgia,100000,2023-02-25,5.8
Georgia,100000,2023-02-25,0.3
Georgia,100000,2023-02-25,6.3
Georgia,100000,2023-03-04,0.4
Georgia,100000,2023-03-04,4.5
Georgia,100000,2023-03-04,0.3
Georgia,100000,2023-03-04,5.2
Georgia,100000,2023-03-11,0.4
Georgia,100000,2023-03-11,3.7
Georgia,100000,2023-03-11,0.1
Georgia,100000,2023-03-11,4.2
Georgia,100000,2023-03-18,0.3
Georgia,100000,2023-03-18,3.3
Georgia,100000,2023-03-18,0.3
Georgia,100000,2023-03-18,3.899999999999999
Georgia,100000,2023-03-25,0.2
Georgia,100000,2023-03-25,2.8
Georgia,100000,2023-03-25,0.5
Georgia,100000,2023-03-25,3.5
Georgia,100000,2023-04-01,0.2
Georgia,100000,2023-04-01,2.8
Georgia,100000,2023-04-01,0.4
Georgia,100000,2023-04-01,3.4
Georgia,100000,2023-04-08,0.2
Georgia,100000,2023-04-08,2.0
Georgia,100000,2023-04-08,0.2
Georgia,100000,2023-04-08,2.4000000000000004
Georgia,100000,2023-04-15,0.2
Georgia,100000,2023-04-15,2.4
Georgia,100000,2023-04-15,0.3
Georgia,100000,2023-04-15,2.9
Georgia,100000,2023-04-22,0.1
Georgia,100000,2023-04-22,2.2
Georgia,100000,2023-04-22,0.2
Georgia,100000,2023-04-22,2.5000000000000004
Georgia,100000,2023-04-29,0.1
Georgia,100000,2023-04-29,2.2
Georgia,100000,2023-04-29,0.3
Georgia,100000,2023-04-29,2.6
Georgia,100000,2023-05-06,0.1
Georgia,100000,2023-05-06,2.3
Georgia,100000,2023-05-06,0.1
Georgia,100000,2023-05-06,2.5
Georgia,100000,2023-05-13,0.2
Georgia,100000,2023-05-13,2.2
Georgia,100000,2023-05-13,2.4000000000000004
Georgia,100000,2023-05-20,0.2
Georgia,100000,2023-05-20,1.7
Georgia,100000,2023-05-20,1.9
Georgia,100000,2023-05-27,0.1
Georgia,100000,2023-05-27,1.7
Georgia,100000,2023-05-27,1.8
Georgia,100000,2023-06-03,0.1
Georgia,100000,2023-06-03,1.1
Georgia,100000,2023-06-03,1.2000000000000002
Georgia,100000,2023-06-10,0.1
Georgia,100000,2023-06-10,1.3
Georgia,100000,2023-06-10,1.4
Georgia,100000,2023-06-17,0.2
Georgia,100000,2023-06-17,1.2
Georgia,100000,2023-06-17,1.4
Georgia,100000,2023-06-24,0.2
Georgia,100000,2023-06-24,1.6
Georgia,100000,2023-06-24,1.8
Georgia,100000,2023-07-01,0.2
Georgia,100000,2023-07-01,1.4
Georgia,100000,2023-07-01,1.6
Georgia,100000,2023-07-08,0.1
Georgia,100000,2023-07-08,1.3
Georgia,100000,2023-07-08,1.4
Georgia,100000,2023-07-15,0.2
Georgia,100000,2023-07-15,1.5
Georgia,100000,2023-07-15,1.7
Georgia,100000,2023-07-22,0.2
Georgia,100000,2023-07-22,2.1
Georgia,100000,2023-07-22,2.3000000000000003
Georgia,100000,2023-07-29,0.4
Georgia,100000,2023-07-29,2.6
Georgia,100000,2023-07-29,3.0
Georgia,100000,2023-08-05,0.3
Georgia,100000,2023-08-05,3.8
Georgia,100000,2023-08-05,4.1
Georgia,100000,2023-08-12,0.5
Georgia,100000,2023-08-12,3.7
Georgia,100000,2023-08-12,4.2
Georgia,100000,2023-08-19,0.7
Georgia,100000,2023-08-19,4.7
Georgia,100000,2023-08-19,5.4
Georgia,100000,2023-08-26,0.7
Georgia,100000,2023-08-26,6.5
Georgia,100000,2023-08-26,7.2
Georgia,100000,2023-09-02,1.3
Georgia,100000,2023-09-02,5.2
Georgia,100000,2023-09-02,6.5
Georgia,100000,2023-09-09,1.4
Georgia,100000,2023-09-09,4.1
Georgia,100000,2023-09-09,5.5
Georgia,100000,2023-09-16,1.8
Georgia,100000,2023-09-16,3.9
Georgia,100000,2023-09-16,5.7
Georgia,100000,2023-09-23,2.5
Georgia,100000,2023-09-23,3.4
Georgia,100000,2023-09-23,5.9
Georgia,100000,2023-09-30,2.9
Georgia,100000,2023-09-30,2.8
Georgia,100000,2023-09-30,5.699999999999999
Georgia,100000,2023-10-07,2.9
Georgia,100000,2023-10-07,2.5
Georgia,100000,2023-10-07,5.6
Georgia,100000,2023-10-07,0.2
Georgia,100000,2023-10-14,3.2
Georgia,100000,2023-10-14,2.7
Georgia,100000,2023-10-14,6.2
Georgia,100000,2023-10-14,0.3
Georgia,100000,2023-10-21,3.1
Georgia,100000,2023-10-21,2.7
Georgia,100000,2023-10-21,6.2
Georgia,100000,2023-10-21,0.4
Georgia,100000,2023-10-28,3.3
Georgia,100000,2023-10-28,2.8
Georgia,100000,2023-10-28,6.5
Georgia,100000,2023-10-28,0.4
Georgia,100000,2023-11-04,3.1
Georgia,100000,2023-11-04,2.7
Georgia,100000,2023-11-04,6.5
Georgia,100000,2023-11-04,0.7
Georgia,100000,2023-11-11,3.1
Georgia,100000,2023-11-11,2.8
Georgia,100000,2023-11-11,7.4
Georgia,100000,2023-11-11,1.5
Georgia,100000,2023-11-18,3.2
Georgia,100000,2023-11-18,3.3
Georgia,100000,2023-11-18,8.5
Georgia,100000,2023-11-18,2.0
Georgia,100000,2023-11-25,2.6
Georgia,100000,2023-11-25,2.8
Georgia,100000,2023-11-25,7.5
Georgia,100000,2023-11-25,2.1
Georgia,100000,2023-12-02,2.9
Georgia,100000,2023-12-02,3.3
Georgia,100000,2023-12-02,9.0
Georgia,100000,2023-12-02,2.8
Georgia,100000,2023-12-09,2.6
Georgia,100000,2023-12-09,4.2
Georgia,100000,2023-12-09,10.1
Georgia,100000,2023-12-09,3.3
Georgia,100000,2023-12-16,2.5
Georgia,100000,2023-12-16,4.8
Georgia,100000,2023-12-16,14.7
Georgia,100000,2023-12-16,7.4
Georgia,100000,2023-12-23,2.0
Georgia,100000,2023-12-23,6.3
Georgia,100000,2023-12-23,21.1
Georgia,100000,2023-12-23,12.8
Georgia,100000,2023-12-30,2.5
Georgia,100000,2023-12-30,9.0
Georgia,100000,2023-12-30,27.7
Georgia,100000,2023-12-30,16.2
Georgia,100000,2024-01-06,1.9
Georgia,100000,2024-01-06,8.1
Georgia,100000,2024-01-06,20.699999999999996
Georgia,100000,2024-01-06,10.7
Georgia,100000,2024-01-13,1.4
Georgia,100000,2024-01-13,7.3
Georgia,100000,2024-01-13,16.4
Georgia,100000,2024-01-13,7.7
Georgia,100000,2024-01-20,1.4
Georgia,100000,2024-01-20,8.1
Georgia,100000,2024-01-20,16.099999999999998
Georgia,100000,2024-01-20,6.6
Georgia,100000,2024-01-27,1.4
Georgia,100000,2024-01-27,7.9
Georgia,100000,2024-01-27,14.9
Georgia,100000,2024-01-27,5.6
Georgia,100000,2024-02-03,1.3
Georgia,100000,2024-02-03,6.4
Georgia,100000,2024-02-03,11.900000000000002
Georgia,100000,2024-02-03,4.2
Georgia,100000,2024-02-10,1.0
Georgia,100000,2024-02-10,7.0
Georgia,100000,2024-02-10,11.6
Georgia,100000,2024-02-10,3.6
Georgia,100000,2024-02-17,0.9
Georgia,100000,2024-02-17,5.7
Georgia,100000,2024-02-17,9.7
Georgia,100000,2024-02-17,3.1
Georgia,100000,2024-02-24,0.5
Georgia,100000,2024-02-24,5.8
Georgia,100000,2024-02-24,8.5
Georgia,100000,2024-02-24,2.2
Georgia,100000,2024-03-02,0.9
Georgia,100000,2024-03-02,5.1
Georgia,100000,2024-03-02,8.1
Georgia,100000,2024-03-02,2.1
Georgia,100000,2024-03-09,0.7
Georgia,100000,2024-03-09,4.1
Georgia,100000,2024-03-09,6.5
Georgia,100000,2024-03-09,1.7
Georgia,100000,2024-03-16,0.6
Georgia,100000,2024-03-16,3.0
Georgia,100000,2024-03-16,4.699999999999999
Georgia,100000,2024-03-16,1.1
Georgia,100000,2024-03-23,0.4
Georgia,100000,2024-03-23,2.5
Georgia,100000,2024-03-23,3.9
Georgia,100000,2024-03-23,1.0
Georgia,100000,2024-03-30,0.3
Georgia,100000,2024-03-30,1.9
Georgia,100000,2024-03-30,3.0
Georgia,100000,2024-03-30,0.8
Georgia,100000,2024-04-06,0.4
Georgia,100000,2024-04-06,1.7
Georgia,100000,2024-04-06,2.6999999999999997
Georgia,100000,2024-04-06,0.6
Georgia,100000,2024-04-13,0.3
Georgia,100000,2024-04-13,1.2
Georgia,100000,2024-04-13,2.0
Georgia,100000,2024-04-13,0.5
Georgia,100000,2024-04-20,0.4
Georgia,100000,2024-04-20,1.0
Georgia,100000,2024-04-20,1.7000000000000002
Georgia,100000,2024-04-20,0.3
Georgia,100000,2024-04-27,0.3
Georgia,100000,2024-04-27,1.0
Georgia,100000,2024-04-27,1.5
Georgia,100000,2024-04-27,0.2
Georgia,100000,2024-05-04,0.2
Georgia,100000,2024-05-04,0.8
Georgia,100000,2024-05-04,1.1
Georgia,100000,2024-05-04,0.1
Georgia,100000,2024-05-11,0.4
Georgia,100000,2024-05-11,0.5
Georgia,100000,2024-05-11,1.2000000000000002
Georgia,100000,2024-05-11,0.3
Georgia,100000,2024-05-18,0.1
Georgia,100000,2024-05-18,0.8
Georgia,100000,2024-05-18,1.1
Georgia,100000,2024-05-18,0.2
Georgia,100000,2024-05-25,0.1
Georgia,100000,2024-05-25,0.8
Georgia,100000,2024-05-25,1.0
Georgia,100000,2024-05-25,0.1
Georgia,100000,2024-06-01,0.1
Georgia,100000,2024-06-01,1.1
Georgia,100000,2024-06-01,1.5000000000000002
Georgia,100000,2024-06-01,0.3
Georgia,100000,2024-06-08,0.1
Georgia,100000,2024-06-08,1.3
Georgia,100000,2024-06-08,1.6
Georgia,100000,2024-06-08,0.2
Georgia,100000,2024-06-15,0.1
Georgia,100000,2024-06-15,1.2
Georgia,100000,2024-06-15,1.5
Georgia,100000,2024-06-15,0.2
Georgia,100000,2024-06-22,0.0
Georgia,100000,2024-06-22,1.7
Georgia,100000,2024-06-22,1.9
Georgia,100000,2024-06-22,0.2
Georgia,100000,2024-06-29,0.0
Georgia,100000,2024-06-29,2.0
Georgia,100000,2024-06-29,2.1
Georgia,100000,2024-06-29,0.1
Georgia,100000,2024-07-06,0.1
Georgia,100000,2024-07-06,2.3
Georgia,100000,2024-07-06,2.5
Georgia,100000,2024-07-06,0.1
Georgia,100000,2024-07-13,0.0
Georgia,100000,2024-07-13,2.8
Georgia,100000,2024-07-13,2.9
Georgia,100000,2024-07-13,0.1
Georgia,100000,2024-07-20,0.1
Georgia,100000,2024-07-20,3.1
Georgia,100000,2024-07-20,3.4000000000000004
Georgia,100000,2024-07-20,0.2
Georgia,100000,2024-07-27,0.1
Georgia,100000,2024-07-27,4.1
Georgia,100000,2024-07-27,4.299999999999999
Georgia,100000,2024-07-27,0.1
Georgia,100000,2024-08-03,0.1
Georgia,100000,2024-08-03,5.2
Georgia,100000,2024-08-03,5.3
Georgia,100000,2024-08-03,0.0
Georgia,100000,2024-08-10,0.1
Georgia,100000,2024-08-10,6.2
Georgia,100000,2024-08-10,6.3999999999999995
Georgia,100000,2024-08-10,0.1
Georgia,100000,2024-08-17,0.2
Georgia,100000,2024-08-17,6.1
Georgia,100000,2024-08-17,6.3999999999999995
Georgia,100000,2024-08-17,0.1
Georgia,100000,2024-08-24,0.2
Georgia,100000,2024-08-24,5.6
Georgia,100000,2024-08-24,5.8
Georgia,100000,2024-08-24,0.0
Georgia,100000,2024-08-31,0.3
Georgia,100000,2024-08-31,4.7
Georgia,100000,2024-08-31,5.1
Georgia,100000,2024-08-31,0.1
Georgia,100000,2024-09-07,0.3
Georgia,100000,2024-09-07,3.9
Georgia,100000,2024-09-07,4.3
Georgia,100000,2024-09-07,0.1
Georgia,100000,2024-09-14,0.4
Georgia,100000,2024-09-14,3.0
Georgia,100000,2024-09-14,3.4
Georgia,100000,2024-09-14,0.0
Georgia,100000,2024-09-21,0.6
Georgia,100000,2024-09-21,1.7
Georgia,100000,2024-09-21,2.3
Georgia,100000,2024-09-21,0.0
Georgia,100000,2024-09-28,0.7
Georgia,100000,2024-09-28,1.9
Georgia,100000,2024-09-28,2.8
Georgia,100000,2024-09-28,0.2
Georgia,100000,2024-10-05,0.8
Georgia,100000,2024-10-05,1.5
Georgia,100000,2024-10-05,0.0
Georgia,100000,2024-10-05,2.3
Georgia,100000,2024-10-12,1.0
Georgia,100000,2024-10-12,1.5
Georgia,100000,2024-10-12,0.1
Georgia,100000,2024-10-12,2.6
Georgia,100000,2024-10-19,1.3
Georgia,100000,2024-10-19,1.1
Georgia,100000,2024-10-19,0.1
Georgia,100000,2024-10-19,2.5
Georgia,100000,2024-10-26,1.9
Georgia,100000,2024-10-26,1.1
Georgia,100000,2024-10-26,0.2
Georgia,100000,2024-10-26,3.2
Georgia,100000,2024-11-02,2.1
Georgia,100000,2024-11-02,1.2
Georgia,100000,2024-11-02,0.3
Georgia,100000,2024-11-02,3.6
Georgia,100000,2024-11-09,2.4
Georgia,100000,2024-11-09,1.0
Georgia,100000,2024-11-09,0.2
Georgia,100000,2024-11-09,3.5999999999999996
Georgia,100000,2024-11-16,3.7
Georgia,100000,2024-11-16,0.7
Georgia,100000,2024-11-16,0.5
Georgia,100000,2024-11-16,4.9
Georgia,100000,2024-11-23,4.3
Georgia,100000,2024-11-23,0.7
Georgia,100000,2024-11-23,0.4
Georgia,100000,2024-11-23,5.4
Georgia,100000,2024-11-30,4.7
Georgia,100000,2024-11-30,0.8
Georgia,100000,2024-11-30,0.4
Georgia,100000,2024-11-30,5.9
Georgia,100000,2024-12-07,4.6
Georgia,100000,2024-12-07,1.2
Georgia,100000,2024-12-07,0.6
Georgia,100000,2024-12-07,6.3999999999999995
Georgia,100000,2024-12-14,4.6
Georgia,100000,2024-12-14,1.7
Georgia,100000,2024-12-14,2.3
Georgia,100000,2024-12-14,8.6
Georgia,100000,2024-12-21,4.8
Georgia,100000,2024-12-21,1.6
Georgia,100000,2024-12-21,4.4
Georgia,100000,2024-12-21,10.8
Georgia,100000,2024-12-28,4.4
Georgia,100000,2024-12-28,2.2
Georgia,100000,2024-12-28,9.2
Georgia,100000,2024-12-28,15.8
Georgia,100000,2025-01-04,4.7
Georgia,100000,2025-01-04,3.2
Georgia,100000,2025-01-04,12.0
Georgia,100000,2025-01-04,19.9
Georgia,100000,2025-01-11,3.3
Georgia,100000,2025-01-11,2.6
Georgia,100000,2025-01-11,9.3
Georgia,100000,2025-01-11,15.2
Georgia,100000,2025-01-18,3.0
Georgia,100000,2025-01-18,2.6
Georgia,100000,2025-01-18,11.0
Georgia,100000,2025-01-18,16.6
Georgia,100000,2025-01-25,1.8
Georgia,100000,2025-01-25,2.4
Georgia,100000,2025-01-25,13.1
Georgia,100000,2025-01-25,17.3
Georgia,100000,2025-02-01,1.6
Georgia,100000,2025-02-01,3.2
Georgia,100000,2025-02-01,13.4
Georgia,100000,2025-02-01,18.200000000000003
Georgia,100000,2025-02-08,1.5
Georgia,100000,2025-02-08,3.2
Georgia,100000,2025-02-08,11.9
Georgia,100000,2025-02-08,16.6
Georgia,100000,2025-02-15,1.5
Georgia,100000,2025-02-15,2.4
Georgia,100000,2025-02-15,6.1
Georgia,100000,2025-02-15,10.0
Georgia,100000,2025-02-22,0.8
Georgia,100000,2025-02-22,3.2
Georgia,100000,2025-02-22,4.2
Georgia,100000,2025-02-22,8.200000000000001
Georgia,100000,2025-03-01,0.7
Georgia,100000,2025-03-01,3.2
Georgia,100000,2025-03-01,4.6
Georgia,100000,2025-03-01,8.5
Georgia,100000,2025-03-08,0.8
Georgia,100000,2025-03-08,3.1
Georgia,100000,2025-03-08,3.8
Georgia,100000,2025-03-08,7.7
Georgia,100000,2025-03-15,0.6
Georgia,100000,2025-03-15,3.3
Georgia,100000,2025-03-15,3.3
Georgia,100000,2025-03-15,7.199999999999999
Georgia,100000,2025-03-22,0.6
Georgia,100000,2025-03-22,2.6
Georgia,100000,2025-03-22,1.9
Georgia,100000,2025-03-22,5.1
Georgia,100000,2025-03-29,0.4
Georgia,100000,2025-03-29,2.3
Georgia,100000,2025-03-29,2.0
Georgia,100000,2025-03-29,4.7
Georgia,100000,2025-04-05,0.5
Georgia,100000,2025-04-05,2.1
Georgia,100000,2025-04-05,1.5
Georgia,100000,2025-04-05,4.1
Georgia,100000,2025-04-12,0.4
Georgia,100000,2025-04-12,1.8
Georgia,100000,2025-04-12,0.9
Georgia,100000,2025-04-12,3.1
Georgia,100000,2025-04-19,0.1
Georgia,100000,2025-04-19,1.9
Georgia,100000,2025-04-19,0.6
Georgia,100000,2025-04-19,2.6
Georgia,100000,2025-04-26,0.2
Georgia,100000,2025-04-26,1.9
Georgia,100000,2025-04-26,0.3
Georgia,100000,2025-04-26,2.4
Georgia,100000,2025-05-03,0.2
Georgia,100000,2025-05-03,1.1
Georgia,100000,2025-05-03,0.2
Georgia,100000,2025-05-03,1.5
Georgia,100000,2025-05-10,0.1
Georgia,100000,2025-05-10,0.9
Georgia,100000,2025-05-10,1.0
Georgia,100000,2025-05-17,0.1
Georgia,100000,2025-05-17,1.0
Georgia,100000,2025-05-17,1.1
Georgia,100000,2025-05-24,0.2
Georgia,100000,2025-05-24,0.7
Georgia,100000,2025-05-24,0.8999999999999999
Georgia,100000,2025-05-31,0.1
Georgia,100000,2025-05-31,0.8
Georgia,100000,2025-05-31,0.9
Georgia,100000,2025-06-07,0.1
Georgia,100000,2025-06-07,0.9
Georgia,100000,2025-06-07,1.0
Georgia,100000,2025-06-14,0.2
Georgia,100000,2025-06-14,0.7
Georgia,100000,2025-06-14,0.8999999999999999
Georgia,100000,2025-06-21,0.2
Georgia,100000,2025-06-21,0.9
Georgia,100000,2025-06-21,1.1
Georgia,100000,2025-06-28,0.0
Georgia,100000,2025-06-28,1.2
Georgia,100000,2025-06-28,1.2
Georgia,100000,2025-07-05,0.0
Georgia,100000,2025-07-05,0.9
Georgia,100000,2025-07-05,0.9
Georgia,100000,2025-07-12,0.1
Georgia,100000,2025-07-12,1.3
Georgia,100000,2025-07-12,1.4
Georgia,100000,2025-07-19,0.1
Georgia,100000,2025-07-19,1.5
Georgia,100000,2025-07-19,1.6
Georgia,100000,2025-07-26,0.1
Georgia,100000,2025-07-26,2.0
Georgia,100000,2025-07-26,2.1
Georgia,100000,2025-08-02,0.1
Georgia,100000,2025-08-02,1.8
Georgia,100000,2025-08-02,1.9
Georgia,100000,2025-08-09,0.1
Georgia,100000,2025-08-09,2.6
Georgia,100000,2025-08-09,2.7
Georgia,100000,2025-08-16,0.2
Georgia,100000,2025-08-16,3.1
Georgia,100000,2025-08-16,3.3000000000000003
Georgia,100000,2025-08-23,0.1
Georgia,100000,2025-08-23,3.6
Georgia,100000,2025-08-23,3.7
Georgia,100000,2025-08-30,0.1
Georgia,100000,2025-08-30,3.3
Georgia,100000,2025-08-30,3.4
Georgia,100000,2025-09-06,0.2
Georgia,100000,2025-09-06,3.0
Georgia,100000,2025-09-06,3.2
Georgia,100000,2025-09-13,0.2
Georgia,100000,2025-09-13,2.3
Georgia,100000,2025-09-13,2.5
Georgia,100000,2025-09-20,0.2
Georgia,100000,2025-09-20,1.5
Georgia,100000,2025-09-20,1.7
Georgia,100000,2025-09-27,0.3
Georgia,100000,2025-09-27,1.5
Georgia,100000,2025-09-27,1.8
Georgia,100000,2025-10-04,0.4
Georgia,100000,2025-10-04,1.2
Georgia,100000,2025-10-04,1.7000000000000002
Georgia,100000,2025-10-04,0.1
Georgia,100000,2025-10-11,0.4
Georgia,100000,2025-10-11,0.8
Georgia,100000,2025-10-11,1.3
Georgia,100000,2025-10-11,0.1
Georgia,100000,2025-10-18,0.6
Georgia,100000,2025-10-18,0.8
Georgia,100000,2025-10-18,1.5
Georgia,100000,2025-10-18,0.1
Georgia,100000,2025-10-25,0.7
Georgia,100000,2025-10-25,0.6
Georgia,100000,2025-10-25,1.5
Georgia,100000,2025-10-25,0.2
Georgia,100000,2025-11-01,0.7
Georgia,100000,2025-11-01,0.8
Georgia,100000,2025-11-01,1.8
Georgia,100000,2025-11-01,0.3
Georgia,100000,2025-11-08,0.6
Georgia,100000,2025-11-08,0.3
Georgia,100000,2025-11-08,1.2
Georgia,100000,2025-11-08,0.3
Iowa,100000,2019-10-05,0.0
Iowa,100000,2019-10-05,
Iowa,100000,2019-10-12,0.0
Iowa,100000,2019-10-12,
Iowa,100000,2019-10-19,0.0
Iowa,100000,2019-10-19,
Iowa,100000,2019-10-26,0.0
Iowa,100000,2019-10-26,
Iowa,100000,2019-11-02,0.0
Iowa,100000,2019-11-02,
Iowa,100000,2019-11-09,0.0
Iowa,100000,2019-11-09,
Iowa,100000,2019-11-16,0.0
Iowa,100000,2019-11-16,
Iowa,100000,2019-11-23,0.0
Iowa,100000,2019-11-23,
Iowa,100000,2019-11-30,0.0
Iowa,100000,2019-11-30,
Iowa,100000,2019-12-07,0.0
Iowa,100000,2019-12-07,
Iowa,100000,2019-12-14,0.0
Iowa,100000,2019-12-14,
Iowa,100000,2019-12-21,0.0
Iowa,100000,2019-12-21,
Iowa,100000,2019-12-28,0.0
Iowa,100000,2019-12-28,
Iowa,100000,2020-01-04,0.0
Iowa,100000,2020-01-04,
Iowa,100000,2020-01-11,0.0
Iowa,100000,2020-01-11,
Iowa,100000,2020-01-18,0.0
Iowa,100000,2020-01-18,
Iowa,100000,2020-01-25,0.0
Iowa,100000,2020-01-25,
Iowa,100000,2020-02-01,0.0
Iowa,100000,2020-02-01,
Iowa,100000,2020-02-08,0.0
Iowa,100000,2020-02-08,
Iowa,100000,2020-02-15,0.0
Iowa,100000,2020-02-15,
Iowa,100000,2020-02-22,0.0
Iowa,100000,2020-02-22,
Iowa,100000,2020-02-29,0.0
Iowa,100000,2020-02-29,
Iowa,100000,2020-03-07,0.0
Iowa,100000,2020-03-07,0.0
Iowa,100000,2020-03-07,
Iowa,100000,2020-03-14,0.0
Iowa,100000,2020-03-14,0.0
Iowa,100000,2020-03-14,
Iowa,100000,2020-03-21,0.8
Iowa,100000,2020-03-21,0.8
Iowa,100000,2020-03-21,
Iowa,100000,2020-03-28,0.0
Iowa,100000,2020-03-28,0.0
Iowa,100000,2020-03-28,
Iowa,100000,2020-04-04,0.8
Iowa,100000,2020-04-04,0.8
Iowa,100000,2020-04-04,
Iowa,100000,2020-04-11,8.4
Iowa,100000,2020-04-11,8.4
Iowa,100000,2020-04-11,
Iowa,100000,2020-04-18,18.4
Iowa,100000,2020-04-18,18.4
Iowa,100000,2020-04-18,
Iowa,100000,2020-04-25,26.8
Iowa,100000,2020-04-25,26.8
Iowa,100000,2020-04-25,
Iowa,100000,2020-05-02,23.7
Iowa,100000,2020-05-02,23.7
Iowa,100000,2020-05-02,
Iowa,100000,2020-05-09,10.7
Iowa,100000,2020-05-09,10.7
Iowa,100000,2020-05-16,11.5
Iowa,100000,2020-05-16,11.5
Iowa,100000,2020-05-23,12.2
Iowa,100000,2020-05-23,12.2
Iowa,100000,2020-05-30,5.4
Iowa,100000,2020-05-30,5.4
Iowa,100000,2020-06-06,5.4
Iowa,100000,2020-06-06,5.4
Iowa,100000,2020-06-13,5.4
Iowa,100000,2020-06-13,5.4
Iowa,100000,2020-06-20,2.3
Iowa,100000,2020-06-20,2.3
Iowa,100000,2020-06-27,4.6
Iowa,100000,2020-06-27,4.6
Iowa,100000,2020-07-04,5.4
Iowa,100000,2020-07-04,5.4
Iowa,100000,2020-07-11,9.2
Iowa,100000,2020-07-11,9.2
Iowa,100000,2020-07-18,6.1
Iowa,100000,2020-07-18,6.1
Iowa,100000,2020-07-25,6.9
Iowa,100000,2020-07-25,6.9
Iowa,100000,2020-08-01,9.2
Iowa,100000,2020-08-01,9.2
Iowa,100000,2020-08-08,8.4
Iowa,100000,2020-08-08,8.4
Iowa,100000,2020-08-15,9.9
Iowa,100000,2020-08-15,9.9
Iowa,100000,2020-08-22,11.5
Iowa,100000,2020-08-22,11.5
Iowa,100000,2020-08-29,5.4
Iowa,100000,2020-08-29,5.4
Iowa,100000,2020-09-05,6.9
Iowa,100000,2020-09-05,6.9
Iowa,100000,2020-09-12,10.7
Iowa,100000,2020-09-12,10.7
Iowa,100000,2020-09-19,8.4
Iowa,100000,2020-09-19,8.4
Iowa,100000,2020-09-26,8.4
Iowa,100000,2020-09-26,8.4
Iowa,100000,2020-10-03,9.9
Iowa,100000,2020-10-03,9.9
Iowa,100000,2020-10-10,12.2
Iowa,100000,2020-10-10,12.2
Iowa,100000,2020-10-17,11.5
Iowa,100000,2020-10-17,11.5
Iowa,100000,2020-10-24,9.9
Iowa,100000,2020-10-24,9.9
Iowa,100000,2020-10-31,22.9
Iowa,100000,2020-10-31,22.9
Iowa,100000,2020-11-07,40.5
Iowa,100000,2020-11-07,40.5
Iowa,100000,2020-11-14,51.2
Iowa,100000,2020-11-14,51.2
Iowa,100000,2020-11-21,32.9
Iowa,100000,2020-11-21,32.9
Iowa,100000,2020-11-28,28.3
Iowa,100000,2020-11-28,28.3
Iowa,100000,2020-12-05,25.2
Iowa,100000,2020-12-05,25.2
Iowa,100000,2020-12-12,20.6
Iowa,100000,2020-12-12,20.6
Iowa,100000,2020-12-19,13.0
Iowa,100000,2020-12-19,13.0
Iowa,100000,2020-12-26,12.2
Iowa,100000,2020-12-26,12.2
Iowa,100000,2021-01-02,11.5
Iowa,100000,2021-01-02,11.5
Iowa,100000,2021-01-09,10.7
Iowa,100000,2021-01-09,10.7
Iowa,100000,2021-01-16,16.8
Iowa,100000,2021-01-16,16.8
Iowa,100000,2021-01-23,19.1
Iowa,100000,2021-01-23,19.1
Iowa,100000,2021-01-30,9.9
Iowa,100000,2021-01-30,9.9
Iowa,100000,2021-02-06,9.9
Iowa,100000,2021-02-06,9.9
Iowa,100000,2021-02-13,6.1
Iowa,100000,2021-02-13,6.1
Iowa,100000,2021-02-20,7.6
Iowa,100000,2021-02-20,7.6
Iowa,100000,2021-02-27,6.9
Iowa,100000,2021-02-27,6.9
Iowa,100000,2021-03-06,2.3
Iowa,100000,2021-03-06,2.3
Iowa,100000,2021-03-13,6.9
Iowa,100000,2021-03-13,6.9
Iowa,100000,2021-03-20,7.6
Iowa,100000,2021-03-20,7.6
Iowa,100000,2021-03-27,0.8
Iowa,100000,2021-03-27,0.8
Iowa,100000,2021-04-03,3.8
Iowa,100000,2021-04-03,3.8
Iowa,100000,2021-04-10,5.4
Iowa,100000,2021-04-10,5.4
Iowa,100000,2021-04-17,2.3
Iowa,100000,2021-04-17,2.3
Iowa,100000,2021-04-24,3.8
Iowa,100000,2021-04-24,3.8
Iowa,100000,2021-05-01,0.8
Iowa,100000,2021-05-01,0.8
Iowa,100000,2021-05-08,0.8
Iowa,100000,2021-05-08,0.8
Iowa,100000,2021-05-15,3.8
Iowa,100000,2021-05-15,3.8
Iowa,100000,2021-05-22,3.1
Iowa,100000,2021-05-22,3.1
Iowa,100000,2021-05-29,0.8
Iowa,100000,2021-05-29,0.8
Iowa,100000,2021-06-05,5.4
Iowa,100000,2021-06-05,5.4
Iowa,100000,2021-06-12,4.6
Iowa,100000,2021-06-12,4.6
Iowa,100000,2021-06-19,1.5
Iowa,100000,2021-06-19,1.5
Iowa,100000,2021-06-26,6.9
Iowa,100000,2021-06-26,6.9
Iowa,100000,2021-07-03,8.4
Iowa,100000,2021-07-03,8.4
Iowa,100000,2021-07-10,3.1
Iowa,100000,2021-07-10,3.1
Iowa,100000,2021-07-17,3.1
Iowa,100000,2021-07-17,3.1
Iowa,100000,2021-07-24,8.4
Iowa,100000,2021-07-24,8.4
Iowa,100000,2021-07-31,6.1
Iowa,100000,2021-07-31,6.1
Iowa,100000,2021-08-07,16.8
Iowa,100000,2021-08-07,16.8
Iowa,100000,2021-08-14,22.9
Iowa,100000,2021-08-14,22.9
Iowa,100000,2021-08-21,16.1
Iowa,100000,2021-08-21,16.1
Iowa,100000,2021-08-28,19.1
Iowa,100000,2021-08-28,19.1
Iowa,100000,2021-09-04,18.4
Iowa,100000,2021-09-04,18.4
Iowa,100000,2021-09-11,14.5
Iowa,100000,2021-09-11,14.5
Iowa,100000,2021-09-18,19.1
Iowa,100000,2021-09-18,19.1
Iowa,100000,2021-09-25,8.4
Iowa,100000,2021-09-25,8.4
Iowa,100000,2021-10-02,12.2
Iowa,100000,2021-10-02,12.2
Iowa,100000,2021-10-09,19.9
Iowa,100000,2021-10-09,0.0
Iowa,100000,2021-10-09,19.9
Iowa,100000,2021-10-16,12.3
Iowa,100000,2021-10-16,0.0
Iowa,100000,2021-10-16,12.3
Iowa,100000,2021-10-23,13.0
Iowa,100000,2021-10-23,0.0
Iowa,100000,2021-10-23,13.0
Iowa,100000,2021-10-30,10.0
Iowa,100000,2021-10-30,0.0
Iowa,100000,2021-10-30,10.0
Iowa,100000,2021-11-06,13.0
Iowa,100000,2021-11-06,0.0
Iowa,100000,2021-11-06,13.0
Iowa,100000,2021-11-13,11.5
Iowa,100000,2021-11-13,0.0
Iowa,100000,2021-11-13,11.5
Iowa,100000,2021-11-20,11.5
Iowa,100000,2021-11-20,0.0
Iowa,100000,2021-11-20,11.5
Iowa,100000,2021-11-27,14.6
Iowa,100000,2021-11-27,0.0
Iowa,100000,2021-11-27,14.6
Iowa,100000,2021-12-04,19.9
Iowa,100000,2021-12-04,0.0
Iowa,100000,2021-12-04,19.9
Iowa,100000,2021-12-11,27.6
Iowa,100000,2021-12-11,1.5
Iowa,100000,2021-12-11,29.1
Iowa,100000,2021-12-18,12.3
Iowa,100000,2021-12-18,0.0
Iowa,100000,2021-12-18,12.3
Iowa,100000,2021-12-25,26.1
Iowa,100000,2021-12-25,3.1
Iowa,100000,2021-12-25,29.200000000000003
Iowa,100000,2022-01-01,22.2
Iowa,100000,2022-01-01,1.5
Iowa,100000,2022-01-01,23.7
Iowa,100000,2022-01-08,46.0
Iowa,100000,2022-01-08,0.0
Iowa,100000,2022-01-08,46.0
Iowa,100000,2022-01-15,44.5
Iowa,100000,2022-01-15,0.8
Iowa,100000,2022-01-15,45.3
Iowa,100000,2022-01-22,29.1
Iowa,100000,2022-01-22,1.5
Iowa,100000,2022-01-22,30.6
Iowa,100000,2022-01-29,34.5
Iowa,100000,2022-01-29,0.0
Iowa,100000,2022-01-29,34.5
Iowa,100000,2022-02-05,21.5
Iowa,100000,2022-02-05,0.0
Iowa,100000,2022-02-05,21.5
Iowa,100000,2022-02-12,22.2
Iowa,100000,2022-02-12,0.0
Iowa,100000,2022-02-12,22.2
Iowa,100000,2022-02-19,5.4
Iowa,100000,2022-02-19,0.0
Iowa,100000,2022-02-19,5.4
Iowa,100000,2022-02-26,6.9
Iowa,100000,2022-02-26,2.3
Iowa,100000,2022-02-26,9.2
Iowa,100000,2022-03-05,3.1
Iowa,100000,2022-03-05,2.3
Iowa,100000,2022-03-05,5.4
Iowa,100000,2022-03-12,8.4
Iowa,100000,2022-03-12,1.5
Iowa,100000,2022-03-12,9.9
Iowa,100000,2022-03-19,4.6
Iowa,100000,2022-03-19,0.8
Iowa,100000,2022-03-19,5.3999999999999995
Iowa,100000,2022-03-26,3.8
Iowa,100000,2022-03-26,0.0
Iowa,100000,2022-03-26,3.8
Iowa,100000,2022-04-02,3.8
Iowa,100000,2022-04-02,0.0
Iowa,100000,2022-04-02,3.8
Iowa,100000,2022-04-09,2.3
Iowa,100000,2022-04-09,0.0
Iowa,100000,2022-04-09,2.3
Iowa,100000,2022-04-16,5.4
Iowa,100000,2022-04-16,1.5
Iowa,100000,2022-04-16,6.9
Iowa,100000,2022-04-23,3.1
Iowa,100000,2022-04-23,0.0
Iowa,100000,2022-04-23,3.1
Iowa,100000,2022-04-30,5.4
Iowa,100000,2022-04-30,0.0
Iowa,100000,2022-04-30,5.4
Iowa,100000,2022-05-07,3.8
Iowa,100000,2022-05-07,0.0
Iowa,100000,2022-05-07,3.8
Iowa,100000,2022-05-14,3.1
Iowa,100000,2022-05-14,0.0
Iowa,100000,2022-05-14,3.1
Iowa,100000,2022-05-21,5.4
Iowa,100000,2022-05-21,0.0
Iowa,100000,2022-05-21,5.4
Iowa,100000,2022-05-28,0.0
Iowa,100000,2022-05-28,0.0
Iowa,100000,2022-06-04,0.0
Iowa,100000,2022-06-04,0.0
Iowa,100000,2022-06-11,0.0
Iowa,100000,2022-06-11,0.0
Maryland,100000,2018-10-06,0.1
Maryland,100000,2018-10-06,0.1
Maryland,100000,2018-10-06,0.0
Maryland,100000,2018-10-13,0.1
Maryland,100000,2018-10-13,0.2
Maryland,100000,2018-10-13,0.1
Maryland,100000,2018-10-20,0.1
Maryland,100000,2018-10-20,0.2
Maryland,100000,2018-10-20,0.1
Maryland,100000,2018-10-27,0.2
Maryland,100000,2018-10-27,0.2
Maryland,100000,2018-10-27,0.0
Maryland,100000,2018-11-03,0.2
Maryland,100000,2018-11-03,0.3
Maryland,100000,2018-11-03,0.1
Maryland,100000,2018-11-10,0.4
Maryland,100000,2018-11-10,0.5
Maryland,100000,2018-11-10,0.1
Maryland,100000,2018-11-17,0.4
Maryland,100000,2018-11-17,0.6000000000000001
Maryland,100000,2018-11-17,0.2
Maryland,100000,2018-11-24,0.4
Maryland,100000,2018-11-24,0.5
Maryland,100000,2018-11-24,0.1
Maryland,100000,2018-12-01,0.8
Maryland,100000,2018-12-01,1.2000000000000002
Maryland,100000,2018-12-01,0.4
Maryland,100000,2018-12-08,0.7
Maryland,100000,2018-12-08,1.0
Maryland,100000,2018-12-08,0.3
Maryland,100000,2018-12-15,1.0
Maryland,100000,2018-12-15,1.4
Maryland,100000,2018-12-15,0.4
Maryland,100000,2018-12-22,1.1
Maryland,100000,2018-12-22,1.6
Maryland,100000,2018-12-22,0.5
Maryland,100000,2018-12-29,1.4
Maryland,100000,2018-12-29,2.2
Maryland,100000,2018-12-29,0.8
Maryland,100000,2019-01-05,1.8
Maryland,100000,2019-01-05,3.3
Maryland,100000,2019-01-05,1.5
Maryland,100000,2019-01-12,1.6
Maryland,100000,2019-01-12,3.0
Maryland,100000,2019-01-12,1.4
Maryland,100000,2019-01-19,1.2
Maryland,100000,2019-01-19,2.5999999999999996
Maryland,100000,2019-01-19,1.4
Maryland,100000,2019-01-26,1.1
Maryland,100000,2019-01-26,3.0
Maryland,100000,2019-01-26,1.9
Maryland,100000,2019-02-02,1.0
Maryland,100000,2019-02-02,4.2
Maryland,100000,2019-02-02,3.2
Maryland,100000,2019-02-09,1.1
Maryland,100000,2019-02-09,5.6
Maryland,100000,2019-02-09,4.5
Maryland,100000,2019-02-16,1.0
Maryland,100000,2019-02-16,5.5
Maryland,100000,2019-02-16,4.5
Maryland,100000,2019-02-23,0.8
Maryland,100000,2019-02-23,6.2
Maryland,100000,2019-02-23,5.4
Maryland,100000,2019-03-02,0.5
Maryland,100000,2019-03-02,5.8
Maryland,100000,2019-03-02,5.3
Maryland,100000,2019-03-09,0.5
Maryland,100000,2019-03-09,8.1
Maryland,100000,2019-03-09,7.6
Maryland,100000,2019-03-16,0.2
Maryland,100000,2019-03-16,7.7
Maryland,100000,2019-03-16,7.5
Maryland,100000,2019-03-23,0.4
Maryland,100000,2019-03-23,6.2
Maryland,100000,2019-03-23,5.8
Maryland,100000,2019-03-30,0.3
Maryland,100000,2019-03-30,5.3999999999999995
Maryland,100000,2019-03-30,5.1
Maryland,100000,2019-04-06,0.4
Maryland,100000,2019-04-06,3.8
Maryland,100000,2019-04-06,3.4
Maryland,100000,2019-04-13,0.2
Maryland,100000,2019-04-13,3.2
Maryland,100000,2019-04-13,3.0
Maryland,100000,2019-04-20,0.1
Maryland,100000,2019-04-20,1.4
Maryland,100000,2019-04-20,1.3
Maryland,100000,2019-04-27,0.1
Maryland,100000,2019-04-27,0.7999999999999999
Maryland,100000,2019-04-27,0.7
Maryland,100000,2019-05-04,0.0
Maryland,100000,2019-05-04,0.3
Maryland,100000,2019-05-04,0.3
Maryland,100000,2019-10-05,0.1
Maryland,100000,2019-10-05,0.1
Maryland,100000,2019-10-05,0.2
Maryland,100000,2019-10-12,0.1
Maryland,100000,2019-10-12,0.0
Maryland,100000,2019-10-12,0.1
Maryland,100000,2019-10-19,0.2
Maryland,100000,2019-10-19,0.3
Maryland,100000,2019-10-19,0.5
Maryland,100000,2019-10-26,0.3
Maryland,100000,2019-10-26,0.1
Maryland,100000,2019-10-26,0.4
Maryland,100000,2019-11-02,0.4
Maryland,100000,2019-11-02,0.1
Maryland,100000,2019-11-02,0.5
Maryland,100000,2019-11-09,0.7
Maryland,100000,2019-11-09,0.0
Maryland,100000,2019-11-09,0.7
Maryland,100000,2019-11-16,0.9
Maryland,100000,2019-11-16,0.1
Maryland,100000,2019-11-16,1.0
Maryland,100000,2019-11-23,1.0
Maryland,100000,2019-11-23,0.3
Maryland,100000,2019-11-23,1.3
Maryland,100000,2019-11-30,1.6
Maryland,100000,2019-11-30,0.8
Maryland,100000,2019-11-30,2.4000000000000004
Maryland,100000,2019-12-07,2.3
Maryland,100000,2019-12-07,0.8
Maryland,100000,2019-12-07,3.0999999999999996
Maryland,100000,2019-12-14,1.8
Maryland,100000,2019-12-14,1.1
Maryland,100000,2019-12-14,2.9000000000000004
Maryland,100000,2019-12-21,1.7
Maryland,100000,2019-12-21,2.0
Maryland,100000,2019-12-21,3.7
Maryland,100000,2019-12-28,2.1
Maryland,100000,2019-12-28,4.5
Maryland,100000,2019-12-28,6.6
Maryland,100000,2020-01-04,2.5
Maryland,100000,2020-01-04,6.5
Maryland,100000,2020-01-04,9.0
Maryland,100000,2020-01-11,2.1
Maryland,100000,2020-01-11,5.3
Maryland,100000,2020-01-11,7.4
Maryland,100000,2020-01-18,1.2
Maryland,100000,2020-01-18,6.1
Maryland,100000,2020-01-18,7.3
Maryland,100000,2020-01-25,1.3
Maryland,100000,2020-01-25,6.2
Maryland,100000,2020-01-25,7.5
Maryland,100000,2020-02-01,1.1
Maryland,100000,2020-02-01,8.3
Maryland,100000,2020-02-01,9.4
Maryland,100000,2020-02-08,0.7
Maryland,100000,2020-02-08,7.9
Maryland,100000,2020-02-08,8.6
Maryland,100000,2020-02-15,0.8
Maryland,100000,2020-02-15,6.4
Maryland,100000,2020-02-15,7.2
Maryland,100000,2020-02-22,0.5
Maryland,100000,2020-02-22,5.2
Maryland,100000,2020-02-22,5.7
Maryland,100000,2020-02-29,0.4
Maryland,100000,2020-02-29,5.0
Maryland,100000,2020-02-29,5.4
Maryland,100000,2020-03-07,0.4
Maryland,100000,2020-03-07,0.1
Maryland,100000,2020-03-07,3.8
Maryland,100000,2020-03-07,4.3
Maryland,100000,2020-03-14,0.5
Maryland,100000,2020-03-14,0.3
Maryland,100000,2020-03-14,3.3
Maryland,100000,2020-03-14,4.1
Maryland,100000,2020-03-21,0.2
Maryland,100000,2020-03-21,1.9
Maryland,100000,2020-03-21,1.2
Maryland,100000,2020-03-21,3.3
Maryland,100000,2020-03-28,0.0
Maryland,100000,2020-03-28,7.6
Maryland,100000,2020-03-28,0.4
Maryland,100000,2020-03-28,8.0
Maryland,100000,2020-04-04,0.0
Maryland,100000,2020-04-04,11.7
Maryland,100000,2020-04-04,0.1
Maryland,100000,2020-04-04,11.8
Maryland,100000,2020-04-11,0.1
Maryland,100000,2020-04-11,15.1
Maryland,100000,2020-04-11,0.1
Maryland,100000,2020-04-11,15.3
Maryland,100000,2020-04-18,0.0
Maryland,100000,2020-04-18,18.1
Maryland,100000,2020-04-18,0.1
Maryland,100000,2020-04-18,18.200000000000003
Maryland,100000,2020-04-25,0.0
Maryland,100000,2020-04-25,19.6
Maryland,100000,2020-04-25,0.1
Maryland,100000,2020-04-25,19.700000000000003
Maryland,100000,2020-05-02,0.0
Maryland,100000,2020-05-02,19.9
Maryland,100000,2020-05-02,0.0
Maryland,100000,2020-05-02,19.9
Maryland,100000,2020-05-09,18.0
Maryland,100000,2020-05-09,18.0
Maryland,100000,2020-05-16,16.0
Maryland,100000,2020-05-16,16.0
Maryland,100000,2020-05-23,14.2
Maryland,100000,2020-05-23,14.2
Maryland,100000,2020-05-30,12.1
Maryland,100000,2020-05-30,12.1
Maryland,100000,2020-06-06,9.2
Maryland,100000,2020-06-06,9.2
Maryland,100000,2020-06-13,6.7
Maryland,100000,2020-06-13,6.7
Maryland,100000,2020-06-20,5.3
Maryland,100000,2020-06-20,5.3
Maryland,100000,2020-06-27,4.1
Maryland,100000,2020-06-27,4.1
Maryland,100000,2020-07-04,4.8
Maryland,100000,2020-07-04,4.8
Maryland,100000,2020-07-11,5.2
Maryland,100000,2020-07-11,5.2
Maryland,100000,2020-07-18,6.4
Maryland,100000,2020-07-18,6.4
Maryland,100000,2020-07-25,7.8
Maryland,100000,2020-07-25,7.8
Maryland,100000,2020-08-01,8.1
Maryland,100000,2020-08-01,8.1
Maryland,100000,2020-08-08,6.9
Maryland,100000,2020-08-08,6.9
Maryland,100000,2020-08-15,5.3
Maryland,100000,2020-08-15,5.3
Maryland,100000,2020-08-22,5.5
Maryland,100000,2020-08-22,5.5
Maryland,100000,2020-08-29,4.5
Maryland,100000,2020-08-29,4.5
Maryland,100000,2020-09-05,4.4
Maryland,100000,2020-09-05,4.4
Maryland,100000,2020-09-12,4.5
Maryland,100000,2020-09-12,4.5
Maryland,100000,2020-09-19,4.1
Maryland,100000,2020-09-19,4.1
Maryland,100000,2020-09-26,4.7
Maryland,100000,2020-09-26,4.7
Maryland,100000,2020-10-03,0.0
Maryland,100000,2020-10-03,4.7
Maryland,100000,2020-10-03,4.7
Maryland,100000,2020-10-10,0.0
Maryland,100000,2020-10-10,5.5
Maryland,100000,2020-10-10,5.5
Maryland,100000,2020-10-17,0.0
Maryland,100000,2020-10-17,5.8
Maryland,100000,2020-10-17,5.8
Maryland,100000,2020-10-24,0.0
Maryland,100000,2020-10-24,6.3
Maryland,100000,2020-10-24,6.3
Maryland,100000,2020-10-31,0.0
Maryland,100000,2020-10-31,7.4
Maryland,100000,2020-10-31,7.4
Maryland,100000,2020-11-07,0.0
Maryland,100000,2020-11-07,10.0
Maryland,100000,2020-11-07,10.0
Maryland,100000,2020-11-14,0.0
Maryland,100000,2020-11-14,14.6
Maryland,100000,2020-11-14,14.6
Maryland,100000,2020-11-21,0.0
Maryland,100000,2020-11-21,18.9
Maryland,100000,2020-11-21,18.9
Maryland,100000,2020-11-28,0.0
Maryland,100000,2020-11-28,21.1
Maryland,100000,2020-11-28,21.1
Maryland,100000,2020-12-05,0.0
Maryland,100000,2020-12-05,19.6
Maryland,100000,2020-12-05,19.6
Maryland,100000,2020-12-12,0.0
Maryland,100000,2020-12-12,20.2
Maryland,100000,2020-12-12,20.2
Maryland,100000,2020-12-19,0.0
Maryland,100000,2020-12-19,20.5
Maryland,100000,2020-12-19,20.5
Maryland,100000,2020-12-26,0.0
Maryland,100000,2020-12-26,21.2
Maryland,100000,2020-12-26,21.2
Maryland,100000,2021-01-02,0.0
Maryland,100000,2021-01-02,21.0
Maryland,100000,2021-01-02,21.0
Maryland,100000,2021-01-09,0.0
Maryland,100000,2021-01-09,23.1
Maryland,100000,2021-01-09,23.1
Maryland,100000,2021-01-16,0.0
Maryland,100000,2021-01-16,20.7
Maryland,100000,2021-01-16,20.7
Maryland,100000,2021-01-23,0.0
Maryland,100000,2021-01-23,18.7
Maryland,100000,2021-01-23,18.7
Maryland,100000,2021-01-30,0.0
Maryland,100000,2021-01-30,16.6
Maryland,100000,2021-01-30,16.6
Maryland,100000,2021-02-06,0.0
Maryland,100000,2021-02-06,14.2
Maryland,100000,2021-02-06,14.2
Maryland,100000,2021-02-13,0.0
Maryland,100000,2021-02-13,10.3
Maryland,100000,2021-02-13,10.3
Maryland,100000,2021-02-20,0.0
Maryland,100000,2021-02-20,9.7
Maryland,100000,2021-02-20,9.7
Maryland,100000,2021-02-27,0.0
Maryland,100000,2021-02-27,9.3
Maryland,100000,2021-02-27,9.3
Maryland,100000,2021-03-06,0.0
Maryland,100000,2021-03-06,8.0
Maryland,100000,2021-03-06,8.0
Maryland,100000,2021-03-13,0.0
Maryland,100000,2021-03-13,8.4
Maryland,100000,2021-03-13,8.4
Maryland,100000,2021-03-20,0.0
Maryland,100000,2021-03-20,10.5
Maryland,100000,2021-03-20,10.5
Maryland,100000,2021-03-27,0.0
Maryland,100000,2021-03-27,12.3
Maryland,100000,2021-03-27,12.3
Maryland,100000,2021-04-03,0.0
Maryland,100000,2021-04-03,14.4
Maryland,100000,2021-04-03,14.4
Maryland,100000,2021-04-10,0.0
Maryland,100000,2021-04-10,15.4
Maryland,100000,2021-04-10,15.4
Maryland,100000,2021-04-17,0.0
Maryland,100000,2021-04-17,14.9
Maryland,100000,2021-04-17,14.9
Maryland,100000,2021-04-24,0.0
Maryland,100000,2021-04-24,12.9
Maryland,100000,2021-04-24,12.9
Maryland,100000,2021-05-01,0.0
Maryland,100000,2021-05-01,10.0
Maryland,100000,2021-05-01,10.0
Maryland,100000,2021-05-08,0.0
Maryland,100000,2021-05-08,9.0
Maryland,100000,2021-05-08,9.0
Maryland,100000,2021-05-15,0.0
Maryland,100000,2021-05-15,6.1
Maryland,100000,2021-05-15,6.1
Maryland,100000,2021-05-22,0.0
Maryland,100000,2021-05-22,4.2
Maryland,100000,2021-05-22,4.2
Maryland,100000,2021-05-29,0.1
Maryland,100000,2021-05-29,3.3
Maryland,100000,2021-05-29,3.4
Maryland,100000,2021-06-05,0.1
Maryland,100000,2021-06-05,2.5
Maryland,100000,2021-06-05,2.6
Maryland,100000,2021-06-12,0.1
Maryland,100000,2021-06-12,1.8
Maryland,100000,2021-06-12,1.9
Maryland,100000,2021-06-19,0.2
Maryland,100000,2021-06-19,1.5
Maryland,100000,2021-06-19,1.7
Maryland,100000,2021-06-26,0.2
Maryland,100000,2021-06-26,1.0
Maryland,100000,2021-06-26,1.2
Maryland,100000,2021-07-03,0.4
Maryland,100000,2021-07-03,0.8
Maryland,100000,2021-07-03,1.2000000000000002
Maryland,100000,2021-07-10,0.2
Maryland,100000,2021-07-10,1.4
Maryland,100000,2021-07-10,1.6
Maryland,100000,2021-07-17,0.3
Maryland,100000,2021-07-17,1.7
Maryland,100000,2021-07-17,2.0
Maryland,100000,2021-07-24,0.7
Maryland,100000,2021-07-24,2.0
Maryland,100000,2021-07-24,2.7
Maryland,100000,2021-07-31,0.8
Maryland,100000,2021-07-31,3.9
Maryland,100000,2021-07-31,4.7
Maryland,100000,2021-08-07,0.6
Maryland,100000,2021-08-07,5.5
Maryland,100000,2021-08-07,6.1
Maryland,100000,2021-08-14,0.7
Maryland,100000,2021-08-14,8.0
Maryland,100000,2021-08-14,8.7
Maryland,100000,2021-08-21,0.7
Maryland,100000,2021-08-21,9.5
Maryland,100000,2021-08-21,10.2
Maryland,100000,2021-08-28,0.8
Maryland,100000,2021-08-28,10.1
Maryland,100000,2021-08-28,10.9
Maryland,100000,2021-09-04,0.6
Maryland,100000,2021-09-04,10.4
Maryland,100000,2021-09-04,11.0
Maryland,100000,2021-09-11,0.7
Maryland,100000,2021-09-11,9.9
Maryland,100000,2021-09-11,10.6
Maryland,100000,2021-09-18,0.8
Maryland,100000,2021-09-18,9.7
Maryland,100000,2021-09-18,10.5
Maryland,100000,2021-09-25,1.0
Maryland,100000,2021-09-25,9.2
Maryland,100000,2021-09-25,10.2
Maryland,100000,2021-10-02,1.1
Maryland,100000,2021-10-02,9.3
Maryland,100000,2021-10-02,10.4
Maryland,100000,2021-10-09,0.8
Maryland,100000,2021-10-09,8.7
Maryland,100000,2021-10-09,9.5
Maryland,100000,2021-10-09,0.0
Maryland,100000,2021-10-16,1.3
Maryland,100000,2021-10-16,7.9
Maryland,100000,2021-10-16,9.3
Maryland,100000,2021-10-16,0.1
Maryland,100000,2021-10-23,0.9
Maryland,100000,2021-10-23,6.9
Maryland,100000,2021-10-23,7.800000000000001
Maryland,100000,2021-10-23,0.0
Maryland,100000,2021-10-30,0.9
Maryland,100000,2021-10-30,6.4
Maryland,100000,2021-10-30,7.300000000000001
Maryland,100000,2021-10-30,0.0
Maryland,100000,2021-11-06,0.8
Maryland,100000,2021-11-06,5.6
Maryland,100000,2021-11-06,6.499999999999999
Maryland,100000,2021-11-06,0.1
Maryland,100000,2021-11-13,0.7
Maryland,100000,2021-11-13,6.1
Maryland,100000,2021-11-13,6.8
Maryland,100000,2021-11-13,0.0
Maryland,100000,2021-11-20,0.7
Maryland,100000,2021-11-20,7.2
Maryland,100000,2021-11-20,7.9
Maryland,100000,2021-11-20,0.0
Maryland,100000,2021-11-27,0.6
Maryland,100000,2021-11-27,7.8
Maryland,100000,2021-11-27,8.5
Maryland,100000,2021-11-27,0.1
Maryland,100000,2021-12-04,0.7
Maryland,100000,2021-12-04,10.5
Maryland,100000,2021-12-04,11.5
Maryland,100000,2021-12-04,0.3
Maryland,100000,2021-12-11,0.8
Maryland,100000,2021-12-11,13.2
Maryland,100000,2021-12-11,14.8
Maryland,100000,2021-12-11,0.8
Maryland,100000,2021-12-18,0.6
Maryland,100000,2021-12-18,17.0
Maryland,100000,2021-12-18,18.4
Maryland,100000,2021-12-18,0.8
Maryland,100000,2021-12-25,0.6
Maryland,100000,2021-12-25,23.6
Maryland,100000,2021-12-25,25.000000000000004
Maryland,100000,2021-12-25,0.8
Maryland,100000,2022-01-01,0.4
Maryland,100000,2022-01-01,42.7
Maryland,100000,2022-01-01,44.1
Maryland,100000,2022-01-01,1.0
Maryland,100000,2022-01-08,0.3
Maryland,100000,2022-01-08,47.8
Maryland,100000,2022-01-08,48.89999999999999
Maryland,100000,2022-01-08,0.8
Maryland,100000,2022-01-15,0.1
Maryland,100000,2022-01-15,41.4
Maryland,100000,2022-01-15,41.8
Maryland,100000,2022-01-15,0.3
Maryland,100000,2022-01-22,0.1
Maryland,100000,2022-01-22,27.8
Maryland,100000,2022-01-22,28.000000000000004
Maryland,100000,2022-01-22,0.1
Maryland,100000,2022-01-29,0.1
Maryland,100000,2022-01-29,17.4
Maryland,100000,2022-01-29,17.6
Maryland,100000,2022-01-29,0.1
Maryland,100000,2022-02-05,0.1
Maryland,100000,2022-02-05,11.3
Maryland,100000,2022-02-05,11.5
Maryland,100000,2022-02-05,0.1
Maryland,100000,2022-02-12,0.1
Maryland,100000,2022-02-12,7.3
Maryland,100000,2022-02-12,7.6
Maryland,100000,2022-02-12,0.2
Maryland,100000,2022-02-19,0.0
Maryland,100000,2022-02-19,5.4
Maryland,100000,2022-02-19,5.7
Maryland,100000,2022-02-19,0.3
Maryland,100000,2022-02-26,0.1
Maryland,100000,2022-02-26,3.9
Maryland,100000,2022-02-26,4.3999999999999995
Maryland,100000,2022-02-26,0.4
Maryland,100000,2022-03-05,0.0
Maryland,100000,2022-03-05,2.8
Maryland,100000,2022-03-05,3.1999999999999997
Maryland,100000,2022-03-05,0.4
Maryland,100000,2022-03-12,0.1
Maryland,100000,2022-03-12,2.5
Maryland,100000,2022-03-12,3.0
Maryland,100000,2022-03-12,0.4
Maryland,100000,2022-03-19,0.1
Maryland,100000,2022-03-19,1.6
Maryland,100000,2022-03-19,2.0
Maryland,100000,2022-03-19,0.3
Maryland,100000,2022-03-26,0.0
Maryland,100000,2022-03-26,1.5
Maryland,100000,2022-03-26,2.0
Maryland,100000,2022-03-26,0.5
Maryland,100000,2022-04-02,0.0
Maryland,100000,2022-04-02,1.5
Maryland,100000,2022-04-02,2.3
Maryland,100000,2022-04-02,0.8
Maryland,100000,2022-04-09,0.0
Maryland,100000,2022-04-09,1.7
Maryland,100000,2022-04-09,2.8
Maryland,100000,2022-04-09,1.1
Maryland,100000,2022-04-16,0.1
Maryland,100000,2022-04-16,2.2
Maryland,100000,2022-04-16,3.3000000000000003
Maryland,100000,2022-04-16,1.0
Maryland,100000,2022-04-23,0.1
Maryland,100000,2022-04-23,2.7
Maryland,100000,2022-04-23,3.7
Maryland,100000,2022-04-23,0.9
Maryland,100000,2022-04-30,0.1
Maryland,100000,2022-04-30,3.6
Maryland,100000,2022-04-30,4.5
Maryland,100000,2022-04-30,0.8
Maryland,100000,2022-05-07,0.1
Maryland,100000,2022-05-07,4.7
Maryland,100000,2022-05-07,5.7
Maryland,100000,2022-05-07,0.9
Maryland,100000,2022-05-14,0.1
Maryland,100000,2022-05-14,7.0
Maryland,100000,2022-05-14,7.9
Maryland,100000,2022-05-14,0.8
Maryland,100000,2022-05-21,0.1
Maryland,100000,2022-05-21,8.1
Maryland,100000,2022-05-21,8.7
Maryland,100000,2022-05-21,0.5
Maryland,100000,2022-05-28,0.1
Maryland,100000,2022-05-28,7.6
Maryland,100000,2022-05-28,7.999999999999999
Maryland,100000,2022-05-28,0.3
Maryland,100000,2022-06-04,0.1
Maryland,100000,2022-06-04,6.5
Maryland,100000,2022-06-04,6.8999999999999995
Maryland,100000,2022-06-04,0.3
Maryland,100000,2022-06-11,0.1
Maryland,100000,2022-06-11,6.3
Maryland,100000,2022-06-11,6.499999999999999
Maryland,100000,2022-06-11,0.1
Maryland,100000,2022-06-18,0.2
Maryland,100000,2022-06-18,7.0
Maryland,100000,2022-06-18,7.2
Maryland,100000,2022-06-25,0.2
Maryland,100000,2022-06-25,7.0
Maryland,100000,2022-06-25,7.2
Maryland,100000,2022-07-02,0.2
Maryland,100000,2022-07-02,6.9
Maryland,100000,2022-07-02,7.1000000000000005
Maryland,100000,2022-07-09,0.3
Maryland,100000,2022-07-09,8.0
Maryland,100000,2022-07-09,8.3
Maryland,100000,2022-07-16,0.3
Maryland,100000,2022-07-16,7.7
Maryland,100000,2022-07-16,8.0
Maryland,100000,2022-07-23,0.4
Maryland,100000,2022-07-23,8.5
Maryland,100000,2022-07-23,8.9
Maryland,100000,2022-07-30,0.3
Maryland,100000,2022-07-30,9.1
Maryland,100000,2022-07-30,9.4
Maryland,100000,2022-08-06,0.3
Maryland,100000,2022-08-06,9.5
Maryland,100000,2022-08-06,9.8
Maryland,100000,2022-08-13,0.3
Maryland,100000,2022-08-13,9.1
Maryland,100000,2022-08-13,9.4
Maryland,100000,2022-08-20,0.4
Maryland,100000,2022-08-20,8.5
Maryland,100000,2022-08-20,8.9
Maryland,100000,2022-08-27,0.4
Maryland,100000,2022-08-27,7.6
Maryland,100000,2022-08-27,8.0
Maryland,100000,2022-09-03,0.3
Maryland,100000,2022-09-03,7.1
Maryland,100000,2022-09-03,7.4
Maryland,100000,2022-09-10,0.4
Maryland,100000,2022-09-10,6.8
Maryland,100000,2022-09-10,7.2
Maryland,100000,2022-09-17,0.6
Maryland,100000,2022-09-17,6.1
Maryland,100000,2022-09-17,6.699999999999999
Maryland,100000,2022-09-24,0.6
Maryland,100000,2022-09-24,6.4
Maryland,100000,2022-09-24,7.0
Maryland,100000,2022-10-01,0.8
Maryland,100000,2022-10-01,5.4
Maryland,100000,2022-10-01,6.2
Maryland,100000,2022-10-08,1.5
Maryland,100000,2022-10-08,5.6
Maryland,100000,2022-10-08,0.4
Maryland,100000,2022-10-08,7.5
Maryland,100000,2022-10-15,3.7
Maryland,100000,2022-10-15,5.7
Maryland,100000,2022-10-15,0.5
Maryland,100000,2022-10-15,9.9
Maryland,100000,2022-10-22,3.8
Maryland,100000,2022-10-22,6.0
Maryland,100000,2022-10-22,1.3
Maryland,100000,2022-10-22,11.1
Maryland,100000,2022-10-29,5.0
Maryland,100000,2022-10-29,5.4
Maryland,100000,2022-10-29,3.4
Maryland,100000,2022-10-29,13.8
Maryland,100000,2022-11-05,5.2
Maryland,100000,2022-11-05,6.0
Maryland,100000,2022-11-05,4.6
Maryland,100000,2022-11-05,15.8
Maryland,100000,2022-11-12,4.6
Maryland,100000,2022-11-12,5.5
Maryland,100000,2022-11-12,5.6
Maryland,100000,2022-11-12,15.7
Maryland,100000,2022-11-19,4.1
Maryland,100000,2022-11-19,5.7
Maryland,100000,2022-11-19,5.5
Maryland,100000,2022-11-19,15.3
Maryland,100000,2022-11-26,3.2
Maryland,100000,2022-11-26,5.7
Maryland,100000,2022-11-26,8.0
Maryland,100000,2022-11-26,16.9
Maryland,100000,2022-12-03,2.9
Maryland,100000,2022-12-03,7.6
Maryland,100000,2022-12-03,10.0
Maryland,100000,2022-12-03,20.5
Maryland,100000,2022-12-10,2.4
Maryland,100000,2022-12-10,7.5
Maryland,100000,2022-12-10,7.1
Maryland,100000,2022-12-10,17.0
Maryland,100000,2022-12-17,1.9
Maryland,100000,2022-12-17,8.8
Maryland,100000,2022-12-17,5.3
Maryland,100000,2022-12-17,16.0
Maryland,100000,2022-12-24,1.0
Maryland,100000,2022-12-24,10.1
Maryland,100000,2022-12-24,4.6
Maryland,100000,2022-12-24,15.7
Maryland,100000,2022-12-31,0.8
Maryland,100000,2022-12-31,11.4
Maryland,100000,2022-12-31,3.6
Maryland,100000,2022-12-31,15.8
Maryland,100000,2023-01-07,1.1
Maryland,100000,2023-01-07,11.6
Maryland,100000,2023-01-07,3.3
Maryland,100000,2023-01-07,15.999999999999998
Maryland,100000,2023-01-14,0.5
Maryland,100000,2023-01-14,9.4
Maryland,100000,2023-01-14,1.2
Maryland,100000,2023-01-14,11.1
Maryland,100000,2023-01-21,0.5
Maryland,100000,2023-01-21,7.5
Maryland,100000,2023-01-21,1.1
Maryland,100000,2023-01-21,9.1
Maryland,100000,2023-01-28,0.6
Maryland,100000,2023-01-28,7.1
Maryland,100000,2023-01-28,0.5
Maryland,100000,2023-01-28,8.2
Maryland,100000,2023-02-04,0.6
Maryland,100000,2023-02-04,5.9
Maryland,100000,2023-02-04,0.8
Maryland,100000,2023-02-04,7.3
Maryland,100000,2023-02-11,0.4
Maryland,100000,2023-02-11,6.5
Maryland,100000,2023-02-11,0.3
Maryland,100000,2023-02-11,7.2
Maryland,100000,2023-02-18,0.1
Maryland,100000,2023-02-18,5.3
Maryland,100000,2023-02-18,0.2
Maryland,100000,2023-02-18,5.6
Maryland,100000,2023-02-25,0.3
Maryland,100000,2023-02-25,4.6
Maryland,100000,2023-02-25,0.2
Maryland,100000,2023-02-25,5.1
Maryland,100000,2023-03-04,0.2
Maryland,100000,2023-03-04,4.1
Maryland,100000,2023-03-04,0.3
Maryland,100000,2023-03-04,4.6
Maryland,100000,2023-03-11,0.3
Maryland,100000,2023-03-11,3.3
Maryland,100000,2023-03-11,0.4
Maryland,100000,2023-03-11,4.0
Maryland,100000,2023-03-18,0.1
Maryland,100000,2023-03-18,2.9
Maryland,100000,2023-03-18,0.2
Maryland,100000,2023-03-18,3.2
Maryland,100000,2023-03-25,0.3
Maryland,100000,2023-03-25,2.3
Maryland,100000,2023-03-25,0.5
Maryland,100000,2023-03-25,3.0999999999999996
Maryland,100000,2023-04-01,0.2
Maryland,100000,2023-04-01,1.7
Maryland,100000,2023-04-01,0.1
Maryland,100000,2023-04-01,2.0
Maryland,100000,2023-04-08,0.1
Maryland,100000,2023-04-08,1.6
Maryland,100000,2023-04-08,0.2
Maryland,100000,2023-04-08,1.9
Maryland,100000,2023-04-15,0.1
Maryland,100000,2023-04-15,1.5
Maryland,100000,2023-04-15,0.0
Maryland,100000,2023-04-15,1.6
Maryland,100000,2023-04-22,0.0
Maryland,100000,2023-04-22,0.9
Maryland,100000,2023-04-22,0.2
Maryland,100000,2023-04-22,1.1
Maryland,100000,2023-04-29,0.1
Maryland,100000,2023-04-29,0.9
Maryland,100000,2023-04-29,0.1
Maryland,100000,2023-04-29,1.1
Maryland,100000,2023-05-06,0.1
Maryland,100000,2023-05-06,1.1
Maryland,100000,2023-05-06,0.0
Maryland,100000,2023-05-06,1.2000000000000002
Maryland,100000,2023-05-13,0.0
Maryland,100000,2023-05-13,0.9
Maryland,100000,2023-05-13,0.9
Maryland,100000,2023-05-20,0.0
Maryland,100000,2023-05-20,0.9
Maryland,100000,2023-05-20,0.9
Maryland,100000,2023-05-27,0.0
Maryland,100000,2023-05-27,1.2
Maryland,100000,2023-05-27,1.2
Maryland,100000,2023-06-03,0.0
Maryland,100000,2023-06-03,1.1
Maryland,100000,2023-06-03,1.1
Maryland,100000,2023-06-10,0.0
Maryland,100000,2023-06-10,1.0
Maryland,100000,2023-06-10,1.0
Maryland,100000,2023-06-17,0.0
Maryland,100000,2023-06-17,1.0
Maryland,100000,2023-06-17,1.0
Maryland,100000,2023-06-24,0.0
Maryland,100000,2023-06-24,0.7
Maryland,100000,2023-06-24,0.7
Maryland,100000,2023-07-01,0.0
Maryland,100000,2023-07-01,1.2
Maryland,100000,2023-07-01,1.2
Maryland,100000,2023-07-08,0.0
Maryland,100000,2023-07-08,1.1
Maryland,100000,2023-07-08,1.1
Maryland,100000,2023-07-15,0.0
Maryland,100000,2023-07-15,0.9
Maryland,100000,2023-07-15,0.9
Maryland,100000,2023-07-22,0.1
Maryland,100000,2023-07-22,1.4
Maryland,100000,2023-07-22,1.5
Maryland,100000,2023-07-29,0.1
Maryland,100000,2023-07-29,1.9
Maryland,100000,2023-07-29,2.0
Maryland,100000,2023-08-05,0.0
Maryland,100000,2023-08-05,1.9
Maryland,100000,2023-08-05,1.9
Maryland,100000,2023-08-12,0.0
Maryland,100000,2023-08-12,1.9
Maryland,100000,2023-08-12,1.9
Maryland,100000,2023-08-19,0.1
Maryland,100000,2023-08-19,2.3
Maryland,100000,2023-08-19,2.4
Maryland,100000,2023-08-26,0.1
Maryland,100000,2023-08-26,2.6
Maryland,100000,2023-08-26,2.7
Maryland,100000,2023-09-02,0.0
Maryland,100000,2023-09-02,3.2
Maryland,100000,2023-09-02,3.2
Maryland,100000,2023-09-09,0.1
Maryland,100000,2023-09-09,4.5
Maryland,100000,2023-09-09,4.6
Maryland,100000,2023-09-16,0.3
Maryland,100000,2023-09-16,3.5
Maryland,100000,2023-09-16,3.8
Maryland,100000,2023-09-23,0.1
Maryland,100000,2023-09-23,3.7
Maryland,100000,2023-09-23,3.8
Maryland,100000,2023-09-30,0.3
Maryland,100000,2023-09-30,4.1
Maryland,100000,2023-09-30,4.3999999999999995
Maryland,100000,2023-10-07,0.8
Maryland,100000,2023-10-07,4.0
Maryland,100000,2023-10-07,0.1
Maryland,100000,2023-10-07,4.8999999999999995
Maryland,100000,2023-10-14,0.9
Maryland,100000,2023-10-14,2.5
Maryland,100000,2023-10-14,0.2
Maryland,100000,2023-10-14,3.6
Maryland,100000,2023-10-21,1.5
Maryland,100000,2023-10-21,3.3
Maryland,100000,2023-10-21,0.3
Maryland,100000,2023-10-21,5.1
Maryland,100000,2023-10-28,1.8
Maryland,100000,2023-10-28,3.3
Maryland,100000,2023-10-28,0.2
Maryland,100000,2023-10-28,5.3
Maryland,100000,2023-11-04,2.6
Maryland,100000,2023-11-04,3.4
Maryland,100000,2023-11-04,0.4
Maryland,100000,2023-11-04,6.4
Maryland,100000,2023-11-11,3.1
Maryland,100000,2023-11-11,3.8
Maryland,100000,2023-11-11,0.4
Maryland,100000,2023-11-11,7.300000000000001
Maryland,100000,2023-11-18,3.8
Maryland,100000,2023-11-18,4.0
Maryland,100000,2023-11-18,0.6
Maryland,100000,2023-11-18,8.399999999999999
Maryland,100000,2023-11-25,3.8
Maryland,100000,2023-11-25,4.5
Maryland,100000,2023-11-25,1.3
Maryland,100000,2023-11-25,9.6
Maryland,100000,2023-12-02,5.1
Maryland,100000,2023-12-02,5.5
Maryland,100000,2023-12-02,1.8
Maryland,100000,2023-12-02,12.4
Maryland,100000,2023-12-09,4.6
Maryland,100000,2023-12-09,5.1
Maryland,100000,2023-12-09,2.6
Maryland,100000,2023-12-09,12.3
Maryland,100000,2023-12-16,4.9
Maryland,100000,2023-12-16,5.2
Maryland,100000,2023-12-16,4.3
Maryland,100000,2023-12-16,14.4
Maryland,100000,2023-12-23,4.1
Maryland,100000,2023-12-23,4.0
Maryland,100000,2023-12-23,7.3
Maryland,100000,2023-12-23,15.4
Maryland,100000,2023-12-30,4.3
Maryland,100000,2023-12-30,3.0
Maryland,100000,2023-12-30,10.4
Maryland,100000,2023-12-30,17.7
Maryland,100000,2024-01-06,3.4
Maryland,100000,2024-01-06,5.2
Maryland,100000,2024-01-06,7.4
Maryland,100000,2024-01-06,16.0
Maryland,100000,2024-01-13,2.0
Maryland,100000,2024-01-13,6.7
Maryland,100000,2024-01-13,5.7
Maryland,100000,2024-01-13,14.4
Maryland,100000,2024-01-20,1.6
Maryland,100000,2024-01-20,5.3
Maryland,100000,2024-01-20,4.3
Maryland,100000,2024-01-20,11.2
Maryland,100000,2024-01-27,1.5
Maryland,100000,2024-01-27,5.2
Maryland,100000,2024-01-27,3.5
Maryland,100000,2024-01-27,10.2
Maryland,100000,2024-02-03,1.0
Maryland,100000,2024-02-03,3.9
Maryland,100000,2024-02-03,2.9
Maryland,100000,2024-02-03,7.8
Maryland,100000,2024-02-10,0.9
Maryland,100000,2024-02-10,3.4
Maryland,100000,2024-02-10,3.6
Maryland,100000,2024-02-10,7.9
Maryland,100000,2024-02-17,1.0
Maryland,100000,2024-02-17,3.5
Maryland,100000,2024-02-17,4.3
Maryland,100000,2024-02-17,8.8
Maryland,100000,2024-02-24,0.6
Maryland,100000,2024-02-24,3.6
Maryland,100000,2024-02-24,4.2
Maryland,100000,2024-02-24,8.4
Maryland,100000,2024-03-02,0.5
Maryland,100000,2024-03-02,3.5
Maryland,100000,2024-03-02,4.4
Maryland,100000,2024-03-02,8.4
Maryland,100000,2024-03-09,0.6
Maryland,100000,2024-03-09,2.6
Maryland,100000,2024-03-09,4.3
Maryland,100000,2024-03-09,7.5
Maryland,100000,2024-03-16,0.5
Maryland,100000,2024-03-16,2.2
Maryland,100000,2024-03-16,2.1
Maryland,100000,2024-03-16,4.800000000000001
Maryland,100000,2024-03-23,0.3
Maryland,100000,2024-03-23,0.9
Maryland,100000,2024-03-23,2.3
Maryland,100000,2024-03-23,3.4999999999999996
Maryland,100000,2024-03-30,0.2
Maryland,100000,2024-03-30,1.0
Maryland,100000,2024-03-30,2.9
Maryland,100000,2024-03-30,4.1
Maryland,100000,2024-04-06,0.1
Maryland,100000,2024-04-06,1.3
Maryland,100000,2024-04-06,2.4
Maryland,100000,2024-04-06,3.8
Maryland,100000,2024-04-13,0.1
Maryland,100000,2024-04-13,1.0
Maryland,100000,2024-04-13,2.0
Maryland,100000,2024-04-13,3.1
Maryland,100000,2024-04-20,0.1
Maryland,100000,2024-04-20,0.7
Maryland,100000,2024-04-20,1.1
Maryland,100000,2024-04-20,1.9
Maryland,100000,2024-04-27,0.2
Maryland,100000,2024-04-27,0.8
Maryland,100000,2024-04-27,0.4
Maryland,100000,2024-04-27,1.4
Maryland,100000,2024-05-04,0.0
Maryland,100000,2024-05-04,1.0
Maryland,100000,2024-05-04,0.5
Maryland,100000,2024-05-04,1.5
Maryland,100000,2024-05-11,0.2
Maryland,100000,2024-05-11,0.9
Maryland,100000,2024-05-11,0.3
Maryland,100000,2024-05-11,1.4
Maryland,100000,2024-05-18,0.1
Maryland,100000,2024-05-18,0.5
Maryland,100000,2024-05-18,0.2
Maryland,100000,2024-05-18,0.7999999999999999
Maryland,100000,2024-05-25,0.1
Maryland,100000,2024-05-25,0.9
Maryland,100000,2024-05-25,0.2
Maryland,100000,2024-05-25,1.2000000000000002
Maryland,100000,2024-06-01,0.1
Maryland,100000,2024-06-01,1.0
Maryland,100000,2024-06-01,0.1
Maryland,100000,2024-06-01,1.2000000000000002
Maryland,100000,2024-06-08,0.1
Maryland,100000,2024-06-08,0.8
Maryland,100000,2024-06-08,0.0
Maryland,100000,2024-06-08,0.9
Maryland,100000,2024-06-15,0.0
Maryland,100000,2024-06-15,1.0
Maryland,100000,2024-06-15,0.3
Maryland,100000,2024-06-15,1.3
Maryland,100000,2024-06-22,0.1
Maryland,100000,2024-06-22,1.5
Maryland,100000,2024-06-22,0.1
Maryland,100000,2024-06-22,1.7000000000000002
Maryland,100000,2024-06-29,0.0
Maryland,100000,2024-06-29,2.0
Maryland,100000,2024-06-29,0.1
Maryland,100000,2024-06-29,2.1
Maryland,100000,2024-07-06,0.0
Maryland,100000,2024-07-06,2.1
Maryland,100000,2024-07-06,0.1
Maryland,100000,2024-07-06,2.2
Maryland,100000,2024-07-13,0.1
Maryland,100000,2024-07-13,2.1
Maryland,100000,2024-07-13,0.1
Maryland,100000,2024-07-13,2.3000000000000003
Maryland,100000,2024-07-20,0.0
Maryland,100000,2024-07-20,3.2
Maryland,100000,2024-07-20,0.0
Maryland,100000,2024-07-20,3.2
Maryland,100000,2024-07-27,0.1
Maryland,100000,2024-07-27,2.8
Maryland,100000,2024-07-27,0.1
Maryland,100000,2024-07-27,3.0
Maryland,100000,2024-08-03,0.0
Maryland,100000,2024-08-03,3.0
Maryland,100000,2024-08-03,0.1
Maryland,100000,2024-08-03,3.1
Maryland,100000,2024-08-10,0.1
Maryland,100000,2024-08-10,4.1
Maryland,100000,2024-08-10,0.0
Maryland,100000,2024-08-10,4.199999999999999
Maryland,100000,2024-08-17,0.0
Maryland,100000,2024-08-17,4.0
Maryland,100000,2024-08-17,0.1
Maryland,100000,2024-08-17,4.1
Maryland,100000,2024-08-24,0.1
Maryland,100000,2024-08-24,2.3
Maryland,100000,2024-08-24,0.1
Maryland,100000,2024-08-24,2.5
Maryland,100000,2024-08-31,0.0
Maryland,100000,2024-08-31,1.2
Maryland,100000,2024-08-31,0.1
Maryland,100000,2024-08-31,1.3
Maryland,100000,2024-09-07,0.2
Maryland,100000,2024-09-07,2.8
Maryland,100000,2024-09-07,0.1
Maryland,100000,2024-09-07,3.1
Maryland,100000,2024-09-14,0.0
Maryland,100000,2024-09-14,4.3
Maryland,100000,2024-09-14,0.1
Maryland,100000,2024-09-14,4.3999999999999995
Maryland,100000,2024-09-21,0.0
Maryland,100000,2024-09-21,3.7
Maryland,100000,2024-09-21,0.2
Maryland,100000,2024-09-21,3.9
Maryland,100000,2024-09-28,0.1
Maryland,100000,2024-09-28,3.4
Maryland,100000,2024-09-28,0.0
Maryland,100000,2024-09-28,3.5
Maryland,100000,2024-10-05,0.2
Maryland,100000,2024-10-05,2.3
Maryland,100000,2024-10-05,2.6
Maryland,100000,2024-10-05,0.1
Maryland,100000,2024-10-12,0.3
Maryland,100000,2024-10-12,1.5
Maryland,100000,2024-10-12,2.0
Maryland,100000,2024-10-12,0.2
Maryland,100000,2024-10-19,0.5
Maryland,100000,2024-10-19,1.0
Maryland,100000,2024-10-19,1.6
Maryland,100000,2024-10-19,0.1
Maryland,100000,2024-10-26,0.9
Maryland,100000,2024-10-26,1.5
Maryland,100000,2024-10-26,2.4
Maryland,100000,2024-10-26,0.0
Maryland,100000,2024-11-02,1.3
Maryland,100000,2024-11-02,0.8
Maryland,100000,2024-11-02,2.3
Maryland,100000,2024-11-02,0.2
Maryland,100000,2024-11-09,2.2
Maryland,100000,2024-11-09,1.1
Maryland,100000,2024-11-09,3.4000000000000004
Maryland,100000,2024-11-09,0.1
Maryland,100000,2024-11-16,2.2
Maryland,100000,2024-11-16,0.8
Maryland,100000,2024-11-16,3.3000000000000003
Maryland,100000,2024-11-16,0.3
Maryland,100000,2024-11-23,2.4
Maryland,100000,2024-11-23,1.2
Maryland,100000,2024-11-23,4.1
Maryland,100000,2024-11-23,0.5
Maryland,100000,2024-11-30,3.4
Maryland,100000,2024-11-30,1.1
Maryland,100000,2024-11-30,4.9
Maryland,100000,2024-11-30,0.4
Maryland,100000,2024-12-07,3.8
Maryland,100000,2024-12-07,1.2
Maryland,100000,2024-12-07,5.6
Maryland,100000,2024-12-07,0.6
Maryland,100000,2024-12-14,4.2
Maryland,100000,2024-12-14,1.1
Maryland,100000,2024-12-14,6.5
Maryland,100000,2024-12-14,1.2
Maryland,100000,2024-12-21,4.7
Maryland,100000,2024-12-21,1.7
Maryland,100000,2024-12-21,8.8
Maryland,100000,2024-12-21,2.4
Maryland,100000,2024-12-28,4.3
Maryland,100000,2024-12-28,2.7
Maryland,100000,2024-12-28,11.5
Maryland,100000,2024-12-28,4.5
Maryland,100000,2025-01-04,4.7
Maryland,100000,2025-01-04,4.0
Maryland,100000,2025-01-04,17.0
Maryland,100000,2025-01-04,8.3
Maryland,100000,2025-01-11,2.9
Maryland,100000,2025-01-11,3.0
Maryland,100000,2025-01-11,13.2
Maryland,100000,2025-01-11,7.3
Maryland,100000,2025-01-18,2.7
Maryland,100000,2025-01-18,3.2
Maryland,100000,2025-01-18,16.3
Maryland,100000,2025-01-18,10.4
Maryland,100000,2025-01-25,1.4
Maryland,100000,2025-01-25,2.9
Maryland,100000,2025-01-25,17.499999999999996
Maryland,100000,2025-01-25,13.2
Maryland,100000,2025-02-01,2.0
Maryland,100000,2025-02-01,2.9
Maryland,100000,2025-02-01,24.1
Maryland,100000,2025-02-01,19.2
Maryland,100000,2025-02-08,1.5
Maryland,100000,2025-02-08,3.1
Maryland,100000,2025-02-08,25.700000000000003
Maryland,100000,2025-02-08,21.1
Maryland,100000,2025-02-15,1.3
Maryland,100000,2025-02-15,3.2
Maryland,100000,2025-02-15,23.3
Maryland,100000,2025-02-15,18.8
Maryland,100000,2025-02-22,1.5
Maryland,100000,2025-02-22,2.5
Maryland,100000,2025-02-22,16.5
Maryland,100000,2025-02-22,12.5
Maryland,100000,2025-03-01,0.8
Maryland,100000,2025-03-01,2.3
Maryland,100000,2025-03-01,12.1
Maryland,100000,2025-03-01,9.0
Maryland,100000,2025-03-08,0.5
Maryland,100000,2025-03-08,2.0
Maryland,100000,2025-03-08,8.5
Maryland,100000,2025-03-08,6.0
Maryland,100000,2025-03-15,0.4
Maryland,100000,2025-03-15,1.7
Maryland,100000,2025-03-15,6.1000000000000005
Maryland,100000,2025-03-15,4.0
Maryland,100000,2025-03-22,0.4
Maryland,100000,2025-03-22,2.3
Maryland,100000,2025-03-22,5.7
Maryland,100000,2025-03-22,3.0
Maryland,100000,2025-03-29,0.2
Maryland,100000,2025-03-29,1.8
Maryland,100000,2025-03-29,4.4
Maryland,100000,2025-03-29,2.4
Maryland,100000,2025-04-05,0.4
Maryland,100000,2025-04-05,1.5
Maryland,100000,2025-04-05,4.1000000000000005
Maryland,100000,2025-04-05,2.2
Maryland,100000,2025-04-12,0.3
Maryland,100000,2025-04-12,1.0
Maryland,100000,2025-04-12,2.5999999999999996
Maryland,100000,2025-04-12,1.3
Maryland,100000,2025-04-19,0.3
Maryland,100000,2025-04-19,1.0
Maryland,100000,2025-04-19,2.4
Maryland,100000,2025-04-19,1.1
Maryland,100000,2025-04-26,0.0
Maryland,100000,2025-04-26,0.7
Maryland,100000,2025-04-26,1.2999999999999998
Maryland,100000,2025-04-26,0.6
Maryland,100000,2025-05-03,0.2
Maryland,100000,2025-05-03,0.6
Maryland,100000,2025-05-03,1.1
Maryland,100000,2025-05-03,0.3
Maryland,100000,2025-05-10,0.1
Maryland,100000,2025-05-10,0.6
Maryland,100000,2025-05-10,0.7
Maryland,100000,2025-05-17,0.2
Maryland,100000,2025-05-17,0.5
Maryland,100000,2025-05-17,0.7
Maryland,100000,2025-05-24,0.1
Maryland,100000,2025-05-24,0.4
Maryland,100000,2025-05-24,0.5
Maryland,100000,2025-05-31,0.1
Maryland,100000,2025-05-31,0.6
Maryland,100000,2025-05-31,0.7
Maryland,100000,2025-06-07,0.1
Maryland,100000,2025-06-07,0.6
Maryland,100000,2025-06-07,0.7
Maryland,100000,2025-06-14,0.1
Maryland,100000,2025-06-14,0.8
Maryland,100000,2025-06-14,0.9
Maryland,100000,2025-06-21,0.1
Maryland,100000,2025-06-21,0.8
Maryland,100000,2025-06-21,0.9
Maryland,100000,2025-06-28,0.0
Maryland,100000,2025-06-28,0.5
Maryland,100000,2025-06-28,0.5
Maryland,100000,2025-07-05,0.1
Maryland,100000,2025-07-05,0.6
Maryland,100000,2025-07-05,0.7
Maryland,100000,2025-07-12,0.0
Maryland,100000,2025-07-12,0.7
Maryland,100000,2025-07-12,0.7
Maryland,100000,2025-07-19,0.1
Maryland,100000,2025-07-19,0.9
Maryland,100000,2025-07-19,1.0
Maryland,100000,2025-07-26,0.0
Maryland,100000,2025-07-26,1.0
Maryland,100000,2025-07-26,1.0
Maryland,100000,2025-08-02,0.0
Maryland,100000,2025-08-02,1.1
Maryland,100000,2025-08-02,1.1
Maryland,100000,2025-08-09,0.1
Maryland,100000,2025-08-09,1.6
Maryland,100000,2025-08-09,1.7000000000000002
Maryland,100000,2025-08-16,0.0
Maryland,100000,2025-08-16,1.9
Maryland,100000,2025-08-16,1.9
Maryland,100000,2025-08-23,0.1
Maryland,100000,2025-08-23,2.0
Maryland,100000,2025-08-23,2.1
Maryland,100000,2025-08-30,0.0
Maryland,100000,2025-08-30,2.4
Maryland,100000,2025-08-30,2.4
Maryland,100000,2025-09-06,0.0
Maryland,100000,2025-09-06,2.5
Maryland,100000,2025-09-06,2.5
Maryland,100000,2025-09-13,0.1
Maryland,100000,2025-09-13,2.0
Maryland,100000,2025-09-13,2.1
Maryland,100000,2025-09-20,0.1
Maryland,100000,2025-09-20,1.8
Maryland,100000,2025-09-20,1.9
Maryland,100000,2025-09-27,0.1
Maryland,100000,2025-09-27,1.5
Maryland,100000,2025-09-27,1.6
Maryland,100000,2025-10-04,0.1
Maryland,100000,2025-10-04,1.3
Maryland,100000,2025-10-04,0.0
Maryland,100000,2025-10-04,1.4
Maryland,100000,2025-10-11,0.2
Maryland,100000,2025-10-11,0.5
Maryland,100000,2025-10-11,0.2
Maryland,100000,2025-10-11,0.8999999999999999
Maryland,100000,2025-10-18,0.2
Maryland,100000,2025-10-18,0.1
Maryland,100000,2025-10-18,0.2
Maryland,100000,2025-10-18,0.5
Maryland,100000,2025-10-25,0.0
Maryland,100000,2025-10-25,0.0
Maryland,100000,2025-10-25,0.3
Maryland,100000,2025-10-25,0.3
Maryland,100000,2025-11-01,0.2
Maryland,100000,2025-11-01,0.0
Maryland,100000,2025-11-01,0.4
Maryland,100000,2025-11-01,0.6000000000000001
Maryland,100000,2025-11-08,0.3
Maryland,100000,2025-11-08,0.0
Maryland,100000,2025-11-08,0.3
Maryland,100000,2025-11-08,0.6
Michigan,100000,2018-10-06,0.4
Michigan,100000,2018-10-06,0.0
Michigan,100000,2018-10-06,0.4
Michigan,100000,2018-10-13,0.0
Michigan,100000,2018-10-13,0.0
Michigan,100000,2018-10-13,0.0
Michigan,100000,2018-10-20,0.1
Michigan,100000,2018-10-20,0.0
Michigan,100000,2018-10-20,0.1
Michigan,100000,2018-10-27,0.0
Michigan,100000,2018-10-27,0.1
Michigan,100000,2018-10-27,0.1
Michigan,100000,2018-11-03,0.6
Michigan,100000,2018-11-03,0.2
Michigan,100000,2018-11-03,0.8
Michigan,100000,2018-11-10,0.8
Michigan,100000,2018-11-10,0.1
Michigan,100000,2018-11-10,0.9
Michigan,100000,2018-11-17,0.6
Michigan,100000,2018-11-17,0.6
Michigan,100000,2018-11-17,1.2
Michigan,100000,2018-11-24,0.9
Michigan,100000,2018-11-24,0.6
Michigan,100000,2018-11-24,1.5
Michigan,100000,2018-12-01,0.9
Michigan,100000,2018-12-01,0.8
Michigan,100000,2018-12-01,1.7000000000000002
Michigan,100000,2018-12-08,1.8
Michigan,100000,2018-12-08,0.4
Michigan,100000,2018-12-08,2.2
Michigan,100000,2018-12-15,2.5
Michigan,100000,2018-12-15,1.2
Michigan,100000,2018-12-15,3.7
Michigan,100000,2018-12-22,4.0
Michigan,100000,2018-12-22,1.6
Michigan,100000,2018-12-22,5.6
Michigan,100000,2018-12-29,4.0
Michigan,100000,2018-12-29,2.3
Michigan,100000,2018-12-29,6.3
Michigan,100000,2019-01-05,3.2
Michigan,100000,2019-01-05,2.2
Michigan,100000,2019-01-05,5.4
Michigan,100000,2019-01-12,3.9
Michigan,100000,2019-01-12,2.0
Michigan,100000,2019-01-12,5.9
Michigan,100000,2019-01-19,2.7
Michigan,100000,2019-01-19,3.0
Michigan,100000,2019-01-19,5.7
Michigan,100000,2019-01-26,1.4
Michigan,100000,2019-01-26,3.2
Michigan,100000,2019-01-26,4.6
Michigan,100000,2019-02-02,2.1
Michigan,100000,2019-02-02,3.4
Michigan,100000,2019-02-02,5.5
Michigan,100000,2019-02-09,0.9
Michigan,100000,2019-02-09,2.1
Michigan,100000,2019-02-09,3.0
Michigan,100000,2019-02-16,0.5
Michigan,100000,2019-02-16,2.6
Michigan,100000,2019-02-16,3.1
Michigan,100000,2019-02-23,0.8
Michigan,100000,2019-02-23,2.9
Michigan,100000,2019-02-23,3.7
Michigan,100000,2019-03-02,0.6
Michigan,100000,2019-03-02,3.4
Michigan,100000,2019-03-02,4.0
Michigan,100000,2019-03-09,0.5
Michigan,100000,2019-03-09,4.8
Michigan,100000,2019-03-09,5.3
Michigan,100000,2019-03-16,0.4
Michigan,100000,2019-03-16,8.3
Michigan,100000,2019-03-16,8.700000000000001
Michigan,100000,2019-03-23,0.8
Michigan,100000,2019-03-23,8.8
Michigan,100000,2019-03-23,9.6
Michigan,100000,2019-03-30,0.5
Michigan,100000,2019-03-30,6.9
Michigan,100000,2019-03-30,7.4
Michigan,100000,2019-04-06,0.3
Michigan,100000,2019-04-06,5.7
Michigan,100000,2019-04-06,6.0
Michigan,100000,2019-04-13,0.3
Michigan,100000,2019-04-13,3.0
Michigan,100000,2019-04-13,3.3
Michigan,100000,2019-04-20,0.3
Michigan,100000,2019-04-20,1.7
Michigan,100000,2019-04-20,2.0
Michigan,100000,2019-04-27,0.1
Michigan,100000,2019-04-27,1.1
Michigan,100000,2019-04-27,1.2000000000000002
Michigan,100000,2019-05-04,0.0
Michigan,100000,2019-05-04,0.2
Michigan,100000,2019-05-04,0.2
Michigan,100000,2019-10-05,0.0
Michigan,100000,2019-10-05,0.0
Michigan,100000,2019-10-05,0.0
Michigan,100000,2019-10-12,0.0
Michigan,100000,2019-10-12,0.0
Michigan,100000,2019-10-12,0.0
Michigan,100000,2019-10-19,0.0
Michigan,100000,2019-10-19,0.1
Michigan,100000,2019-10-19,0.1
Michigan,100000,2019-10-26,0.0
Michigan,100000,2019-10-26,0.2
Michigan,100000,2019-10-26,0.2
Michigan,100000,2019-11-02,0.0
Michigan,100000,2019-11-02,0.2
Michigan,100000,2019-11-02,0.2
Michigan,100000,2019-11-09,0.0
Michigan,100000,2019-11-09,0.0
Michigan,100000,2019-11-09,0.0
Michigan,100000,2019-11-16,0.3
Michigan,100000,2019-11-16,0.5
Michigan,100000,2019-11-16,0.8
Michigan,100000,2019-11-23,0.1
Michigan,100000,2019-11-23,1.4
Michigan,100000,2019-11-23,1.5
Michigan,100000,2019-11-30,0.1
Michigan,100000,2019-11-30,1.1
Michigan,100000,2019-11-30,1.2000000000000002
Michigan,100000,2019-12-07,0.4
Michigan,100000,2019-12-07,1.4
Michigan,100000,2019-12-07,1.7999999999999998
Michigan,100000,2019-12-14,0.8
Michigan,100000,2019-12-14,1.7
Michigan,100000,2019-12-14,2.5
Michigan,100000,2019-12-21,0.9
Michigan,100000,2019-12-21,2.1
Michigan,100000,2019-12-21,3.0
Michigan,100000,2019-12-28,1.0
Michigan,100000,2019-12-28,4.6
Michigan,100000,2019-12-28,5.6
Michigan,100000,2020-01-04,1.2
Michigan,100000,2020-01-04,4.9
Michigan,100000,2020-01-04,6.1000000000000005
Michigan,100000,2020-01-11,0.8
Michigan,100000,2020-01-11,4.6
Michigan,100000,2020-01-11,5.3999999999999995
Michigan,100000,2020-01-18,0.8
Michigan,100000,2020-01-18,2.1
Michigan,100000,2020-01-18,2.9000000000000004
Michigan,100000,2020-01-25,0.6
Michigan,100000,2020-01-25,3.9
Michigan,100000,2020-01-25,4.5
Michigan,100000,2020-02-01,0.6
Michigan,100000,2020-02-01,3.6
Michigan,100000,2020-02-01,4.2
Michigan,100000,2020-02-08,0.0
Michigan,100000,2020-02-08,5.3
Michigan,100000,2020-02-08,5.3
Michigan,100000,2020-02-15,0.6
Michigan,100000,2020-02-15,6.6
Michigan,100000,2020-02-15,7.199999999999999
Michigan,100000,2020-02-22,0.4
Michigan,100000,2020-02-22,7.0
Michigan,100000,2020-02-22,7.4
Michigan,100000,2020-02-29,0.3
Michigan,100000,2020-02-29,8.2
Michigan,100000,2020-02-29,8.5
Michigan,100000,2020-03-07,0.8
Michigan,100000,2020-03-07,0.1
Michigan,100000,2020-03-07,7.6
Michigan,100000,2020-03-07,8.5
Michigan,100000,2020-03-14,0.0
Michigan,100000,2020-03-14,0.0
Michigan,100000,2020-03-14,5.2
Michigan,100000,2020-03-14,5.2
Michigan,100000,2020-03-21,0.1
Michigan,100000,2020-03-21,4.4
Michigan,100000,2020-03-21,2.5
Michigan,100000,2020-03-21,7.0
Michigan,100000,2020-03-28,0.3
Michigan,100000,2020-03-28,14.6
Michigan,100000,2020-03-28,0.4
Michigan,100000,2020-03-28,15.3
Michigan,100000,2020-04-04,0.0
Michigan,100000,2020-04-04,22.2
Michigan,100000,2020-04-04,0.0
Michigan,100000,2020-04-04,22.2
Michigan,100000,2020-04-11,0.0
Michigan,100000,2020-04-11,15.5
Michigan,100000,2020-04-11,0.2
Michigan,100000,2020-04-11,15.7
Michigan,100000,2020-04-18,0.0
Michigan,100000,2020-04-18,12.9
Michigan,100000,2020-04-18,0.0
Michigan,100000,2020-04-18,12.9
Michigan,100000,2020-04-25,0.0
Michigan,100000,2020-04-25,7.0
Michigan,100000,2020-04-25,0.0
Michigan,100000,2020-04-25,7.0
Michigan,100000,2020-05-02,0.1
Michigan,100000,2020-05-02,4.5
Michigan,100000,2020-05-02,0.0
Michigan,100000,2020-05-02,4.6
Michigan,100000,2020-05-09,2.8
Michigan,100000,2020-05-09,2.8
Michigan,100000,2020-05-16,3.1
Michigan,100000,2020-05-16,3.1
Michigan,100000,2020-05-23,1.8
Michigan,100000,2020-05-23,1.8
Michigan,100000,2020-05-30,1.8
Michigan,100000,2020-05-30,1.8
Michigan,100000,2020-06-06,0.7
Michigan,100000,2020-06-06,0.7
Michigan,100000,2020-06-13,0.5
Michigan,100000,2020-06-13,0.5
Michigan,100000,2020-06-20,0.7
Michigan,100000,2020-06-20,0.7
Michigan,100000,2020-06-27,0.7
Michigan,100000,2020-06-27,0.7
Michigan,100000,2020-07-04,1.0
Michigan,100000,2020-07-04,1.0
Michigan,100000,2020-07-11,1.0
Michigan,100000,2020-07-11,1.0
Michigan,100000,2020-07-18,2.4
Michigan,100000,2020-07-18,2.4
Michigan,100000,2020-07-25,2.2
Michigan,100000,2020-07-25,2.2
Michigan,100000,2020-08-01,2.4
Michigan,100000,2020-08-01,2.4
Michigan,100000,2020-08-08,1.0
Michigan,100000,2020-08-08,1.0
Michigan,100000,2020-08-15,1.2
Michigan,100000,2020-08-15,1.2
Michigan,100000,2020-08-22,1.5
Michigan,100000,2020-08-22,1.5
Michigan,100000,2020-08-29,1.1
Michigan,100000,2020-08-29,1.1
Michigan,100000,2020-09-05,1.0
Michigan,100000,2020-09-05,1.0
Michigan,100000,2020-09-12,1.2
Michigan,100000,2020-09-12,1.2
Michigan,100000,2020-09-19,1.4
Michigan,100000,2020-09-19,1.4
Michigan,100000,2020-09-26,2.9
Michigan,100000,2020-09-26,2.9
Michigan,100000,2020-10-03,0.0
Michigan,100000,2020-10-03,3.6
Michigan,100000,2020-10-03,3.6
Michigan,100000,2020-10-10,0.0
Michigan,100000,2020-10-10,4.5
Michigan,100000,2020-10-10,4.5
Michigan,100000,2020-10-17,0.0
Michigan,100000,2020-10-17,5.5
Michigan,100000,2020-10-17,5.5
Michigan,100000,2020-10-24,0.0
Michigan,100000,2020-10-24,7.6
Michigan,100000,2020-10-24,7.6
Michigan,100000,2020-10-31,0.0
Michigan,100000,2020-10-31,8.2
Michigan,100000,2020-10-31,8.2
Michigan,100000,2020-11-07,0.0
Michigan,100000,2020-11-07,13.2
Michigan,100000,2020-11-07,13.2
Michigan,100000,2020-11-14,0.0
Michigan,100000,2020-11-14,21.1
Michigan,100000,2020-11-14,21.1
Michigan,100000,2020-11-21,0.0
Michigan,100000,2020-11-21,21.2
Michigan,100000,2020-11-21,21.2
Michigan,100000,2020-11-28,0.0
Michigan,100000,2020-11-28,20.1
Michigan,100000,2020-11-28,20.1
Michigan,100000,2020-12-05,0.0
Michigan,100000,2020-12-05,19.8
Michigan,100000,2020-12-05,19.8
Michigan,100000,2020-12-12,0.0
Michigan,100000,2020-12-12,23.7
Michigan,100000,2020-12-12,23.7
Michigan,100000,2020-12-19,0.0
Michigan,100000,2020-12-19,19.7
Michigan,100000,2020-12-19,19.7
Michigan,100000,2020-12-26,0.0
Michigan,100000,2020-12-26,16.1
Michigan,100000,2020-12-26,16.1
Michigan,100000,2021-01-02,0.0
Michigan,100000,2021-01-02,15.0
Michigan,100000,2021-01-02,15.0
Michigan,100000,2021-01-09,0.0
Michigan,100000,2021-01-09,15.0
Michigan,100000,2021-01-09,15.0
Michigan,100000,2021-01-16,0.0
Michigan,100000,2021-01-16,10.8
Michigan,100000,2021-01-16,10.8
Michigan,100000,2021-01-23,0.0
Michigan,100000,2021-01-23,8.2
Michigan,100000,2021-01-23,8.2
Michigan,100000,2021-01-30,0.0
Michigan,100000,2021-01-30,7.2
Michigan,100000,2021-01-30,7.2
Michigan,100000,2021-02-06,0.0
Michigan,100000,2021-02-06,5.7
Michigan,100000,2021-02-06,5.7
Michigan,100000,2021-02-13,0.0
Michigan,100000,2021-02-13,3.4
Michigan,100000,2021-02-13,3.4
Michigan,100000,2021-02-20,0.0
Michigan,100000,2021-02-20,4.3
Michigan,100000,2021-02-20,4.3
Michigan,100000,2021-02-27,0.0
Michigan,100000,2021-02-27,5.0
Michigan,100000,2021-02-27,5.0
Michigan,100000,2021-03-06,0.0
Michigan,100000,2021-03-06,5.4
Michigan,100000,2021-03-06,5.4
Michigan,100000,2021-03-13,0.0
Michigan,100000,2021-03-13,7.8
Michigan,100000,2021-03-13,7.8
Michigan,100000,2021-03-20,0.0
Michigan,100000,2021-03-20,9.5
Michigan,100000,2021-03-20,9.5
Michigan,100000,2021-03-27,0.0
Michigan,100000,2021-03-27,16.9
Michigan,100000,2021-03-27,16.9
Michigan,100000,2021-04-03,0.0
Michigan,100000,2021-04-03,25.2
Michigan,100000,2021-04-03,25.2
Michigan,100000,2021-04-10,0.1
Michigan,100000,2021-04-10,30.6
Michigan,100000,2021-04-10,30.700000000000003
Michigan,100000,2021-04-17,0.0
Michigan,100000,2021-04-17,29.8
Michigan,100000,2021-04-17,29.8
Michigan,100000,2021-04-24,0.0
Michigan,100000,2021-04-24,23.2
Michigan,100000,2021-04-24,23.2
Michigan,100000,2021-05-01,0.0
Michigan,100000,2021-05-01,13.6
Michigan,100000,2021-05-01,13.6
Michigan,100000,2021-05-08,0.0
Michigan,100000,2021-05-08,12.6
Michigan,100000,2021-05-08,12.6
Michigan,100000,2021-05-15,0.0
Michigan,100000,2021-05-15,9.7
Michigan,100000,2021-05-15,9.7
Michigan,100000,2021-05-22,0.0
Michigan,100000,2021-05-22,5.8
Michigan,100000,2021-05-22,5.8
Michigan,100000,2021-05-29,0.0
Michigan,100000,2021-05-29,4.1
Michigan,100000,2021-05-29,4.1
Michigan,100000,2021-06-05,0.1
Michigan,100000,2021-06-05,3.0
Michigan,100000,2021-06-05,3.1
Michigan,100000,2021-06-12,0.4
Michigan,100000,2021-06-12,1.4
Michigan,100000,2021-06-12,1.7999999999999998
Michigan,100000,2021-06-19,0.0
Michigan,100000,2021-06-19,1.3
Michigan,100000,2021-06-19,1.3
Michigan,100000,2021-06-26,0.3
Michigan,100000,2021-06-26,1.4
Michigan,100000,2021-06-26,1.7
Michigan,100000,2021-07-03,0.1
Michigan,100000,2021-07-03,1.0
Michigan,100000,2021-07-03,1.1
Michigan,100000,2021-07-10,0.4
Michigan,100000,2021-07-10,0.9
Michigan,100000,2021-07-10,1.3
Michigan,100000,2021-07-17,0.4
Michigan,100000,2021-07-17,1.4
Michigan,100000,2021-07-17,1.7999999999999998
Michigan,100000,2021-07-24,0.6
Michigan,100000,2021-07-24,2.9
Michigan,100000,2021-07-24,3.5
Michigan,100000,2021-07-31,0.4
Michigan,100000,2021-07-31,3.4
Michigan,100000,2021-07-31,3.8
Michigan,100000,2021-08-07,1.7
Michigan,100000,2021-08-07,5.3
Michigan,100000,2021-08-07,7.0
Michigan,100000,2021-08-14,0.4
Michigan,100000,2021-08-14,6.2
Michigan,100000,2021-08-14,6.6000000000000005
Michigan,100000,2021-08-21,0.6
Michigan,100000,2021-08-21,7.4
Michigan,100000,2021-08-21,8.0
Michigan,100000,2021-08-28,0.8
Michigan,100000,2021-08-28,7.8
Michigan,100000,2021-08-28,8.6
Michigan,100000,2021-09-04,1.0
Michigan,100000,2021-09-04,8.1
Michigan,100000,2021-09-04,9.1
Michigan,100000,2021-09-11,1.0
Michigan,100000,2021-09-11,7.7
Michigan,100000,2021-09-11,8.7
Michigan,100000,2021-09-18,0.9
Michigan,100000,2021-09-18,8.1
Michigan,100000,2021-09-18,9.0
Michigan,100000,2021-09-25,1.2
Michigan,100000,2021-09-25,7.7
Michigan,100000,2021-09-25,8.9
Michigan,100000,2021-10-02,1.7
Michigan,100000,2021-10-02,9.6
Michigan,100000,2021-10-02,11.3
Michigan,100000,2021-10-09,1.8
Michigan,100000,2021-10-09,12.1
Michigan,100000,2021-10-09,0.0
Michigan,100000,2021-10-09,13.9
Michigan,100000,2021-10-16,2.0
Michigan,100000,2021-10-16,13.0
Michigan,100000,2021-10-16,0.1
Michigan,100000,2021-10-16,15.1
Michigan,100000,2021-10-23,1.8
Michigan,100000,2021-10-23,12.6
Michigan,100000,2021-10-23,0.0
Michigan,100000,2021-10-23,14.4
Michigan,100000,2021-10-30,2.1
Michigan,100000,2021-10-30,12.8
Michigan,100000,2021-10-30,0.0
Michigan,100000,2021-10-30,14.9
Michigan,100000,2021-11-06,2.4
Michigan,100000,2021-11-06,15.8
Michigan,100000,2021-11-06,0.1
Michigan,100000,2021-11-06,18.3
Michigan,100000,2021-11-13,2.8
Michigan,100000,2021-11-13,18.4
Michigan,100000,2021-11-13,0.0
Michigan,100000,2021-11-13,21.2
Michigan,100000,2021-11-20,1.4
Michigan,100000,2021-11-20,21.7
Michigan,100000,2021-11-20,0.3
Michigan,100000,2021-11-20,23.4
Michigan,100000,2021-11-27,1.6
Michigan,100000,2021-11-27,24.4
Michigan,100000,2021-11-27,0.1
Michigan,100000,2021-11-27,26.1
Michigan,100000,2021-12-04,1.4
Michigan,100000,2021-12-04,27.5
Michigan,100000,2021-12-04,0.2
Michigan,100000,2021-12-04,29.1
Michigan,100000,2021-12-11,1.4
Michigan,100000,2021-12-11,27.8
Michigan,100000,2021-12-11,0.8
Michigan,100000,2021-12-11,30.0
Michigan,100000,2021-12-18,0.5
Michigan,100000,2021-12-18,20.5
Michigan,100000,2021-12-18,0.8
Michigan,100000,2021-12-18,21.8
Michigan,100000,2021-12-25,1.0
Michigan,100000,2021-12-25,21.1
Michigan,100000,2021-12-25,0.3
Michigan,100000,2021-12-25,22.4
Michigan,100000,2022-01-01,0.5
Michigan,100000,2022-01-01,20.2
Michigan,100000,2022-01-01,1.0
Michigan,100000,2022-01-01,21.7
Michigan,100000,2022-01-08,0.7
Michigan,100000,2022-01-08,34.6
Michigan,100000,2022-01-08,0.6
Michigan,100000,2022-01-08,35.900000000000006
Michigan,100000,2022-01-15,0.3
Michigan,100000,2022-01-15,31.4
Michigan,100000,2022-01-15,0.7
Michigan,100000,2022-01-15,32.4
Michigan,100000,2022-01-22,0.3
Michigan,100000,2022-01-22,25.4
Michigan,100000,2022-01-22,0.4
Michigan,100000,2022-01-22,26.1
Michigan,100000,2022-01-29,0.0
Michigan,100000,2022-01-29,20.6
Michigan,100000,2022-01-29,0.2
Michigan,100000,2022-01-29,20.8
Michigan,100000,2022-02-05,0.1
Michigan,100000,2022-02-05,15.7
Michigan,100000,2022-02-05,0.1
Michigan,100000,2022-02-05,15.9
Michigan,100000,2022-02-12,0.2
Michigan,100000,2022-02-12,14.1
Michigan,100000,2022-02-12,0.2
Michigan,100000,2022-02-12,14.499999999999998
Michigan,100000,2022-02-19,0.2
Michigan,100000,2022-02-19,8.7
Michigan,100000,2022-02-19,0.3
Michigan,100000,2022-02-19,9.2
Michigan,100000,2022-02-26,0.2
Michigan,100000,2022-02-26,8.6
Michigan,100000,2022-02-26,0.2
Michigan,100000,2022-02-26,8.999999999999998
Michigan,100000,2022-03-05,0.1
Michigan,100000,2022-03-05,5.2
Michigan,100000,2022-03-05,0.4
Michigan,100000,2022-03-05,5.7
Michigan,100000,2022-03-12,0.4
Michigan,100000,2022-03-12,2.7
Michigan,100000,2022-03-12,0.6
Michigan,100000,2022-03-12,3.7
Michigan,100000,2022-03-19,0.1
Michigan,100000,2022-03-19,3.3
Michigan,100000,2022-03-19,0.9
Michigan,100000,2022-03-19,4.3
Michigan,100000,2022-03-26,0.0
Michigan,100000,2022-03-26,3.2
Michigan,100000,2022-03-26,1.0
Michigan,100000,2022-03-26,4.2
Michigan,100000,2022-04-02,0.3
Michigan,100000,2022-04-02,2.0
Michigan,100000,2022-04-02,1.4
Michigan,100000,2022-04-02,3.7
Michigan,100000,2022-04-09,0.4
Michigan,100000,2022-04-09,3.2
Michigan,100000,2022-04-09,1.4
Michigan,100000,2022-04-09,5.0
Michigan,100000,2022-04-16,0.2
Michigan,100000,2022-04-16,3.1
Michigan,100000,2022-04-16,1.1
Michigan,100000,2022-04-16,4.4
Michigan,100000,2022-04-23,0.1
Michigan,100000,2022-04-23,3.9
Michigan,100000,2022-04-23,1.0
Michigan,100000,2022-04-23,5.0
Michigan,100000,2022-04-30,0.2
Michigan,100000,2022-04-30,5.1
Michigan,100000,2022-04-30,0.6
Michigan,100000,2022-04-30,5.8999999999999995
Michigan,100000,2022-05-07,0.0
Michigan,100000,2022-05-07,6.1
Michigan,100000,2022-05-07,1.9
Michigan,100000,2022-05-07,8.0
Michigan,100000,2022-05-14,0.0
Michigan,100000,2022-05-14,9.1
Michigan,100000,2022-05-14,1.4
Michigan,100000,2022-05-14,10.5
Michigan,100000,2022-05-21,0.0
Michigan,100000,2022-05-21,7.3
Michigan,100000,2022-05-21,1.0
Michigan,100000,2022-05-21,8.3
Michigan,100000,2022-05-28,0.0
Michigan,100000,2022-05-28,7.7
Michigan,100000,2022-05-28,0.4
Michigan,100000,2022-05-28,8.1
Michigan,100000,2022-06-04,0.0
Michigan,100000,2022-06-04,9.1
Michigan,100000,2022-06-04,0.6
Michigan,100000,2022-06-04,9.7
Michigan,100000,2022-06-11,0.0
Michigan,100000,2022-06-11,6.4
Michigan,100000,2022-06-11,0.6
Michigan,100000,2022-06-11,7.0
Michigan,100000,2022-06-18,0.0
Michigan,100000,2022-06-18,6.7
Michigan,100000,2022-06-18,6.7
Michigan,100000,2022-06-25,0.0
Michigan,100000,2022-06-25,6.5
Michigan,100000,2022-06-25,6.5
Michigan,100000,2022-07-02,0.0
Michigan,100000,2022-07-02,5.8
Michigan,100000,2022-07-02,5.8
Michigan,100000,2022-07-09,0.2
Michigan,100000,2022-07-09,5.6
Michigan,100000,2022-07-09,5.8
Michigan,100000,2022-07-16,0.2
Michigan,100000,2022-07-16,6.9
Michigan,100000,2022-07-16,7.1000000000000005
Michigan,100000,2022-07-23,0.1
Michigan,100000,2022-07-23,8.5
Michigan,100000,2022-07-23,8.6
Michigan,100000,2022-07-30,0.2
Michigan,100000,2022-07-30,9.0
Michigan,100000,2022-07-30,9.2
Michigan,100000,2022-08-06,0.1
Michigan,100000,2022-08-06,10.3
Michigan,100000,2022-08-06,10.4
Michigan,100000,2022-08-13,0.2
Michigan,100000,2022-08-13,9.7
Michigan,100000,2022-08-13,9.9
Michigan,100000,2022-08-20,0.2
Michigan,100000,2022-08-20,12.9
Michigan,100000,2022-08-20,13.1
Michigan,100000,2022-08-27,0.2
Michigan,100000,2022-08-27,11.3
Michigan,100000,2022-08-27,11.5
Michigan,100000,2022-09-03,0.1
Michigan,100000,2022-09-03,9.6
Michigan,100000,2022-09-03,9.7
Michigan,100000,2022-09-10,0.4
Michigan,100000,2022-09-10,9.9
Michigan,100000,2022-09-10,10.3
Michigan,100000,2022-09-17,0.4
Michigan,100000,2022-09-17,12.4
Michigan,100000,2022-09-17,12.8
Michigan,100000,2022-09-24,1.0
Michigan,100000,2022-09-24,11.4
Michigan,100000,2022-09-24,12.4
Michigan,100000,2022-10-01,1.7
Michigan,100000,2022-10-01,8.2
Michigan,100000,2022-10-01,9.9
Michigan,100000,2022-10-08,2.3
Michigan,100000,2022-10-08,8.6
Michigan,100000,2022-10-08,10.9
Michigan,100000,2022-10-08,0.0
Michigan,100000,2022-10-15,3.8
Michigan,100000,2022-10-15,8.8
Michigan,100000,2022-10-15,12.7
Michigan,100000,2022-10-15,0.1
Michigan,100000,2022-10-22,4.1
Michigan,100000,2022-10-22,9.8
Michigan,100000,2022-10-22,14.4
Michigan,100000,2022-10-22,0.5
Michigan,100000,2022-10-29,6.6
Michigan,100000,2022-10-29,8.3
Michigan,100000,2022-10-29,15.2
Michigan,100000,2022-10-29,0.3
Michigan,100000,2022-11-05,9.7
Michigan,100000,2022-11-05,6.6
Michigan,100000,2022-11-05,16.7
Michigan,100000,2022-11-05,0.4
Michigan,100000,2022-11-12,7.9
Michigan,100000,2022-11-12,6.3
Michigan,100000,2022-11-12,14.5
Michigan,100000,2022-11-12,0.3
Michigan,100000,2022-11-19,7.8
Michigan,100000,2022-11-19,8.1
Michigan,100000,2022-11-19,16.7
Michigan,100000,2022-11-19,0.8
Michigan,100000,2022-11-26,4.7
Michigan,100000,2022-11-26,7.6
Michigan,100000,2022-11-26,14.9
Michigan,100000,2022-11-26,2.6
Michigan,100000,2022-12-03,5.2
Michigan,100000,2022-12-03,8.8
Michigan,100000,2022-12-03,18.5
Michigan,100000,2022-12-03,4.5
Michigan,100000,2022-12-10,3.4
Michigan,100000,2022-12-10,9.1
Michigan,100000,2022-12-10,19.2
Michigan,100000,2022-12-10,6.7
Michigan,100000,2022-12-17,3.1
Michigan,100000,2022-12-17,9.4
Michigan,100000,2022-12-17,23.6
Michigan,100000,2022-12-17,11.1
Michigan,100000,2022-12-24,2.2
Michigan,100000,2022-12-24,8.5
Michigan,100000,2022-12-24,23.4
Michigan,100000,2022-12-24,12.7
Michigan,100000,2022-12-31,1.6
Michigan,100000,2022-12-31,10.4
Michigan,100000,2022-12-31,21.5
Michigan,100000,2022-12-31,9.5
Michigan,100000,2023-01-07,1.4
Michigan,100000,2023-01-07,9.3
Michigan,100000,2023-01-07,16.3
Michigan,100000,2023-01-07,5.6
Michigan,100000,2023-01-14,1.5
Michigan,100000,2023-01-14,5.4
Michigan,100000,2023-01-14,9.3
Michigan,100000,2023-01-14,2.4
Michigan,100000,2023-01-21,0.4
Michigan,100000,2023-01-21,5.1
Michigan,100000,2023-01-21,7.4
Michigan,100000,2023-01-21,1.9
Michigan,100000,2023-01-28,0.5
Michigan,100000,2023-01-28,4.5
Michigan,100000,2023-01-28,6.0
Michigan,100000,2023-01-28,1.0
Michigan,100000,2023-02-04,0.5
Michigan,100000,2023-02-04,3.9
Michigan,100000,2023-02-04,4.8
Michigan,100000,2023-02-04,0.4
Michigan,100000,2023-02-11,0.3
Michigan,100000,2023-02-11,5.6
Michigan,100000,2023-02-11,6.499999999999999
Michigan,100000,2023-02-11,0.6
Michigan,100000,2023-02-18,0.2
Michigan,100000,2023-02-18,5.1
Michigan,100000,2023-02-18,5.7
Michigan,100000,2023-02-18,0.4
Michigan,100000,2023-02-25,0.2
Michigan,100000,2023-02-25,4.8
Michigan,100000,2023-02-25,5.2
Michigan,100000,2023-02-25,0.2
Michigan,100000,2023-03-04,0.2
Michigan,100000,2023-03-04,5.0
Michigan,100000,2023-03-04,5.8
Michigan,100000,2023-03-04,0.6
Michigan,100000,2023-03-11,0.2
Michigan,100000,2023-03-11,6.2
Michigan,100000,2023-03-11,6.5
Michigan,100000,2023-03-11,0.1
Michigan,100000,2023-03-18,0.6
Michigan,100000,2023-03-18,6.9
Michigan,100000,2023-03-18,7.7
Michigan,100000,2023-03-18,0.2
Michigan,100000,2023-03-25,0.2
Michigan,100000,2023-03-25,8.0
Michigan,100000,2023-03-25,8.2
Michigan,100000,2023-03-25,0.0
Michigan,100000,2023-04-01,0.3
Michigan,100000,2023-04-01,5.8
Michigan,100000,2023-04-01,6.3
Michigan,100000,2023-04-01,0.2
Michigan,100000,2023-04-08,0.2
Michigan,100000,2023-04-08,4.2
Michigan,100000,2023-04-08,4.7
Michigan,100000,2023-04-08,0.3
Michigan,100000,2023-04-15,0.0
Michigan,100000,2023-04-15,5.2
Michigan,100000,2023-04-15,5.2
Michigan,100000,2023-04-15,0.0
Michigan,100000,2023-04-22,0.1
Michigan,100000,2023-04-22,5.9
Michigan,100000,2023-04-22,6.1
Michigan,100000,2023-04-22,0.1
Michigan,100000,2023-04-29,0.0
Michigan,100000,2023-04-29,4.7
Michigan,100000,2023-04-29,4.8
Michigan,100000,2023-04-29,0.1
Michigan,100000,2023-05-06,0.0
Michigan,100000,2023-05-06,4.1
Michigan,100000,2023-05-06,4.199999999999999
Michigan,100000,2023-05-06,0.1
Michigan,100000,2023-05-13,0.0
Michigan,100000,2023-05-13,3.1
Michigan,100000,2023-05-13,3.1
Michigan,100000,2023-05-20,0.1
Michigan,100000,2023-05-20,2.6
Michigan,100000,2023-05-20,2.7
Michigan,100000,2023-05-27,0.0
Michigan,100000,2023-05-27,2.3
Michigan,100000,2023-05-27,2.3
Michigan,100000,2023-06-03,0.0
Michigan,100000,2023-06-03,1.9
Michigan,100000,2023-06-03,1.9
Michigan,100000,2023-06-10,0.0
Michigan,100000,2023-06-10,1.5
Michigan,100000,2023-06-10,1.5
Michigan,100000,2023-06-17,0.0
Michigan,100000,2023-06-17,1.5
Michigan,100000,2023-06-17,1.5
Michigan,100000,2023-06-24,0.0
Michigan,100000,2023-06-24,1.0
Michigan,100000,2023-06-24,1.0
Michigan,100000,2023-07-01,0.0
Michigan,100000,2023-07-01,0.9
Michigan,100000,2023-07-01,0.9
Michigan,100000,2023-07-08,0.0
Michigan,100000,2023-07-08,0.9
Michigan,100000,2023-07-08,0.9
Michigan,100000,2023-07-15,0.0
Michigan,100000,2023-07-15,0.5
Michigan,100000,2023-07-15,0.5
Michigan,100000,2023-07-22,0.0
Michigan,100000,2023-07-22,1.0
Michigan,100000,2023-07-22,1.0
Michigan,100000,2023-07-29,0.0
Michigan,100000,2023-07-29,1.9
Michigan,100000,2023-07-29,1.9
Michigan,100000,2023-08-05,0.0
Michigan,100000,2023-08-05,1.5
Michigan,100000,2023-08-05,1.5
Michigan,100000,2023-08-12,0.0
Michigan,100000,2023-08-12,2.2
Michigan,100000,2023-08-12,2.2
Michigan,100000,2023-08-19,0.0
Michigan,100000,2023-08-19,2.2
Michigan,100000,2023-08-19,2.2
Michigan,100000,2023-08-26,0.0
Michigan,100000,2023-08-26,3.6
Michigan,100000,2023-08-26,3.6
Michigan,100000,2023-09-02,0.0
Michigan,100000,2023-09-02,3.5
Michigan,100000,2023-09-02,3.5
Michigan,100000,2023-09-09,0.1
Michigan,100000,2023-09-09,4.0
Michigan,100000,2023-09-09,4.1
Michigan,100000,2023-09-16,0.0
Michigan,100000,2023-09-16,5.2
Michigan,100000,2023-09-16,5.2
Michigan,100000,2023-09-23,0.1
Michigan,100000,2023-09-23,6.1
Michigan,100000,2023-09-23,6.199999999999999
Michigan,100000,2023-09-30,0.0
Michigan,100000,2023-09-30,3.7
Michigan,100000,2023-09-30,3.7
Michigan,100000,2023-10-07,0.1
Michigan,100000,2023-10-07,4.8
Michigan,100000,2023-10-07,0.2
Michigan,100000,2023-10-07,5.1
Michigan,100000,2023-10-14,0.2
Michigan,100000,2023-10-14,5.6
Michigan,100000,2023-10-14,0.0
Michigan,100000,2023-10-14,5.8
Michigan,100000,2023-10-21,0.7
Michigan,100000,2023-10-21,3.8
Michigan,100000,2023-10-21,0.2
Michigan,100000,2023-10-21,4.7
Michigan,100000,2023-10-28,0.4
Michigan,100000,2023-10-28,4.3
Michigan,100000,2023-10-28,0.0
Michigan,100000,2023-10-28,4.7
Michigan,100000,2023-11-04,0.7
Michigan,100000,2023-11-04,3.1
Michigan,100000,2023-11-04,0.0
Michigan,100000,2023-11-04,3.8
Michigan,100000,2023-11-11,1.5
Michigan,100000,2023-11-11,3.5
Michigan,100000,2023-11-11,0.2
Michigan,100000,2023-11-11,5.2
Michigan,100000,2023-11-18,2.1
Michigan,100000,2023-11-18,4.7
Michigan,100000,2023-11-18,0.5
Michigan,100000,2023-11-18,7.300000000000001
Michigan,100000,2023-11-25,3.2
Michigan,100000,2023-11-25,6.5
Michigan,100000,2023-11-25,0.2
Michigan,100000,2023-11-25,9.9
Michigan,100000,2023-12-02,4.0
Michigan,100000,2023-12-02,6.5
Michigan,100000,2023-12-02,1.0
Michigan,100000,2023-12-02,11.5
Michigan,100000,2023-12-09,3.1
Michigan,100000,2023-12-09,7.7
Michigan,100000,2023-12-09,1.5
Michigan,100000,2023-12-09,12.3
Michigan,100000,2023-12-16,5.2
Michigan,100000,2023-12-16,9.5
Michigan,100000,2023-12-16,1.5
Michigan,100000,2023-12-16,16.2
Michigan,100000,2023-12-23,4.3
Michigan,100000,2023-12-23,9.6
Michigan,100000,2023-12-23,2.7
Michigan,100000,2023-12-23,16.6
Michigan,100000,2023-12-30,4.7
Michigan,100000,2023-12-30,9.8
Michigan,100000,2023-12-30,6.4
Michigan,100000,2023-12-30,20.9
Michigan,100000,2024-01-06,5.0
Michigan,100000,2024-01-06,9.5
Michigan,100000,2024-01-06,3.6
Michigan,100000,2024-01-06,18.1
Michigan,100000,2024-01-13,3.2
Michigan,100000,2024-01-13,8.1
Michigan,100000,2024-01-13,3.1
Michigan,100000,2024-01-13,14.4
Michigan,100000,2024-01-20,2.9
Michigan,100000,2024-01-20,6.4
Michigan,100000,2024-01-20,2.1
Michigan,100000,2024-01-20,11.4
Michigan,100000,2024-01-27,1.8
Michigan,100000,2024-01-27,4.7
Michigan,100000,2024-01-27,3.4
Michigan,100000,2024-01-27,9.9
Michigan,100000,2024-02-03,1.1
Michigan,100000,2024-02-03,5.8
Michigan,100000,2024-02-03,4.1
Michigan,100000,2024-02-03,10.999999999999998
Michigan,100000,2024-02-10,1.4
Michigan,100000,2024-02-10,5.3
Michigan,100000,2024-02-10,4.5
Michigan,100000,2024-02-10,11.2
Michigan,100000,2024-02-17,1.0
Michigan,100000,2024-02-17,4.6
Michigan,100000,2024-02-17,5.7
Michigan,100000,2024-02-17,11.3
Michigan,100000,2024-02-24,1.1
Michigan,100000,2024-02-24,4.8
Michigan,100000,2024-02-24,6.7
Michigan,100000,2024-02-24,12.6
Michigan,100000,2024-03-02,0.6
Michigan,100000,2024-03-02,5.0
Michigan,100000,2024-03-02,9.9
Michigan,100000,2024-03-02,15.5
Michigan,100000,2024-03-09,0.7
Michigan,100000,2024-03-09,5.2
Michigan,100000,2024-03-09,7.0
Michigan,100000,2024-03-09,12.9
Michigan,100000,2024-03-16,0.3
Michigan,100000,2024-03-16,2.2
Michigan,100000,2024-03-16,6.5
Michigan,100000,2024-03-16,9.0
Michigan,100000,2024-03-23,1.0
Michigan,100000,2024-03-23,2.0
Michigan,100000,2024-03-23,4.5
Michigan,100000,2024-03-23,7.5
Michigan,100000,2024-03-30,0.5
Michigan,100000,2024-03-30,2.5
Michigan,100000,2024-03-30,4.1
Michigan,100000,2024-03-30,7.1
Michigan,100000,2024-04-06,0.4
Michigan,100000,2024-04-06,2.8
Michigan,100000,2024-04-06,4.1
Michigan,100000,2024-04-06,7.3
Michigan,100000,2024-04-13,0.3
Michigan,100000,2024-04-13,1.9
Michigan,100000,2024-04-13,2.0
Michigan,100000,2024-04-13,4.2
Michigan,100000,2024-04-20,0.2
Michigan,100000,2024-04-20,1.4
Michigan,100000,2024-04-20,1.0
Michigan,100000,2024-04-20,2.6
Michigan,100000,2024-04-27,0.1
Michigan,100000,2024-04-27,1.0
Michigan,100000,2024-04-27,0.9
Michigan,100000,2024-04-27,2.0
Michigan,100000,2024-05-04,0.0
Michigan,100000,2024-05-04,1.0
Michigan,100000,2024-05-04,0.7
Michigan,100000,2024-05-04,1.7
Michigan,100000,2024-05-11,0.1
Michigan,100000,2024-05-11,0.6
Michigan,100000,2024-05-11,0.1
Michigan,100000,2024-05-11,0.7999999999999999
Michigan,100000,2024-05-18,0.1
Michigan,100000,2024-05-18,1.0
Michigan,100000,2024-05-18,0.1
Michigan,100000,2024-05-18,1.2000000000000002
Michigan,100000,2024-05-25,0.0
Michigan,100000,2024-05-25,0.9
Michigan,100000,2024-05-25,0.2
Michigan,100000,2024-05-25,1.1
Michigan,100000,2024-06-01,0.2
Michigan,100000,2024-06-01,1.0
Michigan,100000,2024-06-01,0.2
Michigan,100000,2024-06-01,1.4
Michigan,100000,2024-06-08,0.0
Michigan,100000,2024-06-08,0.7
Michigan,100000,2024-06-08,0.2
Michigan,100000,2024-06-08,0.8999999999999999
Michigan,100000,2024-06-15,0.0
Michigan,100000,2024-06-15,0.9
Michigan,100000,2024-06-15,0.1
Michigan,100000,2024-06-15,1.0
Michigan,100000,2024-06-22,0.0
Michigan,100000,2024-06-22,1.5
Michigan,100000,2024-06-22,0.1
Michigan,100000,2024-06-22,1.6
Michigan,100000,2024-06-29,0.0
Michigan,100000,2024-06-29,2.3
Michigan,100000,2024-06-29,0.1
Michigan,100000,2024-06-29,2.4
Michigan,100000,2024-07-06,0.0
Michigan,100000,2024-07-06,1.5
Michigan,100000,2024-07-06,0.2
Michigan,100000,2024-07-06,1.7
Michigan,100000,2024-07-13,0.0
Michigan,100000,2024-07-13,1.4
Michigan,100000,2024-07-13,0.1
Michigan,100000,2024-07-13,1.5
Michigan,100000,2024-07-20,0.0
Michigan,100000,2024-07-20,1.5
Michigan,100000,2024-07-20,0.1
Michigan,100000,2024-07-20,1.6
Michigan,100000,2024-07-27,0.0
Michigan,100000,2024-07-27,3.5
Michigan,100000,2024-07-27,0.2
Michigan,100000,2024-07-27,3.7
Michigan,100000,2024-08-03,0.0
Michigan,100000,2024-08-03,3.1
Michigan,100000,2024-08-03,0.2
Michigan,100000,2024-08-03,3.3000000000000003
Michigan,100000,2024-08-10,0.0
Michigan,100000,2024-08-10,2.7
Michigan,100000,2024-08-10,0.1
Michigan,100000,2024-08-10,2.8000000000000003
Michigan,100000,2024-08-17,0.1
Michigan,100000,2024-08-17,3.7
Michigan,100000,2024-08-17,0.1
Michigan,100000,2024-08-17,3.9
Michigan,100000,2024-08-24,0.1
Michigan,100000,2024-08-24,3.8
Michigan,100000,2024-08-24,0.1
Michigan,100000,2024-08-24,4.0
Michigan,100000,2024-08-31,0.0
Michigan,100000,2024-08-31,4.9
Michigan,100000,2024-08-31,0.2
Michigan,100000,2024-08-31,5.1000000000000005
Michigan,100000,2024-09-07,0.0
Michigan,100000,2024-09-07,5.1
Michigan,100000,2024-09-07,0.2
Michigan,100000,2024-09-07,5.3
Michigan,100000,2024-09-14,0.0
Michigan,100000,2024-09-14,5.4
Michigan,100000,2024-09-14,0.0
Michigan,100000,2024-09-14,5.4
Michigan,100000,2024-09-21,0.0
Michigan,100000,2024-09-21,5.0
Michigan,100000,2024-09-21,0.1
Michigan,100000,2024-09-21,5.1
Michigan,100000,2024-09-28,0.1
Michigan,100000,2024-09-28,3.3
Michigan,100000,2024-09-28,0.1
Michigan,100000,2024-09-28,3.5
Michigan,100000,2024-10-05,0.0
Michigan,100000,2024-10-05,3.0
Michigan,100000,2024-10-05,0.0
Michigan,100000,2024-10-05,3.0
Michigan,100000,2024-10-12,0.0
Michigan,100000,2024-10-12,3.5
Michigan,100000,2024-10-12,0.0
Michigan,100000,2024-10-12,3.5
Michigan,100000,2024-10-19,0.1
Michigan,100000,2024-10-19,2.3
Michigan,100000,2024-10-19,0.0
Michigan,100000,2024-10-19,2.4
Michigan,100000,2024-10-26,0.1
Michigan,100000,2024-10-26,2.3
Michigan,100000,2024-10-26,0.0
Michigan,100000,2024-10-26,2.4
Michigan,100000,2024-11-02,0.1
Michigan,100000,2024-11-02,2.2
Michigan,100000,2024-11-02,0.0
Michigan,100000,2024-11-02,2.3000000000000003
Michigan,100000,2024-11-09,0.0
Michigan,100000,2024-11-09,2.4
Michigan,100000,2024-11-09,0.2
Michigan,100000,2024-11-09,2.6
Michigan,100000,2024-11-16,0.6
Michigan,100000,2024-11-16,2.3
Michigan,100000,2024-11-16,0.0
Michigan,100000,2024-11-16,2.9
Michigan,100000,2024-11-23,1.0
Michigan,100000,2024-11-23,2.2
Michigan,100000,2024-11-23,0.3
Michigan,100000,2024-11-23,3.5
Michigan,100000,2024-11-30,1.2
Michigan,100000,2024-11-30,1.9
Michigan,100000,2024-11-30,0.3
Michigan,100000,2024-11-30,3.3999999999999995
Michigan,100000,2024-12-07,1.0
Michigan,100000,2024-12-07,2.7
Michigan,100000,2024-12-07,0.6
Michigan,100000,2024-12-07,4.300000000000001
Michigan,100000,2024-12-14,1.9
Michigan,100000,2024-12-14,3.5
Michigan,100000,2024-12-14,0.5
Michigan,100000,2024-12-14,5.9
Michigan,100000,2024-12-21,2.5
Michigan,100000,2024-12-21,3.4
Michigan,100000,2024-12-21,1.4
Michigan,100000,2024-12-21,7.3
Michigan,100000,2024-12-28,4.5
Michigan,100000,2024-12-28,5.5
Michigan,100000,2024-12-28,3.8
Michigan,100000,2024-12-28,13.8
Michigan,100000,2025-01-04,4.7
Michigan,100000,2025-01-04,6.2
Michigan,100000,2025-01-04,5.3
Michigan,100000,2025-01-04,16.2
Michigan,100000,2025-01-11,4.9
Michigan,100000,2025-01-11,6.2
Michigan,100000,2025-01-11,5.1
Michigan,100000,2025-01-11,16.200000000000003
Michigan,100000,2025-01-18,3.6
Michigan,100000,2025-01-18,5.4
Michigan,100000,2025-01-18,6.4
Michigan,100000,2025-01-18,15.4
Michigan,100000,2025-01-25,3.5
Michigan,100000,2025-01-25,5.1
Michigan,100000,2025-01-25,11.7
Michigan,100000,2025-01-25,20.299999999999997
Michigan,100000,2025-02-01,3.0
Michigan,100000,2025-02-01,4.3
Michigan,100000,2025-02-01,10.4
Michigan,100000,2025-02-01,17.7
Michigan,100000,2025-02-08,2.4
Michigan,100000,2025-02-08,3.8
Michigan,100000,2025-02-08,17.0
Michigan,100000,2025-02-08,23.2
Michigan,100000,2025-02-15,2.7
Michigan,100000,2025-02-15,4.0
Michigan,100000,2025-02-15,16.5
Michigan,100000,2025-02-15,23.2
Michigan,100000,2025-02-22,3.6
Michigan,100000,2025-02-22,3.0
Michigan,100000,2025-02-22,16.6
Michigan,100000,2025-02-22,23.200000000000003
Michigan,100000,2025-03-01,1.6
Michigan,100000,2025-03-01,2.8
Michigan,100000,2025-03-01,11.6
Michigan,100000,2025-03-01,15.999999999999998
Michigan,100000,2025-03-08,1.6
Michigan,100000,2025-03-08,1.9
Michigan,100000,2025-03-08,10.4
Michigan,100000,2025-03-08,13.9
Michigan,100000,2025-03-15,1.1
Michigan,100000,2025-03-15,2.7
Michigan,100000,2025-03-15,7.4
Michigan,100000,2025-03-15,11.2
Michigan,100000,2025-03-22,1.5
Michigan,100000,2025-03-22,1.9
Michigan,100000,2025-03-22,5.3
Michigan,100000,2025-03-22,8.7
Michigan,100000,2025-03-29,0.8
Michigan,100000,2025-03-29,1.0
Michigan,100000,2025-03-29,2.9
Michigan,100000,2025-03-29,4.7
Michigan,100000,2025-04-05,1.1
Michigan,100000,2025-04-05,1.2
Michigan,100000,2025-04-05,2.1
Michigan,100000,2025-04-05,4.4
Michigan,100000,2025-04-12,0.6
Michigan,100000,2025-04-12,0.8
Michigan,100000,2025-04-12,1.5
Michigan,100000,2025-04-12,2.9
Michigan,100000,2025-04-19,0.9
Michigan,100000,2025-04-19,1.8
Michigan,100000,2025-04-19,0.6
Michigan,100000,2025-04-19,3.3
Michigan,100000,2025-04-26,0.4
Michigan,100000,2025-04-26,1.0
Michigan,100000,2025-04-26,0.5
Michigan,100000,2025-04-26,1.9
Michigan,100000,2025-05-03,0.2
Michigan,100000,2025-05-03,0.9
Michigan,100000,2025-05-03,0.4
Michigan,100000,2025-05-03,1.5
Michigan,100000,2025-05-10,0.3
Michigan,100000,2025-05-10,0.6
Michigan,100000,2025-05-10,0.8999999999999999
Michigan,100000,2025-05-17,0.2
Michigan,100000,2025-05-17,0.5
Michigan,100000,2025-05-17,0.7
Michigan,100000,2025-05-24,0.2
Michigan,100000,2025-05-24,0.9
Michigan,100000,2025-05-24,1.1
Michigan,100000,2025-05-31,0.1
Michigan,100000,2025-05-31,0.5
Michigan,100000,2025-05-31,0.6
Michigan,100000,2025-06-07,0.0
Michigan,100000,2025-06-07,0.6
Michigan,100000,2025-06-07,0.6
Michigan,100000,2025-06-14,0.0
Michigan,100000,2025-06-14,0.2
Michigan,100000,2025-06-14,0.2
Michigan,100000,2025-06-21,0.0
Michigan,100000,2025-06-21,0.6
Michigan,100000,2025-06-21,0.6
Michigan,100000,2025-06-28,0.0
Michigan,100000,2025-06-28,0.6
Michigan,100000,2025-06-28,0.6
Michigan,100000,2025-07-05,0.0
Michigan,100000,2025-07-05,0.2
Michigan,100000,2025-07-05,0.2
Michigan,100000,2025-07-12,0.0
Michigan,100000,2025-07-12,0.6
Michigan,100000,2025-07-12,0.6
Michigan,100000,2025-07-19,0.0
Michigan,100000,2025-07-19,0.7
Michigan,100000,2025-07-19,0.7
Michigan,100000,2025-07-26,0.0
Michigan,100000,2025-07-26,0.9
Michigan,100000,2025-07-26,0.9
Michigan,100000,2025-08-02,0.0
Michigan,100000,2025-08-02,0.5
Michigan,100000,2025-08-02,0.5
Michigan,100000,2025-08-09,0.0
Michigan,100000,2025-08-09,0.7
Michigan,100000,2025-08-09,0.7
Michigan,100000,2025-08-16,0.0
Michigan,100000,2025-08-16,0.6
Michigan,100000,2025-08-16,0.6
Michigan,100000,2025-08-23,0.0
Michigan,100000,2025-08-23,1.0
Michigan,100000,2025-08-23,1.0
Michigan,100000,2025-08-30,0.0
Michigan,100000,2025-08-30,1.0
Michigan,100000,2025-08-30,1.0
Michigan,100000,2025-09-06,0.0
Michigan,100000,2025-09-06,2.0
Michigan,100000,2025-09-06,2.0
Michigan,100000,2025-09-13,0.0
Michigan,100000,2025-09-13,2.3
Michigan,100000,2025-09-13,2.3
Michigan,100000,2025-09-20,0.0
Michigan,100000,2025-09-20,2.3
Michigan,100000,2025-09-20,2.3
Michigan,100000,2025-09-27,0.1
Michigan,100000,2025-09-27,1.1
Michigan,100000,2025-09-27,1.2000000000000002
Michigan,100000,2025-10-04,0.0
Michigan,100000,2025-10-04,1.4
Michigan,100000,2025-10-04,0.1
Michigan,100000,2025-10-04,1.5
Michigan,100000,2025-10-11,0.1
Michigan,100000,2025-10-11,0.8
Michigan,100000,2025-10-11,0.1
Michigan,100000,2025-10-11,1.0
Michigan,100000,2025-10-18,0.0
Michigan,100000,2025-10-18,0.8
Michigan,100000,2025-10-18,0.0
Michigan,100000,2025-10-18,0.8
Michigan,100000,2025-10-25,0.1
Michigan,100000,2025-10-25,0.7
Michigan,100000,2025-10-25,0.1
Michigan,100000,2025-10-25,0.8999999999999999
Michigan,100000,2025-11-01,0.2
Michigan,100000,2025-11-01,0.4
Michigan,100000,2025-11-01,0.0
Michigan,100000,2025-11-01,0.6000000000000001
Michigan,100000,2025-11-08,0.3
Michigan,100000,2025-11-08,0.5
Michigan,100000,2025-11-08,0.1
Michigan,100000,2025-11-08,0.8999999999999999
Minnesota,100000,2018-10-06,0.1
Minnesota,100000,2018-10-06,0.1
Minnesota,100000,2018-10-06,0.2
Minnesota,100000,2018-10-13,0.2
Minnesota,100000,2018-10-13,0.1
Minnesota,100000,2018-10-13,0.3
Minnesota,100000,2018-10-20,0.4
Minnesota,100000,2018-10-20,0.2
Minnesota,100000,2018-10-20,0.6000000000000001
Minnesota,100000,2018-10-27,0.3
Minnesota,100000,2018-10-27,0.1
Minnesota,100000,2018-10-27,0.4
Minnesota,100000,2018-11-03,0.4
Minnesota,100000,2018-11-03,0.1
Minnesota,100000,2018-11-03,0.5
Minnesota,100000,2018-11-10,0.6
Minnesota,100000,2018-11-10,0.2
Minnesota,100000,2018-11-10,0.8
Minnesota,100000,2018-11-17,0.7
Minnesota,100000,2018-11-17,0.0
Minnesota,100000,2018-11-17,0.7
Minnesota,100000,2018-11-24,0.9
Minnesota,100000,2018-11-24,0.1
Minnesota,100000,2018-11-24,1.0
Minnesota,100000,2018-12-01,1.4
Minnesota,100000,2018-12-01,0.2
Minnesota,100000,2018-12-01,1.6
Minnesota,100000,2018-12-08,1.6
Minnesota,100000,2018-12-08,0.3
Minnesota,100000,2018-12-08,1.9
Minnesota,100000,2018-12-15,2.2
Minnesota,100000,2018-12-15,0.2
Minnesota,100000,2018-12-15,2.4000000000000004
Minnesota,100000,2018-12-22,1.9
Minnesota,100000,2018-12-22,0.5
Minnesota,100000,2018-12-22,2.4
Minnesota,100000,2018-12-29,2.0
Minnesota,100000,2018-12-29,0.9
Minnesota,100000,2018-12-29,2.9
Minnesota,100000,2019-01-05,2.2
Minnesota,100000,2019-01-05,0.9
Minnesota,100000,2019-01-05,3.1
Minnesota,100000,2019-01-12,1.9
Minnesota,100000,2019-01-12,1.1
Minnesota,100000,2019-01-12,3.0
Minnesota,100000,2019-01-19,1.2
Minnesota,100000,2019-01-19,0.7
Minnesota,100000,2019-01-19,1.9
Minnesota,100000,2019-01-26,1.0
Minnesota,100000,2019-01-26,1.3
Minnesota,100000,2019-01-26,2.3
Minnesota,100000,2019-02-02,0.9
Minnesota,100000,2019-02-02,2.1
Minnesota,100000,2019-02-02,3.0
Minnesota,100000,2019-02-09,0.7
Minnesota,100000,2019-02-09,1.8
Minnesota,100000,2019-02-09,2.5
Minnesota,100000,2019-02-16,0.3
Minnesota,100000,2019-02-16,2.3
Minnesota,100000,2019-02-16,2.5999999999999996
Minnesota,100000,2019-02-23,0.5
Minnesota,100000,2019-02-23,3.9
Minnesota,100000,2019-02-23,4.4
Minnesota,100000,2019-03-02,0.4
Minnesota,100000,2019-03-02,3.0
Minnesota,100000,2019-03-02,3.4
Minnesota,100000,2019-03-09,0.3
Minnesota,100000,2019-03-09,4.5
Minnesota,100000,2019-03-09,4.8
Minnesota,100000,2019-03-16,0.2
Minnesota,100000,2019-03-16,4.5
Minnesota,100000,2019-03-16,4.7
Minnesota,100000,2019-03-23,0.4
Minnesota,100000,2019-03-23,3.1
Minnesota,100000,2019-03-23,3.5
Minnesota,100000,2019-03-30,0.0
Minnesota,100000,2019-03-30,3.4
Minnesota,100000,2019-03-30,3.4
Minnesota,100000,2019-04-06,0.2
Minnesota,100000,2019-04-06,2.4
Minnesota,100000,2019-04-06,2.6
Minnesota,100000,2019-04-13,0.1
Minnesota,100000,2019-04-13,1.9
Minnesota,100000,2019-04-13,2.0
Minnesota,100000,2019-04-20,0.1
Minnesota,100000,2019-04-20,1.1
Minnesota,100000,2019-04-20,1.2000000000000002
Minnesota,100000,2019-04-27,0.1
Minnesota,100000,2019-04-27,0.7
Minnesota,100000,2019-04-27,0.7999999999999999
Minnesota,100000,2019-05-04,0.1
Minnesota,100000,2019-05-04,0.3
Minnesota,100000,2019-05-04,0.4
Minnesota,100000,2019-10-05,0.1
Minnesota,100000,2019-10-05,0.1
Minnesota,100000,2019-10-05,0.0
Minnesota,100000,2019-10-12,0.2
Minnesota,100000,2019-10-12,0.3
Minnesota,100000,2019-10-12,0.1
Minnesota,100000,2019-10-19,0.4
Minnesota,100000,2019-10-19,0.5
Minnesota,100000,2019-10-19,0.1
Minnesota,100000,2019-10-26,0.3
Minnesota,100000,2019-10-26,0.5
Minnesota,100000,2019-10-26,0.2
Minnesota,100000,2019-11-02,0.2
Minnesota,100000,2019-11-02,0.4
Minnesota,100000,2019-11-02,0.2
Minnesota,100000,2019-11-09,0.6
Minnesota,100000,2019-11-09,0.8999999999999999
Minnesota,100000,2019-11-09,0.3
Minnesota,100000,2019-11-16,0.8
Minnesota,100000,2019-11-16,1.3
Minnesota,100000,2019-11-16,0.5
Minnesota,100000,2019-11-23,0.3
Minnesota,100000,2019-11-23,0.8999999999999999
Minnesota,100000,2019-11-23,0.6
Minnesota,100000,2019-11-30,1.2
Minnesota,100000,2019-11-30,2.5
Minnesota,100000,2019-11-30,1.3
Minnesota,100000,2019-12-07,1.8
Minnesota,100000,2019-12-07,2.8
Minnesota,100000,2019-12-07,1.0
Minnesota,100000,2019-12-14,1.7
Minnesota,100000,2019-12-14,3.2
Minnesota,100000,2019-12-14,1.5
Minnesota,100000,2019-12-21,1.6
Minnesota,100000,2019-12-21,4.1
Minnesota,100000,2019-12-21,2.5
Minnesota,100000,2019-12-28,2.4
Minnesota,100000,2019-12-28,6.3
Minnesota,100000,2019-12-28,3.9
Minnesota,100000,2020-01-04,1.9
Minnesota,100000,2020-01-04,7.199999999999999
Minnesota,100000,2020-01-04,5.3
Minnesota,100000,2020-01-11,1.8
Minnesota,100000,2020-01-11,5.5
Minnesota,100000,2020-01-11,3.7
Minnesota,100000,2020-01-18,1.4
Minnesota,100000,2020-01-18,5.4
Minnesota,100000,2020-01-18,4.0
Minnesota,100000,2020-01-25,1.4
Minnesota,100000,2020-01-25,6.4
Minnesota,100000,2020-01-25,5.0
Minnesota,100000,2020-02-01,1.1
Minnesota,100000,2020-02-01,5.699999999999999
Minnesota,100000,2020-02-01,4.6
Minnesota,100000,2020-02-08,1.0
Minnesota,100000,2020-02-08,7.5
Minnesota,100000,2020-02-08,6.5
Minnesota,100000,2020-02-15,0.8
Minnesota,100000,2020-02-15,7.3
Minnesota,100000,2020-02-15,6.5
Minnesota,100000,2020-02-22,0.7
Minnesota,100000,2020-02-22,8.6
Minnesota,100000,2020-02-22,7.9
Minnesota,100000,2020-02-29,0.5
Minnesota,100000,2020-02-29,7.8
Minnesota,100000,2020-02-29,7.3
Minnesota,100000,2020-03-07,0.7
Minnesota,100000,2020-03-07,0.0
Minnesota,100000,2020-03-07,7.0
Minnesota,100000,2020-03-07,6.3
Minnesota,100000,2020-03-14,0.8
Minnesota,100000,2020-03-14,0.1
Minnesota,100000,2020-03-14,4.8
Minnesota,100000,2020-03-14,3.9
Minnesota,100000,2020-03-21,0.6
Minnesota,100000,2020-03-21,0.8
Minnesota,100000,2020-03-21,3.2
Minnesota,100000,2020-03-21,1.8
Minnesota,100000,2020-03-28,0.3
Minnesota,100000,2020-03-28,2.0
Minnesota,100000,2020-03-28,2.8
Minnesota,100000,2020-03-28,0.5
Minnesota,100000,2020-04-04,0.2
Minnesota,100000,2020-04-04,2.9
Minnesota,100000,2020-04-04,3.3000000000000003
Minnesota,100000,2020-04-04,0.2
Minnesota,100000,2020-04-11,0.0
Minnesota,100000,2020-04-11,4.3
Minnesota,100000,2020-04-11,4.3999999999999995
Minnesota,100000,2020-04-11,0.1
Minnesota,100000,2020-04-18,0.0
Minnesota,100000,2020-04-18,5.8
Minnesota,100000,2020-04-18,5.8999999999999995
Minnesota,100000,2020-04-18,0.1
Minnesota,100000,2020-04-25,0.0
Minnesota,100000,2020-04-25,7.2
Minnesota,100000,2020-04-25,7.2
Minnesota,100000,2020-04-25,0.0
Minnesota,100000,2020-05-02,0.0
Minnesota,100000,2020-05-02,10.1
Minnesota,100000,2020-05-02,10.1
Minnesota,100000,2020-05-02,0.0
Minnesota,100000,2020-05-09,10.3
Minnesota,100000,2020-05-09,10.3
Minnesota,100000,2020-05-16,11.2
Minnesota,100000,2020-05-16,11.2
Minnesota,100000,2020-05-23,12.4
Minnesota,100000,2020-05-23,12.4
Minnesota,100000,2020-05-30,10.3
Minnesota,100000,2020-05-30,10.3
Minnesota,100000,2020-06-06,6.6
Minnesota,100000,2020-06-06,6.6
Minnesota,100000,2020-06-13,5.2
Minnesota,100000,2020-06-13,5.2
Minnesota,100000,2020-06-20,4.5
Minnesota,100000,2020-06-20,4.5
Minnesota,100000,2020-06-27,3.9
Minnesota,100000,2020-06-27,3.9
Minnesota,100000,2020-07-04,4.4
Minnesota,100000,2020-07-04,4.4
Minnesota,100000,2020-07-11,5.0
Minnesota,100000,2020-07-11,5.0
Minnesota,100000,2020-07-18,6.1
Minnesota,100000,2020-07-18,6.1
Minnesota,100000,2020-07-25,6.4
Minnesota,100000,2020-07-25,6.4
Minnesota,100000,2020-08-01,6.9
Minnesota,100000,2020-08-01,6.9
Minnesota,100000,2020-08-08,7.6
Minnesota,100000,2020-08-08,7.6
Minnesota,100000,2020-08-15,6.9
Minnesota,100000,2020-08-15,6.9
Minnesota,100000,2020-08-22,6.7
Minnesota,100000,2020-08-22,6.7
Minnesota,100000,2020-08-29,5.9
Minnesota,100000,2020-08-29,5.9
Minnesota,100000,2020-09-05,5.3
Minnesota,100000,2020-09-05,5.3
Minnesota,100000,2020-09-12,4.2
Minnesota,100000,2020-09-12,4.2
Minnesota,100000,2020-09-19,4.9
Minnesota,100000,2020-09-19,4.9
Minnesota,100000,2020-09-26,6.8
Minnesota,100000,2020-09-26,6.8
Minnesota,100000,2020-10-03,0.0
Minnesota,100000,2020-10-03,6.1
Minnesota,100000,2020-10-03,6.1
Minnesota,100000,2020-10-10,0.0
Minnesota,100000,2020-10-10,7.6
Minnesota,100000,2020-10-10,7.6
Minnesota,100000,2020-10-17,0.0
Minnesota,100000,2020-10-17,8.8
Minnesota,100000,2020-10-17,8.8
Minnesota,100000,2020-10-24,0.0
Minnesota,100000,2020-10-24,11.3
Minnesota,100000,2020-10-24,11.3
Minnesota,100000,2020-10-31,0.0
Minnesota,100000,2020-10-31,14.0
Minnesota,100000,2020-10-31,14.0
Minnesota,100000,2020-11-07,0.0
Minnesota,100000,2020-11-07,20.1
Minnesota,100000,2020-11-07,20.1
Minnesota,100000,2020-11-14,0.0
Minnesota,100000,2020-11-14,25.1
Minnesota,100000,2020-11-14,25.1
Minnesota,100000,2020-11-21,0.0
Minnesota,100000,2020-11-21,27.6
Minnesota,100000,2020-11-21,27.6
Minnesota,100000,2020-11-28,0.0
Minnesota,100000,2020-11-28,25.0
Minnesota,100000,2020-11-28,25.0
Minnesota,100000,2020-12-05,0.0
Minnesota,100000,2020-12-05,24.4
Minnesota,100000,2020-12-05,24.4
Minnesota,100000,2020-12-12,0.0
Minnesota,100000,2020-12-12,20.7
Minnesota,100000,2020-12-12,20.7
Minnesota,100000,2020-12-19,0.0
Minnesota,100000,2020-12-19,15.7
Minnesota,100000,2020-12-19,15.7
Minnesota,100000,2020-12-26,0.0
Minnesota,100000,2020-12-26,12.9
Minnesota,100000,2020-12-26,12.9
Minnesota,100000,2021-01-02,0.0
Minnesota,100000,2021-01-02,12.1
Minnesota,100000,2021-01-02,12.1
Minnesota,100000,2021-01-09,0.0
Minnesota,100000,2021-01-09,10.3
Minnesota,100000,2021-01-09,10.3
Minnesota,100000,2021-01-16,0.0
Minnesota,100000,2021-01-16,8.4
Minnesota,100000,2021-01-16,8.4
Minnesota,100000,2021-01-23,0.0
Minnesota,100000,2021-01-23,7.7
Minnesota,100000,2021-01-23,7.7
Minnesota,100000,2021-01-30,0.0
Minnesota,100000,2021-01-30,6.5
Minnesota,100000,2021-01-30,6.5
Minnesota,100000,2021-02-06,0.0
Minnesota,100000,2021-02-06,6.5
Minnesota,100000,2021-02-06,6.5
Minnesota,100000,2021-02-13,0.0
Minnesota,100000,2021-02-13,6.5
Minnesota,100000,2021-02-13,6.5
Minnesota,100000,2021-02-20,0.0
Minnesota,100000,2021-02-20,4.5
Minnesota,100000,2021-02-20,4.5
Minnesota,100000,2021-02-27,0.1
Minnesota,100000,2021-02-27,5.5
Minnesota,100000,2021-02-27,5.6
Minnesota,100000,2021-03-06,0.0
Minnesota,100000,2021-03-06,3.8
Minnesota,100000,2021-03-06,3.8
Minnesota,100000,2021-03-13,0.0
Minnesota,100000,2021-03-13,5.7
Minnesota,100000,2021-03-13,5.7
Minnesota,100000,2021-03-20,0.0
Minnesota,100000,2021-03-20,7.0
Minnesota,100000,2021-03-20,7.0
Minnesota,100000,2021-03-27,0.0
Minnesota,100000,2021-03-27,8.0
Minnesota,100000,2021-03-27,8.0
Minnesota,100000,2021-04-03,0.0
Minnesota,100000,2021-04-03,10.0
Minnesota,100000,2021-04-03,10.0
Minnesota,100000,2021-04-10,0.0
Minnesota,100000,2021-04-10,12.8
Minnesota,100000,2021-04-10,12.8
Minnesota,100000,2021-04-17,0.0
Minnesota,100000,2021-04-17,14.2
Minnesota,100000,2021-04-17,14.2
Minnesota,100000,2021-04-24,0.0
Minnesota,100000,2021-04-24,11.5
Minnesota,100000,2021-04-24,11.5
Minnesota,100000,2021-05-01,0.0
Minnesota,100000,2021-05-01,10.3
Minnesota,100000,2021-05-01,10.3
Minnesota,100000,2021-05-08,0.1
Minnesota,100000,2021-05-08,8.8
Minnesota,100000,2021-05-08,8.9
Minnesota,100000,2021-05-15,0.1
Minnesota,100000,2021-05-15,7.2
Minnesota,100000,2021-05-15,7.3
Minnesota,100000,2021-05-22,0.1
Minnesota,100000,2021-05-22,5.9
Minnesota,100000,2021-05-22,6.0
Minnesota,100000,2021-05-29,0.1
Minnesota,100000,2021-05-29,4.3
Minnesota,100000,2021-05-29,4.3999999999999995
Minnesota,100000,2021-06-05,0.3
Minnesota,100000,2021-06-05,3.2
Minnesota,100000,2021-06-05,3.5
Minnesota,100000,2021-06-12,0.3
Minnesota,100000,2021-06-12,2.7
Minnesota,100000,2021-06-12,3.0
Minnesota,100000,2021-06-19,0.4
Minnesota,100000,2021-06-19,1.7
Minnesota,100000,2021-06-19,2.1
Minnesota,100000,2021-06-26,0.4
Minnesota,100000,2021-06-26,1.8
Minnesota,100000,2021-06-26,2.2
Minnesota,100000,2021-07-03,0.7
Minnesota,100000,2021-07-03,1.9
Minnesota,100000,2021-07-03,2.5999999999999996
Minnesota,100000,2021-07-10,0.6
Minnesota,100000,2021-07-10,2.1
Minnesota,100000,2021-07-10,2.7
Minnesota,100000,2021-07-17,1.1
Minnesota,100000,2021-07-17,1.8
Minnesota,100000,2021-07-17,2.9000000000000004
Minnesota,100000,2021-07-24,1.3
Minnesota,100000,2021-07-24,3.5
Minnesota,100000,2021-07-24,4.8
Minnesota,100000,2021-07-31,1.3
Minnesota,100000,2021-07-31,3.5
Minnesota,100000,2021-07-31,4.8
Minnesota,100000,2021-08-07,1.8
Minnesota,100000,2021-08-07,5.4
Minnesota,100000,2021-08-07,7.2
Minnesota,100000,2021-08-14,2.0
Minnesota,100000,2021-08-14,6.7
Minnesota,100000,2021-08-14,8.7
Minnesota,100000,2021-08-21,1.6
Minnesota,100000,2021-08-21,9.0
Minnesota,100000,2021-08-21,10.6
Minnesota,100000,2021-08-28,1.6
Minnesota,100000,2021-08-28,9.3
Minnesota,100000,2021-08-28,10.9
Minnesota,100000,2021-09-04,1.9
Minnesota,100000,2021-09-04,8.2
Minnesota,100000,2021-09-04,10.1
Minnesota,100000,2021-09-11,1.9
Minnesota,100000,2021-09-11,9.7
Minnesota,100000,2021-09-11,11.6
Minnesota,100000,2021-09-18,1.5
Minnesota,100000,2021-09-18,9.4
Minnesota,100000,2021-09-18,10.9
Minnesota,100000,2021-09-25,1.4
Minnesota,100000,2021-09-25,9.6
Minnesota,100000,2021-09-25,11.0
Minnesota,100000,2021-10-02,1.2
Minnesota,100000,2021-10-02,9.7
Minnesota,100000,2021-10-02,10.9
Minnesota,100000,2021-10-09,1.4
Minnesota,100000,2021-10-09,9.7
Minnesota,100000,2021-10-09,0.0
Minnesota,100000,2021-10-09,11.1
Minnesota,100000,2021-10-16,1.0
Minnesota,100000,2021-10-16,10.3
Minnesota,100000,2021-10-16,0.0
Minnesota,100000,2021-10-16,11.3
Minnesota,100000,2021-10-23,1.1
Minnesota,100000,2021-10-23,8.4
Minnesota,100000,2021-10-23,0.0
Minnesota,100000,2021-10-23,9.5
Minnesota,100000,2021-10-30,1.1
Minnesota,100000,2021-10-30,10.1
Minnesota,100000,2021-10-30,0.1
Minnesota,100000,2021-10-30,11.3
Minnesota,100000,2021-11-06,1.1
Minnesota,100000,2021-11-06,12.2
Minnesota,100000,2021-11-06,0.0
Minnesota,100000,2021-11-06,13.3
Minnesota,100000,2021-11-13,1.4
Minnesota,100000,2021-11-13,18.6
Minnesota,100000,2021-11-13,0.0
Minnesota,100000,2021-11-13,20.0
Minnesota,100000,2021-11-20,1.1
Minnesota,100000,2021-11-20,17.3
Minnesota,100000,2021-11-20,0.1
Minnesota,100000,2021-11-20,18.500000000000004
Minnesota,100000,2021-11-27,1.0
Minnesota,100000,2021-11-27,18.5
Minnesota,100000,2021-11-27,0.0
Minnesota,100000,2021-11-27,19.5
Minnesota,100000,2021-12-04,1.1
Minnesota,100000,2021-12-04,21.7
Minnesota,100000,2021-12-04,0.3
Minnesota,100000,2021-12-04,23.1
Minnesota,100000,2021-12-11,1.0
Minnesota,100000,2021-12-11,21.8
Minnesota,100000,2021-12-11,0.5
Minnesota,100000,2021-12-11,23.3
Minnesota,100000,2021-12-18,0.8
Minnesota,100000,2021-12-18,17.0
Minnesota,100000,2021-12-18,0.9
Minnesota,100000,2021-12-18,18.7
Minnesota,100000,2021-12-25,0.5
Minnesota,100000,2021-12-25,15.6
Minnesota,100000,2021-12-25,1.7
Minnesota,100000,2021-12-25,17.8
Minnesota,100000,2022-01-01,0.8
Minnesota,100000,2022-01-01,16.2
Minnesota,100000,2022-01-01,1.9
Minnesota,100000,2022-01-01,18.9
Minnesota,100000,2022-01-08,0.7
Minnesota,100000,2022-01-08,25.7
Minnesota,100000,2022-01-08,1.3
Minnesota,100000,2022-01-08,27.7
Minnesota,100000,2022-01-15,0.3
Minnesota,100000,2022-01-15,27.8
Minnesota,100000,2022-01-15,0.8
Minnesota,100000,2022-01-15,28.9
Minnesota,100000,2022-01-22,0.4
Minnesota,100000,2022-01-22,25.2
Minnesota,100000,2022-01-22,0.5
Minnesota,100000,2022-01-22,26.1
Minnesota,100000,2022-01-29,0.2
Minnesota,100000,2022-01-29,20.2
Minnesota,100000,2022-01-29,0.3
Minnesota,100000,2022-01-29,20.7
Minnesota,100000,2022-02-05,0.1
Minnesota,100000,2022-02-05,13.8
Minnesota,100000,2022-02-05,0.3
Minnesota,100000,2022-02-05,14.2
Minnesota,100000,2022-02-12,0.1
Minnesota,100000,2022-02-12,10.7
Minnesota,100000,2022-02-12,0.2
Minnesota,100000,2022-02-12,10.999999999999998
Minnesota,100000,2022-02-19,0.2
Minnesota,100000,2022-02-19,7.1
Minnesota,100000,2022-02-19,0.2
Minnesota,100000,2022-02-19,7.5
Minnesota,100000,2022-02-26,0.3
Minnesota,100000,2022-02-26,6.3
Minnesota,100000,2022-02-26,0.1
Minnesota,100000,2022-02-26,6.699999999999999
Minnesota,100000,2022-03-05,0.3
Minnesota,100000,2022-03-05,4.7
Minnesota,100000,2022-03-05,0.2
Minnesota,100000,2022-03-05,5.2
Minnesota,100000,2022-03-12,0.3
Minnesota,100000,2022-03-12,3.9
Minnesota,100000,2022-03-12,0.3
Minnesota,100000,2022-03-12,4.5
Minnesota,100000,2022-03-19,0.3
Minnesota,100000,2022-03-19,3.1
Minnesota,100000,2022-03-19,0.3
Minnesota,100000,2022-03-19,3.7
Minnesota,100000,2022-03-26,0.3
Minnesota,100000,2022-03-26,3.6
Minnesota,100000,2022-03-26,0.5
Minnesota,100000,2022-03-26,4.3999999999999995
Minnesota,100000,2022-04-02,0.4
Minnesota,100000,2022-04-02,3.1
Minnesota,100000,2022-04-02,0.4
Minnesota,100000,2022-04-02,3.9
Minnesota,100000,2022-04-09,0.3
Minnesota,100000,2022-04-09,3.1
Minnesota,100000,2022-04-09,0.3
Minnesota,100000,2022-04-09,3.7
Minnesota,100000,2022-04-16,0.6
Minnesota,100000,2022-04-16,3.5
Minnesota,100000,2022-04-16,0.5
Minnesota,100000,2022-04-16,4.6
Minnesota,100000,2022-04-23,0.5
Minnesota,100000,2022-04-23,4.8
Minnesota,100000,2022-04-23,0.8
Minnesota,100000,2022-04-23,6.1
Minnesota,100000,2022-04-30,0.6
Minnesota,100000,2022-04-30,6.3
Minnesota,100000,2022-04-30,0.9
Minnesota,100000,2022-04-30,7.8
Minnesota,100000,2022-05-07,0.4
Minnesota,100000,2022-05-07,7.9
Minnesota,100000,2022-05-07,0.7
Minnesota,100000,2022-05-07,9.0
Minnesota,100000,2022-05-14,0.7
Minnesota,100000,2022-05-14,9.9
Minnesota,100000,2022-05-14,0.4
Minnesota,100000,2022-05-14,11.0
Minnesota,100000,2022-05-21,0.2
Minnesota,100000,2022-05-21,9.1
Minnesota,100000,2022-05-21,0.2
Minnesota,100000,2022-05-21,9.499999999999998
Minnesota,100000,2022-05-28,0.3
Minnesota,100000,2022-05-28,8.3
Minnesota,100000,2022-05-28,0.3
Minnesota,100000,2022-05-28,8.900000000000002
Minnesota,100000,2022-06-04,0.5
Minnesota,100000,2022-06-04,8.7
Minnesota,100000,2022-06-04,0.1
Minnesota,100000,2022-06-04,9.3
Minnesota,100000,2022-06-11,0.4
Minnesota,100000,2022-06-11,9.4
Minnesota,100000,2022-06-11,0.2
Minnesota,100000,2022-06-11,10.0
Minnesota,100000,2022-06-18,0.6
Minnesota,100000,2022-06-18,7.8
Minnesota,100000,2022-06-18,8.4
Minnesota,100000,2022-06-25,0.7
Minnesota,100000,2022-06-25,8.7
Minnesota,100000,2022-06-25,9.4
Minnesota,100000,2022-07-02,0.3
Minnesota,100000,2022-07-02,9.3
Minnesota,100000,2022-07-02,9.6
Minnesota,100000,2022-07-09,0.4
Minnesota,100000,2022-07-09,9.8
Minnesota,100000,2022-07-09,10.2
Minnesota,100000,2022-07-16,0.2
Minnesota,100000,2022-07-16,10.3
Minnesota,100000,2022-07-16,10.5
Minnesota,100000,2022-07-23,0.5
Minnesota,100000,2022-07-23,9.7
Minnesota,100000,2022-07-23,10.2
Minnesota,100000,2022-07-30,0.3
Minnesota,100000,2022-07-30,10.7
Minnesota,100000,2022-07-30,11.0
Minnesota,100000,2022-08-06,0.4
Minnesota,100000,2022-08-06,9.5
Minnesota,100000,2022-08-06,9.9
Minnesota,100000,2022-08-13,0.2
Minnesota,100000,2022-08-13,11.0
Minnesota,100000,2022-08-13,11.2
Minnesota,100000,2022-08-20,0.3
Minnesota,100000,2022-08-20,10.7
Minnesota,100000,2022-08-20,11.0
Minnesota,100000,2022-08-27,0.4
Minnesota,100000,2022-08-27,10.5
Minnesota,100000,2022-08-27,10.9
Minnesota,100000,2022-09-03,0.5
Minnesota,100000,2022-09-03,9.3
Minnesota,100000,2022-09-03,9.8
Minnesota,100000,2022-09-10,0.4
Minnesota,100000,2022-09-10,9.4
Minnesota,100000,2022-09-10,9.8
Minnesota,100000,2022-09-17,1.1
Minnesota,100000,2022-09-17,9.7
Minnesota,100000,2022-09-17,10.8
Minnesota,100000,2022-09-24,1.4
Minnesota,100000,2022-09-24,8.7
Minnesota,100000,2022-09-24,10.1
Minnesota,100000,2022-10-01,1.6
Minnesota,100000,2022-10-01,9.1
Minnesota,100000,2022-10-01,10.7
Minnesota,100000,2022-10-08,2.1
Minnesota,100000,2022-10-08,8.5
Minnesota,100000,2022-10-08,0.2
Minnesota,100000,2022-10-08,10.8
Minnesota,100000,2022-10-15,3.5
Minnesota,100000,2022-10-15,7.6
Minnesota,100000,2022-10-15,0.1
Minnesota,100000,2022-10-15,11.2
Minnesota,100000,2022-10-22,3.8
Minnesota,100000,2022-10-22,10.0
Minnesota,100000,2022-10-22,0.4
Minnesota,100000,2022-10-22,14.2
Minnesota,100000,2022-10-29,5.5
Minnesota,100000,2022-10-29,8.9
Minnesota,100000,2022-10-29,1.3
Minnesota,100000,2022-10-29,15.7
Minnesota,100000,2022-11-05,5.5
Minnesota,100000,2022-11-05,9.7
Minnesota,100000,2022-11-05,3.1
Minnesota,100000,2022-11-05,18.299999999999997
Minnesota,100000,2022-11-12,5.8
Minnesota,100000,2022-11-12,10.1
Minnesota,100000,2022-11-12,6.9
Minnesota,100000,2022-11-12,22.8
Minnesota,100000,2022-11-19,4.9
Minnesota,100000,2022-11-19,10.7
Minnesota,100000,2022-11-19,7.7
Minnesota,100000,2022-11-19,23.299999999999997
Minnesota,100000,2022-11-26,3.8
Minnesota,100000,2022-11-26,11.0
Minnesota,100000,2022-11-26,12.1
Minnesota,100000,2022-11-26,26.9
Minnesota,100000,2022-12-03,4.0
Minnesota,100000,2022-12-03,12.4
Minnesota,100000,2022-12-03,9.5
Minnesota,100000,2022-12-03,25.9
Minnesota,100000,2022-12-10,3.3
Minnesota,100000,2022-12-10,11.7
Minnesota,100000,2022-12-10,6.6
Minnesota,100000,2022-12-10,21.6
Minnesota,100000,2022-12-17,3.1
Minnesota,100000,2022-12-17,11.2
Minnesota,100000,2022-12-17,3.9
Minnesota,100000,2022-12-17,18.2
Minnesota,100000,2022-12-24,2.0
Minnesota,100000,2022-12-24,11.4
Minnesota,100000,2022-12-24,2.3
Minnesota,100000,2022-12-24,15.7
Minnesota,100000,2022-12-31,2.1
Minnesota,100000,2022-12-31,11.9
Minnesota,100000,2022-12-31,2.3
Minnesota,100000,2022-12-31,16.3
Minnesota,100000,2023-01-07,1.4
Minnesota,100000,2023-01-07,10.1
Minnesota,100000,2023-01-07,0.9
Minnesota,100000,2023-01-07,12.4
Minnesota,100000,2023-01-14,1.2
Minnesota,100000,2023-01-14,7.0
Minnesota,100000,2023-01-14,0.6
Minnesota,100000,2023-01-14,8.799999999999999
Minnesota,100000,2023-01-21,0.9
Minnesota,100000,2023-01-21,6.9
Minnesota,100000,2023-01-21,0.4
Minnesota,100000,2023-01-21,8.200000000000001
Minnesota,100000,2023-01-28,0.9
Minnesota,100000,2023-01-28,6.9
Minnesota,100000,2023-01-28,0.2
Minnesota,100000,2023-01-28,8.0
Minnesota,100000,2023-02-04,0.3
Minnesota,100000,2023-02-04,6.9
Minnesota,100000,2023-02-04,0.2
Minnesota,100000,2023-02-04,7.4
Minnesota,100000,2023-02-11,0.4
Minnesota,100000,2023-02-11,7.8
Minnesota,100000,2023-02-11,0.1
Minnesota,100000,2023-02-11,8.299999999999999
Minnesota,100000,2023-02-18,0.5
Minnesota,100000,2023-02-18,6.4
Minnesota,100000,2023-02-18,0.3
Minnesota,100000,2023-02-18,7.2
Minnesota,100000,2023-02-25,0.6
Minnesota,100000,2023-02-25,6.4
Minnesota,100000,2023-02-25,0.2
Minnesota,100000,2023-02-25,7.2
Minnesota,100000,2023-03-04,0.4
Minnesota,100000,2023-03-04,6.2
Minnesota,100000,2023-03-04,0.1
Minnesota,100000,2023-03-04,6.7
Minnesota,100000,2023-03-11,0.2
Minnesota,100000,2023-03-11,5.5
Minnesota,100000,2023-03-11,0.3
Minnesota,100000,2023-03-11,6.0
Minnesota,100000,2023-03-18,0.2
Minnesota,100000,2023-03-18,4.4
Minnesota,100000,2023-03-18,0.2
Minnesota,100000,2023-03-18,4.800000000000001
Minnesota,100000,2023-03-25,0.2
Minnesota,100000,2023-03-25,3.9
Minnesota,100000,2023-03-25,0.3
Minnesota,100000,2023-03-25,4.4
Minnesota,100000,2023-04-01,0.1
Minnesota,100000,2023-04-01,4.4
Minnesota,100000,2023-04-01,0.4
Minnesota,100000,2023-04-01,4.9
Minnesota,100000,2023-04-08,0.1
Minnesota,100000,2023-04-08,4.3
Minnesota,100000,2023-04-08,0.4
Minnesota,100000,2023-04-08,4.8
Minnesota,100000,2023-04-15,0.1
Minnesota,100000,2023-04-15,3.1
Minnesota,100000,2023-04-15,0.5
Minnesota,100000,2023-04-15,3.7
Minnesota,100000,2023-04-22,0.1
Minnesota,100000,2023-04-22,2.7
Minnesota,100000,2023-04-22,0.3
Minnesota,100000,2023-04-22,3.1
Minnesota,100000,2023-04-29,0.0
Minnesota,100000,2023-04-29,2.6
Minnesota,100000,2023-04-29,0.3
Minnesota,100000,2023-04-29,2.9
Minnesota,100000,2023-05-06,0.0
Minnesota,100000,2023-05-06,2.3
Minnesota,100000,2023-05-06,0.0
Minnesota,100000,2023-05-06,2.3
Minnesota,100000,2023-05-13,0.1
Minnesota,100000,2023-05-13,2.0
Minnesota,100000,2023-05-13,2.1
Minnesota,100000,2023-05-20,0.0
Minnesota,100000,2023-05-20,1.6
Minnesota,100000,2023-05-20,1.6
Minnesota,100000,2023-05-27,0.0
Minnesota,100000,2023-05-27,1.6
Minnesota,100000,2023-05-27,1.6
Minnesota,100000,2023-06-03,0.0
Minnesota,100000,2023-06-03,0.7
Minnesota,100000,2023-06-03,0.7
Minnesota,100000,2023-06-10,0.0
Minnesota,100000,2023-06-10,0.8
Minnesota,100000,2023-06-10,0.8
Minnesota,100000,2023-06-17,0.0
Minnesota,100000,2023-06-17,1.0
Minnesota,100000,2023-06-17,1.0
Minnesota,100000,2023-06-24,0.0
Minnesota,100000,2023-06-24,0.7
Minnesota,100000,2023-06-24,0.7
Minnesota,100000,2023-07-01,0.0
Minnesota,100000,2023-07-01,0.8
Minnesota,100000,2023-07-01,0.8
Minnesota,100000,2023-07-08,0.0
Minnesota,100000,2023-07-08,0.6
Minnesota,100000,2023-07-08,0.6
Minnesota,100000,2023-07-15,0.0
Minnesota,100000,2023-07-15,1.1
Minnesota,100000,2023-07-15,1.1
Minnesota,100000,2023-07-22,0.0
Minnesota,100000,2023-07-22,1.3
Minnesota,100000,2023-07-22,1.3
Minnesota,100000,2023-07-29,0.0
Minnesota,100000,2023-07-29,1.1
Minnesota,100000,2023-07-29,1.1
Minnesota,100000,2023-08-05,0.0
Minnesota,100000,2023-08-05,1.6
Minnesota,100000,2023-08-05,1.6
Minnesota,100000,2023-08-12,0.0
Minnesota,100000,2023-08-12,2.0
Minnesota,100000,2023-08-12,2.0
Minnesota,100000,2023-08-19,0.0
Minnesota,100000,2023-08-19,2.1
Minnesota,100000,2023-08-19,2.1
Minnesota,100000,2023-08-26,0.1
Minnesota,100000,2023-08-26,2.5
Minnesota,100000,2023-08-26,2.6
Minnesota,100000,2023-09-02,0.1
Minnesota,100000,2023-09-02,3.3
Minnesota,100000,2023-09-02,3.4
Minnesota,100000,2023-09-09,0.1
Minnesota,100000,2023-09-09,3.4
Minnesota,100000,2023-09-09,3.5
Minnesota,100000,2023-09-16,0.1
Minnesota,100000,2023-09-16,3.8
Minnesota,100000,2023-09-16,3.9
Minnesota,100000,2023-09-23,0.1
Minnesota,100000,2023-09-23,4.5
Minnesota,100000,2023-09-23,4.6
Minnesota,100000,2023-09-30,0.1
Minnesota,100000,2023-09-30,4.8
Minnesota,100000,2023-09-30,4.8999999999999995
Minnesota,100000,2023-10-07,0.3
Minnesota,100000,2023-10-07,4.2
Minnesota,100000,2023-10-07,0.1
Minnesota,100000,2023-10-07,4.6
Minnesota,100000,2023-10-14,0.6
Minnesota,100000,2023-10-14,4.9
Minnesota,100000,2023-10-14,0.1
Minnesota,100000,2023-10-14,5.6
Minnesota,100000,2023-10-21,0.7
Minnesota,100000,2023-10-21,5.4
Minnesota,100000,2023-10-21,0.0
Minnesota,100000,2023-10-21,6.1000000000000005
Minnesota,100000,2023-10-28,1.3
Minnesota,100000,2023-10-28,4.7
Minnesota,100000,2023-10-28,0.0
Minnesota,100000,2023-10-28,6.0
Minnesota,100000,2023-11-04,1.1
Minnesota,100000,2023-11-04,4.5
Minnesota,100000,2023-11-04,0.4
Minnesota,100000,2023-11-04,6.0
Minnesota,100000,2023-11-11,2.2
Minnesota,100000,2023-11-11,6.3
Minnesota,100000,2023-11-11,0.7
Minnesota,100000,2023-11-11,9.2
Minnesota,100000,2023-11-18,2.6
Minnesota,100000,2023-11-18,5.8
Minnesota,100000,2023-11-18,0.3
Minnesota,100000,2023-11-18,8.7
Minnesota,100000,2023-11-25,3.6
Minnesota,100000,2023-11-25,6.5
Minnesota,100000,2023-11-25,0.4
Minnesota,100000,2023-11-25,10.5
Minnesota,100000,2023-12-02,4.6
Minnesota,100000,2023-12-02,7.8
Minnesota,100000,2023-12-02,1.3
Minnesota,100000,2023-12-02,13.7
Minnesota,100000,2023-12-09,5.7
Minnesota,100000,2023-12-09,7.9
Minnesota,100000,2023-12-09,2.2
Minnesota,100000,2023-12-09,15.8
Minnesota,100000,2023-12-16,4.5
Minnesota,100000,2023-12-16,8.0
Minnesota,100000,2023-12-16,2.3
Minnesota,100000,2023-12-16,14.8
Minnesota,100000,2023-12-23,6.0
Minnesota,100000,2023-12-23,9.4
Minnesota,100000,2023-12-23,4.3
Minnesota,100000,2023-12-23,19.7
Minnesota,100000,2023-12-30,6.1
Minnesota,100000,2023-12-30,10.0
Minnesota,100000,2023-12-30,5.4
Minnesota,100000,2023-12-30,21.5
Minnesota,100000,2024-01-06,4.6
Minnesota,100000,2024-01-06,8.9
Minnesota,100000,2024-01-06,3.8
Minnesota,100000,2024-01-06,17.299999999999997
Minnesota,100000,2024-01-13,3.4
Minnesota,100000,2024-01-13,8.4
Minnesota,100000,2024-01-13,3.9
Minnesota,100000,2024-01-13,15.7
Minnesota,100000,2024-01-20,3.1
Minnesota,100000,2024-01-20,6.3
Minnesota,100000,2024-01-20,3.6
Minnesota,100000,2024-01-20,13.0
Minnesota,100000,2024-01-27,2.1
Minnesota,100000,2024-01-27,6.2
Minnesota,100000,2024-01-27,4.3
Minnesota,100000,2024-01-27,12.6
Minnesota,100000,2024-02-03,1.7
Minnesota,100000,2024-02-03,5.3
Minnesota,100000,2024-02-03,4.0
Minnesota,100000,2024-02-03,11.0
Minnesota,100000,2024-02-10,1.9
Minnesota,100000,2024-02-10,4.8
Minnesota,100000,2024-02-10,4.5
Minnesota,100000,2024-02-10,11.2
Minnesota,100000,2024-02-17,1.4
Minnesota,100000,2024-02-17,4.1
Minnesota,100000,2024-02-17,3.5
Minnesota,100000,2024-02-17,9.0
Minnesota,100000,2024-02-24,1.6
Minnesota,100000,2024-02-24,3.3
Minnesota,100000,2024-02-24,3.5
Minnesota,100000,2024-02-24,8.4
Minnesota,100000,2024-03-02,1.0
Minnesota,100000,2024-03-02,2.8
Minnesota,100000,2024-03-02,4.4
Minnesota,100000,2024-03-02,8.2
Minnesota,100000,2024-03-09,1.3
Minnesota,100000,2024-03-09,2.5
Minnesota,100000,2024-03-09,3.5
Minnesota,100000,2024-03-09,7.3
Minnesota,100000,2024-03-16,0.9
Minnesota,100000,2024-03-16,2.5
Minnesota,100000,2024-03-16,3.9
Minnesota,100000,2024-03-16,7.300000000000001
Minnesota,100000,2024-03-23,0.8
Minnesota,100000,2024-03-23,2.0
Minnesota,100000,2024-03-23,2.9
Minnesota,100000,2024-03-23,5.7
Minnesota,100000,2024-03-30,0.8
Minnesota,100000,2024-03-30,2.0
Minnesota,100000,2024-03-30,2.6
Minnesota,100000,2024-03-30,5.3999999999999995
Minnesota,100000,2024-04-06,0.3
Minnesota,100000,2024-04-06,1.4
Minnesota,100000,2024-04-06,2.6
Minnesota,100000,2024-04-06,4.3
Minnesota,100000,2024-04-13,0.3
Minnesota,100000,2024-04-13,1.2
Minnesota,100000,2024-04-13,1.7
Minnesota,100000,2024-04-13,3.1999999999999997
Minnesota,100000,2024-04-20,0.2
Minnesota,100000,2024-04-20,1.2
Minnesota,100000,2024-04-20,1.0
Minnesota,100000,2024-04-20,2.4000000000000004
Minnesota,100000,2024-04-27,0.1
Minnesota,100000,2024-04-27,1.4
Minnesota,100000,2024-04-27,0.8
Minnesota,100000,2024-04-27,2.3000000000000003
Minnesota,100000,2024-05-04,0.2
Minnesota,100000,2024-05-04,1.0
Minnesota,100000,2024-05-04,0.5
Minnesota,100000,2024-05-04,1.7
Minnesota,100000,2024-05-11,0.2
Minnesota,100000,2024-05-11,1.3
Minnesota,100000,2024-05-11,0.3
Minnesota,100000,2024-05-11,1.8
Minnesota,100000,2024-05-18,0.1
Minnesota,100000,2024-05-18,1.5
Minnesota,100000,2024-05-18,0.1
Minnesota,100000,2024-05-18,1.7000000000000002
Minnesota,100000,2024-05-25,0.1
Minnesota,100000,2024-05-25,1.1
Minnesota,100000,2024-05-25,0.0
Minnesota,100000,2024-05-25,1.2000000000000002
Minnesota,100000,2024-06-01,0.1
Minnesota,100000,2024-06-01,1.6
Minnesota,100000,2024-06-01,0.1
Minnesota,100000,2024-06-01,1.8000000000000005
Minnesota,100000,2024-06-08,0.0
Minnesota,100000,2024-06-08,1.2
Minnesota,100000,2024-06-08,0.1
Minnesota,100000,2024-06-08,1.3
Minnesota,100000,2024-06-15,0.0
Minnesota,100000,2024-06-15,1.9
Minnesota,100000,2024-06-15,0.1
Minnesota,100000,2024-06-15,2.0
Minnesota,100000,2024-06-22,0.0
Minnesota,100000,2024-06-22,1.8
Minnesota,100000,2024-06-22,0.2
Minnesota,100000,2024-06-22,2.0
Minnesota,100000,2024-06-29,0.0
Minnesota,100000,2024-06-29,2.8
Minnesota,100000,2024-06-29,0.1
Minnesota,100000,2024-06-29,2.9
Minnesota,100000,2024-07-06,0.0
Minnesota,100000,2024-07-06,2.8
Minnesota,100000,2024-07-06,0.1
Minnesota,100000,2024-07-06,2.9
Minnesota,100000,2024-07-13,0.0
Minnesota,100000,2024-07-13,3.6
Minnesota,100000,2024-07-13,0.2
Minnesota,100000,2024-07-13,3.8
Minnesota,100000,2024-07-20,0.0
Minnesota,100000,2024-07-20,3.8
Minnesota,100000,2024-07-20,0.0
Minnesota,100000,2024-07-20,3.8
Minnesota,100000,2024-07-27,0.1
Minnesota,100000,2024-07-27,3.9
Minnesota,100000,2024-07-27,0.1
Minnesota,100000,2024-07-27,4.1
Minnesota,100000,2024-08-03,0.0
Minnesota,100000,2024-08-03,4.5
Minnesota,100000,2024-08-03,0.0
Minnesota,100000,2024-08-03,4.5
Minnesota,100000,2024-08-10,0.0
Minnesota,100000,2024-08-10,4.6
Minnesota,100000,2024-08-10,0.1
Minnesota,100000,2024-08-10,4.699999999999999
Minnesota,100000,2024-08-17,0.1
Minnesota,100000,2024-08-17,4.0
Minnesota,100000,2024-08-17,0.0
Minnesota,100000,2024-08-17,4.1
Minnesota,100000,2024-08-24,0.0
Minnesota,100000,2024-08-24,4.1
Minnesota,100000,2024-08-24,0.0
Minnesota,100000,2024-08-24,4.1
Minnesota,100000,2024-08-31,0.0
Minnesota,100000,2024-08-31,4.4
Minnesota,100000,2024-08-31,0.1
Minnesota,100000,2024-08-31,4.5
Minnesota,100000,2024-09-07,0.0
Minnesota,100000,2024-09-07,4.3
Minnesota,100000,2024-09-07,0.0
Minnesota,100000,2024-09-07,4.3
Minnesota,100000,2024-09-14,0.0
Minnesota,100000,2024-09-14,4.2
Minnesota,100000,2024-09-14,0.1
Minnesota,100000,2024-09-14,4.3
Minnesota,100000,2024-09-21,0.0
Minnesota,100000,2024-09-21,4.2
Minnesota,100000,2024-09-21,0.1
Minnesota,100000,2024-09-21,4.3
Minnesota,100000,2024-09-28,0.0
Minnesota,100000,2024-09-28,3.7
Minnesota,100000,2024-09-28,0.1
Minnesota,100000,2024-09-28,3.8
Minnesota,100000,2024-10-05,0.0
Minnesota,100000,2024-10-05,3.1
Minnesota,100000,2024-10-05,0.1
Minnesota,100000,2024-10-05,3.2
Minnesota,100000,2024-10-12,0.0
Minnesota,100000,2024-10-12,2.7
Minnesota,100000,2024-10-12,0.0
Minnesota,100000,2024-10-12,2.7
Minnesota,100000,2024-10-19,0.0
Minnesota,100000,2024-10-19,2.5
Minnesota,100000,2024-10-19,0.1
Minnesota,100000,2024-10-19,2.6
Minnesota,100000,2024-10-26,0.1
Minnesota,100000,2024-10-26,2.5
Minnesota,100000,2024-10-26,0.0
Minnesota,100000,2024-10-26,2.6
Minnesota,100000,2024-11-02,0.0
Minnesota,100000,2024-11-02,2.1
Minnesota,100000,2024-11-02,0.0
Minnesota,100000,2024-11-02,2.1
Minnesota,100000,2024-11-09,0.2
Minnesota,100000,2024-11-09,2.2
Minnesota,100000,2024-11-09,0.2
Minnesota,100000,2024-11-09,2.6000000000000005
Minnesota,100000,2024-11-16,0.2
Minnesota,100000,2024-11-16,1.7
Minnesota,100000,2024-11-16,0.3
Minnesota,100000,2024-11-16,2.2
Minnesota,100000,2024-11-23,0.2
Minnesota,100000,2024-11-23,2.0
Minnesota,100000,2024-11-23,0.1
Minnesota,100000,2024-11-23,2.3000000000000003
Minnesota,100000,2024-11-30,0.4
Minnesota,100000,2024-11-30,2.1
Minnesota,100000,2024-11-30,0.3
Minnesota,100000,2024-11-30,2.8
Minnesota,100000,2024-12-07,0.6
Minnesota,100000,2024-12-07,3.3
Minnesota,100000,2024-12-07,1.1
Minnesota,100000,2024-12-07,5.0
Minnesota,100000,2024-12-14,0.9
Minnesota,100000,2024-12-14,3.6
Minnesota,100000,2024-12-14,1.5
Minnesota,100000,2024-12-14,6.0
Minnesota,100000,2024-12-21,1.8
Minnesota,100000,2024-12-21,3.8
Minnesota,100000,2024-12-21,4.0
Minnesota,100000,2024-12-21,9.6
Minnesota,100000,2024-12-28,2.4
Minnesota,100000,2024-12-28,5.2
Minnesota,100000,2024-12-28,10.7
Minnesota,100000,2024-12-28,18.299999999999997
Minnesota,100000,2025-01-04,3.2
Minnesota,100000,2025-01-04,6.2
Minnesota,100000,2025-01-04,16.1
Minnesota,100000,2025-01-04,25.5
Minnesota,100000,2025-01-11,4.1
Minnesota,100000,2025-01-11,5.4
Minnesota,100000,2025-01-11,15.2
Minnesota,100000,2025-01-11,24.700000000000003
Minnesota,100000,2025-01-18,3.8
Minnesota,100000,2025-01-18,4.3
Minnesota,100000,2025-01-18,13.7
Minnesota,100000,2025-01-18,21.8
Minnesota,100000,2025-01-25,3.5
Minnesota,100000,2025-01-25,4.1
Minnesota,100000,2025-01-25,13.7
Minnesota,100000,2025-01-25,21.299999999999997
Minnesota,100000,2025-02-01,3.9
Minnesota,100000,2025-02-01,3.4
Minnesota,100000,2025-02-01,13.9
Minnesota,100000,2025-02-01,21.2
Minnesota,100000,2025-02-08,4.3
Minnesota,100000,2025-02-08,2.9
Minnesota,100000,2025-02-08,9.8
Minnesota,100000,2025-02-08,17.0
Minnesota,100000,2025-02-15,3.8
Minnesota,100000,2025-02-15,2.7
Minnesota,100000,2025-02-15,7.3
Minnesota,100000,2025-02-15,13.8
Minnesota,100000,2025-02-22,3.3
Minnesota,100000,2025-02-22,2.3
Minnesota,100000,2025-02-22,5.4
Minnesota,100000,2025-02-22,11.0
Minnesota,100000,2025-03-01,3.7
Minnesota,100000,2025-03-01,2.4
Minnesota,100000,2025-03-01,4.1
Minnesota,100000,2025-03-01,10.2
Minnesota,100000,2025-03-08,3.7
Minnesota,100000,2025-03-08,1.9
Minnesota,100000,2025-03-08,3.1
Minnesota,100000,2025-03-08,8.7
Minnesota,100000,2025-03-15,3.0
Minnesota,100000,2025-03-15,2.1
Minnesota,100000,2025-03-15,2.5
Minnesota,100000,2025-03-15,7.6
Minnesota,100000,2025-03-22,2.4
Minnesota,100000,2025-03-22,1.5
Minnesota,100000,2025-03-22,1.6
Minnesota,100000,2025-03-22,5.5
Minnesota,100000,2025-03-29,1.9
Minnesota,100000,2025-03-29,1.6
Minnesota,100000,2025-03-29,1.1
Minnesota,100000,2025-03-29,4.6
Minnesota,100000,2025-04-05,1.2
Minnesota,100000,2025-04-05,1.6
Minnesota,100000,2025-04-05,0.9
Minnesota,100000,2025-04-05,3.7
Minnesota,100000,2025-04-12,1.1
Minnesota,100000,2025-04-12,1.7
Minnesota,100000,2025-04-12,0.8
Minnesota,100000,2025-04-12,3.6
Minnesota,100000,2025-04-19,0.9
Minnesota,100000,2025-04-19,1.4
Minnesota,100000,2025-04-19,0.4
Minnesota,100000,2025-04-19,2.6999999999999997
Minnesota,100000,2025-04-26,0.6
Minnesota,100000,2025-04-26,1.4
Minnesota,100000,2025-04-26,0.3
Minnesota,100000,2025-04-26,2.3
Minnesota,100000,2025-05-03,0.5
Minnesota,100000,2025-05-03,1.1
Minnesota,100000,2025-05-03,0.3
Minnesota,100000,2025-05-03,1.9
Minnesota,100000,2025-05-10,0.4
Minnesota,100000,2025-05-10,1.3
Minnesota,100000,2025-05-10,1.7000000000000002
Minnesota,100000,2025-05-17,0.1
Minnesota,100000,2025-05-17,1.0
Minnesota,100000,2025-05-17,1.1
Minnesota,100000,2025-05-24,0.1
Minnesota,100000,2025-05-24,0.7
Minnesota,100000,2025-05-24,0.7999999999999999
Minnesota,100000,2025-05-31,0.1
Minnesota,100000,2025-05-31,0.8
Minnesota,100000,2025-05-31,0.9
Minnesota,100000,2025-06-07,0.0
Minnesota,100000,2025-06-07,0.8
Minnesota,100000,2025-06-07,0.8
Minnesota,100000,2025-06-14,0.0
Minnesota,100000,2025-06-14,0.4
Minnesota,100000,2025-06-14,0.4
Minnesota,100000,2025-06-21,0.1
Minnesota,100000,2025-06-21,0.5
Minnesota,100000,2025-06-21,0.6
Minnesota,100000,2025-06-28,0.1
Minnesota,100000,2025-06-28,0.6
Minnesota,100000,2025-06-28,0.7
Minnesota,100000,2025-07-05,0.1
Minnesota,100000,2025-07-05,0.7
Minnesota,100000,2025-07-05,0.7999999999999999
Minnesota,100000,2025-07-12,0.0
Minnesota,100000,2025-07-12,0.4
Minnesota,100000,2025-07-12,0.4
Minnesota,100000,2025-07-19,0.0
Minnesota,100000,2025-07-19,0.5
Minnesota,100000,2025-07-19,0.5
Minnesota,100000,2025-07-26,0.1
Minnesota,100000,2025-07-26,0.7
Minnesota,100000,2025-07-26,0.7999999999999999
Minnesota,100000,2025-08-02,0.1
Minnesota,100000,2025-08-02,0.7
Minnesota,100000,2025-08-02,0.7999999999999999
Minnesota,100000,2025-08-09,0.1
Minnesota,100000,2025-08-09,0.9
Minnesota,100000,2025-08-09,1.0
Minnesota,100000,2025-08-16,0.1
Minnesota,100000,2025-08-16,0.9
Minnesota,100000,2025-08-16,1.0
Minnesota,100000,2025-08-23,0.1
Minnesota,100000,2025-08-23,1.3
Minnesota,100000,2025-08-23,1.4
Minnesota,100000,2025-08-30,0.1
Minnesota,100000,2025-08-30,1.7
Minnesota,100000,2025-08-30,1.8
Minnesota,100000,2025-09-06,0.1
Minnesota,100000,2025-09-06,1.7
Minnesota,100000,2025-09-06,1.8
Minnesota,100000,2025-09-13,0.1
Minnesota,100000,2025-09-13,2.0
Minnesota,100000,2025-09-13,2.1
Minnesota,100000,2025-09-20,0.0
Minnesota,100000,2025-09-20,2.0
Minnesota,100000,2025-09-20,2.0
Minnesota,100000,2025-09-27,0.1
Minnesota,100000,2025-09-27,1.6
Minnesota,100000,2025-09-27,1.7000000000000002
Minnesota,100000,2025-10-04,0.0
Minnesota,100000,2025-10-04,1.3
Minnesota,100000,2025-10-04,0.0
Minnesota,100000,2025-10-04,1.3
Minnesota,100000,2025-10-11,0.1
Minnesota,100000,2025-10-11,0.9
Minnesota,100000,2025-10-11,0.1
Minnesota,100000,2025-10-11,1.1
Minnesota,100000,2025-10-18,0.1
Minnesota,100000,2025-10-18,0.9
Minnesota,100000,2025-10-18,0.1
Minnesota,100000,2025-10-18,1.1
Minnesota,100000,2025-10-25,0.2
Minnesota,100000,2025-10-25,0.7
Minnesota,100000,2025-10-25,0.1
Minnesota,100000,2025-10-25,1.0
Minnesota,100000,2025-11-01,0.2
Minnesota,100000,2025-11-01,0.8
Minnesota,100000,2025-11-01,0.0
Minnesota,100000,2025-11-01,1.0
Minnesota,100000,2025-11-08,0.2
Minnesota,100000,2025-11-08,0.3
Minnesota,100000,2025-11-08,0.1
Minnesota,100000,2025-11-08,0.6000000000000001
New Mexico,100000,2018-10-06,0.0
New Mexico,100000,2018-10-06,0.2
New Mexico,100000,2018-10-06,0.2
New Mexico,100000,2018-10-13,0.0
New Mexico,100000,2018-10-13,0.2
New Mexico,100000,2018-10-13,0.2
New Mexico,100000,2018-10-20,0.1
New Mexico,100000,2018-10-20,0.4
New Mexico,100000,2018-10-20,0.5
New Mexico,100000,2018-10-27,0.0
New Mexico,100000,2018-10-27,0.2
New Mexico,100000,2018-10-27,0.2
New Mexico,100000,2018-11-03,0.0
New Mexico,100000,2018-11-03,0.2
New Mexico,100000,2018-11-03,0.2
New Mexico,100000,2018-11-10,0.0
New Mexico,100000,2018-11-10,0.2
New Mexico,100000,2018-11-10,0.2
New Mexico,100000,2018-11-17,0.1
New Mexico,100000,2018-11-17,0.1
New Mexico,100000,2018-11-17,0.2
New Mexico,100000,2018-11-24,0.1
New Mexico,100000,2018-11-24,0.2
New Mexico,100000,2018-11-24,0.3
New Mexico,100000,2018-12-01,0.3
New Mexico,100000,2018-12-01,0.8
New Mexico,100000,2018-12-01,1.1
New Mexico,100000,2018-12-08,0.3
New Mexico,100000,2018-12-08,0.9
New Mexico,100000,2018-12-08,1.2
New Mexico,100000,2018-12-15,0.1
New Mexico,100000,2018-12-15,1.9
New Mexico,100000,2018-12-15,2.0
New Mexico,100000,2018-12-22,0.6
New Mexico,100000,2018-12-22,3.8
New Mexico,100000,2018-12-22,4.3999999999999995
New Mexico,100000,2018-12-29,1.3
New Mexico,100000,2018-12-29,7.2
New Mexico,100000,2018-12-29,8.5
New Mexico,100000,2019-01-05,1.5
New Mexico,100000,2019-01-05,6.4
New Mexico,100000,2019-01-05,7.9
New Mexico,100000,2019-01-12,2.4
New Mexico,100000,2019-01-12,6.9
New Mexico,100000,2019-01-12,9.3
New Mexico,100000,2019-01-19,2.7
New Mexico,100000,2019-01-19,4.7
New Mexico,100000,2019-01-19,7.4
New Mexico,100000,2019-01-26,3.1
New Mexico,100000,2019-01-26,4.2
New Mexico,100000,2019-01-26,7.300000000000001
New Mexico,100000,2019-02-02,5.2
New Mexico,100000,2019-02-02,3.9
New Mexico,100000,2019-02-02,9.1
New Mexico,100000,2019-02-09,4.7
New Mexico,100000,2019-02-09,4.7
New Mexico,100000,2019-02-09,9.4
New Mexico,100000,2019-02-16,4.1
New Mexico,100000,2019-02-16,3.5
New Mexico,100000,2019-02-16,7.6
New Mexico,100000,2019-02-23,4.1
New Mexico,100000,2019-02-23,4.4
New Mexico,100000,2019-02-23,8.5
New Mexico,100000,2019-03-02,4.4
New Mexico,100000,2019-03-02,5.0
New Mexico,100000,2019-03-02,9.4
New Mexico,100000,2019-03-09,4.1
New Mexico,100000,2019-03-09,6.7
New Mexico,100000,2019-03-09,10.8
New Mexico,100000,2019-03-16,2.8
New Mexico,100000,2019-03-16,6.3
New Mexico,100000,2019-03-16,9.1
New Mexico,100000,2019-03-23,2.9
New Mexico,100000,2019-03-23,4.7
New Mexico,100000,2019-03-23,7.6
New Mexico,100000,2019-03-30,1.9
New Mexico,100000,2019-03-30,2.9
New Mexico,100000,2019-03-30,4.8
New Mexico,100000,2019-04-06,1.5
New Mexico,100000,2019-04-06,2.0
New Mexico,100000,2019-04-06,3.5
New Mexico,100000,2019-04-13,2.2
New Mexico,100000,2019-04-13,1.1
New Mexico,100000,2019-04-13,3.3000000000000003
New Mexico,100000,2019-04-20,1.2
New Mexico,100000,2019-04-20,1.7
New Mexico,100000,2019-04-20,2.9
New Mexico,100000,2019-04-27,0.6
New Mexico,100000,2019-04-27,0.5
New Mexico,100000,2019-04-27,1.1
New Mexico,100000,2019-05-04,0.1
New Mexico,100000,2019-05-04,0.3
New Mexico,100000,2019-05-04,0.4
New Mexico,100000,2019-10-05,0.0
New Mexico,100000,2019-10-05,0.1
New Mexico,100000,2019-10-05,0.1
New Mexico,100000,2019-10-12,0.0
New Mexico,100000,2019-10-12,0.1
New Mexico,100000,2019-10-12,0.1
New Mexico,100000,2019-10-19,0.0
New Mexico,100000,2019-10-19,0.2
New Mexico,100000,2019-10-19,0.2
New Mexico,100000,2019-10-26,0.1
New Mexico,100000,2019-10-26,0.1
New Mexico,100000,2019-10-26,0.2
New Mexico,100000,2019-11-02,0.1
New Mexico,100000,2019-11-02,0.2
New Mexico,100000,2019-11-02,0.3
New Mexico,100000,2019-11-09,0.3
New Mexico,100000,2019-11-09,0.3
New Mexico,100000,2019-11-09,0.6
New Mexico,100000,2019-11-16,0.6
New Mexico,100000,2019-11-16,0.9
New Mexico,100000,2019-11-16,1.5
New Mexico,100000,2019-11-23,0.7
New Mexico,100000,2019-11-23,0.6
New Mexico,100000,2019-11-23,1.2999999999999998
New Mexico,100000,2019-11-30,0.7
New Mexico,100000,2019-11-30,1.2
New Mexico,100000,2019-11-30,1.9
New Mexico,100000,2019-12-07,1.5
New Mexico,100000,2019-12-07,1.9
New Mexico,100000,2019-12-07,3.4
New Mexico,100000,2019-12-14,2.9
New Mexico,100000,2019-12-14,2.5
New Mexico,100000,2019-12-14,5.4
New Mexico,100000,2019-12-21,2.3
New Mexico,100000,2019-12-21,3.3
New Mexico,100000,2019-12-21,5.6
New Mexico,100000,2019-12-28,4.1
New Mexico,100000,2019-12-28,7.9
New Mexico,100000,2019-12-28,12.0
New Mexico,100000,2020-01-04,4.8
New Mexico,100000,2020-01-04,8.4
New Mexico,100000,2020-01-04,13.2
New Mexico,100000,2020-01-11,4.8
New Mexico,100000,2020-01-11,8.9
New Mexico,100000,2020-01-11,13.7
New Mexico,100000,2020-01-18,6.5
New Mexico,100000,2020-01-18,8.7
New Mexico,100000,2020-01-18,15.2
New Mexico,100000,2020-01-25,6.5
New Mexico,100000,2020-01-25,5.9
New Mexico,100000,2020-01-25,12.4
New Mexico,100000,2020-02-01,7.0
New Mexico,100000,2020-02-01,5.8
New Mexico,100000,2020-02-01,12.8
New Mexico,100000,2020-02-08,8.7
New Mexico,100000,2020-02-08,5.4
New Mexico,100000,2020-02-08,14.1
New Mexico,100000,2020-02-15,8.4
New Mexico,100000,2020-02-15,5.1
New Mexico,100000,2020-02-15,13.5
New Mexico,100000,2020-02-22,7.8
New Mexico,100000,2020-02-22,4.3
New Mexico,100000,2020-02-22,12.1
New Mexico,100000,2020-02-29,5.6
New Mexico,100000,2020-02-29,2.1
New Mexico,100000,2020-02-29,7.699999999999999
New Mexico,100000,2020-03-07,5.9
New Mexico,100000,2020-03-07,0.0
New Mexico,100000,2020-03-07,1.7
New Mexico,100000,2020-03-07,7.6
New Mexico,100000,2020-03-14,3.1
New Mexico,100000,2020-03-14,0.3
New Mexico,100000,2020-03-14,1.4
New Mexico,100000,2020-03-14,4.8
New Mexico,100000,2020-03-21,1.6
New Mexico,100000,2020-03-21,0.4
New Mexico,100000,2020-03-21,0.9
New Mexico,100000,2020-03-21,2.9000000000000004
New Mexico,100000,2020-03-28,1.5
New Mexico,100000,2020-03-28,1.5
New Mexico,100000,2020-03-28,0.3
New Mexico,100000,2020-03-28,3.3
New Mexico,100000,2020-04-04,0.3
New Mexico,100000,2020-04-04,2.6
New Mexico,100000,2020-04-04,0.0
New Mexico,100000,2020-04-04,2.9
New Mexico,100000,2020-04-11,0.0
New Mexico,100000,2020-04-11,2.6
New Mexico,100000,2020-04-11,0.2
New Mexico,100000,2020-04-11,2.8000000000000003
New Mexico,100000,2020-04-18,0.0
New Mexico,100000,2020-04-18,4.6
New Mexico,100000,2020-04-18,0.2
New Mexico,100000,2020-04-18,4.8
New Mexico,100000,2020-04-25,0.0
New Mexico,100000,2020-04-25,3.9
New Mexico,100000,2020-04-25,0.0
New Mexico,100000,2020-04-25,3.9
New Mexico,100000,2020-05-02,0.0
New Mexico,100000,2020-05-02,5.8
New Mexico,100000,2020-05-02,0.0
New Mexico,100000,2020-05-02,5.8
New Mexico,100000,2020-05-09,6.2
New Mexico,100000,2020-05-09,6.2
New Mexico,100000,2020-05-16,6.3
New Mexico,100000,2020-05-16,6.3
New Mexico,100000,2020-05-23,5.7
New Mexico,100000,2020-05-23,5.7
New Mexico,100000,2020-05-30,4.1
New Mexico,100000,2020-05-30,4.1
New Mexico,100000,2020-06-06,4.7
New Mexico,100000,2020-06-06,4.7
New Mexico,100000,2020-06-13,3.7
New Mexico,100000,2020-06-13,3.7
New Mexico,100000,2020-06-20,2.5
New Mexico,100000,2020-06-20,2.5
New Mexico,100000,2020-06-27,2.8
New Mexico,100000,2020-06-27,2.8
New Mexico,100000,2020-07-04,4.6
New Mexico,100000,2020-07-04,4.6
New Mexico,100000,2020-07-11,8.3
New Mexico,100000,2020-07-11,8.3
New Mexico,100000,2020-07-18,8.2
New Mexico,100000,2020-07-18,8.2
New Mexico,100000,2020-07-25,7.4
New Mexico,100000,2020-07-25,7.4
New Mexico,100000,2020-08-01,4.7
New Mexico,100000,2020-08-01,4.7
New Mexico,100000,2020-08-08,3.9
New Mexico,100000,2020-08-08,3.9
New Mexico,100000,2020-08-15,4.4
New Mexico,100000,2020-08-15,4.4
New Mexico,100000,2020-08-22,3.1
New Mexico,100000,2020-08-22,3.1
New Mexico,100000,2020-08-29,3.2
New Mexico,100000,2020-08-29,3.2
New Mexico,100000,2020-09-05,2.0
New Mexico,100000,2020-09-05,2.0
New Mexico,100000,2020-09-12,2.6
New Mexico,100000,2020-09-12,2.6
New Mexico,100000,2020-09-19,3.8
New Mexico,100000,2020-09-19,3.8
New Mexico,100000,2020-09-26,4.6
New Mexico,100000,2020-09-26,4.6
New Mexico,100000,2020-10-03,0.0
New Mexico,100000,2020-10-03,5.2
New Mexico,100000,2020-10-03,5.2
New Mexico,100000,2020-10-10,0.0
New Mexico,100000,2020-10-10,8.5
New Mexico,100000,2020-10-10,8.5
New Mexico,100000,2020-10-17,0.0
New Mexico,100000,2020-10-17,14.0
New Mexico,100000,2020-10-17,14.0
New Mexico,100000,2020-10-24,0.0
New Mexico,100000,2020-10-24,17.4
New Mexico,100000,2020-10-24,17.4
New Mexico,100000,2020-10-31,0.1
New Mexico,100000,2020-10-31,22.4
New Mexico,100000,2020-10-31,22.5
New Mexico,100000,2020-11-07,0.1
New Mexico,100000,2020-11-07,27.9
New Mexico,100000,2020-11-07,28.0
New Mexico,100000,2020-11-14,0.1
New Mexico,100000,2020-11-14,28.4
New Mexico,100000,2020-11-14,28.5
New Mexico,100000,2020-11-21,0.0
New Mexico,100000,2020-11-21,31.8
New Mexico,100000,2020-11-21,31.8
New Mexico,100000,2020-11-28,0.0
New Mexico,100000,2020-11-28,36.5
New Mexico,100000,2020-11-28,36.5
New Mexico,100000,2020-12-05,0.0
New Mexico,100000,2020-12-05,33.4
New Mexico,100000,2020-12-05,33.4
New Mexico,100000,2020-12-12,0.0
New Mexico,100000,2020-12-12,31.2
New Mexico,100000,2020-12-12,31.2
New Mexico,100000,2020-12-19,0.0
New Mexico,100000,2020-12-19,25.7
New Mexico,100000,2020-12-19,25.7
New Mexico,100000,2020-12-26,0.0
New Mexico,100000,2020-12-26,26.4
New Mexico,100000,2020-12-26,26.4
New Mexico,100000,2021-01-02,0.0
New Mexico,100000,2021-01-02,26.3
New Mexico,100000,2021-01-02,26.3
New Mexico,100000,2021-01-09,0.1
New Mexico,100000,2021-01-09,27.7
New Mexico,100000,2021-01-09,27.8
New Mexico,100000,2021-01-16,0.0
New Mexico,100000,2021-01-16,22.3
New Mexico,100000,2021-01-16,22.3
New Mexico,100000,2021-01-23,0.0
New Mexico,100000,2021-01-23,19.9
New Mexico,100000,2021-01-23,19.9
New Mexico,100000,2021-01-30,0.0
New Mexico,100000,2021-01-30,15.1
New Mexico,100000,2021-01-30,15.1
New Mexico,100000,2021-02-06,0.0
New Mexico,100000,2021-02-06,11.4
New Mexico,100000,2021-02-06,11.4
New Mexico,100000,2021-02-13,0.0
New Mexico,100000,2021-02-13,8.9
New Mexico,100000,2021-02-13,8.9
New Mexico,100000,2021-02-20,0.0
New Mexico,100000,2021-02-20,9.0
New Mexico,100000,2021-02-20,9.0
New Mexico,100000,2021-02-27,0.0
New Mexico,100000,2021-02-27,6.0
New Mexico,100000,2021-02-27,6.0
New Mexico,100000,2021-03-06,0.0
New Mexico,100000,2021-03-06,4.6
New Mexico,100000,2021-03-06,4.6
New Mexico,100000,2021-03-13,0.0
New Mexico,100000,2021-03-13,5.3
New Mexico,100000,2021-03-13,5.3
New Mexico,100000,2021-03-20,0.0
New Mexico,100000,2021-03-20,5.6
New Mexico,100000,2021-03-20,5.6
New Mexico,100000,2021-03-27,0.0
New Mexico,100000,2021-03-27,4.6
New Mexico,100000,2021-03-27,4.6
New Mexico,100000,2021-04-03,0.0
New Mexico,100000,2021-04-03,4.2
New Mexico,100000,2021-04-03,4.2
New Mexico,100000,2021-04-10,0.0
New Mexico,100000,2021-04-10,4.9
New Mexico,100000,2021-04-10,4.9
New Mexico,100000,2021-04-17,0.0
New Mexico,100000,2021-04-17,6.1
New Mexico,100000,2021-04-17,6.1
New Mexico,100000,2021-04-24,0.0
New Mexico,100000,2021-04-24,5.6
New Mexico,100000,2021-04-24,5.6
New Mexico,100000,2021-05-01,0.0
New Mexico,100000,2021-05-01,8.1
New Mexico,100000,2021-05-01,8.1
New Mexico,100000,2021-05-08,0.1
New Mexico,100000,2021-05-08,6.1
New Mexico,100000,2021-05-08,6.199999999999999
New Mexico,100000,2021-05-15,0.0
New Mexico,100000,2021-05-15,6.5
New Mexico,100000,2021-05-15,6.5
New Mexico,100000,2021-05-22,0.0
New Mexico,100000,2021-05-22,7.5
New Mexico,100000,2021-05-22,7.5
New Mexico,100000,2021-05-29,0.0
New Mexico,100000,2021-05-29,4.5
New Mexico,100000,2021-05-29,4.5
New Mexico,100000,2021-06-05,0.0
New Mexico,100000,2021-06-05,4.5
New Mexico,100000,2021-06-05,4.5
New Mexico,100000,2021-06-12,0.0
New Mexico,100000,2021-06-12,4.2
New Mexico,100000,2021-06-12,4.2
New Mexico,100000,2021-06-19,0.1
New Mexico,100000,2021-06-19,3.2
New Mexico,100000,2021-06-19,3.3000000000000003
New Mexico,100000,2021-06-26,0.0
New Mexico,100000,2021-06-26,2.8
New Mexico,100000,2021-06-26,2.8
New Mexico,100000,2021-07-03,0.3
New Mexico,100000,2021-07-03,2.2
New Mexico,100000,2021-07-03,2.5
New Mexico,100000,2021-07-10,0.3
New Mexico,100000,2021-07-10,3.4
New Mexico,100000,2021-07-10,3.7
New Mexico,100000,2021-07-17,0.3
New Mexico,100000,2021-07-17,3.1
New Mexico,100000,2021-07-17,3.4
New Mexico,100000,2021-07-24,0.3
New Mexico,100000,2021-07-24,3.6
New Mexico,100000,2021-07-24,3.9
New Mexico,100000,2021-07-31,0.3
New Mexico,100000,2021-07-31,4.5
New Mexico,100000,2021-07-31,4.8
New Mexico,100000,2021-08-07,0.6
New Mexico,100000,2021-08-07,7.2
New Mexico,100000,2021-08-07,7.8
New Mexico,100000,2021-08-14,0.4
New Mexico,100000,2021-08-14,11.3
New Mexico,100000,2021-08-14,11.7
New Mexico,100000,2021-08-21,0.3
New Mexico,100000,2021-08-21,12.8
New Mexico,100000,2021-08-21,13.1
New Mexico,100000,2021-08-28,0.4
New Mexico,100000,2021-08-28,13.1
New Mexico,100000,2021-08-28,13.5
New Mexico,100000,2021-09-04,0.7
New Mexico,100000,2021-09-04,11.7
New Mexico,100000,2021-09-04,12.4
New Mexico,100000,2021-09-11,0.4
New Mexico,100000,2021-09-11,9.4
New Mexico,100000,2021-09-11,9.8
New Mexico,100000,2021-09-18,0.9
New Mexico,100000,2021-09-18,9.0
New Mexico,100000,2021-09-18,9.9
New Mexico,100000,2021-09-25,0.3
New Mexico,100000,2021-09-25,9.5
New Mexico,100000,2021-09-25,9.8
New Mexico,100000,2021-10-02,0.7
New Mexico,100000,2021-10-02,11.9
New Mexico,100000,2021-10-02,12.6
New Mexico,100000,2021-10-09,0.9
New Mexico,100000,2021-10-09,10.8
New Mexico,100000,2021-10-09,11.8
New Mexico,100000,2021-10-09,0.1
New Mexico,100000,2021-10-16,0.6
New Mexico,100000,2021-10-16,14.6
New Mexico,100000,2021-10-16,15.3
New Mexico,100000,2021-10-16,0.1
New Mexico,100000,2021-10-23,1.2
New Mexico,100000,2021-10-23,15.9
New Mexico,100000,2021-10-23,17.4
New Mexico,100000,2021-10-23,0.3
New Mexico,100000,2021-10-30,1.3
New Mexico,100000,2021-10-30,16.6
New Mexico,100000,2021-10-30,18.000000000000004
New Mexico,100000,2021-10-30,0.1
New Mexico,100000,2021-11-06,2.4
New Mexico,100000,2021-11-06,21.2
New Mexico,100000,2021-11-06,23.6
New Mexico,100000,2021-11-06,0.0
New Mexico,100000,2021-11-13,2.5
New Mexico,100000,2021-11-13,22.2
New Mexico,100000,2021-11-13,24.8
New Mexico,100000,2021-11-13,0.1
New Mexico,100000,2021-11-20,4.0
New Mexico,100000,2021-11-20,25.7
New Mexico,100000,2021-11-20,29.8
New Mexico,100000,2021-11-20,0.1
New Mexico,100000,2021-11-27,3.6
New Mexico,100000,2021-11-27,24.1
New Mexico,100000,2021-11-27,27.9
New Mexico,100000,2021-11-27,0.2
New Mexico,100000,2021-12-04,3.3
New Mexico,100000,2021-12-04,26.9
New Mexico,100000,2021-12-04,30.6
New Mexico,100000,2021-12-04,0.4
New Mexico,100000,2021-12-11,3.3
New Mexico,100000,2021-12-11,25.1
New Mexico,100000,2021-12-11,28.9
New Mexico,100000,2021-12-11,0.5
New Mexico,100000,2021-12-18,3.9
New Mexico,100000,2021-12-18,20.5
New Mexico,100000,2021-12-18,24.9
New Mexico,100000,2021-12-18,0.5
New Mexico,100000,2021-12-25,2.8
New Mexico,100000,2021-12-25,16.9
New Mexico,100000,2021-12-25,20.3
New Mexico,100000,2021-12-25,0.6
New Mexico,100000,2022-01-01,4.2
New Mexico,100000,2022-01-01,18.5
New Mexico,100000,2022-01-01,24.0
New Mexico,100000,2022-01-01,1.3
New Mexico,100000,2022-01-08,2.5
New Mexico,100000,2022-01-08,22.9
New Mexico,100000,2022-01-08,26.5
New Mexico,100000,2022-01-08,1.1
New Mexico,100000,2022-01-15,1.8
New Mexico,100000,2022-01-15,28.4
New Mexico,100000,2022-01-15,31.3
New Mexico,100000,2022-01-15,1.1
New Mexico,100000,2022-01-22,0.6
New Mexico,100000,2022-01-22,29.4
New Mexico,100000,2022-01-22,30.5
New Mexico,100000,2022-01-22,0.5
New Mexico,100000,2022-01-29,0.4
New Mexico,100000,2022-01-29,27.7
New Mexico,100000,2022-01-29,28.6
New Mexico,100000,2022-01-29,0.5
New Mexico,100000,2022-02-05,0.6
New Mexico,100000,2022-02-05,21.5
New Mexico,100000,2022-02-05,22.6
New Mexico,100000,2022-02-05,0.5
New Mexico,100000,2022-02-12,0.4
New Mexico,100000,2022-02-12,18.1
New Mexico,100000,2022-02-12,18.6
New Mexico,100000,2022-02-12,0.1
New Mexico,100000,2022-02-19,1.3
New Mexico,100000,2022-02-19,12.1
New Mexico,100000,2022-02-19,13.5
New Mexico,100000,2022-02-19,0.1
New Mexico,100000,2022-02-26,0.4
New Mexico,100000,2022-02-26,9.5
New Mexico,100000,2022-02-26,10.3
New Mexico,100000,2022-02-26,0.4
New Mexico,100000,2022-03-05,0.6
New Mexico,100000,2022-03-05,7.8
New Mexico,100000,2022-03-05,8.6
New Mexico,100000,2022-03-05,0.2
New Mexico,100000,2022-03-12,0.6
New Mexico,100000,2022-03-12,5.6
New Mexico,100000,2022-03-12,6.999999999999999
New Mexico,100000,2022-03-12,0.8
New Mexico,100000,2022-03-19,0.7
New Mexico,100000,2022-03-19,4.3
New Mexico,100000,2022-03-19,6.6000000000000005
New Mexico,100000,2022-03-19,1.6
New Mexico,100000,2022-03-26,0.3
New Mexico,100000,2022-03-26,3.3
New Mexico,100000,2022-03-26,5.2
New Mexico,100000,2022-03-26,1.6
New Mexico,100000,2022-04-02,0.6
New Mexico,100000,2022-04-02,2.2
New Mexico,100000,2022-04-02,5.0
New Mexico,100000,2022-04-02,2.2
New Mexico,100000,2022-04-09,1.0
New Mexico,100000,2022-04-09,2.2
New Mexico,100000,2022-04-09,6.7
New Mexico,100000,2022-04-09,3.5
New Mexico,100000,2022-04-16,0.4
New Mexico,100000,2022-04-16,2.6
New Mexico,100000,2022-04-16,4.2
New Mexico,100000,2022-04-16,1.2
New Mexico,100000,2022-04-23,0.1
New Mexico,100000,2022-04-23,2.7
New Mexico,100000,2022-04-23,6.0
New Mexico,100000,2022-04-23,3.2
New Mexico,100000,2022-04-30,0.3
New Mexico,100000,2022-04-30,2.4
New Mexico,100000,2022-04-30,6.7
New Mexico,100000,2022-04-30,4.0
New Mexico,100000,2022-05-07,0.0
New Mexico,100000,2022-05-07,3.0
New Mexico,100000,2022-05-07,6.3
New Mexico,100000,2022-05-07,3.3
New Mexico,100000,2022-05-14,0.0
New Mexico,100000,2022-05-14,4.3
New Mexico,100000,2022-05-14,7.699999999999999
New Mexico,100000,2022-05-14,3.4
New Mexico,100000,2022-05-21,0.0
New Mexico,100000,2022-05-21,6.1
New Mexico,100000,2022-05-21,9.1
New Mexico,100000,2022-05-21,3.0
New Mexico,100000,2022-05-28,0.0
New Mexico,100000,2022-05-28,7.8
New Mexico,100000,2022-05-28,9.7
New Mexico,100000,2022-05-28,1.9
New Mexico,100000,2022-06-04,0.0
New Mexico,100000,2022-06-04,8.4
New Mexico,100000,2022-06-04,10.0
New Mexico,100000,2022-06-04,1.6
New Mexico,100000,2022-06-11,0.0
New Mexico,100000,2022-06-11,10.7
New Mexico,100000,2022-06-11,11.5
New Mexico,100000,2022-06-11,0.8
New Mexico,100000,2022-06-18,0.0
New Mexico,100000,2022-06-18,11.6
New Mexico,100000,2022-06-18,11.6
New Mexico,100000,2022-06-25,0.0
New Mexico,100000,2022-06-25,15.0
New Mexico,100000,2022-06-25,15.0
New Mexico,100000,2022-07-02,0.0
New Mexico,100000,2022-07-02,12.5
New Mexico,100000,2022-07-02,12.5
New Mexico,100000,2022-07-09,0.0
New Mexico,100000,2022-07-09,12.6
New Mexico,100000,2022-07-09,12.6
New Mexico,100000,2022-07-16,0.1
New Mexico,100000,2022-07-16,11.5
New Mexico,100000,2022-07-16,11.6
New Mexico,100000,2022-07-23,0.1
New Mexico,100000,2022-07-23,11.4
New Mexico,100000,2022-07-23,11.5
New Mexico,100000,2022-07-30,0.1
New Mexico,100000,2022-07-30,11.2
New Mexico,100000,2022-07-30,11.3
New Mexico,100000,2022-08-06,0.1
New Mexico,100000,2022-08-06,10.2
New Mexico,100000,2022-08-06,10.3
New Mexico,100000,2022-08-13,0.4
New Mexico,100000,2022-08-13,10.9
New Mexico,100000,2022-08-13,11.3
New Mexico,100000,2022-08-20,0.7
New Mexico,100000,2022-08-20,7.9
New Mexico,100000,2022-08-20,8.6
New Mexico,100000,2022-08-27,0.3
New Mexico,100000,2022-08-27,7.0
New Mexico,100000,2022-08-27,7.3
New Mexico,100000,2022-09-03,0.4
New Mexico,100000,2022-09-03,6.7
New Mexico,100000,2022-09-03,7.1000000000000005
New Mexico,100000,2022-09-10,0.7
New Mexico,100000,2022-09-10,6.8
New Mexico,100000,2022-09-10,7.5
New Mexico,100000,2022-09-17,0.3
New Mexico,100000,2022-09-17,4.7
New Mexico,100000,2022-09-17,5.0
New Mexico,100000,2022-09-24,0.7
New Mexico,100000,2022-09-24,5.1
New Mexico,100000,2022-09-24,5.8
New Mexico,100000,2022-10-01,0.7
New Mexico,100000,2022-10-01,5.3
New Mexico,100000,2022-10-01,6.0
New Mexico,100000,2022-10-08,1.6
New Mexico,100000,2022-10-08,5.0
New Mexico,100000,2022-10-08,7.1
New Mexico,100000,2022-10-08,0.5
New Mexico,100000,2022-10-15,2.7
New Mexico,100000,2022-10-15,6.4
New Mexico,100000,2022-10-15,9.3
New Mexico,100000,2022-10-15,0.2
New Mexico,100000,2022-10-22,4.2
New Mexico,100000,2022-10-22,8.5
New Mexico,100000,2022-10-22,13.2
New Mexico,100000,2022-10-22,0.5
New Mexico,100000,2022-10-29,7.9
New Mexico,100000,2022-10-29,9.8
New Mexico,100000,2022-10-29,18.3
New Mexico,100000,2022-10-29,0.6
New Mexico,100000,2022-11-05,12.9
New Mexico,100000,2022-11-05,11.7
New Mexico,100000,2022-11-05,25.299999999999997
New Mexico,100000,2022-11-05,0.7
New Mexico,100000,2022-11-12,14.6
New Mexico,100000,2022-11-12,12.5
New Mexico,100000,2022-11-12,29.2
New Mexico,100000,2022-11-12,2.1
New Mexico,100000,2022-11-19,16.5
New Mexico,100000,2022-11-19,15.5
New Mexico,100000,2022-11-19,35.2
New Mexico,100000,2022-11-19,3.2
New Mexico,100000,2022-11-26,12.6
New Mexico,100000,2022-11-26,15.1
New Mexico,100000,2022-11-26,34.2
New Mexico,100000,2022-11-26,6.5
New Mexico,100000,2022-12-03,11.3
New Mexico,100000,2022-12-03,15.5
New Mexico,100000,2022-12-03,39.400000000000006
New Mexico,100000,2022-12-03,12.6
New Mexico,100000,2022-12-10,7.0
New Mexico,100000,2022-12-10,13.2
New Mexico,100000,2022-12-10,34.9
New Mexico,100000,2022-12-10,14.7
New Mexico,100000,2022-12-17,3.3
New Mexico,100000,2022-12-17,10.8
New Mexico,100000,2022-12-17,29.8
New Mexico,100000,2022-12-17,15.7
New Mexico,100000,2022-12-24,2.4
New Mexico,100000,2022-12-24,9.0
New Mexico,100000,2022-12-24,25.7
New Mexico,100000,2022-12-24,14.3
New Mexico,100000,2022-12-31,2.1
New Mexico,100000,2022-12-31,8.5
New Mexico,100000,2022-12-31,22.4
New Mexico,100000,2022-12-31,11.8
New Mexico,100000,2023-01-07,2.4
New Mexico,100000,2023-01-07,7.8
New Mexico,100000,2023-01-07,16.599999999999998
New Mexico,100000,2023-01-07,6.4
New Mexico,100000,2023-01-14,1.8
New Mexico,100000,2023-01-14,5.1
New Mexico,100000,2023-01-14,10.5
New Mexico,100000,2023-01-14,3.6
New Mexico,100000,2023-01-21,1.2
New Mexico,100000,2023-01-21,6.7
New Mexico,100000,2023-01-21,9.2
New Mexico,100000,2023-01-21,1.3
New Mexico,100000,2023-01-28,1.0
New Mexico,100000,2023-01-28,5.3
New Mexico,100000,2023-01-28,7.0
New Mexico,100000,2023-01-28,0.7
New Mexico,100000,2023-02-04,0.6
New Mexico,100000,2023-02-04,5.2
New Mexico,100000,2023-02-04,6.5
New Mexico,100000,2023-02-04,0.7
New Mexico,100000,2023-02-11,0.6
New Mexico,100000,2023-02-11,4.8
New Mexico,100000,2023-02-11,5.999999999999999
New Mexico,100000,2023-02-11,0.6
New Mexico,100000,2023-02-18,0.9
New Mexico,100000,2023-02-18,7.0
New Mexico,100000,2023-02-18,8.3
New Mexico,100000,2023-02-18,0.4
New Mexico,100000,2023-02-25,0.3
New Mexico,100000,2023-02-25,5.6
New Mexico,100000,2023-02-25,6.3999999999999995
New Mexico,100000,2023-02-25,0.5
New Mexico,100000,2023-03-04,0.4
New Mexico,100000,2023-03-04,6.1
New Mexico,100000,2023-03-04,7.0
New Mexico,100000,2023-03-04,0.5
New Mexico,100000,2023-03-11,0.1
New Mexico,100000,2023-03-11,7.0
New Mexico,100000,2023-03-11,7.5
New Mexico,100000,2023-03-11,0.4
New Mexico,100000,2023-03-18,0.1
New Mexico,100000,2023-03-18,5.7
New Mexico,100000,2023-03-18,5.8999999999999995
New Mexico,100000,2023-03-18,0.1
New Mexico,100000,2023-03-25,0.1
New Mexico,100000,2023-03-25,7.1
New Mexico,100000,2023-03-25,7.299999999999999
New Mexico,100000,2023-03-25,0.1
New Mexico,100000,2023-04-01,0.3
New Mexico,100000,2023-04-01,7.5
New Mexico,100000,2023-04-01,8.4
New Mexico,100000,2023-04-01,0.6
New Mexico,100000,2023-04-08,0.1
New Mexico,100000,2023-04-08,5.9
New Mexico,100000,2023-04-08,6.2
New Mexico,100000,2023-04-08,0.2
New Mexico,100000,2023-04-15,0.1
New Mexico,100000,2023-04-15,7.5
New Mexico,100000,2023-04-15,7.8
New Mexico,100000,2023-04-15,0.2
New Mexico,100000,2023-04-22,0.1
New Mexico,100000,2023-04-22,6.2
New Mexico,100000,2023-04-22,6.8999999999999995
New Mexico,100000,2023-04-22,0.6
New Mexico,100000,2023-04-29,0.1
New Mexico,100000,2023-04-29,5.6
New Mexico,100000,2023-04-29,5.799999999999999
New Mexico,100000,2023-04-29,0.1
New Mexico,100000,2023-05-06,0.1
New Mexico,100000,2023-05-06,4.8
New Mexico,100000,2023-05-06,5.199999999999999
New Mexico,100000,2023-05-06,0.3
New Mexico,100000,2023-05-13,0.0
New Mexico,100000,2023-05-13,4.7
New Mexico,100000,2023-05-13,4.7
New Mexico,100000,2023-05-20,0.0
New Mexico,100000,2023-05-20,3.5
New Mexico,100000,2023-05-20,3.5
New Mexico,100000,2023-05-27,0.0
New Mexico,100000,2023-05-27,3.3
New Mexico,100000,2023-05-27,3.3
New Mexico,100000,2023-06-03,0.0
New Mexico,100000,2023-06-03,3.1
New Mexico,100000,2023-06-03,3.1
New Mexico,100000,2023-06-10,0.1
New Mexico,100000,2023-06-10,1.9
New Mexico,100000,2023-06-10,2.0
New Mexico,100000,2023-06-17,0.0
New Mexico,100000,2023-06-17,1.8
New Mexico,100000,2023-06-17,1.8
New Mexico,100000,2023-06-24,0.0
New Mexico,100000,2023-06-24,1.6
New Mexico,100000,2023-06-24,1.6
New Mexico,100000,2023-07-01,0.0
New Mexico,100000,2023-07-01,1.5
New Mexico,100000,2023-07-01,1.5
New Mexico,100000,2023-07-08,0.0
New Mexico,100000,2023-07-08,1.2
New Mexico,100000,2023-07-08,1.2
New Mexico,100000,2023-07-15,0.0
New Mexico,100000,2023-07-15,1.6
New Mexico,100000,2023-07-15,1.6
New Mexico,100000,2023-07-22,0.0
New Mexico,100000,2023-07-22,1.2
New Mexico,100000,2023-07-22,1.2
New Mexico,100000,2023-07-29,0.0
New Mexico,100000,2023-07-29,1.6
New Mexico,100000,2023-07-29,1.6
New Mexico,100000,2023-08-05,0.1
New Mexico,100000,2023-08-05,1.9
New Mexico,100000,2023-08-05,2.0
New Mexico,100000,2023-08-12,0.0
New Mexico,100000,2023-08-12,2.6
New Mexico,100000,2023-08-12,2.6
New Mexico,100000,2023-08-19,0.0
New Mexico,100000,2023-08-19,3.8
New Mexico,100000,2023-08-19,3.8
New Mexico,100000,2023-08-26,0.0
New Mexico,100000,2023-08-26,3.2
New Mexico,100000,2023-08-26,3.2
New Mexico,100000,2023-09-02,0.0
New Mexico,100000,2023-09-02,3.5
New Mexico,100000,2023-09-02,3.5
New Mexico,100000,2023-09-09,0.1
New Mexico,100000,2023-09-09,3.7
New Mexico,100000,2023-09-09,3.8
New Mexico,100000,2023-09-16,0.0
New Mexico,100000,2023-09-16,3.6
New Mexico,100000,2023-09-16,3.6
New Mexico,100000,2023-09-23,0.3
New Mexico,100000,2023-09-23,4.0
New Mexico,100000,2023-09-23,4.3
New Mexico,100000,2023-09-30,0.0
New Mexico,100000,2023-09-30,6.4
New Mexico,100000,2023-09-30,6.4
New Mexico,100000,2023-10-07,0.1
New Mexico,100000,2023-10-07,6.7
New Mexico,100000,2023-10-07,0.3
New Mexico,100000,2023-10-07,7.1
New Mexico,100000,2023-10-14,0.0
New Mexico,100000,2023-10-14,7.2
New Mexico,100000,2023-10-14,0.7
New Mexico,100000,2023-10-14,7.9
New Mexico,100000,2023-10-21,1.0
New Mexico,100000,2023-10-21,7.2
New Mexico,100000,2023-10-21,0.3
New Mexico,100000,2023-10-21,8.5
New Mexico,100000,2023-10-28,0.9
New Mexico,100000,2023-10-28,9.5
New Mexico,100000,2023-10-28,0.2
New Mexico,100000,2023-10-28,10.6
New Mexico,100000,2023-11-04,1.0
New Mexico,100000,2023-11-04,9.1
New Mexico,100000,2023-11-04,0.7
New Mexico,100000,2023-11-04,10.8
New Mexico,100000,2023-11-11,2.8
New Mexico,100000,2023-11-11,11.2
New Mexico,100000,2023-11-11,0.5
New Mexico,100000,2023-11-11,14.5
New Mexico,100000,2023-11-18,1.8
New Mexico,100000,2023-11-18,11.7
New Mexico,100000,2023-11-18,0.5
New Mexico,100000,2023-11-18,14.0
New Mexico,100000,2023-11-25,4.3
New Mexico,100000,2023-11-25,12.7
New Mexico,100000,2023-11-25,1.2
New Mexico,100000,2023-11-25,18.2
New Mexico,100000,2023-12-02,5.4
New Mexico,100000,2023-12-02,8.6
New Mexico,100000,2023-12-02,2.2
New Mexico,100000,2023-12-02,16.200000000000003
New Mexico,100000,2023-12-09,4.2
New Mexico,100000,2023-12-09,8.4
New Mexico,100000,2023-12-09,4.8
New Mexico,100000,2023-12-09,17.4
New Mexico,100000,2023-12-16,7.9
New Mexico,100000,2023-12-16,8.8
New Mexico,100000,2023-12-16,6.7
New Mexico,100000,2023-12-16,23.4
New Mexico,100000,2023-12-23,9.8
New Mexico,100000,2023-12-23,7.6
New Mexico,100000,2023-12-23,9.6
New Mexico,100000,2023-12-23,27.0
New Mexico,100000,2023-12-30,10.4
New Mexico,100000,2023-12-30,8.4
New Mexico,100000,2023-12-30,12.1
New Mexico,100000,2023-12-30,30.9
New Mexico,100000,2024-01-06,9.1
New Mexico,100000,2024-01-06,6.7
New Mexico,100000,2024-01-06,10.2
New Mexico,100000,2024-01-06,26.0
New Mexico,100000,2024-01-13,6.7
New Mexico,100000,2024-01-13,4.8
New Mexico,100000,2024-01-13,7.8
New Mexico,100000,2024-01-13,19.3
New Mexico,100000,2024-01-20,4.5
New Mexico,100000,2024-01-20,3.6
New Mexico,100000,2024-01-20,4.4
New Mexico,100000,2024-01-20,12.5
New Mexico,100000,2024-01-27,3.9
New Mexico,100000,2024-01-27,3.7
New Mexico,100000,2024-01-27,3.3
New Mexico,100000,2024-01-27,10.9
New Mexico,100000,2024-02-03,3.7
New Mexico,100000,2024-02-03,5.2
New Mexico,100000,2024-02-03,3.3
New Mexico,100000,2024-02-03,12.2
New Mexico,100000,2024-02-10,3.3
New Mexico,100000,2024-02-10,4.7
New Mexico,100000,2024-02-10,3.0
New Mexico,100000,2024-02-10,11.0
New Mexico,100000,2024-02-17,2.5
New Mexico,100000,2024-02-17,4.1
New Mexico,100000,2024-02-17,2.6
New Mexico,100000,2024-02-17,9.2
New Mexico,100000,2024-02-24,1.6
New Mexico,100000,2024-02-24,4.7
New Mexico,100000,2024-02-24,2.2
New Mexico,100000,2024-02-24,8.5
New Mexico,100000,2024-03-02,1.3
New Mexico,100000,2024-03-02,3.3
New Mexico,100000,2024-03-02,2.6
New Mexico,100000,2024-03-02,7.2
New Mexico,100000,2024-03-09,1.0
New Mexico,100000,2024-03-09,5.2
New Mexico,100000,2024-03-09,2.8
New Mexico,100000,2024-03-09,9.0
New Mexico,100000,2024-03-16,0.7
New Mexico,100000,2024-03-16,4.0
New Mexico,100000,2024-03-16,2.1
New Mexico,100000,2024-03-16,6.8
New Mexico,100000,2024-03-23,1.2
New Mexico,100000,2024-03-23,4.3
New Mexico,100000,2024-03-23,2.4
New Mexico,100000,2024-03-23,7.9
New Mexico,100000,2024-03-30,0.3
New Mexico,100000,2024-03-30,2.6
New Mexico,100000,2024-03-30,1.4
New Mexico,100000,2024-03-30,4.3
New Mexico,100000,2024-04-06,0.4
New Mexico,100000,2024-04-06,2.6
New Mexico,100000,2024-04-06,1.6
New Mexico,100000,2024-04-06,4.6000000000000005
New Mexico,100000,2024-04-13,0.1
New Mexico,100000,2024-04-13,2.2
New Mexico,100000,2024-04-13,0.8
New Mexico,100000,2024-04-13,3.1
New Mexico,100000,2024-04-20,0.1
New Mexico,100000,2024-04-20,1.6
New Mexico,100000,2024-04-20,1.2
New Mexico,100000,2024-04-20,2.9
New Mexico,100000,2024-04-27,0.1
New Mexico,100000,2024-04-27,1.9
New Mexico,100000,2024-04-27,0.7
New Mexico,100000,2024-04-27,2.6999999999999997
New Mexico,100000,2024-05-04,0.0
New Mexico,100000,2024-05-04,1.7
New Mexico,100000,2024-05-04,0.9
New Mexico,100000,2024-05-04,2.6
New Mexico,100000,2024-05-11,0.3
New Mexico,100000,2024-05-11,1.5
New Mexico,100000,2024-05-11,0.5
New Mexico,100000,2024-05-11,2.3
New Mexico,100000,2024-05-18,0.0
New Mexico,100000,2024-05-18,2.1
New Mexico,100000,2024-05-18,0.9
New Mexico,100000,2024-05-18,3.0
New Mexico,100000,2024-05-25,0.0
New Mexico,100000,2024-05-25,2.9
New Mexico,100000,2024-05-25,1.2
New Mexico,100000,2024-05-25,4.1
New Mexico,100000,2024-06-01,0.1
New Mexico,100000,2024-06-01,2.8
New Mexico,100000,2024-06-01,0.2
New Mexico,100000,2024-06-01,3.1
New Mexico,100000,2024-06-08,0.3
New Mexico,100000,2024-06-08,2.8
New Mexico,100000,2024-06-08,0.8
New Mexico,100000,2024-06-08,3.899999999999999
New Mexico,100000,2024-06-15,0.0
New Mexico,100000,2024-06-15,2.5
New Mexico,100000,2024-06-15,0.2
New Mexico,100000,2024-06-15,2.7
New Mexico,100000,2024-06-22,0.0
New Mexico,100000,2024-06-22,3.5
New Mexico,100000,2024-06-22,0.1
New Mexico,100000,2024-06-22,3.6
New Mexico,100000,2024-06-29,0.0
New Mexico,100000,2024-06-29,2.9
New Mexico,100000,2024-06-29,0.1
New Mexico,100000,2024-06-29,3.0
New Mexico,100000,2024-07-06,0.0
New Mexico,100000,2024-07-06,3.0
New Mexico,100000,2024-07-06,0.2
New Mexico,100000,2024-07-06,3.2
New Mexico,100000,2024-07-13,0.0
New Mexico,100000,2024-07-13,3.3
New Mexico,100000,2024-07-13,0.1
New Mexico,100000,2024-07-13,3.4
New Mexico,100000,2024-07-20,0.0
New Mexico,100000,2024-07-20,4.0
New Mexico,100000,2024-07-20,0.1
New Mexico,100000,2024-07-20,4.1
New Mexico,100000,2024-07-27,0.0
New Mexico,100000,2024-07-27,6.0
New Mexico,100000,2024-07-27,0.0
New Mexico,100000,2024-07-27,6.0
New Mexico,100000,2024-08-03,0.0
New Mexico,100000,2024-08-03,5.6
New Mexico,100000,2024-08-03,0.0
New Mexico,100000,2024-08-03,5.6
New Mexico,100000,2024-08-10,0.0
New Mexico,100000,2024-08-10,4.7
New Mexico,100000,2024-08-10,0.2
New Mexico,100000,2024-08-10,4.9
New Mexico,100000,2024-08-17,0.0
New Mexico,100000,2024-08-17,5.0
New Mexico,100000,2024-08-17,0.1
New Mexico,100000,2024-08-17,5.1
New Mexico,100000,2024-08-24,0.0
New Mexico,100000,2024-08-24,4.7
New Mexico,100000,2024-08-24,0.1
New Mexico,100000,2024-08-24,4.8
New Mexico,100000,2024-08-31,0.0
New Mexico,100000,2024-08-31,5.5
New Mexico,100000,2024-08-31,0.0
New Mexico,100000,2024-08-31,5.5
New Mexico,100000,2024-09-07,0.0
New Mexico,100000,2024-09-07,4.1
New Mexico,100000,2024-09-07,0.2
New Mexico,100000,2024-09-07,4.3
New Mexico,100000,2024-09-14,0.0
New Mexico,100000,2024-09-14,4.5
New Mexico,100000,2024-09-14,0.3
New Mexico,100000,2024-09-14,4.8
New Mexico,100000,2024-09-21,0.0
New Mexico,100000,2024-09-21,3.5
New Mexico,100000,2024-09-21,0.2
New Mexico,100000,2024-09-21,3.7
New Mexico,100000,2024-09-28,0.0
New Mexico,100000,2024-09-28,3.7
New Mexico,100000,2024-09-28,0.2
New Mexico,100000,2024-09-28,3.9
New Mexico,100000,2024-10-05,0.0
New Mexico,100000,2024-10-05,4.3
New Mexico,100000,2024-10-05,4.3
New Mexico,100000,2024-10-05,0.0
New Mexico,100000,2024-10-12,0.0
New Mexico,100000,2024-10-12,3.6
New Mexico,100000,2024-10-12,3.7
New Mexico,100000,2024-10-12,0.1
New Mexico,100000,2024-10-19,0.0
New Mexico,100000,2024-10-19,3.8
New Mexico,100000,2024-10-19,4.3
New Mexico,100000,2024-10-19,0.5
New Mexico,100000,2024-10-26,0.0
New Mexico,100000,2024-10-26,3.3
New Mexico,100000,2024-10-26,3.5999999999999996
New Mexico,100000,2024-10-26,0.3
New Mexico,100000,2024-11-02,0.0
New Mexico,100000,2024-11-02,3.1
New Mexico,100000,2024-11-02,3.3000000000000003
New Mexico,100000,2024-11-02,0.2
New Mexico,100000,2024-11-09,0.0
New Mexico,100000,2024-11-09,4.3
New Mexico,100000,2024-11-09,5.3
New Mexico,100000,2024-11-09,1.0
New Mexico,100000,2024-11-16,0.1
New Mexico,100000,2024-11-16,4.7
New Mexico,100000,2024-11-16,5.5
New Mexico,100000,2024-11-16,0.7
New Mexico,100000,2024-11-23,0.0
New Mexico,100000,2024-11-23,5.5
New Mexico,100000,2024-11-23,6.8
New Mexico,100000,2024-11-23,1.3
New Mexico,100000,2024-11-30,0.1
New Mexico,100000,2024-11-30,6.2
New Mexico,100000,2024-11-30,7.8
New Mexico,100000,2024-11-30,1.5
New Mexico,100000,2024-12-07,0.9
New Mexico,100000,2024-12-07,5.1
New Mexico,100000,2024-12-07,9.0
New Mexico,100000,2024-12-07,3.0
New Mexico,100000,2024-12-14,1.5
New Mexico,100000,2024-12-14,5.6
New Mexico,100000,2024-12-14,11.0
New Mexico,100000,2024-12-14,3.9
New Mexico,100000,2024-12-21,2.1
New Mexico,100000,2024-12-21,6.4
New Mexico,100000,2024-12-21,15.7
New Mexico,100000,2024-12-21,7.2
New Mexico,100000,2024-12-28,2.2
New Mexico,100000,2024-12-28,6.8
New Mexico,100000,2024-12-28,20.1
New Mexico,100000,2024-12-28,11.1
New Mexico,100000,2025-01-04,2.7
New Mexico,100000,2025-01-04,6.2
New Mexico,100000,2025-01-04,23.3
New Mexico,100000,2025-01-04,14.4
New Mexico,100000,2025-01-11,2.8
New Mexico,100000,2025-01-11,5.8
New Mexico,100000,2025-01-11,19.9
New Mexico,100000,2025-01-11,11.3
New Mexico,100000,2025-01-18,6.4
New Mexico,100000,2025-01-18,3.6
New Mexico,100000,2025-01-18,19.6
New Mexico,100000,2025-01-18,9.6
New Mexico,100000,2025-01-25,9.8
New Mexico,100000,2025-01-25,3.1
New Mexico,100000,2025-01-25,22.700000000000003
New Mexico,100000,2025-01-25,9.8
New Mexico,100000,2025-02-01,11.5
New Mexico,100000,2025-02-01,2.8
New Mexico,100000,2025-02-01,23.7
New Mexico,100000,2025-02-01,9.4
New Mexico,100000,2025-02-08,12.2
New Mexico,100000,2025-02-08,1.8
New Mexico,100000,2025-02-08,25.0
New Mexico,100000,2025-02-08,11.0
New Mexico,100000,2025-02-15,10.1
New Mexico,100000,2025-02-15,2.6
New Mexico,100000,2025-02-15,24.1
New Mexico,100000,2025-02-15,11.4
New Mexico,100000,2025-02-22,9.8
New Mexico,100000,2025-02-22,2.1
New Mexico,100000,2025-02-22,22.4
New Mexico,100000,2025-02-22,10.5
New Mexico,100000,2025-03-01,9.1
New Mexico,100000,2025-03-01,1.3
New Mexico,100000,2025-03-01,17.6
New Mexico,100000,2025-03-01,7.2
New Mexico,100000,2025-03-08,8.3
New Mexico,100000,2025-03-08,1.2
New Mexico,100000,2025-03-08,16.0
New Mexico,100000,2025-03-08,6.5
New Mexico,100000,2025-03-15,4.9
New Mexico,100000,2025-03-15,1.3
New Mexico,100000,2025-03-15,11.8
New Mexico,100000,2025-03-15,5.6
New Mexico,100000,2025-03-22,4.8
New Mexico,100000,2025-03-22,0.9
New Mexico,100000,2025-03-22,10.4
New Mexico,100000,2025-03-22,4.7
New Mexico,100000,2025-03-29,2.4
New Mexico,100000,2025-03-29,1.2
New Mexico,100000,2025-03-29,7.300000000000001
New Mexico,100000,2025-03-29,3.7
New Mexico,100000,2025-04-05,1.8
New Mexico,100000,2025-04-05,1.2
New Mexico,100000,2025-04-05,5.5
New Mexico,100000,2025-04-05,2.5
New Mexico,100000,2025-04-12,1.0
New Mexico,100000,2025-04-12,1.4
New Mexico,100000,2025-04-12,4.0
New Mexico,100000,2025-04-12,1.6
New Mexico,100000,2025-04-19,0.9
New Mexico,100000,2025-04-19,1.2
New Mexico,100000,2025-04-19,4.300000000000001
New Mexico,100000,2025-04-19,2.2
New Mexico,100000,2025-04-26,0.1
New Mexico,100000,2025-04-26,1.6
New Mexico,100000,2025-04-26,3.1
New Mexico,100000,2025-04-26,1.4
New Mexico,100000,2025-05-03,0.3
New Mexico,100000,2025-05-03,1.5
New Mexico,100000,2025-05-03,2.8
New Mexico,100000,2025-05-03,1.0
New Mexico,100000,2025-05-10,0.3
New Mexico,100000,2025-05-10,0.9
New Mexico,100000,2025-05-10,1.2
New Mexico,100000,2025-05-17,0.0
New Mexico,100000,2025-05-17,0.7
New Mexico,100000,2025-05-17,0.7
New Mexico,100000,2025-05-24,0.0
New Mexico,100000,2025-05-24,1.0
New Mexico,100000,2025-05-24,1.0
New Mexico,100000,2025-05-31,0.3
New Mexico,100000,2025-05-31,1.5
New Mexico,100000,2025-05-31,1.8
New Mexico,100000,2025-06-07,0.1
New Mexico,100000,2025-06-07,1.0
New Mexico,100000,2025-06-07,1.1
New Mexico,100000,2025-06-14,0.0
New Mexico,100000,2025-06-14,0.7
New Mexico,100000,2025-06-14,0.7
New Mexico,100000,2025-06-21,0.0
New Mexico,100000,2025-06-21,1.1
New Mexico,100000,2025-06-21,1.1
New Mexico,100000,2025-06-28,0.0
New Mexico,100000,2025-06-28,0.2
New Mexico,100000,2025-06-28,0.2
New Mexico,100000,2025-07-05,0.0
New Mexico,100000,2025-07-05,1.2
New Mexico,100000,2025-07-05,1.2
New Mexico,100000,2025-07-12,0.0
New Mexico,100000,2025-07-12,0.6
New Mexico,100000,2025-07-12,0.6
New Mexico,100000,2025-07-19,0.0
New Mexico,100000,2025-07-19,0.9
New Mexico,100000,2025-07-19,0.9
New Mexico,100000,2025-07-26,0.0
New Mexico,100000,2025-07-26,0.8
New Mexico,100000,2025-07-26,0.8
New Mexico,100000,2025-08-02,0.0
New Mexico,100000,2025-08-02,1.3
New Mexico,100000,2025-08-02,1.3
New Mexico,100000,2025-08-09,0.0
New Mexico,100000,2025-08-09,0.9
New Mexico,100000,2025-08-09,0.9
New Mexico,100000,2025-08-16,0.0
New Mexico,100000,2025-08-16,1.9
New Mexico,100000,2025-08-16,1.9
New Mexico,100000,2025-08-23,0.0
New Mexico,100000,2025-08-23,2.7
New Mexico,100000,2025-08-23,2.7
New Mexico,100000,2025-08-30,0.0
New Mexico,100000,2025-08-30,1.9
New Mexico,100000,2025-08-30,1.9
New Mexico,100000,2025-09-06,0.0
New Mexico,100000,2025-09-06,1.7
New Mexico,100000,2025-09-06,1.7
New Mexico,100000,2025-09-13,0.0
New Mexico,100000,2025-09-13,1.0
New Mexico,100000,2025-09-13,1.0
New Mexico,100000,2025-09-20,0.0
New Mexico,100000,2025-09-20,1.6
New Mexico,100000,2025-09-20,1.6
New Mexico,100000,2025-09-27,0.0
New Mexico,100000,2025-09-27,1.1
New Mexico,100000,2025-09-27,1.1
New Mexico,100000,2025-10-04,0.0
New Mexico,100000,2025-10-04,1.0
New Mexico,100000,2025-10-04,0.1
New Mexico,100000,2025-10-04,1.1
New Mexico,100000,2025-10-11,0.0
New Mexico,100000,2025-10-11,1.1
New Mexico,100000,2025-10-11,0.3
New Mexico,100000,2025-10-11,1.4
New Mexico,100000,2025-10-18,0.0
New Mexico,100000,2025-10-18,1.1
New Mexico,100000,2025-10-18,0.1
New Mexico,100000,2025-10-18,1.2000000000000002
New Mexico,100000,2025-10-25,0.0
New Mexico,100000,2025-10-25,0.5
New Mexico,100000,2025-10-25,0.1
New Mexico,100000,2025-10-25,0.6
New Mexico,100000,2025-11-01,0.0
New Mexico,100000,2025-11-01,0.7
New Mexico,100000,2025-11-01,0.1
New Mexico,100000,2025-11-01,0.7999999999999999
New Mexico,100000,2025-11-08,0.0
New Mexico,100000,2025-11-08,0.2
New Mexico,100000,2025-11-08,0.0
New Mexico,100000,2025-11-08,0.2
New York,100000,2018-10-06,0.0
New York,100000,2018-10-06,0.0
New York,100000,2018-10-06,0.0
New York,100000,2018-10-13,0.0
New York,100000,2018-10-13,0.0
New York,100000,2018-10-13,0.0
New York,100000,2018-10-20,0.1
New York,100000,2018-10-20,0.0
New York,100000,2018-10-20,0.1
New York,100000,2018-10-27,0.0
New York,100000,2018-10-27,0.0
New York,100000,2018-10-27,0.0
New York,100000,2018-11-03,0.3
New York,100000,2018-11-03,0.0
New York,100000,2018-11-03,0.3
New York,100000,2018-11-10,0.8
New York,100000,2018-11-10,0.0
New York,100000,2018-11-10,0.8
New York,100000,2018-11-17,0.3
New York,100000,2018-11-17,0.0
New York,100000,2018-11-17,0.3
New York,100000,2018-11-24,0.6
New York,100000,2018-11-24,0.1
New York,100000,2018-11-24,0.7
New York,100000,2018-12-01,1.6
New York,100000,2018-12-01,0.3
New York,100000,2018-12-01,1.9
New York,100000,2018-12-08,2.1
New York,100000,2018-12-08,0.5
New York,100000,2018-12-08,2.6
New York,100000,2018-12-15,2.3
New York,100000,2018-12-15,0.8
New York,100000,2018-12-15,3.0999999999999996
New York,100000,2018-12-22,5.0
New York,100000,2018-12-22,0.9
New York,100000,2018-12-22,5.9
New York,100000,2018-12-29,5.0
New York,100000,2018-12-29,2.1
New York,100000,2018-12-29,7.1
New York,100000,2019-01-05,5.8
New York,100000,2019-01-05,2.8
New York,100000,2019-01-05,8.6
New York,100000,2019-01-12,5.0
New York,100000,2019-01-12,3.1
New York,100000,2019-01-12,8.1
New York,100000,2019-01-19,3.1
New York,100000,2019-01-19,3.2
New York,100000,2019-01-19,6.300000000000001
New York,100000,2019-01-26,3.5
New York,100000,2019-01-26,3.6
New York,100000,2019-01-26,7.1
New York,100000,2019-02-02,3.5
New York,100000,2019-02-02,5.1
New York,100000,2019-02-02,8.6
New York,100000,2019-02-09,2.8
New York,100000,2019-02-09,6.6
New York,100000,2019-02-09,9.4
New York,100000,2019-02-16,3.0
New York,100000,2019-02-16,8.6
New York,100000,2019-02-16,11.6
New York,100000,2019-02-23,1.4
New York,100000,2019-02-23,9.3
New York,100000,2019-02-23,10.7
New York,100000,2019-03-02,2.0
New York,100000,2019-03-02,9.1
New York,100000,2019-03-02,11.1
New York,100000,2019-03-09,0.8
New York,100000,2019-03-09,8.7
New York,100000,2019-03-09,9.5
New York,100000,2019-03-16,1.0
New York,100000,2019-03-16,10.5
New York,100000,2019-03-16,11.5
New York,100000,2019-03-23,1.0
New York,100000,2019-03-23,10.9
New York,100000,2019-03-23,11.9
New York,100000,2019-03-30,0.3
New York,100000,2019-03-30,8.1
New York,100000,2019-03-30,8.4
New York,100000,2019-04-06,0.6
New York,100000,2019-04-06,7.6
New York,100000,2019-04-06,8.2
New York,100000,2019-04-13,1.0
New York,100000,2019-04-13,5.7
New York,100000,2019-04-13,6.7
New York,100000,2019-04-20,0.6
New York,100000,2019-04-20,3.6
New York,100000,2019-04-20,4.2
New York,100000,2019-04-27,0.6
New York,100000,2019-04-27,2.0
New York,100000,2019-04-27,2.6
New York,100000,2019-05-04,0.1
New York,100000,2019-05-04,0.4
New York,100000,2019-05-04,0.5
New York,100000,2019-10-05,0.1
New York,100000,2019-10-05,0.1
New York,100000,2019-10-05,0.2
New York,100000,2019-10-12,0.3
New York,100000,2019-10-12,0.1
New York,100000,2019-10-12,0.4
New York,100000,2019-10-19,0.1
New York,100000,2019-10-19,0.1
New York,100000,2019-10-19,0.2
New York,100000,2019-10-26,0.2
New York,100000,2019-10-26,0.0
New York,100000,2019-10-26,0.2
New York,100000,2019-11-02,0.6
New York,100000,2019-11-02,0.1
New York,100000,2019-11-02,0.7
New York,100000,2019-11-09,0.6
New York,100000,2019-11-09,0.0
New York,100000,2019-11-09,0.6
New York,100000,2019-11-16,0.7
New York,100000,2019-11-16,0.2
New York,100000,2019-11-16,0.8999999999999999
New York,100000,2019-11-23,1.0
New York,100000,2019-11-23,0.2
New York,100000,2019-11-23,1.2
New York,100000,2019-11-30,1.7
New York,100000,2019-11-30,0.5
New York,100000,2019-11-30,2.2
New York,100000,2019-12-07,3.0
New York,100000,2019-12-07,0.2
New York,100000,2019-12-07,3.2
New York,100000,2019-12-14,3.0
New York,100000,2019-12-14,0.7
New York,100000,2019-12-14,3.7
New York,100000,2019-12-21,3.7
New York,100000,2019-12-21,1.8
New York,100000,2019-12-21,5.5
New York,100000,2019-12-28,4.8
New York,100000,2019-12-28,3.6
New York,100000,2019-12-28,8.4
New York,100000,2020-01-04,6.3
New York,100000,2020-01-04,5.5
New York,100000,2020-01-04,11.8
New York,100000,2020-01-11,3.3
New York,100000,2020-01-11,6.2
New York,100000,2020-01-11,9.5
New York,100000,2020-01-18,3.3
New York,100000,2020-01-18,5.4
New York,100000,2020-01-18,8.7
New York,100000,2020-01-25,3.3
New York,100000,2020-01-25,6.3
New York,100000,2020-01-25,9.6
New York,100000,2020-02-01,2.9
New York,100000,2020-02-01,8.7
New York,100000,2020-02-01,11.6
New York,100000,2020-02-08,1.9
New York,100000,2020-02-08,10.0
New York,100000,2020-02-08,11.9
New York,100000,2020-02-15,2.1
New York,100000,2020-02-15,8.2
New York,100000,2020-02-15,10.3
New York,100000,2020-02-22,1.9
New York,100000,2020-02-22,9.5
New York,100000,2020-02-22,11.4
New York,100000,2020-02-29,1.2
New York,100000,2020-02-29,7.0
New York,100000,2020-02-29,8.2
New York,100000,2020-03-07,0.8
New York,100000,2020-03-07,0.1
New York,100000,2020-03-07,6.3
New York,100000,2020-03-07,7.199999999999999
New York,100000,2020-03-14,0.7
New York,100000,2020-03-14,0.6
New York,100000,2020-03-14,5.3
New York,100000,2020-03-14,6.6
New York,100000,2020-03-21,0.5
New York,100000,2020-03-21,2.2
New York,100000,2020-03-21,2.1
New York,100000,2020-03-21,4.800000000000001
New York,100000,2020-03-28,0.3
New York,100000,2020-03-28,6.5
New York,100000,2020-03-28,0.3
New York,100000,2020-03-28,7.1
New York,100000,2020-04-04,0.3
New York,100000,2020-04-04,9.4
New York,100000,2020-04-04,0.1
New York,100000,2020-04-04,9.8
New York,100000,2020-04-11,0.1
New York,100000,2020-04-11,6.9
New York,100000,2020-04-11,0.0
New York,100000,2020-04-11,7.0
New York,100000,2020-04-18,0.0
New York,100000,2020-04-18,5.8
New York,100000,2020-04-18,0.0
New York,100000,2020-04-18,5.8
New York,100000,2020-04-25,0.0
New York,100000,2020-04-25,6.4
New York,100000,2020-04-25,0.0
New York,100000,2020-04-25,6.4
New York,100000,2020-05-02,0.0
New York,100000,2020-05-02,5.2
New York,100000,2020-05-02,0.0
New York,100000,2020-05-02,5.2
New York,100000,2020-05-09,4.9
New York,100000,2020-05-09,4.9
New York,100000,2020-05-16,6.6
New York,100000,2020-05-16,6.6
New York,100000,2020-05-23,6.3
New York,100000,2020-05-23,6.3
New York,100000,2020-05-30,5.0
New York,100000,2020-05-30,5.0
New York,100000,2020-06-06,2.7
New York,100000,2020-06-06,2.7
New York,100000,2020-06-13,1.9
New York,100000,2020-06-13,1.9
New York,100000,2020-06-20,2.0
New York,100000,2020-06-20,2.0
New York,100000,2020-06-27,1.4
New York,100000,2020-06-27,1.4
New York,100000,2020-07-04,1.5
New York,100000,2020-07-04,1.5
New York,100000,2020-07-11,2.3
New York,100000,2020-07-11,2.3
New York,100000,2020-07-18,2.1
New York,100000,2020-07-18,2.1
New York,100000,2020-07-25,1.1
New York,100000,2020-07-25,1.1
New York,100000,2020-08-01,1.3
New York,100000,2020-08-01,1.3
New York,100000,2020-08-08,1.3
New York,100000,2020-08-08,1.3
New York,100000,2020-08-15,2.2
New York,100000,2020-08-15,2.2
New York,100000,2020-08-22,1.6
New York,100000,2020-08-22,1.6
New York,100000,2020-08-29,1.1
New York,100000,2020-08-29,1.1
New York,100000,2020-09-05,0.9
New York,100000,2020-09-05,0.9
New York,100000,2020-09-12,1.8
New York,100000,2020-09-12,1.8
New York,100000,2020-09-19,1.2
New York,100000,2020-09-19,1.2
New York,100000,2020-09-26,1.1
New York,100000,2020-09-26,1.1
New York,100000,2020-10-03,0.0
New York,100000,2020-10-03,1.6
New York,100000,2020-10-03,1.6
New York,100000,2020-10-10,0.0
New York,100000,2020-10-10,2.0
New York,100000,2020-10-10,2.0
New York,100000,2020-10-17,0.0
New York,100000,2020-10-17,3.6
New York,100000,2020-10-17,3.6
New York,100000,2020-10-24,0.0
New York,100000,2020-10-24,3.8
New York,100000,2020-10-24,3.8
New York,100000,2020-10-31,0.0
New York,100000,2020-10-31,4.9
New York,100000,2020-10-31,4.9
New York,100000,2020-11-07,0.0
New York,100000,2020-11-07,6.3
New York,100000,2020-11-07,6.3
New York,100000,2020-11-14,0.0
New York,100000,2020-11-14,9.8
New York,100000,2020-11-14,9.8
New York,100000,2020-11-21,0.0
New York,100000,2020-11-21,13.2
New York,100000,2020-11-21,13.2
New York,100000,2020-11-28,0.0
New York,100000,2020-11-28,19.8
New York,100000,2020-11-28,19.8
New York,100000,2020-12-05,0.0
New York,100000,2020-12-05,28.9
New York,100000,2020-12-05,28.9
New York,100000,2020-12-12,0.0
New York,100000,2020-12-12,32.8
New York,100000,2020-12-12,32.8
New York,100000,2020-12-19,0.0
New York,100000,2020-12-19,34.2
New York,100000,2020-12-19,34.2
New York,100000,2020-12-26,0.0
New York,100000,2020-12-26,40.5
New York,100000,2020-12-26,40.5
New York,100000,2021-01-02,0.0
New York,100000,2021-01-02,38.8
New York,100000,2021-01-02,38.8
New York,100000,2021-01-09,0.0
New York,100000,2021-01-09,39.3
New York,100000,2021-01-09,39.3
New York,100000,2021-01-16,0.0
New York,100000,2021-01-16,33.9
New York,100000,2021-01-16,33.9
New York,100000,2021-01-23,0.0
New York,100000,2021-01-23,30.3
New York,100000,2021-01-23,30.3
New York,100000,2021-01-30,0.0
New York,100000,2021-01-30,23.0
New York,100000,2021-01-30,23.0
New York,100000,2021-02-06,0.0
New York,100000,2021-02-06,17.3
New York,100000,2021-02-06,17.3
New York,100000,2021-02-13,0.0
New York,100000,2021-02-13,13.0
New York,100000,2021-02-13,13.0
New York,100000,2021-02-20,0.0
New York,100000,2021-02-20,10.0
New York,100000,2021-02-20,10.0
New York,100000,2021-02-27,0.0
New York,100000,2021-02-27,9.4
New York,100000,2021-02-27,9.4
New York,100000,2021-03-06,0.0
New York,100000,2021-03-06,8.8
New York,100000,2021-03-06,8.8
New York,100000,2021-03-13,0.0
New York,100000,2021-03-13,8.1
New York,100000,2021-03-13,8.1
New York,100000,2021-03-20,0.0
New York,100000,2021-03-20,7.9
New York,100000,2021-03-20,7.9
New York,100000,2021-03-27,0.0
New York,100000,2021-03-27,10.9
New York,100000,2021-03-27,10.9
New York,100000,2021-04-03,0.0
New York,100000,2021-04-03,10.4
New York,100000,2021-04-03,10.4
New York,100000,2021-04-10,0.0
New York,100000,2021-04-10,12.4
New York,100000,2021-04-10,12.4
New York,100000,2021-04-17,0.0
New York,100000,2021-04-17,13.2
New York,100000,2021-04-17,13.2
New York,100000,2021-04-24,0.0
New York,100000,2021-04-24,11.5
New York,100000,2021-04-24,11.5
New York,100000,2021-05-01,0.0
New York,100000,2021-05-01,11.2
New York,100000,2021-05-01,11.2
New York,100000,2021-05-08,0.0
New York,100000,2021-05-08,10.7
New York,100000,2021-05-08,10.7
New York,100000,2021-05-15,0.1
New York,100000,2021-05-15,8.5
New York,100000,2021-05-15,8.6
New York,100000,2021-05-22,0.1
New York,100000,2021-05-22,7.8
New York,100000,2021-05-22,7.9
New York,100000,2021-05-29,0.1
New York,100000,2021-05-29,6.3
New York,100000,2021-05-29,6.3999999999999995
New York,100000,2021-06-05,0.2
New York,100000,2021-06-05,3.4
New York,100000,2021-06-05,3.6
New York,100000,2021-06-12,0.1
New York,100000,2021-06-12,3.2
New York,100000,2021-06-12,3.3000000000000003
New York,100000,2021-06-19,0.0
New York,100000,2021-06-19,1.8
New York,100000,2021-06-19,1.8
New York,100000,2021-06-26,0.1
New York,100000,2021-06-26,1.3
New York,100000,2021-06-26,1.4
New York,100000,2021-07-03,0.2
New York,100000,2021-07-03,1.2
New York,100000,2021-07-03,1.4
New York,100000,2021-07-10,0.1
New York,100000,2021-07-10,1.9
New York,100000,2021-07-10,2.0
New York,100000,2021-07-17,0.5
New York,100000,2021-07-17,2.2
New York,100000,2021-07-17,2.7
New York,100000,2021-07-24,0.7
New York,100000,2021-07-24,1.7
New York,100000,2021-07-24,2.4
New York,100000,2021-07-31,0.9
New York,100000,2021-07-31,3.2
New York,100000,2021-07-31,4.1000000000000005
New York,100000,2021-08-07,1.1
New York,100000,2021-08-07,5.6
New York,100000,2021-08-07,6.699999999999999
New York,100000,2021-08-14,0.9
New York,100000,2021-08-14,7.2
New York,100000,2021-08-14,8.1
New York,100000,2021-08-21,0.6
New York,100000,2021-08-21,8.2
New York,100000,2021-08-21,8.799999999999999
New York,100000,2021-08-28,1.2
New York,100000,2021-08-28,8.8
New York,100000,2021-08-28,10.0
New York,100000,2021-09-04,2.2
New York,100000,2021-09-04,10.8
New York,100000,2021-09-04,13.0
New York,100000,2021-09-11,1.6
New York,100000,2021-09-11,11.0
New York,100000,2021-09-11,12.6
New York,100000,2021-09-18,1.4
New York,100000,2021-09-18,10.5
New York,100000,2021-09-18,11.9
New York,100000,2021-09-25,2.0
New York,100000,2021-09-25,11.4
New York,100000,2021-09-25,13.4
New York,100000,2021-10-02,1.6
New York,100000,2021-10-02,10.7
New York,100000,2021-10-02,12.3
New York,100000,2021-10-09,1.8
New York,100000,2021-10-09,12.1
New York,100000,2021-10-09,13.9
New York,100000,2021-10-09,0.0
New York,100000,2021-10-16,2.3
New York,100000,2021-10-16,12.4
New York,100000,2021-10-16,14.8
New York,100000,2021-10-16,0.1
New York,100000,2021-10-23,2.7
New York,100000,2021-10-23,12.5
New York,100000,2021-10-23,15.2
New York,100000,2021-10-23,0.0
New York,100000,2021-10-30,2.9
New York,100000,2021-10-30,11.9
New York,100000,2021-10-30,14.8
New York,100000,2021-10-30,0.0
New York,100000,2021-11-06,2.5
New York,100000,2021-11-06,12.1
New York,100000,2021-11-06,14.6
New York,100000,2021-11-06,0.0
New York,100000,2021-11-13,1.8
New York,100000,2021-11-13,16.2
New York,100000,2021-11-13,18.1
New York,100000,2021-11-13,0.1
New York,100000,2021-11-20,1.2
New York,100000,2021-11-20,20.4
New York,100000,2021-11-20,21.7
New York,100000,2021-11-20,0.1
New York,100000,2021-11-27,1.0
New York,100000,2021-11-27,22.3
New York,100000,2021-11-27,23.4
New York,100000,2021-11-27,0.1
New York,100000,2021-12-04,1.5
New York,100000,2021-12-04,24.2
New York,100000,2021-12-04,26.0
New York,100000,2021-12-04,0.3
New York,100000,2021-12-11,1.0
New York,100000,2021-12-11,24.4
New York,100000,2021-12-11,26.1
New York,100000,2021-12-11,0.7
New York,100000,2021-12-18,1.1
New York,100000,2021-12-18,23.2
New York,100000,2021-12-18,25.0
New York,100000,2021-12-18,0.7
New York,100000,2021-12-25,0.7
New York,100000,2021-12-25,20.4
New York,100000,2021-12-25,21.799999999999997
New York,100000,2021-12-25,0.7
New York,100000,2022-01-01,1.1
New York,100000,2022-01-01,30.9
New York,100000,2022-01-01,33.0
New York,100000,2022-01-01,1.0
New York,100000,2022-01-08,0.4
New York,100000,2022-01-08,37.3
New York,100000,2022-01-08,37.9
New York,100000,2022-01-08,0.2
New York,100000,2022-01-15,0.6
New York,100000,2022-01-15,37.6
New York,100000,2022-01-15,38.5
New York,100000,2022-01-15,0.3
New York,100000,2022-01-22,0.3
New York,100000,2022-01-22,33.5
New York,100000,2022-01-22,34.0
New York,100000,2022-01-22,0.2
New York,100000,2022-01-29,0.1
New York,100000,2022-01-29,25.4
New York,100000,2022-01-29,25.6
New York,100000,2022-01-29,0.1
New York,100000,2022-02-05,0.4
New York,100000,2022-02-05,16.8
New York,100000,2022-02-05,17.3
New York,100000,2022-02-05,0.1
New York,100000,2022-02-12,0.1
New York,100000,2022-02-12,13.7
New York,100000,2022-02-12,13.8
New York,100000,2022-02-12,0.0
New York,100000,2022-02-19,0.0
New York,100000,2022-02-19,10.1
New York,100000,2022-02-19,10.2
New York,100000,2022-02-19,0.1
New York,100000,2022-02-26,0.1
New York,100000,2022-02-26,8.2
New York,100000,2022-02-26,8.399999999999999
New York,100000,2022-02-26,0.1
New York,100000,2022-03-05,0.0
New York,100000,2022-03-05,5.7
New York,100000,2022-03-05,5.8
New York,100000,2022-03-05,0.1
New York,100000,2022-03-12,0.1
New York,100000,2022-03-12,4.8
New York,100000,2022-03-12,5.3999999999999995
New York,100000,2022-03-12,0.5
New York,100000,2022-03-19,0.1
New York,100000,2022-03-19,4.5
New York,100000,2022-03-19,5.5
New York,100000,2022-03-19,0.9
New York,100000,2022-03-26,0.0
New York,100000,2022-03-26,5.3
New York,100000,2022-03-26,6.1
New York,100000,2022-03-26,0.8
New York,100000,2022-04-02,0.1
New York,100000,2022-04-02,5.0
New York,100000,2022-04-02,7.199999999999999
New York,100000,2022-04-02,2.1
New York,100000,2022-04-09,0.2
New York,100000,2022-04-09,8.6
New York,100000,2022-04-09,11.7
New York,100000,2022-04-09,2.9
New York,100000,2022-04-16,0.3
New York,100000,2022-04-16,12.9
New York,100000,2022-04-16,15.5
New York,100000,2022-04-16,2.3
New York,100000,2022-04-23,0.1
New York,100000,2022-04-23,15.7
New York,100000,2022-04-23,18.2
New York,100000,2022-04-23,2.4
New York,100000,2022-04-30,0.1
New York,100000,2022-04-30,16.9
New York,100000,2022-04-30,19.6
New York,100000,2022-04-30,2.6
New York,100000,2022-05-07,0.1
New York,100000,2022-05-07,19.2
New York,100000,2022-05-07,20.8
New York,100000,2022-05-07,1.5
New York,100000,2022-05-14,0.1
New York,100000,2022-05-14,18.8
New York,100000,2022-05-14,20.9
New York,100000,2022-05-14,2.0
New York,100000,2022-05-21,0.1
New York,100000,2022-05-21,17.4
New York,100000,2022-05-21,18.9
New York,100000,2022-05-21,1.4
New York,100000,2022-05-28,0.1
New York,100000,2022-05-28,15.4
New York,100000,2022-05-28,16.200000000000003
New York,100000,2022-05-28,0.7
New York,100000,2022-06-04,0.4
New York,100000,2022-06-04,11.8
New York,100000,2022-06-04,12.7
New York,100000,2022-06-04,0.5
New York,100000,2022-06-11,0.2
New York,100000,2022-06-11,8.9
New York,100000,2022-06-11,9.3
New York,100000,2022-06-11,0.2
New York,100000,2022-06-18,0.2
New York,100000,2022-06-18,8.4
New York,100000,2022-06-18,8.6
New York,100000,2022-06-25,0.2
New York,100000,2022-06-25,7.3
New York,100000,2022-06-25,7.5
New York,100000,2022-07-02,0.2
New York,100000,2022-07-02,7.9
New York,100000,2022-07-02,8.1
New York,100000,2022-07-09,0.2
New York,100000,2022-07-09,7.8
New York,100000,2022-07-09,8.0
New York,100000,2022-07-16,0.1
New York,100000,2022-07-16,10.0
New York,100000,2022-07-16,10.1
New York,100000,2022-07-23,0.2
New York,100000,2022-07-23,10.3
New York,100000,2022-07-23,10.5
New York,100000,2022-07-30,0.3
New York,100000,2022-07-30,9.8
New York,100000,2022-07-30,10.1
New York,100000,2022-08-06,0.3
New York,100000,2022-08-06,10.7
New York,100000,2022-08-06,11.0
New York,100000,2022-08-13,0.1
New York,100000,2022-08-13,9.6
New York,100000,2022-08-13,9.7
New York,100000,2022-08-20,0.1
New York,100000,2022-08-20,10.5
New York,100000,2022-08-20,10.6
New York,100000,2022-08-27,0.5
New York,100000,2022-08-27,10.4
New York,100000,2022-08-27,10.9
New York,100000,2022-09-03,0.4
New York,100000,2022-09-03,9.5
New York,100000,2022-09-03,9.9
New York,100000,2022-09-10,0.4
New York,100000,2022-09-10,10.5
New York,100000,2022-09-10,10.9
New York,100000,2022-09-17,0.6
New York,100000,2022-09-17,11.0
New York,100000,2022-09-17,11.6
New York,100000,2022-09-24,0.8
New York,100000,2022-09-24,12.1
New York,100000,2022-09-24,12.9
New York,100000,2022-10-01,1.4
New York,100000,2022-10-01,14.1
New York,100000,2022-10-01,15.5
New York,100000,2022-10-08,1.8
New York,100000,2022-10-08,15.2
New York,100000,2022-10-08,17.0
New York,100000,2022-10-08,0.0
New York,100000,2022-10-15,3.7
New York,100000,2022-10-15,16.4
New York,100000,2022-10-15,20.299999999999997
New York,100000,2022-10-15,0.2
New York,100000,2022-10-22,3.9
New York,100000,2022-10-22,13.7
New York,100000,2022-10-22,17.9
New York,100000,2022-10-22,0.3
New York,100000,2022-10-29,6.0
New York,100000,2022-10-29,13.8
New York,100000,2022-10-29,20.5
New York,100000,2022-10-29,0.7
New York,100000,2022-11-05,8.2
New York,100000,2022-11-05,12.1
New York,100000,2022-11-05,21.299999999999997
New York,100000,2022-11-05,1.0
New York,100000,2022-11-12,8.1
New York,100000,2022-11-12,12.2
New York,100000,2022-11-12,22.7
New York,100000,2022-11-12,2.4
New York,100000,2022-11-19,6.8
New York,100000,2022-11-19,10.5
New York,100000,2022-11-19,21.3
New York,100000,2022-11-19,4.0
New York,100000,2022-11-26,3.9
New York,100000,2022-11-26,8.2
New York,100000,2022-11-26,19.6
New York,100000,2022-11-26,7.5
New York,100000,2022-12-03,5.2
New York,100000,2022-12-03,10.6
New York,100000,2022-12-03,26.7
New York,100000,2022-12-03,10.9
New York,100000,2022-12-10,3.9
New York,100000,2022-12-10,11.6
New York,100000,2022-12-10,28.799999999999997
New York,100000,2022-12-10,13.3
New York,100000,2022-12-17,2.6
New York,100000,2022-12-17,11.9
New York,100000,2022-12-17,26.4
New York,100000,2022-12-17,11.9
New York,100000,2022-12-24,1.8
New York,100000,2022-12-24,12.7
New York,100000,2022-12-24,24.4
New York,100000,2022-12-24,9.9
New York,100000,2022-12-31,1.9
New York,100000,2022-12-31,14.4
New York,100000,2022-12-31,26.0
New York,100000,2022-12-31,9.7
New York,100000,2023-01-07,1.6
New York,100000,2023-01-07,12.7
New York,100000,2023-01-07,19.200000000000003
New York,100000,2023-01-07,4.9
New York,100000,2023-01-14,1.3
New York,100000,2023-01-14,13.2
New York,100000,2023-01-14,16.4
New York,100000,2023-01-14,1.9
New York,100000,2023-01-21,0.6
New York,100000,2023-01-21,11.4
New York,100000,2023-01-21,13.0
New York,100000,2023-01-21,1.0
New York,100000,2023-01-28,0.6
New York,100000,2023-01-28,11.3
New York,100000,2023-01-28,12.7
New York,100000,2023-01-28,0.8
New York,100000,2023-02-04,0.7
New York,100000,2023-02-04,12.2
New York,100000,2023-02-04,13.2
New York,100000,2023-02-04,0.3
New York,100000,2023-02-11,0.6
New York,100000,2023-02-11,11.5
New York,100000,2023-02-11,12.6
New York,100000,2023-02-11,0.5
New York,100000,2023-02-18,0.6
New York,100000,2023-02-18,12.3
New York,100000,2023-02-18,13.7
New York,100000,2023-02-18,0.8
New York,100000,2023-02-25,0.2
New York,100000,2023-02-25,10.4
New York,100000,2023-02-25,11.0
New York,100000,2023-02-25,0.4
New York,100000,2023-03-04,0.6
New York,100000,2023-03-04,11.4
New York,100000,2023-03-04,12.4
New York,100000,2023-03-04,0.4
New York,100000,2023-03-11,0.7
New York,100000,2023-03-11,9.3
New York,100000,2023-03-11,10.2
New York,100000,2023-03-11,0.2
New York,100000,2023-03-18,0.6
New York,100000,2023-03-18,9.0
New York,100000,2023-03-18,9.9
New York,100000,2023-03-18,0.3
New York,100000,2023-03-25,0.3
New York,100000,2023-03-25,8.5
New York,100000,2023-03-25,9.3
New York,100000,2023-03-25,0.5
New York,100000,2023-04-01,0.2
New York,100000,2023-04-01,7.4
New York,100000,2023-04-01,8.0
New York,100000,2023-04-01,0.4
New York,100000,2023-04-08,0.4
New York,100000,2023-04-08,6.6
New York,100000,2023-04-08,7.6
New York,100000,2023-04-08,0.6
New York,100000,2023-04-15,0.3
New York,100000,2023-04-15,5.7
New York,100000,2023-04-15,6.2
New York,100000,2023-04-15,0.2
New York,100000,2023-04-22,0.4
New York,100000,2023-04-22,5.4
New York,100000,2023-04-22,6.000000000000001
New York,100000,2023-04-22,0.2
New York,100000,2023-04-29,0.2
New York,100000,2023-04-29,4.5
New York,100000,2023-04-29,4.8
New York,100000,2023-04-29,0.1
New York,100000,2023-05-06,0.2
New York,100000,2023-05-06,4.3
New York,100000,2023-05-06,4.6
New York,100000,2023-05-06,0.1
New York,100000,2023-05-13,0.0
New York,100000,2023-05-13,4.0
New York,100000,2023-05-13,4.0
New York,100000,2023-05-20,0.1
New York,100000,2023-05-20,3.4
New York,100000,2023-05-20,3.5
New York,100000,2023-05-27,0.1
New York,100000,2023-05-27,2.3
New York,100000,2023-05-27,2.4
New York,100000,2023-06-03,0.1
New York,100000,2023-06-03,2.7
New York,100000,2023-06-03,2.8000000000000003
New York,100000,2023-06-10,0.0
New York,100000,2023-06-10,1.5
New York,100000,2023-06-10,1.5
New York,100000,2023-06-17,0.0
New York,100000,2023-06-17,2.3
New York,100000,2023-06-17,2.3
New York,100000,2023-06-24,0.0
New York,100000,2023-06-24,1.9
New York,100000,2023-06-24,1.9
New York,100000,2023-07-01,0.0
New York,100000,2023-07-01,1.9
New York,100000,2023-07-01,1.9
New York,100000,2023-07-08,0.0
New York,100000,2023-07-08,1.3
New York,100000,2023-07-08,1.3
New York,100000,2023-07-15,0.1
New York,100000,2023-07-15,1.9
New York,100000,2023-07-15,2.0
New York,100000,2023-07-22,0.0
New York,100000,2023-07-22,1.5
New York,100000,2023-07-22,1.5
New York,100000,2023-07-29,0.0
New York,100000,2023-07-29,2.9
New York,100000,2023-07-29,2.9
New York,100000,2023-08-05,0.1
New York,100000,2023-08-05,2.1
New York,100000,2023-08-05,2.2
New York,100000,2023-08-12,0.1
New York,100000,2023-08-12,3.9
New York,100000,2023-08-12,4.0
New York,100000,2023-08-19,0.1
New York,100000,2023-08-19,3.5
New York,100000,2023-08-19,3.6
New York,100000,2023-08-26,0.0
New York,100000,2023-08-26,4.4
New York,100000,2023-08-26,4.4
New York,100000,2023-09-02,0.2
New York,100000,2023-09-02,4.3
New York,100000,2023-09-02,4.5
New York,100000,2023-09-09,0.2
New York,100000,2023-09-09,4.6
New York,100000,2023-09-09,4.8
New York,100000,2023-09-16,0.1
New York,100000,2023-09-16,6.2
New York,100000,2023-09-16,6.3
New York,100000,2023-09-23,0.1
New York,100000,2023-09-23,7.6
New York,100000,2023-09-23,7.699999999999999
New York,100000,2023-09-30,0.2
New York,100000,2023-09-30,8.9
New York,100000,2023-09-30,9.1
New York,100000,2023-10-07,0.2
New York,100000,2023-10-07,9.1
New York,100000,2023-10-07,9.499999999999998
New York,100000,2023-10-07,0.2
New York,100000,2023-10-14,0.6
New York,100000,2023-10-14,7.8
New York,100000,2023-10-14,8.5
New York,100000,2023-10-14,0.1
New York,100000,2023-10-21,0.5
New York,100000,2023-10-21,6.2
New York,100000,2023-10-21,7.0
New York,100000,2023-10-21,0.3
New York,100000,2023-10-28,0.8
New York,100000,2023-10-28,5.8
New York,100000,2023-10-28,7.0
New York,100000,2023-10-28,0.4
New York,100000,2023-11-04,1.0
New York,100000,2023-11-04,5.0
New York,100000,2023-11-04,6.3
New York,100000,2023-11-04,0.3
New York,100000,2023-11-11,2.0
New York,100000,2023-11-11,6.6
New York,100000,2023-11-11,9.1
New York,100000,2023-11-11,0.5
New York,100000,2023-11-18,3.0
New York,100000,2023-11-18,7.2
New York,100000,2023-11-18,11.0
New York,100000,2023-11-18,0.8
New York,100000,2023-11-25,3.2
New York,100000,2023-11-25,7.6
New York,100000,2023-11-25,12.1
New York,100000,2023-11-25,1.3
New York,100000,2023-12-02,5.0
New York,100000,2023-12-02,8.7
New York,100000,2023-12-02,16.2
New York,100000,2023-12-02,2.5
New York,100000,2023-12-09,5.2
New York,100000,2023-12-09,9.2
New York,100000,2023-12-09,18.0
New York,100000,2023-12-09,3.6
New York,100000,2023-12-16,5.8
New York,100000,2023-12-16,10.3
New York,100000,2023-12-16,20.6
New York,100000,2023-12-16,4.5
New York,100000,2023-12-23,6.3
New York,100000,2023-12-23,11.0
New York,100000,2023-12-23,25.3
New York,100000,2023-12-23,8.0
New York,100000,2023-12-30,6.0
New York,100000,2023-12-30,14.8
New York,100000,2023-12-30,31.200000000000003
New York,100000,2023-12-30,10.4
New York,100000,2024-01-06,5.7
New York,100000,2024-01-06,12.3
New York,100000,2024-01-06,25.4
New York,100000,2024-01-06,7.4
New York,100000,2024-01-13,4.1
New York,100000,2024-01-13,11.6
New York,100000,2024-01-13,22.0
New York,100000,2024-01-13,6.3
New York,100000,2024-01-20,4.1
New York,100000,2024-01-20,10.2
New York,100000,2024-01-20,18.299999999999997
New York,100000,2024-01-20,4.0
New York,100000,2024-01-27,2.4
New York,100000,2024-01-27,7.9
New York,100000,2024-01-27,14.4
New York,100000,2024-01-27,4.1
New York,100000,2024-02-03,2.3
New York,100000,2024-02-03,6.4
New York,100000,2024-02-03,13.6
New York,100000,2024-02-03,4.9
New York,100000,2024-02-10,1.7
New York,100000,2024-02-10,7.0
New York,100000,2024-02-10,13.4
New York,100000,2024-02-10,4.7
New York,100000,2024-02-17,1.7
New York,100000,2024-02-17,5.4
New York,100000,2024-02-17,11.4
New York,100000,2024-02-17,4.3
New York,100000,2024-02-24,1.2
New York,100000,2024-02-24,5.5
New York,100000,2024-02-24,12.2
New York,100000,2024-02-24,5.5
New York,100000,2024-03-02,1.1
New York,100000,2024-03-02,4.6
New York,100000,2024-03-02,10.999999999999998
New York,100000,2024-03-02,5.3
New York,100000,2024-03-09,1.0
New York,100000,2024-03-09,3.3
New York,100000,2024-03-09,7.9
New York,100000,2024-03-09,3.6
New York,100000,2024-03-16,0.6
New York,100000,2024-03-16,2.7
New York,100000,2024-03-16,6.6
New York,100000,2024-03-16,3.3
New York,100000,2024-03-23,0.5
New York,100000,2024-03-23,3.1
New York,100000,2024-03-23,6.2
New York,100000,2024-03-23,2.6
New York,100000,2024-03-30,0.2
New York,100000,2024-03-30,2.0
New York,100000,2024-03-30,5.0
New York,100000,2024-03-30,2.8
New York,100000,2024-04-06,0.7
New York,100000,2024-04-06,3.6
New York,100000,2024-04-06,8.1
New York,100000,2024-04-06,3.8
New York,100000,2024-04-13,0.3
New York,100000,2024-04-13,3.3
New York,100000,2024-04-13,6.8
New York,100000,2024-04-13,3.2
New York,100000,2024-04-20,0.1
New York,100000,2024-04-20,1.9
New York,100000,2024-04-20,3.4
New York,100000,2024-04-20,1.4
New York,100000,2024-04-27,0.2
New York,100000,2024-04-27,2.7
New York,100000,2024-04-27,4.0
New York,100000,2024-04-27,1.1
New York,100000,2024-05-04,0.0
New York,100000,2024-05-04,1.9
New York,100000,2024-05-04,2.9
New York,100000,2024-05-04,1.0
New York,100000,2024-05-11,0.1
New York,100000,2024-05-11,2.3
New York,100000,2024-05-11,2.9
New York,100000,2024-05-11,0.5
New York,100000,2024-05-18,0.0
New York,100000,2024-05-18,2.7
New York,100000,2024-05-18,2.9000000000000004
New York,100000,2024-05-18,0.2
New York,100000,2024-05-25,0.1
New York,100000,2024-05-25,2.5
New York,100000,2024-05-25,2.9
New York,100000,2024-05-25,0.3
New York,100000,2024-06-01,0.0
New York,100000,2024-06-01,2.2
New York,100000,2024-06-01,2.3000000000000003
New York,100000,2024-06-01,0.1
New York,100000,2024-06-08,0.0
New York,100000,2024-06-08,2.0
New York,100000,2024-06-08,2.1
New York,100000,2024-06-08,0.1
New York,100000,2024-06-15,0.1
New York,100000,2024-06-15,2.6
New York,100000,2024-06-15,2.8000000000000003
New York,100000,2024-06-15,0.1
New York,100000,2024-06-22,0.0
New York,100000,2024-06-22,2.4
New York,100000,2024-06-22,2.5
New York,100000,2024-06-22,0.1
New York,100000,2024-06-29,0.0
New York,100000,2024-06-29,3.2
New York,100000,2024-06-29,3.3000000000000003
New York,100000,2024-06-29,0.1
New York,100000,2024-07-06,0.0
New York,100000,2024-07-06,4.4
New York,100000,2024-07-06,4.4
New York,100000,2024-07-06,0.0
New York,100000,2024-07-13,0.0
New York,100000,2024-07-13,4.7
New York,100000,2024-07-13,4.8
New York,100000,2024-07-13,0.1
New York,100000,2024-07-20,0.0
New York,100000,2024-07-20,4.0
New York,100000,2024-07-20,4.1
New York,100000,2024-07-20,0.1
New York,100000,2024-07-27,0.0
New York,100000,2024-07-27,5.2
New York,100000,2024-07-27,5.3
New York,100000,2024-07-27,0.1
New York,100000,2024-08-03,0.0
New York,100000,2024-08-03,5.8
New York,100000,2024-08-03,5.8
New York,100000,2024-08-03,0.0
New York,100000,2024-08-10,0.0
New York,100000,2024-08-10,7.2
New York,100000,2024-08-10,7.2
New York,100000,2024-08-10,0.0
New York,100000,2024-08-17,0.0
New York,100000,2024-08-17,7.4
New York,100000,2024-08-17,7.4
New York,100000,2024-08-17,0.0
New York,100000,2024-08-24,0.0
New York,100000,2024-08-24,8.4
New York,100000,2024-08-24,8.4
New York,100000,2024-08-24,0.0
New York,100000,2024-08-31,0.0
New York,100000,2024-08-31,8.7
New York,100000,2024-08-31,8.7
New York,100000,2024-08-31,0.0
New York,100000,2024-09-07,0.0
New York,100000,2024-09-07,7.2
New York,100000,2024-09-07,7.3
New York,100000,2024-09-07,0.1
New York,100000,2024-09-14,0.1
New York,100000,2024-09-14,8.8
New York,100000,2024-09-14,9.0
New York,100000,2024-09-14,0.1
New York,100000,2024-09-21,0.1
New York,100000,2024-09-21,8.2
New York,100000,2024-09-21,8.399999999999999
New York,100000,2024-09-21,0.1
New York,100000,2024-09-28,0.2
New York,100000,2024-09-28,8.3
New York,100000,2024-09-28,8.6
New York,100000,2024-09-28,0.1
New York,100000,2024-10-05,0.1
New York,100000,2024-10-05,8.3
New York,100000,2024-10-05,0.0
New York,100000,2024-10-05,8.4
New York,100000,2024-10-12,0.0
New York,100000,2024-10-12,6.0
New York,100000,2024-10-12,0.0
New York,100000,2024-10-12,6.0
New York,100000,2024-10-19,0.1
New York,100000,2024-10-19,5.2
New York,100000,2024-10-19,0.0
New York,100000,2024-10-19,5.3
New York,100000,2024-10-26,0.2
New York,100000,2024-10-26,4.2
New York,100000,2024-10-26,0.1
New York,100000,2024-10-26,4.5
New York,100000,2024-11-02,0.6
New York,100000,2024-11-02,3.8
New York,100000,2024-11-02,0.2
New York,100000,2024-11-02,4.6
New York,100000,2024-11-09,0.6
New York,100000,2024-11-09,2.9
New York,100000,2024-11-09,0.1
New York,100000,2024-11-09,3.6
New York,100000,2024-11-16,0.8
New York,100000,2024-11-16,3.1
New York,100000,2024-11-16,0.3
New York,100000,2024-11-16,4.2
New York,100000,2024-11-23,0.6
New York,100000,2024-11-23,2.4
New York,100000,2024-11-23,0.4
New York,100000,2024-11-23,3.4
New York,100000,2024-11-30,1.5
New York,100000,2024-11-30,2.7
New York,100000,2024-11-30,0.5
New York,100000,2024-11-30,4.7
New York,100000,2024-12-07,2.0
New York,100000,2024-12-07,4.2
New York,100000,2024-12-07,1.4
New York,100000,2024-12-07,7.6
New York,100000,2024-12-14,3.4
New York,100000,2024-12-14,3.8
New York,100000,2024-12-14,1.4
New York,100000,2024-12-14,8.6
New York,100000,2024-12-21,4.6
New York,100000,2024-12-21,4.3
New York,100000,2024-12-21,2.4
New York,100000,2024-12-21,11.3
New York,100000,2024-12-28,4.8
New York,100000,2024-12-28,4.6
New York,100000,2024-12-28,6.4
New York,100000,2024-12-28,15.8
New York,100000,2025-01-04,5.1
New York,100000,2025-01-04,7.5
New York,100000,2025-01-04,9.2
New York,100000,2025-01-04,21.799999999999997
New York,100000,2025-01-11,3.8
New York,100000,2025-01-11,6.8
New York,100000,2025-01-11,8.3
New York,100000,2025-01-11,18.9
New York,100000,2025-01-18,3.5
New York,100000,2025-01-18,5.0
New York,100000,2025-01-18,10.1
New York,100000,2025-01-18,18.6
New York,100000,2025-01-25,3.1
New York,100000,2025-01-25,5.4
New York,100000,2025-01-25,11.1
New York,100000,2025-01-25,19.6
New York,100000,2025-02-01,2.4
New York,100000,2025-02-01,5.1
New York,100000,2025-02-01,17.5
New York,100000,2025-02-01,25.0
New York,100000,2025-02-08,2.2
New York,100000,2025-02-08,4.2
New York,100000,2025-02-08,17.3
New York,100000,2025-02-08,23.7
New York,100000,2025-02-15,2.0
New York,100000,2025-02-15,4.1
New York,100000,2025-02-15,15.9
New York,100000,2025-02-15,22.0
New York,100000,2025-02-22,1.6
New York,100000,2025-02-22,2.9
New York,100000,2025-02-22,13.3
New York,100000,2025-02-22,17.8
New York,100000,2025-03-01,1.5
New York,100000,2025-03-01,2.5
New York,100000,2025-03-01,12.3
New York,100000,2025-03-01,16.3
New York,100000,2025-03-08,1.2
New York,100000,2025-03-08,2.9
New York,100000,2025-03-08,7.9
New York,100000,2025-03-08,12.0
New York,100000,2025-03-15,0.8
New York,100000,2025-03-15,3.3
New York,100000,2025-03-15,6.0
New York,100000,2025-03-15,10.1
New York,100000,2025-03-22,1.0
New York,100000,2025-03-22,2.8
New York,100000,2025-03-22,5.6
New York,100000,2025-03-22,9.4
New York,100000,2025-03-29,1.0
New York,100000,2025-03-29,3.0
New York,100000,2025-03-29,3.8
New York,100000,2025-03-29,7.8
New York,100000,2025-04-05,0.6
New York,100000,2025-04-05,3.3
New York,100000,2025-04-05,3.0
New York,100000,2025-04-05,6.8999999999999995
New York,100000,2025-04-12,0.8
New York,100000,2025-04-12,3.5
New York,100000,2025-04-12,2.6
New York,100000,2025-04-12,6.8999999999999995
New York,100000,2025-04-19,0.4
New York,100000,2025-04-19,2.3
New York,100000,2025-04-19,1.9
New York,100000,2025-04-19,4.6
New York,100000,2025-04-26,0.5
New York,100000,2025-04-26,3.1
New York,100000,2025-04-26,2.0
New York,100000,2025-04-26,5.6
New York,100000,2025-05-03,0.2
New York,100000,2025-05-03,2.4
New York,100000,2025-05-03,0.3
New York,100000,2025-05-03,2.9
New York,100000,2025-05-10,0.2
New York,100000,2025-05-10,2.2
New York,100000,2025-05-10,2.4000000000000004
New York,100000,2025-05-17,0.2
New York,100000,2025-05-17,1.5
New York,100000,2025-05-17,1.7
New York,100000,2025-05-24,0.1
New York,100000,2025-05-24,1.3
New York,100000,2025-05-24,1.4
New York,100000,2025-05-31,0.0
New York,100000,2025-05-31,1.5
New York,100000,2025-05-31,1.5
New York,100000,2025-06-07,0.3
New York,100000,2025-06-07,1.5
New York,100000,2025-06-07,1.8
New York,100000,2025-06-14,0.2
New York,100000,2025-06-14,1.0
New York,100000,2025-06-14,1.2
New York,100000,2025-06-21,0.0
New York,100000,2025-06-21,1.3
New York,100000,2025-06-21,1.3
New York,100000,2025-06-28,0.0
New York,100000,2025-06-28,1.0
New York,100000,2025-06-28,1.0
New York,100000,2025-07-05,0.0
New York,100000,2025-07-05,0.7
New York,100000,2025-07-05,0.7
New York,100000,2025-07-12,0.1
New York,100000,2025-07-12,0.9
New York,100000,2025-07-12,1.0
New York,100000,2025-07-19,0.0
New York,100000,2025-07-19,0.6
New York,100000,2025-07-19,0.6
New York,100000,2025-07-26,0.0
New York,100000,2025-07-26,1.1
New York,100000,2025-07-26,1.1
New York,100000,2025-08-02,0.0
New York,100000,2025-08-02,2.1
New York,100000,2025-08-02,2.1
New York,100000,2025-08-09,0.0
New York,100000,2025-08-09,1.1
New York,100000,2025-08-09,1.1
New York,100000,2025-08-16,0.0
New York,100000,2025-08-16,2.0
New York,100000,2025-08-16,2.0
New York,100000,2025-08-23,0.0
New York,100000,2025-08-23,1.6
New York,100000,2025-08-23,1.6
New York,100000,2025-08-30,0.0
New York,100000,2025-08-30,1.8
New York,100000,2025-08-30,1.8
New York,100000,2025-09-06,0.0
New York,100000,2025-09-06,1.8
New York,100000,2025-09-06,1.8
New York,100000,2025-09-13,0.0
New York,100000,2025-09-13,1.4
New York,100000,2025-09-13,1.4
New York,100000,2025-09-20,0.0
New York,100000,2025-09-20,2.6
New York,100000,2025-09-20,2.6
New York,100000,2025-09-27,0.2
New York,100000,2025-09-27,3.3
New York,100000,2025-09-27,3.5
New York,100000,2025-10-04,0.1
New York,100000,2025-10-04,2.8
New York,100000,2025-10-04,2.9
New York,100000,2025-10-04,0.0
New York,100000,2025-10-11,0.2
New York,100000,2025-10-11,2.7
New York,100000,2025-10-11,2.9000000000000004
New York,100000,2025-10-11,0.0
New York,100000,2025-10-18,0.1
New York,100000,2025-10-18,2.3
New York,100000,2025-10-18,2.4
New York,100000,2025-10-18,0.0
New York,100000,2025-10-25,0.1
New York,100000,2025-10-25,1.5
New York,100000,2025-10-25,1.8
New York,100000,2025-10-25,0.2
New York,100000,2025-11-01,0.0
New York,100000,2025-11-01,1.4
New York,100000,2025-11-01,1.5
New York,100000,2025-11-01,0.1
New York,100000,2025-11-08,0.3
New York,100000,2025-11-08,1.2
New York,100000,2025-11-08,1.6
New York,100000,2025-11-08,0.1
North Carolina,100000,2023-10-07,0.3
North Carolina,100000,2023-10-07,0.3
North Carolina,100000,2023-10-14,0.4
North Carolina,100000,2023-10-14,0.4
North Carolina,100000,2023-10-21,0.5
North Carolina,100000,2023-10-21,0.5
North Carolina,100000,2023-10-28,0.3
North Carolina,100000,2023-10-28,0.3
North Carolina,100000,2023-11-04,0.8
North Carolina,100000,2023-11-04,0.8
North Carolina,100000,2023-11-11,0.8
North Carolina,100000,2023-11-11,0.8
North Carolina,100000,2023-11-18,1.1
North Carolina,100000,2023-11-18,1.1
North Carolina,100000,2023-11-25,1.9
North Carolina,100000,2023-11-25,1.9
North Carolina,100000,2023-12-02,2.6
North Carolina,100000,2023-12-02,2.6
North Carolina,100000,2023-12-09,6.8
North Carolina,100000,2023-12-09,6.8
North Carolina,100000,2023-12-16,8.4
North Carolina,100000,2023-12-16,8.4
North Carolina,100000,2023-12-23,14.2
North Carolina,100000,2023-12-23,14.2
North Carolina,100000,2023-12-30,18.7
North Carolina,100000,2023-12-30,18.7
North Carolina,100000,2024-01-06,15.0
North Carolina,100000,2024-01-06,15.0
North Carolina,100000,2024-01-13,8.3
North Carolina,100000,2024-01-13,8.3
North Carolina,100000,2024-01-20,5.5
North Carolina,100000,2024-01-20,5.5
North Carolina,100000,2024-01-27,5.0
North Carolina,100000,2024-01-27,5.0
North Carolina,100000,2024-02-03,4.4
North Carolina,100000,2024-02-03,4.4
North Carolina,100000,2024-02-10,3.2
North Carolina,100000,2024-02-10,3.2
North Carolina,100000,2024-02-17,3.8
North Carolina,100000,2024-02-17,3.8
North Carolina,100000,2024-02-24,2.2
North Carolina,100000,2024-02-24,2.2
North Carolina,100000,2024-03-02,2.5
North Carolina,100000,2024-03-02,2.5
North Carolina,100000,2024-03-09,1.9
North Carolina,100000,2024-03-09,1.9
North Carolina,100000,2024-03-16,1.3
North Carolina,100000,2024-03-16,1.3
North Carolina,100000,2024-03-23,1.0
North Carolina,100000,2024-03-23,1.0
North Carolina,100000,2024-03-30,1.6
North Carolina,100000,2024-03-30,1.6
North Carolina,100000,2024-04-06,0.7
North Carolina,100000,2024-04-06,0.7
North Carolina,100000,2024-04-13,0.5
North Carolina,100000,2024-04-13,0.5
North Carolina,100000,2024-04-20,0.6
North Carolina,100000,2024-04-20,0.6
North Carolina,100000,2024-04-27,0.5
North Carolina,100000,2024-04-27,0.5
North Carolina,100000,2024-05-04,0.4
North Carolina,100000,2024-05-04,0.4
North Carolina,100000,2024-05-11,0.0
North Carolina,100000,2024-05-11,0.0
North Carolina,100000,2024-05-18,0.2
North Carolina,100000,2024-05-18,0.2
North Carolina,100000,2024-05-25,0.2
North Carolina,100000,2024-05-25,0.2
North Carolina,100000,2024-06-01,0.4
North Carolina,100000,2024-06-01,0.4
North Carolina,100000,2024-06-08,0.3
North Carolina,100000,2024-06-08,0.3
North Carolina,100000,2024-06-15,0.0
North Carolina,100000,2024-06-15,0.0
North Carolina,100000,2024-06-22,0.3
North Carolina,100000,2024-06-22,0.3
North Carolina,100000,2024-06-29,0.1
North Carolina,100000,2024-06-29,0.1
North Carolina,100000,2024-07-06,0.0
North Carolina,100000,2024-07-06,0.0
North Carolina,100000,2024-07-13,0.2
North Carolina,100000,2024-07-13,0.2
North Carolina,100000,2024-07-20,0.2
North Carolina,100000,2024-07-20,0.2
North Carolina,100000,2024-07-27,0.0
North Carolina,100000,2024-07-27,0.0
North Carolina,100000,2024-08-03,0.2
North Carolina,100000,2024-08-03,0.2
North Carolina,100000,2024-08-10,0.0
North Carolina,100000,2024-08-10,0.0
North Carolina,100000,2024-08-17,0.1
North Carolina,100000,2024-08-17,0.1
North Carolina,100000,2024-08-24,0.1
North Carolina,100000,2024-08-24,0.1
North Carolina,100000,2024-08-31,0.3
North Carolina,100000,2024-08-31,0.3
North Carolina,100000,2024-09-07,0.2
North Carolina,100000,2024-09-07,0.2
North Carolina,100000,2024-09-14,0.2
North Carolina,100000,2024-09-14,0.2
North Carolina,100000,2024-09-21,0.2
North Carolina,100000,2024-09-21,0.2
North Carolina,100000,2024-09-28,0.1
North Carolina,100000,2024-09-28,0.1
North Carolina,100000,2024-10-05,0.0
North Carolina,100000,2024-10-05,4.7
North Carolina,100000,2024-10-05,0.4
North Carolina,100000,2024-10-05,5.1000000000000005
North Carolina,100000,2024-10-12,0.1
North Carolina,100000,2024-10-12,3.1
North Carolina,100000,2024-10-12,0.0
North Carolina,100000,2024-10-12,3.2
North Carolina,100000,2024-10-19,0.0
North Carolina,100000,2024-10-19,2.6
North Carolina,100000,2024-10-19,0.3
North Carolina,100000,2024-10-19,2.9
North Carolina,100000,2024-10-26,0.2
North Carolina,100000,2024-10-26,2.2
North Carolina,100000,2024-10-26,0.3
North Carolina,100000,2024-10-26,2.7
North Carolina,100000,2024-11-02,0.0
North Carolina,100000,2024-11-02,1.8
North Carolina,100000,2024-11-02,0.5
North Carolina,100000,2024-11-02,2.3
North Carolina,100000,2024-11-09,0.3
North Carolina,100000,2024-11-09,1.3
North Carolina,100000,2024-11-09,0.5
North Carolina,100000,2024-11-09,2.1
North Carolina,100000,2024-11-16,0.2
North Carolina,100000,2024-11-16,2.5
North Carolina,100000,2024-11-16,0.2
North Carolina,100000,2024-11-16,2.9000000000000004
North Carolina,100000,2024-11-23,0.4
North Carolina,100000,2024-11-23,0.7
North Carolina,100000,2024-11-23,0.3
North Carolina,100000,2024-11-23,1.4
North Carolina,100000,2024-11-30,0.6
North Carolina,100000,2024-11-30,1.5
North Carolina,100000,2024-11-30,0.2
North Carolina,100000,2024-11-30,2.3
North Carolina,100000,2024-12-07,1.0
North Carolina,100000,2024-12-07,1.4
North Carolina,100000,2024-12-07,0.7
North Carolina,100000,2024-12-07,3.0999999999999996
North Carolina,100000,2024-12-14,1.8
North Carolina,100000,2024-12-14,2.2
North Carolina,100000,2024-12-14,1.4
North Carolina,100000,2024-12-14,5.4
North Carolina,100000,2024-12-21,2.8
North Carolina,100000,2024-12-21,2.8
North Carolina,100000,2024-12-21,1.8
North Carolina,100000,2024-12-21,7.4
North Carolina,100000,2024-12-28,3.1
North Carolina,100000,2024-12-28,2.9
North Carolina,100000,2024-12-28,4.7
North Carolina,100000,2024-12-28,10.7
North Carolina,100000,2025-01-04,4.5
North Carolina,100000,2025-01-04,3.7
North Carolina,100000,2025-01-04,8.3
North Carolina,100000,2025-01-04,16.5
North Carolina,100000,2025-01-11,3.5
North Carolina,100000,2025-01-11,1.8
North Carolina,100000,2025-01-11,10.7
North Carolina,100000,2025-01-11,16.0
North Carolina,100000,2025-01-18,3.2
North Carolina,100000,2025-01-18,4.8
North Carolina,100000,2025-01-18,12.3
North Carolina,100000,2025-01-18,20.3
North Carolina,100000,2025-01-25,2.8
North Carolina,100000,2025-01-25,4.2
North Carolina,100000,2025-01-25,17.4
North Carolina,100000,2025-01-25,24.4
North Carolina,100000,2025-02-01,2.9
North Carolina,100000,2025-02-01,4.2
North Carolina,100000,2025-02-01,23.4
North Carolina,100000,2025-02-01,30.499999999999996
North Carolina,100000,2025-02-08,2.3
North Carolina,100000,2025-02-08,3.1
North Carolina,100000,2025-02-08,21.3
North Carolina,100000,2025-02-08,26.700000000000003
North Carolina,100000,2025-02-15,2.3
North Carolina,100000,2025-02-15,4.9
North Carolina,100000,2025-02-15,14.2
North Carolina,100000,2025-02-15,21.4
North Carolina,100000,2025-02-22,1.1
North Carolina,100000,2025-02-22,3.8
North Carolina,100000,2025-02-22,10.1
North Carolina,100000,2025-02-22,14.999999999999998
North Carolina,100000,2025-03-01,1.8
North Carolina,100000,2025-03-01,1.8
North Carolina,100000,2025-03-01,7.0
North Carolina,100000,2025-03-01,10.6
North Carolina,100000,2025-03-08,1.2
North Carolina,100000,2025-03-08,3.1
North Carolina,100000,2025-03-08,7.7
North Carolina,100000,2025-03-08,12.0
North Carolina,100000,2025-03-15,1.2
North Carolina,100000,2025-03-15,3.7
North Carolina,100000,2025-03-15,6.8
North Carolina,100000,2025-03-15,11.7
North Carolina,100000,2025-03-22,0.9
North Carolina,100000,2025-03-22,3.4
North Carolina,100000,2025-03-22,3.9
North Carolina,100000,2025-03-22,8.2
North Carolina,100000,2025-03-29,0.6
North Carolina,100000,2025-03-29,3.3
North Carolina,100000,2025-03-29,3.6
North Carolina,100000,2025-03-29,7.5
North Carolina,100000,2025-04-05,0.8
North Carolina,100000,2025-04-05,3.3
North Carolina,100000,2025-04-05,1.9
North Carolina,100000,2025-04-05,5.999999999999999
North Carolina,100000,2025-04-12,0.2
North Carolina,100000,2025-04-12,1.8
North Carolina,100000,2025-04-12,1.3
North Carolina,100000,2025-04-12,3.3000000000000003
North Carolina,100000,2025-04-19,0.6
North Carolina,100000,2025-04-19,1.9
North Carolina,100000,2025-04-19,0.2
North Carolina,100000,2025-04-19,2.7
North Carolina,100000,2025-04-26,0.3
North Carolina,100000,2025-04-26,1.2
North Carolina,100000,2025-04-26,0.4
North Carolina,100000,2025-04-26,1.9
North Carolina,100000,2025-05-03,0.4
North Carolina,100000,2025-05-03,1.5
North Carolina,100000,2025-05-03,0.3
North Carolina,100000,2025-05-03,2.2
North Carolina,100000,2025-05-10,0.1
North Carolina,100000,2025-05-10,1.5
North Carolina,100000,2025-05-10,1.6
North Carolina,100000,2025-05-17,0.2
North Carolina,100000,2025-05-17,1.0
North Carolina,100000,2025-05-17,1.2
North Carolina,100000,2025-05-24,0.0
North Carolina,100000,2025-05-24,0.8
North Carolina,100000,2025-05-24,0.8
North Carolina,100000,2025-05-31,0.0
North Carolina,100000,2025-05-31,0.7
North Carolina,100000,2025-05-31,0.7
North Carolina,100000,2025-06-07,0.0
North Carolina,100000,2025-06-07,1.1
North Carolina,100000,2025-06-07,1.1
North Carolina,100000,2025-06-14,0.0
North Carolina,100000,2025-06-14,1.2
North Carolina,100000,2025-06-14,1.2
North Carolina,100000,2025-06-21,0.0
North Carolina,100000,2025-06-21,0.9
North Carolina,100000,2025-06-21,0.9
North Carolina,100000,2025-06-28,0.1
North Carolina,100000,2025-06-28,0.2
North Carolina,100000,2025-06-28,0.3
North Carolina,100000,2025-07-05,0.3
North Carolina,100000,2025-07-05,0.4
North Carolina,100000,2025-07-05,0.7
North Carolina,100000,2025-07-12,0.0
North Carolina,100000,2025-07-12,0.7
North Carolina,100000,2025-07-12,0.7
North Carolina,100000,2025-07-19,0.1
North Carolina,100000,2025-07-19,1.0
North Carolina,100000,2025-07-19,1.1
North Carolina,100000,2025-07-26,0.0
North Carolina,100000,2025-07-26,1.0
North Carolina,100000,2025-07-26,1.0
North Carolina,100000,2025-08-02,0.0
North Carolina,100000,2025-08-02,1.0
North Carolina,100000,2025-08-02,1.0
North Carolina,100000,2025-08-09,0.0
North Carolina,100000,2025-08-09,1.5
North Carolina,100000,2025-08-09,1.5
North Carolina,100000,2025-08-16,0.0
North Carolina,100000,2025-08-16,2.6
North Carolina,100000,2025-08-16,2.6
North Carolina,100000,2025-08-23,0.0
North Carolina,100000,2025-08-23,3.7
North Carolina,100000,2025-08-23,3.7
North Carolina,100000,2025-08-30,0.0
North Carolina,100000,2025-08-30,4.0
North Carolina,100000,2025-08-30,4.0
North Carolina,100000,2025-09-06,0.0
North Carolina,100000,2025-09-06,6.2
North Carolina,100000,2025-09-06,6.2
North Carolina,100000,2025-09-13,0.0
North Carolina,100000,2025-09-13,5.8
North Carolina,100000,2025-09-13,5.8
North Carolina,100000,2025-09-20,0.0
North Carolina,100000,2025-09-20,5.3
North Carolina,100000,2025-09-20,5.3
North Carolina,100000,2025-09-27,0.1
North Carolina,100000,2025-09-27,4.5
North Carolina,100000,2025-09-27,4.6
North Carolina,100000,2025-10-04,0.1
North Carolina,100000,2025-10-04,2.7
North Carolina,100000,2025-10-04,2.8000000000000003
North Carolina,100000,2025-10-04,0.0
North Carolina,100000,2025-10-11,0.0
North Carolina,100000,2025-10-11,1.1
North Carolina,100000,2025-10-11,1.3
North Carolina,100000,2025-10-11,0.2
North Carolina,100000,2025-10-18,0.2
North Carolina,100000,2025-10-18,1.4
North Carolina,100000,2025-10-18,1.7999999999999998
North Carolina,100000,2025-10-18,0.2
North Carolina,100000,2025-10-25,0.3
North Carolina,100000,2025-10-25,1.1
North Carolina,100000,2025-10-25,1.6
North Carolina,100000,2025-10-25,0.2
North Carolina,100000,2025-11-01,0.2
North Carolina,100000,2025-11-01,1.3
North Carolina,100000,2025-11-01,1.6
North Carolina,100000,2025-11-01,0.1
North Carolina,100000,2025-11-08,0.3
North Carolina,100000,2025-11-08,0.9
North Carolina,100000,2025-11-08,1.9
North Carolina,100000,2025-11-08,0.7
Ohio,100000,2018-10-06,0.0
Ohio,100000,2018-10-06,0.0
Ohio,100000,2018-10-13,0.1
Ohio,100000,2018-10-13,0.1
Ohio,100000,2018-10-20,0.0
Ohio,100000,2018-10-20,0.0
Ohio,100000,2018-10-27,0.0
Ohio,100000,2018-10-27,0.0
Ohio,100000,2018-11-03,0.0
Ohio,100000,2018-11-03,0.0
Ohio,100000,2018-11-10,0.0
Ohio,100000,2018-11-10,0.0
Ohio,100000,2018-11-17,0.0
Ohio,100000,2018-11-17,0.0
Ohio,100000,2018-11-24,0.2
Ohio,100000,2018-11-24,0.2
Ohio,100000,2018-12-01,0.2
Ohio,100000,2018-12-01,0.2
Ohio,100000,2018-12-08,0.1
Ohio,100000,2018-12-08,0.1
Ohio,100000,2018-12-15,0.2
Ohio,100000,2018-12-15,0.2
Ohio,100000,2018-12-22,0.6
Ohio,100000,2018-12-22,0.6
Ohio,100000,2018-12-29,1.3
Ohio,100000,2018-12-29,1.3
Ohio,100000,2019-01-05,0.9
Ohio,100000,2019-01-05,0.9
Ohio,100000,2019-01-12,1.1
Ohio,100000,2019-01-12,1.1
Ohio,100000,2019-01-19,1.1
Ohio,100000,2019-01-19,1.1
Ohio,100000,2019-01-26,1.1
Ohio,100000,2019-01-26,1.1
Ohio,100000,2019-02-02,2.1
Ohio,100000,2019-02-02,2.1
Ohio,100000,2019-02-09,1.9
Ohio,100000,2019-02-09,1.9
Ohio,100000,2019-02-16,3.0
Ohio,100000,2019-02-16,3.0
Ohio,100000,2019-02-23,4.8
Ohio,100000,2019-02-23,4.8
Ohio,100000,2019-03-02,3.9
Ohio,100000,2019-03-02,3.9
Ohio,100000,2019-03-09,6.7
Ohio,100000,2019-03-09,6.7
Ohio,100000,2019-03-16,7.5
Ohio,100000,2019-03-16,7.5
Ohio,100000,2019-03-23,5.6
Ohio,100000,2019-03-23,5.6
Ohio,100000,2019-03-30,3.2
Ohio,100000,2019-03-30,3.2
Ohio,100000,2019-04-06,2.3
Ohio,100000,2019-04-06,2.3
Ohio,100000,2019-04-13,1.1
Ohio,100000,2019-04-13,1.1
Ohio,100000,2019-04-20,0.7
Ohio,100000,2019-04-20,0.7
Ohio,100000,2019-04-27,0.1
Ohio,100000,2019-04-27,0.1
Ohio,100000,2019-05-04,0.1
Ohio,100000,2019-05-04,0.1
Ohio,100000,2019-10-05,0.0
Ohio,100000,2019-10-05,0.0
Ohio,100000,2019-10-12,0.1
Ohio,100000,2019-10-12,0.1
Ohio,100000,2019-10-19,0.2
Ohio,100000,2019-10-19,0.2
Ohio,100000,2019-10-26,0.1
Ohio,100000,2019-10-26,0.1
Ohio,100000,2019-11-02,0.1
Ohio,100000,2019-11-02,0.1
Ohio,100000,2019-11-09,0.0
Ohio,100000,2019-11-09,0.0
Ohio,100000,2019-11-16,0.0
Ohio,100000,2019-11-16,0.0
Ohio,100000,2019-11-23,0.1
Ohio,100000,2019-11-23,0.1
Ohio,100000,2019-11-30,0.1
Ohio,100000,2019-11-30,0.1
Ohio,100000,2019-12-07,0.4
Ohio,100000,2019-12-07,0.4
Ohio,100000,2019-12-14,0.8
Ohio,100000,2019-12-14,0.8
Ohio,100000,2019-12-21,1.9
Ohio,100000,2019-12-21,1.9
Ohio,100000,2019-12-28,3.4
Ohio,100000,2019-12-28,3.4
Ohio,100000,2020-01-04,2.7
Ohio,100000,2020-01-04,2.7
Ohio,100000,2020-01-11,3.0
Ohio,100000,2020-01-11,3.0
Ohio,100000,2020-01-18,3.2
Ohio,100000,2020-01-18,3.2
Ohio,100000,2020-01-25,4.0
Ohio,100000,2020-01-25,4.0
Ohio,100000,2020-02-01,4.9
Ohio,100000,2020-02-01,4.9
Ohio,100000,2020-02-08,6.9
Ohio,100000,2020-02-08,6.9
Ohio,100000,2020-02-15,6.1
Ohio,100000,2020-02-15,6.1
Ohio,100000,2020-02-22,5.1
Ohio,100000,2020-02-22,5.1
Ohio,100000,2020-02-29,4.9
Ohio,100000,2020-02-29,4.9
Ohio,100000,2020-03-07,0.0
Ohio,100000,2020-03-07,3.7
Ohio,100000,2020-03-07,3.7
Ohio,100000,2020-03-14,0.3
Ohio,100000,2020-03-14,2.5
Ohio,100000,2020-03-14,2.8
Ohio,100000,2020-03-21,1.2
Ohio,100000,2020-03-21,1.4
Ohio,100000,2020-03-21,2.5999999999999996
Ohio,100000,2020-03-28,3.0
Ohio,100000,2020-03-28,0.8
Ohio,100000,2020-03-28,3.8
Ohio,100000,2020-04-04,4.3
Ohio,100000,2020-04-04,0.1
Ohio,100000,2020-04-04,4.3999999999999995
Ohio,100000,2020-04-11,3.8
Ohio,100000,2020-04-11,0.1
Ohio,100000,2020-04-11,3.9
Ohio,100000,2020-04-18,4.5
Ohio,100000,2020-04-18,0.0
Ohio,100000,2020-04-18,4.5
Ohio,100000,2020-04-25,5.4
Ohio,100000,2020-04-25,0.0
Ohio,100000,2020-04-25,5.4
Ohio,100000,2020-05-02,6.1
Ohio,100000,2020-05-02,0.0
Ohio,100000,2020-05-02,6.1
Ohio,100000,2020-05-09,5.1
Ohio,100000,2020-05-09,5.1
Ohio,100000,2020-05-16,4.5
Ohio,100000,2020-05-16,4.5
Ohio,100000,2020-05-23,5.0
Ohio,100000,2020-05-23,5.0
Ohio,100000,2020-05-30,5.1
Ohio,100000,2020-05-30,5.1
Ohio,100000,2020-06-06,3.1
Ohio,100000,2020-06-06,3.1
Ohio,100000,2020-06-13,3.2
Ohio,100000,2020-06-13,3.2
Ohio,100000,2020-06-20,2.9
Ohio,100000,2020-06-20,2.9
Ohio,100000,2020-06-27,4.3
Ohio,100000,2020-06-27,4.3
Ohio,100000,2020-07-04,4.0
Ohio,100000,2020-07-04,4.0
Ohio,100000,2020-07-11,5.8
Ohio,100000,2020-07-11,5.8
Ohio,100000,2020-07-18,5.9
Ohio,100000,2020-07-18,5.9
Ohio,100000,2020-07-25,6.2
Ohio,100000,2020-07-25,6.2
Ohio,100000,2020-08-01,5.2
Ohio,100000,2020-08-01,5.2
Ohio,100000,2020-08-08,4.0
Ohio,100000,2020-08-08,4.0
Ohio,100000,2020-08-15,3.3
Ohio,100000,2020-08-15,3.3
Ohio,100000,2020-08-22,2.9
Ohio,100000,2020-08-22,2.9
Ohio,100000,2020-08-29,3.0
Ohio,100000,2020-08-29,3.0
Ohio,100000,2020-09-05,3.2
Ohio,100000,2020-09-05,3.2
Ohio,100000,2020-09-12,3.2
Ohio,100000,2020-09-12,3.2
Ohio,100000,2020-09-19,2.4
Ohio,100000,2020-09-19,2.4
Ohio,100000,2020-09-26,2.9
Ohio,100000,2020-09-26,2.9
Ohio,100000,2020-10-03,2.9
Ohio,100000,2020-10-03,2.9
Ohio,100000,2020-10-10,3.5
Ohio,100000,2020-10-10,3.5
Ohio,100000,2020-10-17,3.7
Ohio,100000,2020-10-17,3.7
Ohio,100000,2020-10-24,4.7
Ohio,100000,2020-10-24,4.7
Ohio,100000,2020-10-31,6.6
Ohio,100000,2020-10-31,6.6
Ohio,100000,2020-11-07,7.8
Ohio,100000,2020-11-07,7.8
Ohio,100000,2020-11-14,10.0
Ohio,100000,2020-11-14,10.0
Ohio,100000,2020-11-21,11.1
Ohio,100000,2020-11-21,11.1
Ohio,100000,2020-11-28,9.1
Ohio,100000,2020-11-28,9.1
Ohio,100000,2020-12-05,11.4
Ohio,100000,2020-12-05,11.4
Ohio,100000,2020-12-12,9.7
Ohio,100000,2020-12-12,9.7
Ohio,100000,2020-12-19,7.3
Ohio,100000,2020-12-19,7.3
Ohio,100000,2020-12-26,6.1
Ohio,100000,2020-12-26,6.1
Ohio,100000,2021-01-02,6.7
Ohio,100000,2021-01-02,6.7
Ohio,100000,2021-01-09,7.1
Ohio,100000,2021-01-09,7.1
Ohio,100000,2021-01-16,5.6
Ohio,100000,2021-01-16,5.6
Ohio,100000,2021-01-23,5.1
Ohio,100000,2021-01-23,5.1
Ohio,100000,2021-01-30,2.9
Ohio,100000,2021-01-30,2.9
Ohio,100000,2021-02-06,3.2
Ohio,100000,2021-02-06,3.2
Ohio,100000,2021-02-13,2.0
Ohio,100000,2021-02-13,2.0
Ohio,100000,2021-02-20,3.1
Ohio,100000,2021-02-20,3.1
Ohio,100000,2021-02-27,1.7
Ohio,100000,2021-02-27,1.7
Ohio,100000,2021-03-06,1.7
Ohio,100000,2021-03-06,1.7
Ohio,100000,2021-03-13,2.2
Ohio,100000,2021-03-13,2.2
Ohio,100000,2021-03-20,1.1
Ohio,100000,2021-03-20,1.1
Ohio,100000,2021-03-27,2.1
Ohio,100000,2021-03-27,2.1
Ohio,100000,2021-04-03,2.2
Ohio,100000,2021-04-03,2.2
Ohio,100000,2021-04-10,2.5
Ohio,100000,2021-04-10,2.5
Ohio,100000,2021-04-17,2.8
Ohio,100000,2021-04-17,2.8
Ohio,100000,2021-04-24,2.4
Ohio,100000,2021-04-24,2.4
Ohio,100000,2021-05-01,2.6
Ohio,100000,2021-05-01,2.6
Ohio,100000,2021-05-08,2.2
Ohio,100000,2021-05-08,2.2
Ohio,100000,2021-05-15,1.2
Ohio,100000,2021-05-15,1.2
Ohio,100000,2021-05-22,1.7
Ohio,100000,2021-05-22,1.7
Ohio,100000,2021-05-29,1.7
Ohio,100000,2021-05-29,1.7
Ohio,100000,2021-06-05,1.3
Ohio,100000,2021-06-05,1.3
Ohio,100000,2021-06-12,0.7
Ohio,100000,2021-06-12,0.7
Ohio,100000,2021-06-19,0.9
Ohio,100000,2021-06-19,0.9
Ohio,100000,2021-06-26,0.7
Ohio,100000,2021-06-26,0.7
Ohio,100000,2021-07-03,0.6
Ohio,100000,2021-07-03,0.6
Ohio,100000,2021-07-10,0.6
Ohio,100000,2021-07-10,0.6
Ohio,100000,2021-07-17,1.4
Ohio,100000,2021-07-17,1.4
Ohio,100000,2021-07-24,1.5
Ohio,100000,2021-07-24,1.5
Ohio,100000,2021-07-31,1.8
Ohio,100000,2021-07-31,1.8
Ohio,100000,2021-08-07,2.6
Ohio,100000,2021-08-07,2.6
Ohio,100000,2021-08-14,3.6
Ohio,100000,2021-08-14,3.6
Ohio,100000,2021-08-21,3.5
Ohio,100000,2021-08-21,3.5
Ohio,100000,2021-08-28,5.4
Ohio,100000,2021-08-28,5.4
Ohio,100000,2021-09-04,6.5
Ohio,100000,2021-09-04,6.5
Ohio,100000,2021-09-11,6.8
Ohio,100000,2021-09-11,6.8
Ohio,100000,2021-09-18,7.2
Ohio,100000,2021-09-18,7.2
Ohio,100000,2021-09-25,7.6
Ohio,100000,2021-09-25,7.6
Ohio,100000,2021-10-02,6.5
Ohio,100000,2021-10-02,6.5
Ohio,100000,2021-10-09,7.3
Ohio,100000,2021-10-09,7.3
Ohio,100000,2021-10-09,0.0
Ohio,100000,2021-10-16,7.1
Ohio,100000,2021-10-16,7.1
Ohio,100000,2021-10-16,0.0
Ohio,100000,2021-10-23,5.3
Ohio,100000,2021-10-23,5.3
Ohio,100000,2021-10-23,0.0
Ohio,100000,2021-10-30,4.8
Ohio,100000,2021-10-30,4.8
Ohio,100000,2021-10-30,0.0
Ohio,100000,2021-11-06,5.6
Ohio,100000,2021-11-06,5.6
Ohio,100000,2021-11-06,0.0
Ohio,100000,2021-11-13,6.8
Ohio,100000,2021-11-13,6.8
Ohio,100000,2021-11-13,0.0
Ohio,100000,2021-11-20,6.1
Ohio,100000,2021-11-20,6.199999999999999
Ohio,100000,2021-11-20,0.1
Ohio,100000,2021-11-27,7.6
Ohio,100000,2021-11-27,7.699999999999999
Ohio,100000,2021-11-27,0.1
Ohio,100000,2021-12-04,10.2
Ohio,100000,2021-12-04,10.4
Ohio,100000,2021-12-04,0.2
Ohio,100000,2021-12-11,11.4
Ohio,100000,2021-12-11,11.6
Ohio,100000,2021-12-11,0.2
Ohio,100000,2021-12-18,11.3
Ohio,100000,2021-12-18,11.6
Ohio,100000,2021-12-18,0.3
Ohio,100000,2021-12-25,12.3
Ohio,100000,2021-12-25,12.7
Ohio,100000,2021-12-25,0.4
Ohio,100000,2022-01-01,14.0
Ohio,100000,2022-01-01,14.4
Ohio,100000,2022-01-01,0.4
Ohio,100000,2022-01-08,19.4
Ohio,100000,2022-01-08,19.799999999999997
Ohio,100000,2022-01-08,0.4
Ohio,100000,2022-01-15,17.2
Ohio,100000,2022-01-15,17.3
Ohio,100000,2022-01-15,0.1
Ohio,100000,2022-01-22,15.1
Ohio,100000,2022-01-22,15.2
Ohio,100000,2022-01-22,0.1
Ohio,100000,2022-01-29,14.1
Ohio,100000,2022-01-29,14.1
Ohio,100000,2022-01-29,0.0
Ohio,100000,2022-02-05,8.6
Ohio,100000,2022-02-05,8.6
Ohio,100000,2022-02-05,0.0
Ohio,100000,2022-02-12,7.6
Ohio,100000,2022-02-12,7.699999999999999
Ohio,100000,2022-02-12,0.1
Ohio,100000,2022-02-19,4.6
Ohio,100000,2022-02-19,4.6
Ohio,100000,2022-02-19,0.0
Ohio,100000,2022-02-26,4.0
Ohio,100000,2022-02-26,4.1
Ohio,100000,2022-02-26,0.1
Ohio,100000,2022-03-05,2.8
Ohio,100000,2022-03-05,3.1999999999999997
Ohio,100000,2022-03-05,0.4
Ohio,100000,2022-03-12,2.0
Ohio,100000,2022-03-12,2.1
Ohio,100000,2022-03-12,0.1
Ohio,100000,2022-03-19,2.8
Ohio,100000,2022-03-19,3.1999999999999997
Ohio,100000,2022-03-19,0.4
Ohio,100000,2022-03-26,2.3
Ohio,100000,2022-03-26,2.4
Ohio,100000,2022-03-26,0.1
Ohio,100000,2022-04-02,2.1
Ohio,100000,2022-04-02,2.5
Ohio,100000,2022-04-02,0.4
Ohio,100000,2022-04-09,3.0
Ohio,100000,2022-04-09,4.1
Ohio,100000,2022-04-09,1.1
Ohio,100000,2022-04-16,3.0
Ohio,100000,2022-04-16,3.9
Ohio,100000,2022-04-16,0.9
Ohio,100000,2022-04-23,3.8
Ohio,100000,2022-04-23,5.0
Ohio,100000,2022-04-23,1.2
Ohio,100000,2022-04-30,4.1
Ohio,100000,2022-04-30,5.0
Ohio,100000,2022-04-30,0.9
Ohio,100000,2022-05-07,5.0
Ohio,100000,2022-05-07,5.6
Ohio,100000,2022-05-07,0.6
Ohio,100000,2022-05-14,3.7
Ohio,100000,2022-05-14,4.5
Ohio,100000,2022-05-14,0.8
Ohio,100000,2022-05-21,5.5
Ohio,100000,2022-05-21,6.0
Ohio,100000,2022-05-21,0.5
Ohio,100000,2022-05-28,5.6
Ohio,100000,2022-05-28,5.8999999999999995
Ohio,100000,2022-05-28,0.3
Ohio,100000,2022-06-04,7.4
Ohio,100000,2022-06-04,7.6
Ohio,100000,2022-06-04,0.2
Ohio,100000,2022-06-11,6.3
Ohio,100000,2022-06-11,6.3999999999999995
Ohio,100000,2022-06-11,0.1
Ohio,100000,2022-06-18,6.2
Ohio,100000,2022-06-18,6.2
Ohio,100000,2022-06-25,6.0
Ohio,100000,2022-06-25,6.0
Ohio,100000,2022-07-02,6.7
Ohio,100000,2022-07-02,6.7
Ohio,100000,2022-07-09,7.3
Ohio,100000,2022-07-09,7.3
Ohio,100000,2022-07-16,7.9
Ohio,100000,2022-07-16,7.9
Ohio,100000,2022-07-23,7.3
Ohio,100000,2022-07-23,7.3
Ohio,100000,2022-07-30,8.9
Ohio,100000,2022-07-30,8.9
Ohio,100000,2022-08-06,11.5
Ohio,100000,2022-08-06,11.5
Ohio,100000,2022-08-13,10.2
Ohio,100000,2022-08-13,10.2
Ohio,100000,2022-08-20,11.1
Ohio,100000,2022-08-20,11.1
Ohio,100000,2022-08-27,9.7
Ohio,100000,2022-08-27,9.7
Ohio,100000,2022-09-03,8.3
Ohio,100000,2022-09-03,8.3
Ohio,100000,2022-09-10,8.7
Ohio,100000,2022-09-10,8.7
Ohio,100000,2022-09-17,7.8
Ohio,100000,2022-09-17,7.8
Ohio,100000,2022-09-24,8.2
Ohio,100000,2022-09-24,8.2
Ohio,100000,2022-10-01,5.9
Ohio,100000,2022-10-01,5.9
Ohio,100000,2022-10-08,6.2
Ohio,100000,2022-10-08,6.2
Ohio,100000,2022-10-08,0.0
Ohio,100000,2022-10-15,6.1
Ohio,100000,2022-10-15,6.3999999999999995
Ohio,100000,2022-10-15,0.3
Ohio,100000,2022-10-22,5.4
Ohio,100000,2022-10-22,5.9
Ohio,100000,2022-10-22,0.5
Ohio,100000,2022-10-29,5.4
Ohio,100000,2022-10-29,6.5
Ohio,100000,2022-10-29,1.1
Ohio,100000,2022-11-05,5.5
Ohio,100000,2022-11-05,7.7
Ohio,100000,2022-11-05,2.2
Ohio,100000,2022-11-12,5.6
Ohio,100000,2022-11-12,7.9
Ohio,100000,2022-11-12,2.3
Ohio,100000,2022-11-19,5.7
Ohio,100000,2022-11-19,9.3
Ohio,100000,2022-11-19,3.6
Ohio,100000,2022-11-26,6.9
Ohio,100000,2022-11-26,13.9
Ohio,100000,2022-11-26,7.0
Ohio,100000,2022-12-03,8.1
Ohio,100000,2022-12-03,17.6
Ohio,100000,2022-12-03,9.5
Ohio,100000,2022-12-10,9.1
Ohio,100000,2022-12-10,16.2
Ohio,100000,2022-12-10,7.1
Ohio,100000,2022-12-17,10.5
Ohio,100000,2022-12-17,16.1
Ohio,100000,2022-12-17,5.6
Ohio,100000,2022-12-24,9.3
Ohio,100000,2022-12-24,14.0
Ohio,100000,2022-12-24,4.7
Ohio,100000,2022-12-31,9.5
Ohio,100000,2022-12-31,12.4
Ohio,100000,2022-12-31,2.9
Ohio,100000,2023-01-07,7.9
Ohio,100000,2023-01-07,10.4
Ohio,100000,2023-01-07,2.5
Ohio,100000,2023-01-14,6.8
Ohio,100000,2023-01-14,7.5
Ohio,100000,2023-01-14,0.7
Ohio,100000,2023-01-21,4.6
Ohio,100000,2023-01-21,5.199999999999999
Ohio,100000,2023-01-21,0.6
Ohio,100000,2023-01-28,5.0
Ohio,100000,2023-01-28,5.4
Ohio,100000,2023-01-28,0.4
Ohio,100000,2023-02-04,4.0
Ohio,100000,2023-02-04,4.2
Ohio,100000,2023-02-04,0.2
Ohio,100000,2023-02-11,5.0
Ohio,100000,2023-02-11,5.2
Ohio,100000,2023-02-11,0.2
Ohio,100000,2023-02-18,5.6
Ohio,100000,2023-02-18,5.699999999999999
Ohio,100000,2023-02-18,0.1
Ohio,100000,2023-02-25,4.8
Ohio,100000,2023-02-25,5.1
Ohio,100000,2023-02-25,0.3
Ohio,100000,2023-03-04,4.5
Ohio,100000,2023-03-04,4.6
Ohio,100000,2023-03-04,0.1
Ohio,100000,2023-03-11,4.8
Ohio,100000,2023-03-11,5.0
Ohio,100000,2023-03-11,0.2
Ohio,100000,2023-03-18,5.0
Ohio,100000,2023-03-18,5.4
Ohio,100000,2023-03-18,0.4
Ohio,100000,2023-03-25,5.4
Ohio,100000,2023-03-25,5.7
Ohio,100000,2023-03-25,0.3
Ohio,100000,2023-04-01,3.7
Ohio,100000,2023-04-01,3.9
Ohio,100000,2023-04-01,0.2
Ohio,100000,2023-04-08,2.5
Ohio,100000,2023-04-08,2.6
Ohio,100000,2023-04-08,0.1
Ohio,100000,2023-04-15,3.0
Ohio,100000,2023-04-15,3.1
Ohio,100000,2023-04-15,0.1
Ohio,100000,2023-04-22,2.0
Ohio,100000,2023-04-22,2.2
Ohio,100000,2023-04-22,0.2
Ohio,100000,2023-04-29,1.3
Ohio,100000,2023-04-29,1.3
Ohio,100000,2023-04-29,0.0
Ohio,100000,2023-05-06,1.6
Ohio,100000,2023-05-06,1.6
Ohio,100000,2023-05-06,0.0
Ohio,100000,2023-05-13,1.5
Ohio,100000,2023-05-13,1.5
Ohio,100000,2023-05-20,1.9
Ohio,100000,2023-05-20,1.9
Ohio,100000,2023-05-27,1.2
Ohio,100000,2023-05-27,1.2
Ohio,100000,2023-06-03,1.2
Ohio,100000,2023-06-03,1.2
Ohio,100000,2023-06-10,0.8
Ohio,100000,2023-06-10,0.8
Ohio,100000,2023-06-17,0.8
Ohio,100000,2023-06-17,0.8
Ohio,100000,2023-06-24,0.4
Ohio,100000,2023-06-24,0.4
Ohio,100000,2023-07-01,0.7
Ohio,100000,2023-07-01,0.7
Ohio,100000,2023-07-08,0.8
Ohio,100000,2023-07-08,0.8
Ohio,100000,2023-07-15,1.1
Ohio,100000,2023-07-15,1.1
Ohio,100000,2023-07-22,0.9
Ohio,100000,2023-07-22,0.9
Ohio,100000,2023-07-29,1.1
Ohio,100000,2023-07-29,1.1
Ohio,100000,2023-08-05,1.2
Ohio,100000,2023-08-05,1.2
Ohio,100000,2023-08-12,2.2
Ohio,100000,2023-08-12,2.2
Ohio,100000,2023-08-19,2.0
Ohio,100000,2023-08-19,2.0
Ohio,100000,2023-08-26,1.9
Ohio,100000,2023-08-26,1.9
Ohio,100000,2023-09-02,2.8
Ohio,100000,2023-09-02,2.8
Ohio,100000,2023-09-09,3.7
Ohio,100000,2023-09-09,3.7
Ohio,100000,2023-09-16,4.0
Ohio,100000,2023-09-16,4.0
Ohio,100000,2023-09-23,3.9
Ohio,100000,2023-09-23,3.9
Ohio,100000,2023-09-30,3.5
Ohio,100000,2023-09-30,3.5
Ohio,100000,2023-10-07,3.5
Ohio,100000,2023-10-07,0.2
Ohio,100000,2023-10-07,3.7
Ohio,100000,2023-10-14,3.1
Ohio,100000,2023-10-14,0.1
Ohio,100000,2023-10-14,3.2
Ohio,100000,2023-10-21,3.1
Ohio,100000,2023-10-21,0.3
Ohio,100000,2023-10-21,3.4
Ohio,100000,2023-10-28,3.3
Ohio,100000,2023-10-28,0.0
Ohio,100000,2023-10-28,3.3
Ohio,100000,2023-11-04,2.6
Ohio,100000,2023-11-04,0.4
Ohio,100000,2023-11-04,3.0
Ohio,100000,2023-11-11,3.9
Ohio,100000,2023-11-11,0.5
Ohio,100000,2023-11-11,4.4
Ohio,100000,2023-11-18,4.5
Ohio,100000,2023-11-18,0.4
Ohio,100000,2023-11-18,4.9
Ohio,100000,2023-11-25,5.1
Ohio,100000,2023-11-25,0.5
Ohio,100000,2023-11-25,5.6
Ohio,100000,2023-12-02,6.1
Ohio,100000,2023-12-02,1.1
Ohio,100000,2023-12-02,7.199999999999999
Ohio,100000,2023-12-09,7.6
Ohio,100000,2023-12-09,1.2
Ohio,100000,2023-12-09,8.799999999999999
Ohio,100000,2023-12-16,6.5
Ohio,100000,2023-12-16,2.0
Ohio,100000,2023-12-16,8.5
Ohio,100000,2023-12-23,7.2
Ohio,100000,2023-12-23,4.1
Ohio,100000,2023-12-23,11.3
Ohio,100000,2023-12-30,8.5
Ohio,100000,2023-12-30,6.3
Ohio,100000,2023-12-30,14.8
Ohio,100000,2024-01-06,7.9
Ohio,100000,2024-01-06,5.2
Ohio,100000,2024-01-06,13.1
Ohio,100000,2024-01-13,5.9
Ohio,100000,2024-01-13,5.2
Ohio,100000,2024-01-13,11.1
Ohio,100000,2024-01-20,4.5
Ohio,100000,2024-01-20,4.9
Ohio,100000,2024-01-20,9.4
Ohio,100000,2024-01-27,4.7
Ohio,100000,2024-01-27,5.5
Ohio,100000,2024-01-27,10.2
Ohio,100000,2024-02-03,4.3
Ohio,100000,2024-02-03,5.3
Ohio,100000,2024-02-03,9.6
Ohio,100000,2024-02-10,3.3
Ohio,100000,2024-02-10,5.4
Ohio,100000,2024-02-10,8.7
Ohio,100000,2024-02-17,3.6
Ohio,100000,2024-02-17,5.5
Ohio,100000,2024-02-17,9.1
Ohio,100000,2024-02-24,3.3
Ohio,100000,2024-02-24,5.5
Ohio,100000,2024-02-24,8.8
Ohio,100000,2024-03-02,2.2
Ohio,100000,2024-03-02,5.4
Ohio,100000,2024-03-02,7.6
Ohio,100000,2024-03-09,1.4
Ohio,100000,2024-03-09,3.7
Ohio,100000,2024-03-09,5.1
Ohio,100000,2024-03-16,1.6
Ohio,100000,2024-03-16,2.4
Ohio,100000,2024-03-16,4.0
Ohio,100000,2024-03-23,1.5
Ohio,100000,2024-03-23,1.9
Ohio,100000,2024-03-23,3.4
Ohio,100000,2024-03-30,0.7
Ohio,100000,2024-03-30,1.5
Ohio,100000,2024-03-30,2.2
Ohio,100000,2024-04-06,1.3
Ohio,100000,2024-04-06,1.5
Ohio,100000,2024-04-06,2.8
Ohio,100000,2024-04-13,1.0
Ohio,100000,2024-04-13,0.6
Ohio,100000,2024-04-13,1.6
Ohio,100000,2024-04-20,1.0
Ohio,100000,2024-04-20,0.3
Ohio,100000,2024-04-20,1.3
Ohio,100000,2024-04-27,1.0
Ohio,100000,2024-04-27,0.3
Ohio,100000,2024-04-27,1.3
Ohio,100000,2024-05-04,0.5
Ohio,100000,2024-05-04,0.3
Ohio,100000,2024-05-04,0.8
Ohio,100000,2024-05-11,0.5
Ohio,100000,2024-05-11,0.3
Ohio,100000,2024-05-11,0.8
Ohio,100000,2024-05-18,0.7
Ohio,100000,2024-05-18,0.0
Ohio,100000,2024-05-18,0.7
Ohio,100000,2024-05-25,0.4
Ohio,100000,2024-05-25,0.1
Ohio,100000,2024-05-25,0.5
Ohio,100000,2024-06-01,0.6
Ohio,100000,2024-06-01,0.0
Ohio,100000,2024-06-01,0.6
Ohio,100000,2024-06-08,1.6
Ohio,100000,2024-06-08,0.1
Ohio,100000,2024-06-08,1.7000000000000002
Ohio,100000,2024-06-15,0.6
Ohio,100000,2024-06-15,0.0
Ohio,100000,2024-06-15,0.6
Ohio,100000,2024-06-22,1.2
Ohio,100000,2024-06-22,0.0
Ohio,100000,2024-06-22,1.2
Ohio,100000,2024-06-29,1.5
Ohio,100000,2024-06-29,0.0
Ohio,100000,2024-06-29,1.5
Ohio,100000,2024-07-06,1.4
Ohio,100000,2024-07-06,0.0
Ohio,100000,2024-07-06,1.4
Ohio,100000,2024-07-13,1.6
Ohio,100000,2024-07-13,0.1
Ohio,100000,2024-07-13,1.7000000000000002
Ohio,100000,2024-07-20,2.2
Ohio,100000,2024-07-20,0.2
Ohio,100000,2024-07-20,2.4000000000000004
Ohio,100000,2024-07-27,3.4
Ohio,100000,2024-07-27,0.0
Ohio,100000,2024-07-27,3.4
Ohio,100000,2024-08-03,3.2
Ohio,100000,2024-08-03,0.0
Ohio,100000,2024-08-03,3.2
Ohio,100000,2024-08-10,3.9
Ohio,100000,2024-08-10,0.0
Ohio,100000,2024-08-10,3.9
Ohio,100000,2024-08-17,3.4
Ohio,100000,2024-08-17,0.0
Ohio,100000,2024-08-17,3.4
Ohio,100000,2024-08-24,3.9
Ohio,100000,2024-08-24,0.1
Ohio,100000,2024-08-24,4.0
Ohio,100000,2024-08-31,4.7
Ohio,100000,2024-08-31,0.0
Ohio,100000,2024-08-31,4.7
Ohio,100000,2024-09-07,4.2
Ohio,100000,2024-09-07,0.0
Ohio,100000,2024-09-07,4.2
Ohio,100000,2024-09-14,4.2
Ohio,100000,2024-09-14,0.2
Ohio,100000,2024-09-14,4.4
Ohio,100000,2024-09-21,3.7
Ohio,100000,2024-09-21,0.2
Ohio,100000,2024-09-21,3.9
Ohio,100000,2024-09-28,2.9
Ohio,100000,2024-09-28,0.1
Ohio,100000,2024-09-28,3.0
Ohio,100000,2024-10-05,0.0
Ohio,100000,2024-10-05,0.0
Ohio,100000,2024-10-12,0.0
Ohio,100000,2024-10-12,0.0
Ohio,100000,2024-10-19,0.3
Ohio,100000,2024-10-19,0.3
Ohio,100000,2024-10-26,0.4
Ohio,100000,2024-10-26,0.4
Ohio,100000,2024-11-02,0.1
Ohio,100000,2024-11-02,0.1
Ohio,100000,2024-11-09,0.2
Ohio,100000,2024-11-09,0.2
Ohio,100000,2024-11-16,0.4
Ohio,100000,2024-11-16,0.4
Ohio,100000,2024-11-23,0.5
Ohio,100000,2024-11-23,0.5
Ohio,100000,2024-11-30,0.7
Ohio,100000,2024-11-30,0.7
Ohio,100000,2024-12-07,0.7
Ohio,100000,2024-12-07,0.7
Ohio,100000,2024-12-14,0.7
Ohio,100000,2024-12-14,0.7
Ohio,100000,2024-12-21,1.7
Ohio,100000,2024-12-21,1.7
Ohio,100000,2024-12-28,4.4
Ohio,100000,2024-12-28,4.4
Ohio,100000,2025-01-04,6.0
Ohio,100000,2025-01-04,6.0
Ohio,100000,2025-01-11,5.1
Ohio,100000,2025-01-11,5.1
Ohio,100000,2025-01-18,7.6
Ohio,100000,2025-01-18,7.6
Ohio,100000,2025-01-25,11.1
Ohio,100000,2025-01-25,11.1
Ohio,100000,2025-02-01,18.6
Ohio,100000,2025-02-01,18.6
Ohio,100000,2025-02-08,21.8
Ohio,100000,2025-02-08,21.8
Ohio,100000,2025-02-15,20.0
Ohio,100000,2025-02-15,20.0
Ohio,100000,2025-02-22,16.2
Ohio,100000,2025-02-22,16.2
Ohio,100000,2025-03-01,11.9
Ohio,100000,2025-03-01,11.9
Ohio,100000,2025-03-08,6.9
Ohio,100000,2025-03-08,6.9
Ohio,100000,2025-03-15,3.6
Ohio,100000,2025-03-15,3.6
Ohio,100000,2025-03-22,2.4
Ohio,100000,2025-03-22,2.4
Ohio,100000,2025-03-29,1.3
Ohio,100000,2025-03-29,1.3
Ohio,100000,2025-04-05,1.3
Ohio,100000,2025-04-05,1.3
Ohio,100000,2025-04-12,0.6
Ohio,100000,2025-04-12,0.6
Ohio,100000,2025-04-19,0.4
Ohio,100000,2025-04-19,0.4
Ohio,100000,2025-04-26,0.3
Ohio,100000,2025-04-26,0.3
Ohio,100000,2025-05-03,0.1
Ohio,100000,2025-05-03,0.1
Oregon,100000,2018-10-06,0.0
Oregon,100000,2018-10-06,0.0
Oregon,100000,2018-10-06,0.0
Oregon,100000,2018-10-13,0.1
Oregon,100000,2018-10-13,0.1
Oregon,100000,2018-10-13,0.2
Oregon,100000,2018-10-20,0.1
Oregon,100000,2018-10-20,0.1
Oregon,100000,2018-10-20,0.2
Oregon,100000,2018-10-27,0.1
Oregon,100000,2018-10-27,0.1
Oregon,100000,2018-10-27,0.2
Oregon,100000,2018-11-03,0.1
Oregon,100000,2018-11-03,0.2
Oregon,100000,2018-11-03,0.3
Oregon,100000,2018-11-10,0.2
Oregon,100000,2018-11-10,0.2
Oregon,100000,2018-11-10,0.4
Oregon,100000,2018-11-17,0.1
Oregon,100000,2018-11-17,0.3
Oregon,100000,2018-11-17,0.4
Oregon,100000,2018-11-24,0.3
Oregon,100000,2018-11-24,0.2
Oregon,100000,2018-11-24,0.5
Oregon,100000,2018-12-01,0.1
Oregon,100000,2018-12-01,0.3
Oregon,100000,2018-12-01,0.4
Oregon,100000,2018-12-08,0.5
Oregon,100000,2018-12-08,0.1
Oregon,100000,2018-12-08,0.6
Oregon,100000,2018-12-15,0.7
Oregon,100000,2018-12-15,0.5
Oregon,100000,2018-12-15,1.2
Oregon,100000,2018-12-22,0.5
Oregon,100000,2018-12-22,0.1
Oregon,100000,2018-12-22,0.6
Oregon,100000,2018-12-29,0.7
Oregon,100000,2018-12-29,0.8
Oregon,100000,2018-12-29,1.5
Oregon,100000,2019-01-05,0.5
Oregon,100000,2019-01-05,1.4
Oregon,100000,2019-01-05,1.9
Oregon,100000,2019-01-12,1.0
Oregon,100000,2019-01-12,1.2
Oregon,100000,2019-01-12,2.2
Oregon,100000,2019-01-19,1.4
Oregon,100000,2019-01-19,0.9
Oregon,100000,2019-01-19,2.3
Oregon,100000,2019-01-26,1.0
Oregon,100000,2019-01-26,1.9
Oregon,100000,2019-01-26,2.9
Oregon,100000,2019-02-02,1.0
Oregon,100000,2019-02-02,2.2
Oregon,100000,2019-02-02,3.2
Oregon,100000,2019-02-09,1.4
Oregon,100000,2019-02-09,3.3
Oregon,100000,2019-02-09,4.699999999999999
Oregon,100000,2019-02-16,2.3
Oregon,100000,2019-02-16,5.3
Oregon,100000,2019-02-16,7.6
Oregon,100000,2019-02-23,1.6
Oregon,100000,2019-02-23,6.5
Oregon,100000,2019-02-23,8.1
Oregon,100000,2019-03-02,1.5
Oregon,100000,2019-03-02,8.7
Oregon,100000,2019-03-02,10.2
Oregon,100000,2019-03-09,1.5
Oregon,100000,2019-03-09,8.6
Oregon,100000,2019-03-09,10.1
Oregon,100000,2019-03-16,1.7
Oregon,100000,2019-03-16,11.0
Oregon,100000,2019-03-16,12.7
Oregon,100000,2019-03-23,2.0
Oregon,100000,2019-03-23,9.4
Oregon,100000,2019-03-23,11.4
Oregon,100000,2019-03-30,1.5
Oregon,100000,2019-03-30,5.1
Oregon,100000,2019-03-30,6.6
Oregon,100000,2019-04-06,0.9
Oregon,100000,2019-04-06,2.2
Oregon,100000,2019-04-06,3.1
Oregon,100000,2019-04-13,1.0
Oregon,100000,2019-04-13,0.8
Oregon,100000,2019-04-13,1.8
Oregon,100000,2019-04-20,0.3
Oregon,100000,2019-04-20,0.2
Oregon,100000,2019-04-20,0.5
Oregon,100000,2019-04-27,0.3
Oregon,100000,2019-04-27,0.1
Oregon,100000,2019-04-27,0.4
Oregon,100000,2019-05-04,0.3
Oregon,100000,2019-05-04,0.0
Oregon,100000,2019-05-04,0.3
Oregon,100000,2019-10-05,0.1
Oregon,100000,2019-10-05,0.1
Oregon,100000,2019-10-05,0.2
Oregon,100000,2019-10-12,0.0
Oregon,100000,2019-10-12,0.1
Oregon,100000,2019-10-12,0.1
Oregon,100000,2019-10-19,0.1
Oregon,100000,2019-10-19,0.1
Oregon,100000,2019-10-19,0.2
Oregon,100000,2019-10-26,0.1
Oregon,100000,2019-10-26,0.1
Oregon,100000,2019-10-26,0.2
Oregon,100000,2019-11-02,0.2
Oregon,100000,2019-11-02,0.3
Oregon,100000,2019-11-02,0.5
Oregon,100000,2019-11-09,0.2
Oregon,100000,2019-11-09,0.1
Oregon,100000,2019-11-09,0.3
Oregon,100000,2019-11-16,0.4
Oregon,100000,2019-11-16,0.2
Oregon,100000,2019-11-16,0.6000000000000001
Oregon,100000,2019-11-23,0.5
Oregon,100000,2019-11-23,0.9
Oregon,100000,2019-11-23,1.4
Oregon,100000,2019-11-30,1.0
Oregon,100000,2019-11-30,1.0
Oregon,100000,2019-11-30,2.0
Oregon,100000,2019-12-07,1.2
Oregon,100000,2019-12-07,1.2
Oregon,100000,2019-12-07,2.4
Oregon,100000,2019-12-14,2.0
Oregon,100000,2019-12-14,2.1
Oregon,100000,2019-12-14,4.1
Oregon,100000,2019-12-21,1.8
Oregon,100000,2019-12-21,1.8
Oregon,100000,2019-12-21,3.6
Oregon,100000,2019-12-28,2.0
Oregon,100000,2019-12-28,3.2
Oregon,100000,2019-12-28,5.2
Oregon,100000,2020-01-04,3.4
Oregon,100000,2020-01-04,4.7
Oregon,100000,2020-01-04,8.1
Oregon,100000,2020-01-11,2.0
Oregon,100000,2020-01-11,2.3
Oregon,100000,2020-01-11,4.3
Oregon,100000,2020-01-18,2.7
Oregon,100000,2020-01-18,2.3
Oregon,100000,2020-01-18,5.0
Oregon,100000,2020-01-25,2.0
Oregon,100000,2020-01-25,1.5
Oregon,100000,2020-01-25,3.5
Oregon,100000,2020-02-01,2.2
Oregon,100000,2020-02-01,2.1
Oregon,100000,2020-02-01,4.300000000000001
Oregon,100000,2020-02-08,1.6
Oregon,100000,2020-02-08,1.5
Oregon,100000,2020-02-08,3.1
Oregon,100000,2020-02-15,1.9
Oregon,100000,2020-02-15,0.8
Oregon,100000,2020-02-15,2.7
Oregon,100000,2020-02-22,1.6
Oregon,100000,2020-02-22,2.0
Oregon,100000,2020-02-22,3.6
Oregon,100000,2020-02-29,1.1
Oregon,100000,2020-02-29,2.5
Oregon,100000,2020-02-29,3.6
Oregon,100000,2020-03-07,1.7
Oregon,100000,2020-03-07,0.1
Oregon,100000,2020-03-07,3.5
Oregon,100000,2020-03-07,5.3
Oregon,100000,2020-03-14,1.1
Oregon,100000,2020-03-14,0.5
Oregon,100000,2020-03-14,2.1
Oregon,100000,2020-03-14,3.7
Oregon,100000,2020-03-21,1.1
Oregon,100000,2020-03-21,1.6
Oregon,100000,2020-03-21,1.3
Oregon,100000,2020-03-21,4.0
Oregon,100000,2020-03-28,0.5
Oregon,100000,2020-03-28,3.8
Oregon,100000,2020-03-28,0.3
Oregon,100000,2020-03-28,4.6
Oregon,100000,2020-04-04,0.2
Oregon,100000,2020-04-04,4.1
Oregon,100000,2020-04-04,0.1
Oregon,100000,2020-04-04,4.3999999999999995
Oregon,100000,2020-04-11,0.1
Oregon,100000,2020-04-11,2.7
Oregon,100000,2020-04-11,0.0
Oregon,100000,2020-04-11,2.8000000000000003
Oregon,100000,2020-04-18,0.1
Oregon,100000,2020-04-18,3.1
Oregon,100000,2020-04-18,0.0
Oregon,100000,2020-04-18,3.2
Oregon,100000,2020-04-25,0.0
Oregon,100000,2020-04-25,2.7
Oregon,100000,2020-04-25,0.0
Oregon,100000,2020-04-25,2.7
Oregon,100000,2020-05-02,0.1
Oregon,100000,2020-05-02,1.6
Oregon,100000,2020-05-02,0.1
Oregon,100000,2020-05-02,1.8000000000000005
Oregon,100000,2020-05-09,1.2
Oregon,100000,2020-05-09,1.2
Oregon,100000,2020-05-16,1.1
Oregon,100000,2020-05-16,1.1
Oregon,100000,2020-05-23,1.4
Oregon,100000,2020-05-23,1.4
Oregon,100000,2020-05-30,0.8
Oregon,100000,2020-05-30,0.8
Oregon,100000,2020-06-06,1.4
Oregon,100000,2020-06-06,1.4
Oregon,100000,2020-06-13,1.3
Oregon,100000,2020-06-13,1.3
Oregon,100000,2020-06-20,2.3
Oregon,100000,2020-06-20,2.3
Oregon,100000,2020-06-27,2.6
Oregon,100000,2020-06-27,2.6
Oregon,100000,2020-07-04,2.5
Oregon,100000,2020-07-04,2.5
Oregon,100000,2020-07-11,4.0
Oregon,100000,2020-07-11,4.0
Oregon,100000,2020-07-18,4.0
Oregon,100000,2020-07-18,4.0
Oregon,100000,2020-07-25,2.9
Oregon,100000,2020-07-25,2.9
Oregon,100000,2020-08-01,3.6
Oregon,100000,2020-08-01,3.6
Oregon,100000,2020-08-08,3.7
Oregon,100000,2020-08-08,3.7
Oregon,100000,2020-08-15,3.7
Oregon,100000,2020-08-15,3.7
Oregon,100000,2020-08-22,3.3
Oregon,100000,2020-08-22,3.3
Oregon,100000,2020-08-29,2.7
Oregon,100000,2020-08-29,2.7
Oregon,100000,2020-09-05,2.0
Oregon,100000,2020-09-05,2.0
Oregon,100000,2020-09-12,2.8
Oregon,100000,2020-09-12,2.8
Oregon,100000,2020-09-19,3.0
Oregon,100000,2020-09-19,3.0
Oregon,100000,2020-09-26,3.7
Oregon,100000,2020-09-26,3.7
Oregon,100000,2020-10-03,0.0
Oregon,100000,2020-10-03,2.5
Oregon,100000,2020-10-03,2.5
Oregon,100000,2020-10-10,0.0
Oregon,100000,2020-10-10,3.6
Oregon,100000,2020-10-10,3.6
Oregon,100000,2020-10-17,0.0
Oregon,100000,2020-10-17,3.6
Oregon,100000,2020-10-17,3.6
Oregon,100000,2020-10-24,0.0
Oregon,100000,2020-10-24,3.5
Oregon,100000,2020-10-24,3.5
Oregon,100000,2020-10-31,0.0
Oregon,100000,2020-10-31,3.7
Oregon,100000,2020-10-31,3.7
Oregon,100000,2020-11-07,0.0
Oregon,100000,2020-11-07,7.4
Oregon,100000,2020-11-07,7.4
Oregon,100000,2020-11-14,0.0
Oregon,100000,2020-11-14,9.6
Oregon,100000,2020-11-14,9.6
Oregon,100000,2020-11-21,0.0
Oregon,100000,2020-11-21,11.0
Oregon,100000,2020-11-21,11.0
Oregon,100000,2020-11-28,0.0
Oregon,100000,2020-11-28,13.3
Oregon,100000,2020-11-28,13.3
Oregon,100000,2020-12-05,0.0
Oregon,100000,2020-12-05,13.0
Oregon,100000,2020-12-05,13.0
Oregon,100000,2020-12-12,0.0
Oregon,100000,2020-12-12,11.5
Oregon,100000,2020-12-12,11.5
Oregon,100000,2020-12-19,0.0
Oregon,100000,2020-12-19,11.5
Oregon,100000,2020-12-19,11.5
Oregon,100000,2020-12-26,0.0
Oregon,100000,2020-12-26,8.8
Oregon,100000,2020-12-26,8.8
Oregon,100000,2021-01-02,0.0
Oregon,100000,2021-01-02,8.9
Oregon,100000,2021-01-02,8.9
Oregon,100000,2021-01-09,0.1
Oregon,100000,2021-01-09,9.5
Oregon,100000,2021-01-09,9.6
Oregon,100000,2021-01-16,0.0
Oregon,100000,2021-01-16,7.3
Oregon,100000,2021-01-16,7.3
Oregon,100000,2021-01-23,0.0
Oregon,100000,2021-01-23,6.0
Oregon,100000,2021-01-23,6.0
Oregon,100000,2021-01-30,0.0
Oregon,100000,2021-01-30,5.9
Oregon,100000,2021-01-30,5.9
Oregon,100000,2021-02-06,0.0
Oregon,100000,2021-02-06,5.0
Oregon,100000,2021-02-06,5.0
Oregon,100000,2021-02-13,0.0
Oregon,100000,2021-02-13,4.3
Oregon,100000,2021-02-13,4.3
Oregon,100000,2021-02-20,0.0
Oregon,100000,2021-02-20,2.9
Oregon,100000,2021-02-20,2.9
Oregon,100000,2021-02-27,0.0
Oregon,100000,2021-02-27,2.5
Oregon,100000,2021-02-27,2.5
Oregon,100000,2021-03-06,0.0
Oregon,100000,2021-03-06,2.4
Oregon,100000,2021-03-06,2.4
Oregon,100000,2021-03-13,0.0
Oregon,100000,2021-03-13,2.9
Oregon,100000,2021-03-13,2.9
Oregon,100000,2021-03-20,0.0
Oregon,100000,2021-03-20,2.6
Oregon,100000,2021-03-20,2.6
Oregon,100000,2021-03-27,0.0
Oregon,100000,2021-03-27,2.6
Oregon,100000,2021-03-27,2.6
Oregon,100000,2021-04-03,0.0
Oregon,100000,2021-04-03,2.9
Oregon,100000,2021-04-03,2.9
Oregon,100000,2021-04-10,0.0
Oregon,100000,2021-04-10,3.7
Oregon,100000,2021-04-10,3.7
Oregon,100000,2021-04-17,0.0
Oregon,100000,2021-04-17,4.2
Oregon,100000,2021-04-17,4.2
Oregon,100000,2021-04-24,0.0
Oregon,100000,2021-04-24,5.6
Oregon,100000,2021-04-24,5.6
Oregon,100000,2021-05-01,0.0
Oregon,100000,2021-05-01,6.2
Oregon,100000,2021-05-01,6.2
Oregon,100000,2021-05-08,0.0
Oregon,100000,2021-05-08,5.8
Oregon,100000,2021-05-08,5.8
Oregon,100000,2021-05-15,0.0
Oregon,100000,2021-05-15,5.7
Oregon,100000,2021-05-15,5.7
Oregon,100000,2021-05-22,0.0
Oregon,100000,2021-05-22,4.7
Oregon,100000,2021-05-22,4.7
Oregon,100000,2021-05-29,0.0
Oregon,100000,2021-05-29,4.1
Oregon,100000,2021-05-29,4.1
Oregon,100000,2021-06-05,0.0
Oregon,100000,2021-06-05,3.3
Oregon,100000,2021-06-05,3.3
Oregon,100000,2021-06-12,0.0
Oregon,100000,2021-06-12,2.6
Oregon,100000,2021-06-12,2.6
Oregon,100000,2021-06-19,0.0
Oregon,100000,2021-06-19,2.6
Oregon,100000,2021-06-19,2.6
Oregon,100000,2021-06-26,0.0
Oregon,100000,2021-06-26,2.6
Oregon,100000,2021-06-26,2.6
Oregon,100000,2021-07-03,0.0
Oregon,100000,2021-07-03,2.2
Oregon,100000,2021-07-03,2.2
Oregon,100000,2021-07-10,0.0
Oregon,100000,2021-07-10,1.5
Oregon,100000,2021-07-10,1.5
Oregon,100000,2021-07-17,0.0
Oregon,100000,2021-07-17,1.6
Oregon,100000,2021-07-17,1.6
Oregon,100000,2021-07-24,0.1
Oregon,100000,2021-07-24,2.1
Oregon,100000,2021-07-24,2.2
Oregon,100000,2021-07-31,0.0
Oregon,100000,2021-07-31,3.2
Oregon,100000,2021-07-31,3.2
Oregon,100000,2021-08-07,0.1
Oregon,100000,2021-08-07,6.0
Oregon,100000,2021-08-07,6.1
Oregon,100000,2021-08-14,0.0
Oregon,100000,2021-08-14,6.2
Oregon,100000,2021-08-14,6.2
Oregon,100000,2021-08-21,0.1
Oregon,100000,2021-08-21,6.1
Oregon,100000,2021-08-21,6.199999999999999
Oregon,100000,2021-08-28,0.2
Oregon,100000,2021-08-28,7.1
Oregon,100000,2021-08-28,7.3
Oregon,100000,2021-09-04,0.1
Oregon,100000,2021-09-04,8.0
Oregon,100000,2021-09-04,8.1
Oregon,100000,2021-09-11,0.0
Oregon,100000,2021-09-11,9.6
Oregon,100000,2021-09-11,9.6
Oregon,100000,2021-09-18,0.3
Oregon,100000,2021-09-18,9.0
Oregon,100000,2021-09-18,9.3
Oregon,100000,2021-09-25,0.1
Oregon,100000,2021-09-25,7.4
Oregon,100000,2021-09-25,7.5
Oregon,100000,2021-10-02,0.0
Oregon,100000,2021-10-02,6.4
Oregon,100000,2021-10-02,6.4
Oregon,100000,2021-10-09,0.5
Oregon,100000,2021-10-09,6.5
Oregon,100000,2021-10-09,7.0
Oregon,100000,2021-10-09,0.0
Oregon,100000,2021-10-16,0.4
Oregon,100000,2021-10-16,5.6
Oregon,100000,2021-10-16,6.0
Oregon,100000,2021-10-16,0.0
Oregon,100000,2021-10-23,0.6
Oregon,100000,2021-10-23,6.7
Oregon,100000,2021-10-23,7.3
Oregon,100000,2021-10-23,0.0
Oregon,100000,2021-10-30,0.3
Oregon,100000,2021-10-30,6.1
Oregon,100000,2021-10-30,6.3999999999999995
Oregon,100000,2021-10-30,0.0
Oregon,100000,2021-11-06,0.7
Oregon,100000,2021-11-06,6.1
Oregon,100000,2021-11-06,6.8
Oregon,100000,2021-11-06,0.0
Oregon,100000,2021-11-13,0.9
Oregon,100000,2021-11-13,4.3
Oregon,100000,2021-11-13,5.2
Oregon,100000,2021-11-13,0.0
Oregon,100000,2021-11-20,0.9
Oregon,100000,2021-11-20,4.7
Oregon,100000,2021-11-20,5.6000000000000005
Oregon,100000,2021-11-20,0.0
Oregon,100000,2021-11-27,0.8
Oregon,100000,2021-11-27,5.9
Oregon,100000,2021-11-27,6.7
Oregon,100000,2021-11-27,0.0
Oregon,100000,2021-12-04,0.4
Oregon,100000,2021-12-04,5.9
Oregon,100000,2021-12-04,6.4
Oregon,100000,2021-12-04,0.1
Oregon,100000,2021-12-11,0.9
Oregon,100000,2021-12-11,5.0
Oregon,100000,2021-12-11,6.0
Oregon,100000,2021-12-11,0.1
Oregon,100000,2021-12-18,1.6
Oregon,100000,2021-12-18,4.4
Oregon,100000,2021-12-18,6.200000000000001
Oregon,100000,2021-12-18,0.2
Oregon,100000,2021-12-25,1.5
Oregon,100000,2021-12-25,5.0
Oregon,100000,2021-12-25,6.6
Oregon,100000,2021-12-25,0.1
Oregon,100000,2022-01-01,1.6
Oregon,100000,2022-01-01,9.7
Oregon,100000,2022-01-01,11.3
Oregon,100000,2022-01-01,0.0
Oregon,100000,2022-01-08,0.8
Oregon,100000,2022-01-08,14.4
Oregon,100000,2022-01-08,15.2
Oregon,100000,2022-01-08,0.0
Oregon,100000,2022-01-15,0.3
Oregon,100000,2022-01-15,18.2
Oregon,100000,2022-01-15,18.5
Oregon,100000,2022-01-15,0.0
Oregon,100000,2022-01-22,0.2
Oregon,100000,2022-01-22,19.4
Oregon,100000,2022-01-22,19.6
Oregon,100000,2022-01-22,0.0
Oregon,100000,2022-01-29,0.1
Oregon,100000,2022-01-29,16.6
Oregon,100000,2022-01-29,16.700000000000003
Oregon,100000,2022-01-29,0.0
Oregon,100000,2022-02-05,0.3
Oregon,100000,2022-02-05,14.0
Oregon,100000,2022-02-05,14.3
Oregon,100000,2022-02-05,0.0
Oregon,100000,2022-02-12,0.2
Oregon,100000,2022-02-12,11.9
Oregon,100000,2022-02-12,12.1
Oregon,100000,2022-02-12,0.0
Oregon,100000,2022-02-19,0.2
Oregon,100000,2022-02-19,9.3
Oregon,100000,2022-02-19,9.5
Oregon,100000,2022-02-19,0.0
Oregon,100000,2022-02-26,0.0
Oregon,100000,2022-02-26,7.2
Oregon,100000,2022-02-26,7.3
Oregon,100000,2022-02-26,0.1
Oregon,100000,2022-03-05,0.1
Oregon,100000,2022-03-05,6.1
Oregon,100000,2022-03-05,6.199999999999999
Oregon,100000,2022-03-05,0.0
Oregon,100000,2022-03-12,0.2
Oregon,100000,2022-03-12,4.4
Oregon,100000,2022-03-12,4.7
Oregon,100000,2022-03-12,0.1
Oregon,100000,2022-03-19,0.2
Oregon,100000,2022-03-19,3.1
Oregon,100000,2022-03-19,3.4000000000000004
Oregon,100000,2022-03-19,0.1
Oregon,100000,2022-03-26,0.0
Oregon,100000,2022-03-26,2.5
Oregon,100000,2022-03-26,2.6
Oregon,100000,2022-03-26,0.1
Oregon,100000,2022-04-02,0.1
Oregon,100000,2022-04-02,3.0
Oregon,100000,2022-04-02,3.2
Oregon,100000,2022-04-02,0.1
Oregon,100000,2022-04-09,0.0
Oregon,100000,2022-04-09,2.7
Oregon,100000,2022-04-09,2.9000000000000004
Oregon,100000,2022-04-09,0.2
Oregon,100000,2022-04-16,0.3
Oregon,100000,2022-04-16,2.8
Oregon,100000,2022-04-16,3.3
Oregon,100000,2022-04-16,0.2
Oregon,100000,2022-04-23,0.2
Oregon,100000,2022-04-23,3.7
Oregon,100000,2022-04-23,4.4
Oregon,100000,2022-04-23,0.5
Oregon,100000,2022-04-30,0.3
Oregon,100000,2022-04-30,4.8
Oregon,100000,2022-04-30,5.3
Oregon,100000,2022-04-30,0.2
Oregon,100000,2022-05-07,0.2
Oregon,100000,2022-05-07,5.5
Oregon,100000,2022-05-07,6.1000000000000005
Oregon,100000,2022-05-07,0.4
Oregon,100000,2022-05-14,0.0
Oregon,100000,2022-05-14,7.5
Oregon,100000,2022-05-14,8.2
Oregon,100000,2022-05-14,0.7
Oregon,100000,2022-05-21,0.0
Oregon,100000,2022-05-21,7.9
Oregon,100000,2022-05-21,8.4
Oregon,100000,2022-05-21,0.5
Oregon,100000,2022-05-28,0.0
Oregon,100000,2022-05-28,8.3
Oregon,100000,2022-05-28,8.5
Oregon,100000,2022-05-28,0.2
Oregon,100000,2022-06-04,0.0
Oregon,100000,2022-06-04,9.1
Oregon,100000,2022-06-04,9.6
Oregon,100000,2022-06-04,0.5
Oregon,100000,2022-06-11,0.0
Oregon,100000,2022-06-11,8.6
Oregon,100000,2022-06-11,8.9
Oregon,100000,2022-06-11,0.3
Oregon,100000,2022-06-18,0.0
Oregon,100000,2022-06-18,8.3
Oregon,100000,2022-06-18,8.3
Oregon,100000,2022-06-25,0.0
Oregon,100000,2022-06-25,10.0
Oregon,100000,2022-06-25,10.0
Oregon,100000,2022-07-02,0.1
Oregon,100000,2022-07-02,9.4
Oregon,100000,2022-07-02,9.5
Oregon,100000,2022-07-09,0.3
Oregon,100000,2022-07-09,9.4
Oregon,100000,2022-07-09,9.7
Oregon,100000,2022-07-16,0.1
Oregon,100000,2022-07-16,10.0
Oregon,100000,2022-07-16,10.1
Oregon,100000,2022-07-23,0.3
Oregon,100000,2022-07-23,9.4
Oregon,100000,2022-07-23,9.7
Oregon,100000,2022-07-30,0.0
Oregon,100000,2022-07-30,9.5
Oregon,100000,2022-07-30,9.5
Oregon,100000,2022-08-06,0.1
Oregon,100000,2022-08-06,8.7
Oregon,100000,2022-08-06,8.799999999999999
Oregon,100000,2022-08-13,0.1
Oregon,100000,2022-08-13,8.1
Oregon,100000,2022-08-13,8.2
Oregon,100000,2022-08-20,0.1
Oregon,100000,2022-08-20,8.1
Oregon,100000,2022-08-20,8.2
Oregon,100000,2022-08-27,0.2
Oregon,100000,2022-08-27,7.1
Oregon,100000,2022-08-27,7.3
Oregon,100000,2022-09-03,0.1
Oregon,100000,2022-09-03,6.3
Oregon,100000,2022-09-03,6.3999999999999995
Oregon,100000,2022-09-10,0.1
Oregon,100000,2022-09-10,5.6
Oregon,100000,2022-09-10,5.699999999999999
Oregon,100000,2022-09-17,0.1
Oregon,100000,2022-09-17,5.2
Oregon,100000,2022-09-17,5.3
Oregon,100000,2022-09-24,0.2
Oregon,100000,2022-09-24,5.4
Oregon,100000,2022-09-24,5.6000000000000005
Oregon,100000,2022-10-01,0.0
Oregon,100000,2022-10-01,6.8
Oregon,100000,2022-10-01,6.8
Oregon,100000,2022-10-08,0.3
Oregon,100000,2022-10-08,5.5
Oregon,100000,2022-10-08,5.8999999999999995
Oregon,100000,2022-10-08,0.1
Oregon,100000,2022-10-15,0.5
Oregon,100000,2022-10-15,5.8
Oregon,100000,2022-10-15,6.3999999999999995
Oregon,100000,2022-10-15,0.1
Oregon,100000,2022-10-22,0.7
Oregon,100000,2022-10-22,4.7
Oregon,100000,2022-10-22,5.6000000000000005
Oregon,100000,2022-10-22,0.2
Oregon,100000,2022-10-29,0.7
Oregon,100000,2022-10-29,4.9
Oregon,100000,2022-10-29,5.7
Oregon,100000,2022-10-29,0.1
Oregon,100000,2022-11-05,2.3
Oregon,100000,2022-11-05,4.8
Oregon,100000,2022-11-05,7.9
Oregon,100000,2022-11-05,0.8
Oregon,100000,2022-11-12,1.8
Oregon,100000,2022-11-12,5.8
Oregon,100000,2022-11-12,9.1
Oregon,100000,2022-11-12,1.5
Oregon,100000,2022-11-19,3.5
Oregon,100000,2022-11-19,7.4
Oregon,100000,2022-11-19,14.1
Oregon,100000,2022-11-19,3.2
Oregon,100000,2022-11-26,3.2
Oregon,100000,2022-11-26,8.5
Oregon,100000,2022-11-26,18.1
Oregon,100000,2022-11-26,6.4
Oregon,100000,2022-12-03,4.9
Oregon,100000,2022-12-03,10.8
Oregon,100000,2022-12-03,26.5
Oregon,100000,2022-12-03,10.8
Oregon,100000,2022-12-10,3.7
Oregon,100000,2022-12-10,9.6
Oregon,100000,2022-12-10,21.9
Oregon,100000,2022-12-10,8.6
Oregon,100000,2022-12-17,2.9
Oregon,100000,2022-12-17,8.0
Oregon,100000,2022-12-17,19.5
Oregon,100000,2022-12-17,8.6
Oregon,100000,2022-12-24,2.3
Oregon,100000,2022-12-24,6.3
Oregon,100000,2022-12-24,14.8
Oregon,100000,2022-12-24,6.2
Oregon,100000,2022-12-31,2.4
Oregon,100000,2022-12-31,6.5
Oregon,100000,2022-12-31,14.8
Oregon,100000,2022-12-31,5.9
Oregon,100000,2023-01-07,1.8
Oregon,100000,2023-01-07,6.0
Oregon,100000,2023-01-07,11.1
Oregon,100000,2023-01-07,3.3
Oregon,100000,2023-01-14,1.1
Oregon,100000,2023-01-14,4.8
Oregon,100000,2023-01-14,7.5
Oregon,100000,2023-01-14,1.6
Oregon,100000,2023-01-21,1.2
Oregon,100000,2023-01-21,4.8
Oregon,100000,2023-01-21,6.2
Oregon,100000,2023-01-21,0.2
Oregon,100000,2023-01-28,0.7
Oregon,100000,2023-01-28,5.4
Oregon,100000,2023-01-28,6.2
Oregon,100000,2023-01-28,0.1
Oregon,100000,2023-02-04,0.7
Oregon,100000,2023-02-04,4.4
Oregon,100000,2023-02-04,5.2
Oregon,100000,2023-02-04,0.1
Oregon,100000,2023-02-11,0.4
Oregon,100000,2023-02-11,4.9
Oregon,100000,2023-02-11,5.4
Oregon,100000,2023-02-11,0.1
Oregon,100000,2023-02-18,0.6
Oregon,100000,2023-02-18,5.2
Oregon,100000,2023-02-18,5.8
Oregon,100000,2023-02-18,0.0
Oregon,100000,2023-02-25,0.3
Oregon,100000,2023-02-25,4.8
Oregon,100000,2023-02-25,5.199999999999999
Oregon,100000,2023-02-25,0.1
Oregon,100000,2023-03-04,0.2
Oregon,100000,2023-03-04,4.6
Oregon,100000,2023-03-04,4.8999999999999995
Oregon,100000,2023-03-04,0.1
Oregon,100000,2023-03-11,0.2
Oregon,100000,2023-03-11,3.5
Oregon,100000,2023-03-11,3.8
Oregon,100000,2023-03-11,0.1
Oregon,100000,2023-03-18,0.3
Oregon,100000,2023-03-18,4.4
Oregon,100000,2023-03-18,5.0
Oregon,100000,2023-03-18,0.3
Oregon,100000,2023-03-25,0.1
Oregon,100000,2023-03-25,4.3
Oregon,100000,2023-03-25,4.499999999999999
Oregon,100000,2023-03-25,0.1
Oregon,100000,2023-04-01,0.1
Oregon,100000,2023-04-01,3.8
Oregon,100000,2023-04-01,3.9
Oregon,100000,2023-04-01,0.0
Oregon,100000,2023-04-08,0.1
Oregon,100000,2023-04-08,3.1
Oregon,100000,2023-04-08,3.3000000000000003
Oregon,100000,2023-04-08,0.1
Oregon,100000,2023-04-15,0.2
Oregon,100000,2023-04-15,2.8
Oregon,100000,2023-04-15,3.0
Oregon,100000,2023-04-15,0.0
Oregon,100000,2023-04-22,0.1
Oregon,100000,2023-04-22,3.5
Oregon,100000,2023-04-22,3.6
Oregon,100000,2023-04-22,0.0
Oregon,100000,2023-04-29,0.0
Oregon,100000,2023-04-29,2.7
Oregon,100000,2023-04-29,2.7
Oregon,100000,2023-04-29,0.0
Oregon,100000,2023-05-06,0.1
Oregon,100000,2023-05-06,2.5
Oregon,100000,2023-05-06,2.6
Oregon,100000,2023-05-06,0.0
Oregon,100000,2023-05-13,0.0
Oregon,100000,2023-05-13,2.1
Oregon,100000,2023-05-13,2.1
Oregon,100000,2023-05-20,0.0
Oregon,100000,2023-05-20,2.2
Oregon,100000,2023-05-20,2.2
Oregon,100000,2023-05-27,0.0
Oregon,100000,2023-05-27,1.7
Oregon,100000,2023-05-27,1.7
Oregon,100000,2023-06-03,0.0
Oregon,100000,2023-06-03,1.9
Oregon,100000,2023-06-03,1.9
Oregon,100000,2023-06-10,0.1
Oregon,100000,2023-06-10,1.9
Oregon,100000,2023-06-10,2.0
Oregon,100000,2023-06-17,0.0
Oregon,100000,2023-06-17,1.4
Oregon,100000,2023-06-17,1.4
Oregon,100000,2023-06-24,0.1
Oregon,100000,2023-06-24,1.4
Oregon,100000,2023-06-24,1.5
Oregon,100000,2023-07-01,0.0
Oregon,100000,2023-07-01,1.0
Oregon,100000,2023-07-01,1.0
Oregon,100000,2023-07-08,0.0
Oregon,100000,2023-07-08,1.5
Oregon,100000,2023-07-08,1.5
Oregon,100000,2023-07-15,0.0
Oregon,100000,2023-07-15,2.1
Oregon,100000,2023-07-15,2.1
Oregon,100000,2023-07-22,0.1
Oregon,100000,2023-07-22,1.6
Oregon,100000,2023-07-22,1.7000000000000002
Oregon,100000,2023-07-29,0.0
Oregon,100000,2023-07-29,1.6
Oregon,100000,2023-07-29,1.6
Oregon,100000,2023-08-05,0.1
Oregon,100000,2023-08-05,2.3
Oregon,100000,2023-08-05,2.4
Oregon,100000,2023-08-12,0.1
Oregon,100000,2023-08-12,2.2
Oregon,100000,2023-08-12,2.3000000000000003
Oregon,100000,2023-08-19,0.0
Oregon,100000,2023-08-19,3.1
Oregon,100000,2023-08-19,3.1
Oregon,100000,2023-08-26,0.1
Oregon,100000,2023-08-26,4.1
Oregon,100000,2023-08-26,4.199999999999999
Oregon,100000,2023-09-02,0.0
Oregon,100000,2023-09-02,4.2
Oregon,100000,2023-09-02,4.2
Oregon,100000,2023-09-09,0.1
Oregon,100000,2023-09-09,4.8
Oregon,100000,2023-09-09,4.8999999999999995
Oregon,100000,2023-09-16,0.1
Oregon,100000,2023-09-16,4.6
Oregon,100000,2023-09-16,4.699999999999999
Oregon,100000,2023-09-23,0.2
Oregon,100000,2023-09-23,3.9
Oregon,100000,2023-09-23,4.1
Oregon,100000,2023-09-30,0.0
Oregon,100000,2023-09-30,7.0
Oregon,100000,2023-09-30,7.0
Oregon,100000,2023-10-07,0.3
Oregon,100000,2023-10-07,5.7
Oregon,100000,2023-10-07,0.4
Oregon,100000,2023-10-07,6.4
Oregon,100000,2023-10-14,0.3
Oregon,100000,2023-10-14,4.6
Oregon,100000,2023-10-14,0.3
Oregon,100000,2023-10-14,5.199999999999999
Oregon,100000,2023-10-21,0.1
Oregon,100000,2023-10-21,4.3
Oregon,100000,2023-10-21,0.1
Oregon,100000,2023-10-21,4.499999999999999
Oregon,100000,2023-10-28,0.2
Oregon,100000,2023-10-28,3.9
Oregon,100000,2023-10-28,0.1
Oregon,100000,2023-10-28,4.2
Oregon,100000,2023-11-04,0.8
Oregon,100000,2023-11-04,4.3
Oregon,100000,2023-11-04,0.2
Oregon,100000,2023-11-04,5.3
Oregon,100000,2023-11-11,0.7
Oregon,100000,2023-11-11,3.8
Oregon,100000,2023-11-11,0.2
Oregon,100000,2023-11-11,4.7
Oregon,100000,2023-11-18,1.2
Oregon,100000,2023-11-18,2.9
Oregon,100000,2023-11-18,0.5
Oregon,100000,2023-11-18,4.6
Oregon,100000,2023-11-25,1.4
Oregon,100000,2023-11-25,3.5
Oregon,100000,2023-11-25,0.4
Oregon,100000,2023-11-25,5.3
Oregon,100000,2023-12-02,1.3
Oregon,100000,2023-12-02,4.3
Oregon,100000,2023-12-02,0.4
Oregon,100000,2023-12-02,6.0
Oregon,100000,2023-12-09,1.5
Oregon,100000,2023-12-09,4.5
Oregon,100000,2023-12-09,0.7
Oregon,100000,2023-12-09,6.7
Oregon,100000,2023-12-16,1.5
Oregon,100000,2023-12-16,3.6
Oregon,100000,2023-12-16,1.1
Oregon,100000,2023-12-16,6.2
Oregon,100000,2023-12-23,2.5
Oregon,100000,2023-12-23,3.7
Oregon,100000,2023-12-23,1.5
Oregon,100000,2023-12-23,7.7
Oregon,100000,2023-12-30,2.3
Oregon,100000,2023-12-30,6.3
Oregon,100000,2023-12-30,2.6
Oregon,100000,2023-12-30,11.2
Oregon,100000,2024-01-06,1.9
Oregon,100000,2024-01-06,6.8
Oregon,100000,2024-01-06,4.4
Oregon,100000,2024-01-06,13.1
Oregon,100000,2024-01-13,2.0
Oregon,100000,2024-01-13,5.5
Oregon,100000,2024-01-13,2.6
Oregon,100000,2024-01-13,10.1
Oregon,100000,2024-01-20,1.5
Oregon,100000,2024-01-20,5.5
Oregon,100000,2024-01-20,2.3
Oregon,100000,2024-01-20,9.3
Oregon,100000,2024-01-27,1.5
Oregon,100000,2024-01-27,3.8
Oregon,100000,2024-01-27,2.4
Oregon,100000,2024-01-27,7.699999999999999
Oregon,100000,2024-02-03,1.1
Oregon,100000,2024-02-03,3.5
Oregon,100000,2024-02-03,1.7
Oregon,100000,2024-02-03,6.300000000000001
Oregon,100000,2024-02-10,0.8
Oregon,100000,2024-02-10,2.8
Oregon,100000,2024-02-10,2.0
Oregon,100000,2024-02-10,5.6
Oregon,100000,2024-02-17,0.6
Oregon,100000,2024-02-17,4.5
Oregon,100000,2024-02-17,1.5
Oregon,100000,2024-02-17,6.6
Oregon,100000,2024-02-24,0.3
Oregon,100000,2024-02-24,4.0
Oregon,100000,2024-02-24,1.5
Oregon,100000,2024-02-24,5.8
Oregon,100000,2024-03-02,0.4
Oregon,100000,2024-03-02,3.3
Oregon,100000,2024-03-02,1.1
Oregon,100000,2024-03-02,4.800000000000001
Oregon,100000,2024-03-09,0.3
Oregon,100000,2024-03-09,1.7
Oregon,100000,2024-03-09,0.8
Oregon,100000,2024-03-09,2.8
Oregon,100000,2024-03-16,0.2
Oregon,100000,2024-03-16,1.9
Oregon,100000,2024-03-16,1.0
Oregon,100000,2024-03-16,3.1
Oregon,100000,2024-03-23,0.8
Oregon,100000,2024-03-23,1.9
Oregon,100000,2024-03-23,1.4
Oregon,100000,2024-03-23,4.1
Oregon,100000,2024-03-30,0.2
Oregon,100000,2024-03-30,1.5
Oregon,100000,2024-03-30,1.2
Oregon,100000,2024-03-30,2.9000000000000004
Oregon,100000,2024-04-06,0.1
Oregon,100000,2024-04-06,1.3
Oregon,100000,2024-04-06,1.2
Oregon,100000,2024-04-06,2.6
Oregon,100000,2024-04-13,0.2
Oregon,100000,2024-04-13,1.3
Oregon,100000,2024-04-13,0.6
Oregon,100000,2024-04-13,2.1
Oregon,100000,2024-04-20,0.1
Oregon,100000,2024-04-20,0.9
Oregon,100000,2024-04-20,0.7
Oregon,100000,2024-04-20,1.7000000000000002
Oregon,100000,2024-04-27,0.1
Oregon,100000,2024-04-27,0.6
Oregon,100000,2024-04-27,0.4
Oregon,100000,2024-04-27,1.1
Oregon,100000,2024-05-04,0.0
Oregon,100000,2024-05-04,0.9
Oregon,100000,2024-05-04,0.1
Oregon,100000,2024-05-04,1.0
Oregon,100000,2024-05-11,0.0
Oregon,100000,2024-05-11,1.3
Oregon,100000,2024-05-11,0.6
Oregon,100000,2024-05-11,1.9
Oregon,100000,2024-05-18,0.0
Oregon,100000,2024-05-18,0.9
Oregon,100000,2024-05-18,0.7
Oregon,100000,2024-05-18,1.6
Oregon,100000,2024-05-25,0.0
Oregon,100000,2024-05-25,1.2
Oregon,100000,2024-05-25,0.3
Oregon,100000,2024-05-25,1.5
Oregon,100000,2024-06-01,0.0
Oregon,100000,2024-06-01,1.7
Oregon,100000,2024-06-01,0.7
Oregon,100000,2024-06-01,2.4
Oregon,100000,2024-06-08,0.0
Oregon,100000,2024-06-08,2.3
Oregon,100000,2024-06-08,0.4
Oregon,100000,2024-06-08,2.6999999999999997
Oregon,100000,2024-06-15,0.0
Oregon,100000,2024-06-15,3.2
Oregon,100000,2024-06-15,0.2
Oregon,100000,2024-06-15,3.4000000000000004
Oregon,100000,2024-06-22,0.0
Oregon,100000,2024-06-22,3.2
Oregon,100000,2024-06-22,0.6
Oregon,100000,2024-06-22,3.8
Oregon,100000,2024-06-29,0.0
Oregon,100000,2024-06-29,4.0
Oregon,100000,2024-06-29,0.2
Oregon,100000,2024-06-29,4.2
Oregon,100000,2024-07-06,0.0
Oregon,100000,2024-07-06,3.9
Oregon,100000,2024-07-06,0.4
Oregon,100000,2024-07-06,4.3
Oregon,100000,2024-07-13,0.0
Oregon,100000,2024-07-13,3.7
Oregon,100000,2024-07-13,0.3
Oregon,100000,2024-07-13,4.0
Oregon,100000,2024-07-20,0.0
Oregon,100000,2024-07-20,2.6
Oregon,100000,2024-07-20,0.2
Oregon,100000,2024-07-20,2.8000000000000003
Oregon,100000,2024-07-27,0.0
Oregon,100000,2024-07-27,5.0
Oregon,100000,2024-07-27,0.1
Oregon,100000,2024-07-27,5.1
Oregon,100000,2024-08-03,0.0
Oregon,100000,2024-08-03,3.3
Oregon,100000,2024-08-03,0.0
Oregon,100000,2024-08-03,3.3
Oregon,100000,2024-08-10,0.0
Oregon,100000,2024-08-10,4.2
Oregon,100000,2024-08-10,0.2
Oregon,100000,2024-08-10,4.4
Oregon,100000,2024-08-17,0.0
Oregon,100000,2024-08-17,2.7
Oregon,100000,2024-08-17,0.1
Oregon,100000,2024-08-17,2.8000000000000003
Oregon,100000,2024-08-24,0.0
Oregon,100000,2024-08-24,4.3
Oregon,100000,2024-08-24,0.0
Oregon,100000,2024-08-24,4.3
Oregon,100000,2024-08-31,0.1
Oregon,100000,2024-08-31,3.9
Oregon,100000,2024-08-31,0.1
Oregon,100000,2024-08-31,4.1
Oregon,100000,2024-09-07,0.0
Oregon,100000,2024-09-07,4.4
Oregon,100000,2024-09-07,0.1
Oregon,100000,2024-09-07,4.5
Oregon,100000,2024-09-14,0.0
Oregon,100000,2024-09-14,4.0
Oregon,100000,2024-09-14,0.0
Oregon,100000,2024-09-14,4.0
Oregon,100000,2024-09-21,0.0
Oregon,100000,2024-09-21,4.1
Oregon,100000,2024-09-21,0.1
Oregon,100000,2024-09-21,4.199999999999999
Oregon,100000,2024-09-28,0.0
Oregon,100000,2024-09-28,3.9
Oregon,100000,2024-09-28,0.1
Oregon,100000,2024-09-28,4.0
Oregon,100000,2024-10-05,0.1
Oregon,100000,2024-10-05,3.6
Oregon,100000,2024-10-05,0.0
Oregon,100000,2024-10-05,3.7
Oregon,100000,2024-10-12,0.1
Oregon,100000,2024-10-12,3.5
Oregon,100000,2024-10-12,0.1
Oregon,100000,2024-10-12,3.7
Oregon,100000,2024-10-19,0.1
Oregon,100000,2024-10-19,2.5
Oregon,100000,2024-10-19,0.2
Oregon,100000,2024-10-19,2.8000000000000003
Oregon,100000,2024-10-26,0.0
Oregon,100000,2024-10-26,2.3
Oregon,100000,2024-10-26,0.2
Oregon,100000,2024-10-26,2.5
Oregon,100000,2024-11-02,0.0
Oregon,100000,2024-11-02,1.8
Oregon,100000,2024-11-02,0.0
Oregon,100000,2024-11-02,1.8
Oregon,100000,2024-11-09,0.1
Oregon,100000,2024-11-09,1.4
Oregon,100000,2024-11-09,0.3
Oregon,100000,2024-11-09,1.8
Oregon,100000,2024-11-16,0.2
Oregon,100000,2024-11-16,1.2
Oregon,100000,2024-11-16,0.3
Oregon,100000,2024-11-16,1.7
Oregon,100000,2024-11-23,0.1
Oregon,100000,2024-11-23,1.2
Oregon,100000,2024-11-23,0.7
Oregon,100000,2024-11-23,2.0
Oregon,100000,2024-11-30,0.1
Oregon,100000,2024-11-30,0.8
Oregon,100000,2024-11-30,1.2
Oregon,100000,2024-11-30,2.1
Oregon,100000,2024-12-07,0.2
Oregon,100000,2024-12-07,0.8
Oregon,100000,2024-12-07,2.1
Oregon,100000,2024-12-07,3.1000000000000005
Oregon,100000,2024-12-14,0.9
Oregon,100000,2024-12-14,1.6
Oregon,100000,2024-12-14,4.5
Oregon,100000,2024-12-14,7.0
Oregon,100000,2024-12-21,0.8
Oregon,100000,2024-12-21,1.3
Oregon,100000,2024-12-21,8.5
Oregon,100000,2024-12-21,10.6
Oregon,100000,2024-12-28,2.2
Oregon,100000,2024-12-28,1.6
Oregon,100000,2024-12-28,12.0
Oregon,100000,2024-12-28,15.8
Oregon,100000,2025-01-04,2.8
Oregon,100000,2025-01-04,1.1
Oregon,100000,2025-01-04,8.2
Oregon,100000,2025-01-04,12.099999999999998
Oregon,100000,2025-01-11,1.3
Oregon,100000,2025-01-11,1.0
Oregon,100000,2025-01-11,6.1
Oregon,100000,2025-01-11,8.4
Oregon,100000,2025-01-18,1.5
Oregon,100000,2025-01-18,1.0
Oregon,100000,2025-01-18,5.0
Oregon,100000,2025-01-18,7.5
Oregon,100000,2025-01-25,1.4
Oregon,100000,2025-01-25,1.0
Oregon,100000,2025-01-25,4.9
Oregon,100000,2025-01-25,7.300000000000001
Oregon,100000,2025-02-01,1.9
Oregon,100000,2025-02-01,1.0
Oregon,100000,2025-02-01,7.1
Oregon,100000,2025-02-01,10.0
Oregon,100000,2025-02-08,2.0
Oregon,100000,2025-02-08,1.4
Oregon,100000,2025-02-08,7.0
Oregon,100000,2025-02-08,10.4
Oregon,100000,2025-02-15,2.4
Oregon,100000,2025-02-15,1.4
Oregon,100000,2025-02-15,6.5
Oregon,100000,2025-02-15,10.3
Oregon,100000,2025-02-22,1.9
Oregon,100000,2025-02-22,1.5
Oregon,100000,2025-02-22,5.5
Oregon,100000,2025-02-22,8.9
Oregon,100000,2025-03-01,1.1
Oregon,100000,2025-03-01,1.5
Oregon,100000,2025-03-01,3.7
Oregon,100000,2025-03-01,6.300000000000001
Oregon,100000,2025-03-08,1.0
Oregon,100000,2025-03-08,1.3
Oregon,100000,2025-03-08,2.8
Oregon,100000,2025-03-08,5.1
Oregon,100000,2025-03-15,0.8
Oregon,100000,2025-03-15,1.1
Oregon,100000,2025-03-15,2.3
Oregon,100000,2025-03-15,4.2
Oregon,100000,2025-03-22,1.0
Oregon,100000,2025-03-22,1.0
Oregon,100000,2025-03-22,1.5
Oregon,100000,2025-03-22,3.5
Oregon,100000,2025-03-29,0.6
Oregon,100000,2025-03-29,1.4
Oregon,100000,2025-03-29,1.2
Oregon,100000,2025-03-29,3.1999999999999997
Oregon,100000,2025-04-05,0.6
Oregon,100000,2025-04-05,1.0
Oregon,100000,2025-04-05,1.0
Oregon,100000,2025-04-05,2.6
Oregon,100000,2025-04-12,0.3
Oregon,100000,2025-04-12,0.6
Oregon,100000,2025-04-12,0.6
Oregon,100000,2025-04-12,1.5
Oregon,100000,2025-04-19,0.1
Oregon,100000,2025-04-19,0.7
Oregon,100000,2025-04-19,0.2
Oregon,100000,2025-04-19,1.0
Oregon,100000,2025-04-26,0.1
Oregon,100000,2025-04-26,1.2
Oregon,100000,2025-04-26,0.7
Oregon,100000,2025-04-26,2.0
Oregon,100000,2025-05-03,0.1
Oregon,100000,2025-05-03,1.0
Oregon,100000,2025-05-03,0.5
Oregon,100000,2025-05-03,1.6
Oregon,100000,2025-05-10,0.1
Oregon,100000,2025-05-10,0.9
Oregon,100000,2025-05-10,1.0
Oregon,100000,2025-05-17,0.1
Oregon,100000,2025-05-17,1.4
Oregon,100000,2025-05-17,1.5
Oregon,100000,2025-05-24,0.1
Oregon,100000,2025-05-24,1.5
Oregon,100000,2025-05-24,1.6
Oregon,100000,2025-05-31,0.0
Oregon,100000,2025-05-31,1.1
Oregon,100000,2025-05-31,1.1
Oregon,100000,2025-06-07,0.0
Oregon,100000,2025-06-07,0.9
Oregon,100000,2025-06-07,0.9
Oregon,100000,2025-06-14,0.0
Oregon,100000,2025-06-14,1.0
Oregon,100000,2025-06-14,1.0
Oregon,100000,2025-06-21,0.0
Oregon,100000,2025-06-21,0.7
Oregon,100000,2025-06-21,0.7
Oregon,100000,2025-06-28,0.0
Oregon,100000,2025-06-28,1.5
Oregon,100000,2025-06-28,1.5
Oregon,100000,2025-07-05,0.0
Oregon,100000,2025-07-05,1.3
Oregon,100000,2025-07-05,1.3
Oregon,100000,2025-07-12,0.0
Oregon,100000,2025-07-12,1.1
Oregon,100000,2025-07-12,1.1
Oregon,100000,2025-07-19,0.0
Oregon,100000,2025-07-19,1.2
Oregon,100000,2025-07-19,1.2
Oregon,100000,2025-07-26,0.0
Oregon,100000,2025-07-26,2.1
Oregon,100000,2025-07-26,2.1
Oregon,100000,2025-08-02,0.0
Oregon,100000,2025-08-02,1.8
Oregon,100000,2025-08-02,1.8
Oregon,100000,2025-08-09,0.0
Oregon,100000,2025-08-09,2.3
Oregon,100000,2025-08-09,2.3
Oregon,100000,2025-08-16,0.0
Oregon,100000,2025-08-16,2.6
Oregon,100000,2025-08-16,2.6
Oregon,100000,2025-08-23,0.0
Oregon,100000,2025-08-23,2.4
Oregon,100000,2025-08-23,2.4
Oregon,100000,2025-08-30,0.0
Oregon,100000,2025-08-30,2.2
Oregon,100000,2025-08-30,2.2
Oregon,100000,2025-09-06,0.0
Oregon,100000,2025-09-06,2.3
Oregon,100000,2025-09-06,2.3
Oregon,100000,2025-09-13,0.0
Oregon,100000,2025-09-13,2.4
Oregon,100000,2025-09-13,2.4
Oregon,100000,2025-09-20,0.0
Oregon,100000,2025-09-20,2.9
Oregon,100000,2025-09-20,2.9
Oregon,100000,2025-09-27,0.0
Oregon,100000,2025-09-27,2.5
Oregon,100000,2025-09-27,2.5
Oregon,100000,2025-10-04,0.0
Oregon,100000,2025-10-04,1.5
Oregon,100000,2025-10-04,1.6
Oregon,100000,2025-10-04,0.1
Oregon,100000,2025-10-11,0.1
Oregon,100000,2025-10-11,2.1
Oregon,100000,2025-10-11,2.3000000000000003
Oregon,100000,2025-10-11,0.1
Oregon,100000,2025-10-18,0.1
Oregon,100000,2025-10-18,1.5
Oregon,100000,2025-10-18,1.6
Oregon,100000,2025-10-18,0.0
Oregon,100000,2025-10-25,0.1
Oregon,100000,2025-10-25,1.3
Oregon,100000,2025-10-25,1.5000000000000002
Oregon,100000,2025-10-25,0.1
Oregon,100000,2025-11-01,0.1
Oregon,100000,2025-11-01,1.0
Oregon,100000,2025-11-01,1.4
Oregon,100000,2025-11-01,0.3
Oregon,100000,2025-11-08,0.1
Oregon,100000,2025-11-08,0.4
Oregon,100000,2025-11-08,1.0
Oregon,100000,2025-11-08,0.5
Overall,100000,2018-10-06,0.1
Overall,100000,2018-10-06,0.1
Overall,100000,2018-10-06,0.2
Overall,100000,2018-10-13,0.2
Overall,100000,2018-10-13,0.1
Overall,100000,2018-10-13,0.3
Overall,100000,2018-10-20,0.2
Overall,100000,2018-10-20,0.1
Overall,100000,2018-10-20,0.3
Overall,100000,2018-10-27,0.3
Overall,100000,2018-10-27,0.1
Overall,100000,2018-10-27,0.4
Overall,100000,2018-11-03,0.3
Overall,100000,2018-11-03,0.2
Overall,100000,2018-11-03,0.5
Overall,100000,2018-11-10,0.5
Overall,100000,2018-11-10,0.2
Overall,100000,2018-11-10,0.7
Overall,100000,2018-11-17,0.5
Overall,100000,2018-11-17,0.2
Overall,100000,2018-11-17,0.7
Overall,100000,2018-11-24,0.5
Overall,100000,2018-11-24,0.3
Overall,100000,2018-11-24,0.8
Overall,100000,2018-12-01,0.9
Overall,100000,2018-12-01,0.6
Overall,100000,2018-12-01,1.5
Overall,100000,2018-12-08,0.9
Overall,100000,2018-12-08,0.7
Overall,100000,2018-12-08,1.6
Overall,100000,2018-12-15,1.1
Overall,100000,2018-12-15,1.2
Overall,100000,2018-12-15,2.3
Overall,100000,2018-12-22,1.4
Overall,100000,2018-12-22,1.9
Overall,100000,2018-12-22,3.3
Overall,100000,2018-12-29,1.7
Overall,100000,2018-12-29,2.9
Overall,100000,2018-12-29,4.6
Overall,100000,2019-01-05,1.8
Overall,100000,2019-01-05,3.0
Overall,100000,2019-01-05,4.8
Overall,100000,2019-01-12,1.8
Overall,100000,2019-01-12,2.5
Overall,100000,2019-01-12,4.3
Overall,100000,2019-01-19,1.4
Overall,100000,2019-01-19,2.1
Overall,100000,2019-01-19,3.5
Overall,100000,2019-01-26,1.3
Overall,100000,2019-01-26,2.3
Overall,100000,2019-01-26,3.5999999999999996
Overall,100000,2019-02-02,1.5
Overall,100000,2019-02-02,3.0
Overall,100000,2019-02-02,4.5
Overall,100000,2019-02-09,1.4
Overall,100000,2019-02-09,3.5
Overall,100000,2019-02-09,4.9
Overall,100000,2019-02-16,1.2
Overall,100000,2019-02-16,3.8
Overall,100000,2019-02-16,5.0
Overall,100000,2019-02-23,1.2
Overall,100000,2019-02-23,4.6
Overall,100000,2019-02-23,5.8
Overall,100000,2019-03-02,1.1
Overall,100000,2019-03-02,4.6
Overall,100000,2019-03-02,5.699999999999999
Overall,100000,2019-03-09,0.8
Overall,100000,2019-03-09,5.2
Overall,100000,2019-03-09,6.0
Overall,100000,2019-03-16,0.7
Overall,100000,2019-03-16,5.5
Overall,100000,2019-03-16,6.2
Overall,100000,2019-03-23,0.7
Overall,100000,2019-03-23,4.8
Overall,100000,2019-03-23,5.5
Overall,100000,2019-03-30,0.5
Overall,100000,2019-03-30,3.6
Overall,100000,2019-03-30,4.1
Overall,100000,2019-04-06,0.4
Overall,100000,2019-04-06,2.7
Overall,100000,2019-04-06,3.1
Overall,100000,2019-04-13,0.3
Overall,100000,2019-04-13,1.8
Overall,100000,2019-04-13,2.1
Overall,100000,2019-04-20,0.3
Overall,100000,2019-04-20,1.1
Overall,100000,2019-04-20,1.4
Overall,100000,2019-04-27,0.1
Overall,100000,2019-04-27,0.6
Overall,100000,2019-04-27,0.7
Overall,100000,2019-05-04,0.1
Overall,100000,2019-05-04,0.2
Overall,100000,2019-05-04,0.3
Overall,100000,2019-10-05,0.1
Overall,100000,2019-10-05,0.1
Overall,100000,2019-10-05,0.2
Overall,100000,2019-10-12,0.2
Overall,100000,2019-10-12,0.1
Overall,100000,2019-10-12,0.3
Overall,100000,2019-10-19,0.3
Overall,100000,2019-10-19,0.2
Overall,100000,2019-10-19,0.5
Overall,100000,2019-10-26,0.3
Overall,100000,2019-10-26,0.2
Overall,100000,2019-10-26,0.5
Overall,100000,2019-11-02,0.4
Overall,100000,2019-11-02,0.2
Overall,100000,2019-11-02,0.6000000000000001
Overall,100000,2019-11-09,0.6
Overall,100000,2019-11-09,0.3
Overall,100000,2019-11-09,0.8999999999999999
Overall,100000,2019-11-16,0.8
Overall,100000,2019-11-16,0.4
Overall,100000,2019-11-16,1.2000000000000002
Overall,100000,2019-11-23,0.8
Overall,100000,2019-11-23,0.6
Overall,100000,2019-11-23,1.4
Overall,100000,2019-11-30,1.1
Overall,100000,2019-11-30,0.9
Overall,100000,2019-11-30,2.0
Overall,100000,2019-12-07,1.8
Overall,100000,2019-12-07,1.3
Overall,100000,2019-12-07,3.1
Overall,100000,2019-12-14,1.7
Overall,100000,2019-12-14,1.7
Overall,100000,2019-12-14,3.4
Overall,100000,2019-12-21,1.8
Overall,100000,2019-12-21,2.4
Overall,100000,2019-12-21,4.2
Overall,100000,2019-12-28,2.2
Overall,100000,2019-12-28,4.5
Overall,100000,2019-12-28,6.7
Overall,100000,2020-01-04,2.6
Overall,100000,2020-01-04,5.3
Overall,100000,2020-01-04,7.9
Overall,100000,2020-01-11,2.0
Overall,100000,2020-01-11,4.5
Overall,100000,2020-01-11,6.5
Overall,100000,2020-01-18,1.8
Overall,100000,2020-01-18,4.2
Overall,100000,2020-01-18,6.0
Overall,100000,2020-01-25,1.8
Overall,100000,2020-01-25,4.6
Overall,100000,2020-01-25,6.3999999999999995
Overall,100000,2020-02-01,1.7
Overall,100000,2020-02-01,5.3
Overall,100000,2020-02-01,7.0
Overall,100000,2020-02-08,1.5
Overall,100000,2020-02-08,6.0
Overall,100000,2020-02-08,7.5
Overall,100000,2020-02-15,1.4
Overall,100000,2020-02-15,5.0
Overall,100000,2020-02-15,6.4
Overall,100000,2020-02-22,1.2
Overall,100000,2020-02-22,5.0
Overall,100000,2020-02-22,6.2
Overall,100000,2020-02-29,1.0
Overall,100000,2020-02-29,4.4
Overall,100000,2020-02-29,5.4
Overall,100000,2020-03-07,1.0
Overall,100000,2020-03-07,0.1
Overall,100000,2020-03-07,4.0
Overall,100000,2020-03-07,5.1
Overall,100000,2020-03-14,0.8
Overall,100000,2020-03-14,0.6
Overall,100000,2020-03-14,2.8
Overall,100000,2020-03-14,4.2
Overall,100000,2020-03-21,0.6
Overall,100000,2020-03-21,2.9
Overall,100000,2020-03-21,1.3
Overall,100000,2020-03-21,4.8
Overall,100000,2020-03-28,0.3
Overall,100000,2020-03-28,7.6
Overall,100000,2020-03-28,0.3
Overall,100000,2020-03-28,8.2
Overall,100000,2020-04-04,0.2
Overall,100000,2020-04-04,9.5
Overall,100000,2020-04-04,0.1
Overall,100000,2020-04-04,9.8
Overall,100000,2020-04-11,0.1
Overall,100000,2020-04-11,0.1
Overall,100000,2020-04-11,9.2
Overall,100000,2020-04-11,9.4
Overall,100000,2020-04-18,0.1
Overall,100000,2020-04-18,0.0
Overall,100000,2020-04-18,9.9
Overall,100000,2020-04-18,10.0
Overall,100000,2020-04-25,0.0
Overall,100000,2020-04-25,0.0
Overall,100000,2020-04-25,9.5
Overall,100000,2020-04-25,9.5
Overall,100000,2020-05-02,0.0
Overall,100000,2020-05-02,0.0
Overall,100000,2020-05-02,9.4
Overall,100000,2020-05-02,9.4
Overall,100000,2020-05-09,8.3
Overall,100000,2020-05-09,8.3
Overall,100000,2020-05-16,7.7
Overall,100000,2020-05-16,7.7
Overall,100000,2020-05-23,7.4
Overall,100000,2020-05-23,7.4
Overall,100000,2020-05-30,6.1
Overall,100000,2020-05-30,6.1
Overall,100000,2020-06-06,4.9
Overall,100000,2020-06-06,4.9
Overall,100000,2020-06-13,4.0
Overall,100000,2020-06-13,4.0
Overall,100000,2020-06-20,4.0
Overall,100000,2020-06-20,4.0
Overall,100000,2020-06-27,4.6
Overall,100000,2020-06-27,4.6
Overall,100000,2020-07-04,6.0
Overall,100000,2020-07-04,6.0
Overall,100000,2020-07-11,7.7
Overall,100000,2020-07-11,7.7
Overall,100000,2020-07-18,8.1
Overall,100000,2020-07-18,8.1
Overall,100000,2020-07-25,7.6
Overall,100000,2020-07-25,7.6
Overall,100000,2020-08-01,6.9
Overall,100000,2020-08-01,6.9
Overall,100000,2020-08-08,6.3
Overall,100000,2020-08-08,6.3
Overall,100000,2020-08-15,5.7
Overall,100000,2020-08-15,5.7
Overall,100000,2020-08-22,5.2
Overall,100000,2020-08-22,5.2
Overall,100000,2020-08-29,4.4
Overall,100000,2020-08-29,4.4
Overall,100000,2020-09-05,4.1
Overall,100000,2020-09-05,4.1
Overall,100000,2020-09-12,3.9
Overall,100000,2020-09-12,3.9
Overall,100000,2020-09-19,3.8
Overall,100000,2020-09-19,3.8
Overall,100000,2020-09-26,4.3
Overall,100000,2020-09-26,4.3
Overall,100000,2020-10-03,0.0
Overall,100000,2020-10-03,0.0
Overall,100000,2020-10-03,4.4
Overall,100000,2020-10-03,4.4
Overall,100000,2020-10-10,0.0
Overall,100000,2020-10-10,0.0
Overall,100000,2020-10-10,5.5
Overall,100000,2020-10-10,5.5
Overall,100000,2020-10-17,0.0
Overall,100000,2020-10-17,0.0
Overall,100000,2020-10-17,6.3
Overall,100000,2020-10-17,6.3
Overall,100000,2020-10-24,0.0
Overall,100000,2020-10-24,0.0
Overall,100000,2020-10-24,7.5
Overall,100000,2020-10-24,7.5
Overall,100000,2020-10-31,0.0
Overall,100000,2020-10-31,0.0
Overall,100000,2020-10-31,9.2
Overall,100000,2020-10-31,9.2
Overall,100000,2020-11-07,0.0
Overall,100000,2020-11-07,0.0
Overall,100000,2020-11-07,12.2
Overall,100000,2020-11-07,12.2
Overall,100000,2020-11-14,0.0
Overall,100000,2020-11-14,0.0
Overall,100000,2020-11-14,15.8
Overall,100000,2020-11-14,15.8
Overall,100000,2020-11-21,0.0
Overall,100000,2020-11-21,0.0
Overall,100000,2020-11-21,18.0
Overall,100000,2020-11-21,18.0
Overall,100000,2020-11-28,0.0
Overall,100000,2020-11-28,0.0
Overall,100000,2020-11-28,18.7
Overall,100000,2020-11-28,18.7
Overall,100000,2020-12-05,0.1
Overall,100000,2020-12-05,0.0
Overall,100000,2020-12-05,19.6
Overall,100000,2020-12-05,19.700000000000003
Overall,100000,2020-12-12,0.0
Overall,100000,2020-12-12,0.0
Overall,100000,2020-12-12,20.1
Overall,100000,2020-12-12,20.1
Overall,100000,2020-12-19,0.0
Overall,100000,2020-12-19,0.0
Overall,100000,2020-12-19,19.4
Overall,100000,2020-12-19,19.4
Overall,100000,2020-12-26,0.0
Overall,100000,2020-12-26,0.0
Overall,100000,2020-12-26,19.4
Overall,100000,2020-12-26,19.4
Overall,100000,2021-01-02,0.1
Overall,100000,2021-01-02,0.0
Overall,100000,2021-01-02,19.8
Overall,100000,2021-01-02,19.9
Overall,100000,2021-01-09,0.0
Overall,100000,2021-01-09,0.0
Overall,100000,2021-01-09,21.0
Overall,100000,2021-01-09,21.0
Overall,100000,2021-01-16,0.0
Overall,100000,2021-01-16,0.0
Overall,100000,2021-01-16,18.7
Overall,100000,2021-01-16,18.7
Overall,100000,2021-01-23,0.0
Overall,100000,2021-01-23,0.0
Overall,100000,2021-01-23,16.0
Overall,100000,2021-01-23,16.0
Overall,100000,2021-01-30,0.0
Overall,100000,2021-01-30,0.0
Overall,100000,2021-01-30,13.3
Overall,100000,2021-01-30,13.3
Overall,100000,2021-02-06,0.0
Overall,100000,2021-02-06,0.0
Overall,100000,2021-02-06,11.5
Overall,100000,2021-02-06,11.5
Overall,100000,2021-02-13,0.0
Overall,100000,2021-02-13,0.0
Overall,100000,2021-02-13,8.8
Overall,100000,2021-02-13,8.8
Overall,100000,2021-02-20,0.0
Overall,100000,2021-02-20,0.0
Overall,100000,2021-02-20,7.9
Overall,100000,2021-02-20,7.9
Overall,100000,2021-02-27,0.0
Overall,100000,2021-02-27,0.0
Overall,100000,2021-02-27,7.2
Overall,100000,2021-02-27,7.2
Overall,100000,2021-03-06,0.0
Overall,100000,2021-03-06,0.0
Overall,100000,2021-03-06,6.2
Overall,100000,2021-03-06,6.2
Overall,100000,2021-03-13,0.0
Overall,100000,2021-03-13,0.0
Overall,100000,2021-03-13,6.5
Overall,100000,2021-03-13,6.5
Overall,100000,2021-03-20,0.0
Overall,100000,2021-03-20,0.0
Overall,100000,2021-03-20,7.0
Overall,100000,2021-03-20,7.0
Overall,100000,2021-03-27,0.0
Overall,100000,2021-03-27,0.0
Overall,100000,2021-03-27,8.2
Overall,100000,2021-03-27,8.2
Overall,100000,2021-04-03,0.0
Overall,100000,2021-04-03,0.0
Overall,100000,2021-04-03,8.8
Overall,100000,2021-04-03,8.8
Overall,100000,2021-04-10,0.0
Overall,100000,2021-04-10,0.1
Overall,100000,2021-04-10,10.2
Overall,100000,2021-04-10,10.3
Overall,100000,2021-04-17,0.0
Overall,100000,2021-04-17,0.0
Overall,100000,2021-04-17,10.3
Overall,100000,2021-04-17,10.3
Overall,100000,2021-04-24,0.0
Overall,100000,2021-04-24,0.0
Overall,100000,2021-04-24,9.3
Overall,100000,2021-04-24,9.3
Overall,100000,2021-05-01,0.0
Overall,100000,2021-05-01,0.1
Overall,100000,2021-05-01,8.2
Overall,100000,2021-05-01,8.299999999999999
Overall,100000,2021-05-08,0.1
Overall,100000,2021-05-08,7.3
Overall,100000,2021-05-08,7.4
Overall,100000,2021-05-15,0.2
Overall,100000,2021-05-15,5.8
Overall,100000,2021-05-15,6.0
Overall,100000,2021-05-22,0.2
Overall,100000,2021-05-22,4.9
Overall,100000,2021-05-22,5.1000000000000005
Overall,100000,2021-05-29,0.2
Overall,100000,2021-05-29,3.8
Overall,100000,2021-05-29,4.0
Overall,100000,2021-06-05,0.2
Overall,100000,2021-06-05,2.9
Overall,100000,2021-06-05,3.1
Overall,100000,2021-06-12,0.2
Overall,100000,2021-06-12,2.4
Overall,100000,2021-06-12,2.6
Overall,100000,2021-06-19,0.3
Overall,100000,2021-06-19,1.9
Overall,100000,2021-06-19,2.1999999999999997
Overall,100000,2021-06-26,0.3
Overall,100000,2021-06-26,1.8
Overall,100000,2021-06-26,2.1
Overall,100000,2021-07-03,0.4
Overall,100000,2021-07-03,1.7
Overall,100000,2021-07-03,2.1
Overall,100000,2021-07-10,0.4
Overall,100000,2021-07-10,2.3
Overall,100000,2021-07-10,2.6999999999999997
Overall,100000,2021-07-17,0.6
Overall,100000,2021-07-17,3.0
Overall,100000,2021-07-17,3.6
Overall,100000,2021-07-24,0.8
Overall,100000,2021-07-24,4.2
Overall,100000,2021-07-24,5.0
Overall,100000,2021-07-31,0.8
Overall,100000,2021-07-31,6.3
Overall,100000,2021-07-31,7.1
Overall,100000,2021-08-07,0.9
Overall,100000,2021-08-07,8.5
Overall,100000,2021-08-07,9.4
Overall,100000,2021-08-14,0.9
Overall,100000,2021-08-14,10.3
Overall,100000,2021-08-14,11.2
Overall,100000,2021-08-21,0.8
Overall,100000,2021-08-21,11.6
Overall,100000,2021-08-21,12.4
Overall,100000,2021-08-28,0.9
Overall,100000,2021-08-28,12.4
Overall,100000,2021-08-28,13.3
Overall,100000,2021-09-04,0.9
Overall,100000,2021-09-04,12.6
Overall,100000,2021-09-04,13.5
Overall,100000,2021-09-11,0.9
Overall,100000,2021-09-11,11.7
Overall,100000,2021-09-11,12.6
Overall,100000,2021-09-18,0.8
Overall,100000,2021-09-18,10.4
Overall,100000,2021-09-18,11.2
Overall,100000,2021-09-25,0.8
Overall,100000,2021-09-25,9.9
Overall,100000,2021-09-25,10.7
Overall,100000,2021-10-02,1.0
Overall,100000,2021-10-02,9.1
Overall,100000,2021-10-02,10.1
Overall,100000,2021-10-09,0.0
Overall,100000,2021-10-09,0.9
Overall,100000,2021-10-09,9.0
Overall,100000,2021-10-09,9.9
Overall,100000,2021-10-16,0.0
Overall,100000,2021-10-16,1.0
Overall,100000,2021-10-16,8.6
Overall,100000,2021-10-16,9.6
Overall,100000,2021-10-23,0.0
Overall,100000,2021-10-23,1.0
Overall,100000,2021-10-23,8.0
Overall,100000,2021-10-23,9.0
Overall,100000,2021-10-30,0.0
Overall,100000,2021-10-30,1.0
Overall,100000,2021-10-30,8.0
Overall,100000,2021-10-30,9.0
Overall,100000,2021-11-06,0.0
Overall,100000,2021-11-06,1.1
Overall,100000,2021-11-06,8.2
Overall,100000,2021-11-06,9.3
Overall,100000,2021-11-13,0.1
Overall,100000,2021-11-13,1.1
Overall,100000,2021-11-13,9.6
Overall,100000,2021-11-13,10.8
Overall,100000,2021-11-20,0.1
Overall,100000,2021-11-20,1.2
Overall,100000,2021-11-20,10.1
Overall,100000,2021-11-20,11.4
Overall,100000,2021-11-27,0.2
Overall,100000,2021-11-27,1.1
Overall,100000,2021-11-27,10.9
Overall,100000,2021-11-27,12.2
Overall,100000,2021-12-04,0.3
Overall,100000,2021-12-04,1.3
Overall,100000,2021-12-04,12.5
Overall,100000,2021-12-04,14.1
Overall,100000,2021-12-11,0.4
Overall,100000,2021-12-11,1.3
Overall,100000,2021-12-11,13.5
Overall,100000,2021-12-11,15.2
Overall,100000,2021-12-18,0.6
Overall,100000,2021-12-18,1.2
Overall,100000,2021-12-18,13.3
Overall,100000,2021-12-18,15.1
Overall,100000,2021-12-25,0.7
Overall,100000,2021-12-25,1.1
Overall,100000,2021-12-25,16.2
Overall,100000,2021-12-25,18.0
Overall,100000,2022-01-01,1.0
Overall,100000,2022-01-01,1.1
Overall,100000,2022-01-01,28.0
Overall,100000,2022-01-01,30.1
Overall,100000,2022-01-08,0.6
Overall,100000,2022-01-08,0.9
Overall,100000,2022-01-08,35.6
Overall,100000,2022-01-08,37.1
Overall,100000,2022-01-15,0.4
Overall,100000,2022-01-15,0.5
Overall,100000,2022-01-15,34.0
Overall,100000,2022-01-15,34.9
Overall,100000,2022-01-22,0.3
Overall,100000,2022-01-22,0.4
Overall,100000,2022-01-22,27.9
Overall,100000,2022-01-22,28.6
Overall,100000,2022-01-29,0.2
Overall,100000,2022-01-29,0.2
Overall,100000,2022-01-29,21.5
Overall,100000,2022-01-29,21.9
Overall,100000,2022-02-05,0.2
Overall,100000,2022-02-05,0.2
Overall,100000,2022-02-05,15.2
Overall,100000,2022-02-05,15.599999999999998
Overall,100000,2022-02-12,0.2
Overall,100000,2022-02-12,0.1
Overall,100000,2022-02-12,11.3
Overall,100000,2022-02-12,11.6
Overall,100000,2022-02-19,0.2
Overall,100000,2022-02-19,0.2
Overall,100000,2022-02-19,7.6
Overall,100000,2022-02-19,8.0
Overall,100000,2022-02-26,0.3
Overall,100000,2022-02-26,0.2
Overall,100000,2022-02-26,5.9
Overall,100000,2022-02-26,6.4
Overall,100000,2022-03-05,0.3
Overall,100000,2022-03-05,0.1
Overall,100000,2022-03-05,4.4
Overall,100000,2022-03-05,4.8
Overall,100000,2022-03-12,0.4
Overall,100000,2022-03-12,0.2
Overall,100000,2022-03-12,3.2
Overall,100000,2022-03-12,3.8
Overall,100000,2022-03-19,0.6
Overall,100000,2022-03-19,0.2
Overall,100000,2022-03-19,2.7
Overall,100000,2022-03-19,3.5000000000000004
Overall,100000,2022-03-26,0.7
Overall,100000,2022-03-26,0.1
Overall,100000,2022-03-26,2.5
Overall,100000,2022-03-26,3.3000000000000003
Overall,100000,2022-04-02,0.9
Overall,100000,2022-04-02,0.2
Overall,100000,2022-04-02,2.2
Overall,100000,2022-04-02,3.3000000000000003
Overall,100000,2022-04-09,1.1
Overall,100000,2022-04-09,0.2
Overall,100000,2022-04-09,2.6
Overall,100000,2022-04-09,3.9
Overall,100000,2022-04-16,1.1
Overall,100000,2022-04-16,0.2
Overall,100000,2022-04-16,3.2
Overall,100000,2022-04-16,4.500000000000001
Overall,100000,2022-04-23,1.2
Overall,100000,2022-04-23,0.2
Overall,100000,2022-04-23,3.9
Overall,100000,2022-04-23,5.3
Overall,100000,2022-04-30,1.2
Overall,100000,2022-04-30,0.2
Overall,100000,2022-04-30,4.8
Overall,100000,2022-04-30,6.2
Overall,100000,2022-05-07,1.1
Overall,100000,2022-05-07,0.1
Overall,100000,2022-05-07,5.9
Overall,100000,2022-05-07,7.1
Overall,100000,2022-05-14,1.0
Overall,100000,2022-05-14,0.2
Overall,100000,2022-05-14,7.1
Overall,100000,2022-05-14,8.299999999999999
Overall,100000,2022-05-21,0.8
Overall,100000,2022-05-21,0.2
Overall,100000,2022-05-21,7.7
Overall,100000,2022-05-21,8.7
Overall,100000,2022-05-28,0.6
Overall,100000,2022-05-28,0.2
Overall,100000,2022-05-28,7.5
Overall,100000,2022-05-28,8.299999999999999
Overall,100000,2022-06-04,0.5
Overall,100000,2022-06-04,0.3
Overall,100000,2022-06-04,7.7
Overall,100000,2022-06-04,8.5
Overall,100000,2022-06-11,0.3
Overall,100000,2022-06-11,0.3
Overall,100000,2022-06-11,7.6
Overall,100000,2022-06-11,8.2
Overall,100000,2022-06-18,0.4
Overall,100000,2022-06-18,7.4
Overall,100000,2022-06-18,7.800000000000001
Overall,100000,2022-06-25,0.3
Overall,100000,2022-06-25,8.3
Overall,100000,2022-06-25,8.600000000000001
Overall,100000,2022-07-02,0.2
Overall,100000,2022-07-02,8.3
Overall,100000,2022-07-02,8.5
Overall,100000,2022-07-09,0.3
Overall,100000,2022-07-09,9.0
Overall,100000,2022-07-09,9.3
Overall,100000,2022-07-16,0.4
Overall,100000,2022-07-16,9.5
Overall,100000,2022-07-16,9.9
Overall,100000,2022-07-23,0.4
Overall,100000,2022-07-23,9.7
Overall,100000,2022-07-23,10.1
Overall,100000,2022-07-30,0.4
Overall,100000,2022-07-30,9.9
Overall,100000,2022-07-30,10.3
Overall,100000,2022-08-06,0.4
Overall,100000,2022-08-06,9.8
Overall,100000,2022-08-06,10.2
Overall,100000,2022-08-13,0.4
Overall,100000,2022-08-13,9.3
Overall,100000,2022-08-13,9.7
Overall,100000,2022-08-20,0.4
Overall,100000,2022-08-20,8.8
Overall,100000,2022-08-20,9.2
Overall,100000,2022-08-27,0.5
Overall,100000,2022-08-27,8.6
Overall,100000,2022-08-27,9.1
Overall,100000,2022-09-03,0.5
Overall,100000,2022-09-03,7.4
Overall,100000,2022-09-03,7.9
Overall,100000,2022-09-10,0.6
Overall,100000,2022-09-10,7.1
Overall,100000,2022-09-10,7.699999999999999
Overall,100000,2022-09-17,0.9
Overall,100000,2022-09-17,6.6
Overall,100000,2022-09-17,7.5
Overall,100000,2022-09-24,1.0
Overall,100000,2022-09-24,6.5
Overall,100000,2022-09-24,7.5
Overall,100000,2022-10-01,1.2
Overall,100000,2022-10-01,6.0
Overall,100000,2022-10-01,7.2
Overall,100000,2022-10-08,0.4
Overall,100000,2022-10-08,1.6
Overall,100000,2022-10-08,6.1
Overall,100000,2022-10-08,8.1
Overall,100000,2022-10-15,0.6
Overall,100000,2022-10-15,2.5
Overall,100000,2022-10-15,6.3
Overall,100000,2022-10-15,9.4
Overall,100000,2022-10-22,0.9
Overall,100000,2022-10-22,2.8
Overall,100000,2022-10-22,6.4
Overall,100000,2022-10-22,10.1
Overall,100000,2022-10-29,1.7
Overall,100000,2022-10-29,3.6
Overall,100000,2022-10-29,6.3
Overall,100000,2022-10-29,11.6
Overall,100000,2022-11-05,2.5
Overall,100000,2022-11-05,4.5
Overall,100000,2022-11-05,6.8
Overall,100000,2022-11-05,13.8
Overall,100000,2022-11-12,3.2
Overall,100000,2022-11-12,5.1
Overall,100000,2022-11-12,7.0
Overall,100000,2022-11-12,15.3
Overall,100000,2022-11-19,3.9
Overall,100000,2022-11-19,4.6
Overall,100000,2022-11-19,7.2
Overall,100000,2022-11-19,15.7
Overall,100000,2022-11-26,6.9
Overall,100000,2022-11-26,4.1
Overall,100000,2022-11-26,7.9
Overall,100000,2022-11-26,18.9
Overall,100000,2022-12-03,8.7
Overall,100000,2022-12-03,4.2
Overall,100000,2022-12-03,9.4
Overall,100000,2022-12-03,22.3
Overall,100000,2022-12-10,7.3
Overall,100000,2022-12-10,3.4
Overall,100000,2022-12-10,9.5
Overall,100000,2022-12-10,20.2
Overall,100000,2022-12-17,6.4
Overall,100000,2022-12-17,2.6
Overall,100000,2022-12-17,9.6
Overall,100000,2022-12-17,18.6
Overall,100000,2022-12-24,5.6
Overall,100000,2022-12-24,1.8
Overall,100000,2022-12-24,9.8
Overall,100000,2022-12-24,17.2
Overall,100000,2022-12-31,5.2
Overall,100000,2022-12-31,1.7
Overall,100000,2022-12-31,11.1
Overall,100000,2022-12-31,18.0
Overall,100000,2023-01-07,3.0
Overall,100000,2023-01-07,1.5
Overall,100000,2023-01-07,10.3
Overall,100000,2023-01-07,14.8
Overall,100000,2023-01-14,1.3
Overall,100000,2023-01-14,1.2
Overall,100000,2023-01-14,8.1
Overall,100000,2023-01-14,10.6
Overall,100000,2023-01-21,0.8
Overall,100000,2023-01-21,0.9
Overall,100000,2023-01-21,6.9
Overall,100000,2023-01-21,8.6
Overall,100000,2023-01-28,0.5
Overall,100000,2023-01-28,0.8
Overall,100000,2023-01-28,6.6
Overall,100000,2023-01-28,7.9
Overall,100000,2023-02-04,0.4
Overall,100000,2023-02-04,0.6
Overall,100000,2023-02-04,6.2
Overall,100000,2023-02-04,7.2
Overall,100000,2023-02-11,0.3
Overall,100000,2023-02-11,0.6
Overall,100000,2023-02-11,6.5
Overall,100000,2023-02-11,7.4
Overall,100000,2023-02-18,0.3
Overall,100000,2023-02-18,0.6
Overall,100000,2023-02-18,6.3
Overall,100000,2023-02-18,7.199999999999999
Overall,100000,2023-02-25,0.3
Overall,100000,2023-02-25,0.4
Overall,100000,2023-02-25,5.8
Overall,100000,2023-02-25,6.5
Overall,100000,2023-03-04,0.2
Overall,100000,2023-03-04,0.3
Overall,100000,2023-03-04,5.5
Overall,100000,2023-03-04,6.0
Overall,100000,2023-03-11,0.3
Overall,100000,2023-03-11,0.3
Overall,100000,2023-03-11,4.8
Overall,100000,2023-03-11,5.3999999999999995
Overall,100000,2023-03-18,0.3
Overall,100000,2023-03-18,0.3
Overall,100000,2023-03-18,4.4
Overall,100000,2023-03-18,5.0
Overall,100000,2023-03-25,0.3
Overall,100000,2023-03-25,0.2
Overall,100000,2023-03-25,4.3
Overall,100000,2023-03-25,4.8
Overall,100000,2023-04-01,0.2
Overall,100000,2023-04-01,0.2
Overall,100000,2023-04-01,3.7
Overall,100000,2023-04-01,4.1000000000000005
Overall,100000,2023-04-08,0.2
Overall,100000,2023-04-08,0.2
Overall,100000,2023-04-08,3.3
Overall,100000,2023-04-08,3.7
Overall,100000,2023-04-15,0.2
Overall,100000,2023-04-15,0.1
Overall,100000,2023-04-15,3.3
Overall,100000,2023-04-15,3.6
Overall,100000,2023-04-22,0.2
Overall,100000,2023-04-22,0.1
Overall,100000,2023-04-22,2.9
Overall,100000,2023-04-22,3.2
Overall,100000,2023-04-29,0.1
Overall,100000,2023-04-29,0.1
Overall,100000,2023-04-29,2.5
Overall,100000,2023-04-29,2.7
Overall,100000,2023-05-06,0.0
Overall,100000,2023-05-06,0.1
Overall,100000,2023-05-06,2.4
Overall,100000,2023-05-06,2.5
Overall,100000,2023-05-13,0.1
Overall,100000,2023-05-13,2.2
Overall,100000,2023-05-13,2.3000000000000003
Overall,100000,2023-05-20,0.1
Overall,100000,2023-05-20,2.0
Overall,100000,2023-05-20,2.1
Overall,100000,2023-05-27,0.1
Overall,100000,2023-05-27,1.9
Overall,100000,2023-05-27,2.0
Overall,100000,2023-06-03,0.0
Overall,100000,2023-06-03,1.6
Overall,100000,2023-06-03,1.6
Overall,100000,2023-06-10,0.1
Overall,100000,2023-06-10,1.4
Overall,100000,2023-06-10,1.5
Overall,100000,2023-06-17,0.0
Overall,100000,2023-06-17,1.4
Overall,100000,2023-06-17,1.4
Overall,100000,2023-06-24,0.1
Overall,100000,2023-06-24,1.4
Overall,100000,2023-06-24,1.5
Overall,100000,2023-07-01,0.1
Overall,100000,2023-07-01,1.4
Overall,100000,2023-07-01,1.5
Overall,100000,2023-07-08,0.0
Overall,100000,2023-07-08,1.3
Overall,100000,2023-07-08,1.3
Overall,100000,2023-07-15,0.0
Overall,100000,2023-07-15,1.5
Overall,100000,2023-07-15,1.5
Overall,100000,2023-07-22,0.1
Overall,100000,2023-07-22,1.7
Overall,100000,2023-07-22,1.8
Overall,100000,2023-07-29,0.1
Overall,100000,2023-07-29,2.2
Overall,100000,2023-07-29,2.3000000000000003
Overall,100000,2023-08-05,0.1
Overall,100000,2023-08-05,2.5
Overall,100000,2023-08-05,2.6
Overall,100000,2023-08-12,0.1
Overall,100000,2023-08-12,2.9
Overall,100000,2023-08-12,3.0
Overall,100000,2023-08-19,0.2
Overall,100000,2023-08-19,3.3
Overall,100000,2023-08-19,3.5
Overall,100000,2023-08-26,0.2
Overall,100000,2023-08-26,4.0
Overall,100000,2023-08-26,4.2
Overall,100000,2023-09-02,0.3
Overall,100000,2023-09-02,4.1
Overall,100000,2023-09-02,4.3999999999999995
Overall,100000,2023-09-09,0.4
Overall,100000,2023-09-09,4.4
Overall,100000,2023-09-09,4.800000000000001
Overall,100000,2023-09-16,0.4
Overall,100000,2023-09-16,4.4
Overall,100000,2023-09-16,4.800000000000001
Overall,100000,2023-09-23,0.6
Overall,100000,2023-09-23,4.5
Overall,100000,2023-09-23,5.1
Overall,100000,2023-09-30,0.7
Overall,100000,2023-09-30,4.6
Overall,100000,2023-09-30,5.3
Overall,100000,2023-10-07,0.2
Overall,100000,2023-10-07,0.9
Overall,100000,2023-10-07,4.5
Overall,100000,2023-10-07,5.6000000000000005
Overall,100000,2023-10-14,0.2
Overall,100000,2023-10-14,1.1
Overall,100000,2023-10-14,4.2
Overall,100000,2023-10-14,5.5
Overall,100000,2023-10-21,0.3
Overall,100000,2023-10-21,1.3
Overall,100000,2023-10-21,4.2
Overall,100000,2023-10-21,5.8
Overall,100000,2023-10-28,0.3
Overall,100000,2023-10-28,1.4
Overall,100000,2023-10-28,4.2
Overall,100000,2023-10-28,5.9
Overall,100000,2023-11-04,0.5
Overall,100000,2023-11-04,1.6
Overall,100000,2023-11-04,4.2
Overall,100000,2023-11-04,6.300000000000001
Overall,100000,2023-11-11,0.8
Overall,100000,2023-11-11,2.2
Overall,100000,2023-11-11,4.7
Overall,100000,2023-11-11,7.7
Overall,100000,2023-11-18,0.9
Overall,100000,2023-11-18,2.7
Overall,100000,2023-11-18,4.9
Overall,100000,2023-11-18,8.5
Overall,100000,2023-11-25,1.4
Overall,100000,2023-11-25,2.9
Overall,100000,2023-11-25,5.2
Overall,100000,2023-11-25,9.5
Overall,100000,2023-12-02,2.1
Overall,100000,2023-12-02,3.6
Overall,100000,2023-12-02,6.1
Overall,100000,2023-12-02,11.8
Overall,100000,2023-12-09,2.9
Overall,100000,2023-12-09,3.8
Overall,100000,2023-12-09,6.2
Overall,100000,2023-12-09,12.9
Overall,100000,2023-12-16,4.1
Overall,100000,2023-12-16,3.9
Overall,100000,2023-12-16,6.2
Overall,100000,2023-12-16,14.2
Overall,100000,2023-12-23,6.7
Overall,100000,2023-12-23,4.2
Overall,100000,2023-12-23,6.7
Overall,100000,2023-12-23,17.6
Overall,100000,2023-12-30,8.9
Overall,100000,2023-12-30,4.5
Overall,100000,2023-12-30,7.9
Overall,100000,2023-12-30,21.3
Overall,100000,2024-01-06,6.9
Overall,100000,2024-01-06,4.0
Overall,100000,2024-01-06,7.8
Overall,100000,2024-01-06,18.7
Overall,100000,2024-01-13,5.4
Overall,100000,2024-01-13,3.0
Overall,100000,2024-01-13,7.3
Overall,100000,2024-01-13,15.7
Overall,100000,2024-01-20,4.2
Overall,100000,2024-01-20,2.6
Overall,100000,2024-01-20,6.1
Overall,100000,2024-01-20,12.9
Overall,100000,2024-01-27,3.9
Overall,100000,2024-01-27,2.1
Overall,100000,2024-01-27,5.5
Overall,100000,2024-01-27,11.5
Overall,100000,2024-02-03,3.5
Overall,100000,2024-02-03,1.8
Overall,100000,2024-02-03,4.9
Overall,100000,2024-02-03,10.2
Overall,100000,2024-02-10,3.5
Overall,100000,2024-02-10,1.6
Overall,100000,2024-02-10,4.4
Overall,100000,2024-02-10,9.5
Overall,100000,2024-02-17,3.3
Overall,100000,2024-02-17,1.5
Overall,100000,2024-02-17,4.3
Overall,100000,2024-02-17,9.1
Overall,100000,2024-02-24,3.3
Overall,100000,2024-02-24,1.3
Overall,100000,2024-02-24,4.2
Overall,100000,2024-02-24,8.8
Overall,100000,2024-03-02,3.3
Overall,100000,2024-03-02,1.0
Overall,100000,2024-03-02,3.6
Overall,100000,2024-03-02,7.9
Overall,100000,2024-03-09,2.7
Overall,100000,2024-03-09,0.8
Overall,100000,2024-03-09,3.0
Overall,100000,2024-03-09,6.5
Overall,100000,2024-03-16,2.1
Overall,100000,2024-03-16,0.7
Overall,100000,2024-03-16,2.5
Overall,100000,2024-03-16,5.3
Overall,100000,2024-03-23,1.9
Overall,100000,2024-03-23,0.6
Overall,100000,2024-03-23,2.0
Overall,100000,2024-03-23,4.5
Overall,100000,2024-03-30,1.7
Overall,100000,2024-03-30,0.5
Overall,100000,2024-03-30,1.8
Overall,100000,2024-03-30,4.0
Overall,100000,2024-04-06,1.7
Overall,100000,2024-04-06,0.3
Overall,100000,2024-04-06,1.8
Overall,100000,2024-04-06,3.8
Overall,100000,2024-04-13,1.3
Overall,100000,2024-04-13,0.3
Overall,100000,2024-04-13,1.5
Overall,100000,2024-04-13,3.0999999999999996
Overall,100000,2024-04-20,0.9
Overall,100000,2024-04-20,0.2
Overall,100000,2024-04-20,1.2
Overall,100000,2024-04-20,2.3000000000000003
Overall,100000,2024-04-27,0.7
Overall,100000,2024-04-27,0.2
Overall,100000,2024-04-27,1.3
Overall,100000,2024-04-27,2.2
Overall,100000,2024-05-04,0.5
Overall,100000,2024-05-04,0.1
Overall,100000,2024-05-04,1.1
Overall,100000,2024-05-04,1.7000000000000002
Overall,100000,2024-05-11,0.4
Overall,100000,2024-05-11,0.2
Overall,100000,2024-05-11,1.2
Overall,100000,2024-05-11,1.8
Overall,100000,2024-05-18,0.3
Overall,100000,2024-05-18,0.1
Overall,100000,2024-05-18,1.3
Overall,100000,2024-05-18,1.7000000000000002
Overall,100000,2024-05-25,0.3
Overall,100000,2024-05-25,0.1
Overall,100000,2024-05-25,1.3
Overall,100000,2024-05-25,1.7000000000000002
Overall,100000,2024-06-01,0.3
Overall,100000,2024-06-01,0.1
Overall,100000,2024-06-01,1.6
Overall,100000,2024-06-01,2.0
Overall,100000,2024-06-08,0.2
Overall,100000,2024-06-08,0.1
Overall,100000,2024-06-08,1.7
Overall,100000,2024-06-08,2.0
Overall,100000,2024-06-15,0.2
Overall,100000,2024-06-15,0.0
Overall,100000,2024-06-15,1.9
Overall,100000,2024-06-15,2.1
Overall,100000,2024-06-22,0.2
Overall,100000,2024-06-22,0.0
Overall,100000,2024-06-22,2.1
Overall,100000,2024-06-22,2.3000000000000003
Overall,100000,2024-06-29,0.2
Overall,100000,2024-06-29,0.0
Overall,100000,2024-06-29,2.7
Overall,100000,2024-06-29,2.9000000000000004
Overall,100000,2024-07-06,0.2
Overall,100000,2024-07-06,0.0
Overall,100000,2024-07-06,3.1
Overall,100000,2024-07-06,3.3000000000000003
Overall,100000,2024-07-13,0.2
Overall,100000,2024-07-13,0.0
Overall,100000,2024-07-13,3.3
Overall,100000,2024-07-13,3.5
Overall,100000,2024-07-20,0.1
Overall,100000,2024-07-20,0.0
Overall,100000,2024-07-20,3.4
Overall,100000,2024-07-20,3.5
Overall,100000,2024-07-27,0.1
Overall,100000,2024-07-27,0.1
Overall,100000,2024-07-27,4.2
Overall,100000,2024-07-27,4.3999999999999995
Overall,100000,2024-08-03,0.1
Overall,100000,2024-08-03,0.0
Overall,100000,2024-08-03,4.5
Overall,100000,2024-08-03,4.6
Overall,100000,2024-08-10,0.1
Overall,100000,2024-08-10,0.0
Overall,100000,2024-08-10,4.9
Overall,100000,2024-08-10,5.0
Overall,100000,2024-08-17,0.1
Overall,100000,2024-08-17,0.1
Overall,100000,2024-08-17,4.8
Overall,100000,2024-08-17,4.999999999999999
Overall,100000,2024-08-24,0.1
Overall,100000,2024-08-24,0.0
Overall,100000,2024-08-24,4.5
Overall,100000,2024-08-24,4.6
Overall,100000,2024-08-31,0.1
Overall,100000,2024-08-31,0.1
Overall,100000,2024-08-31,4.2
Overall,100000,2024-08-31,4.3999999999999995
Overall,100000,2024-09-07,0.1
Overall,100000,2024-09-07,0.1
Overall,100000,2024-09-07,4.1
Overall,100000,2024-09-07,4.299999999999999
Overall,100000,2024-09-14,0.1
Overall,100000,2024-09-14,0.1
Overall,100000,2024-09-14,4.4
Overall,100000,2024-09-14,4.6
Overall,100000,2024-09-21,0.1
Overall,100000,2024-09-21,0.1
Overall,100000,2024-09-21,3.9
Overall,100000,2024-09-21,4.1
Overall,100000,2024-09-28,0.1
Overall,100000,2024-09-28,0.1
Overall,100000,2024-09-28,3.4
Overall,100000,2024-09-28,3.6
Overall,100000,2024-10-05,0.1
Overall,100000,2024-10-05,0.2
Overall,100000,2024-10-05,3.0
Overall,100000,2024-10-05,3.3000000000000003
Overall,100000,2024-10-12,0.1
Overall,100000,2024-10-12,0.2
Overall,100000,2024-10-12,2.6
Overall,100000,2024-10-12,2.9000000000000004
Overall,100000,2024-10-19,0.2
Overall,100000,2024-10-19,0.3
Overall,100000,2024-10-19,2.1
Overall,100000,2024-10-19,2.6
Overall,100000,2024-10-26,0.2
Overall,100000,2024-10-26,0.5
Overall,100000,2024-10-26,2.1
Overall,100000,2024-10-26,2.8000000000000003
Overall,100000,2024-11-02,0.2
Overall,100000,2024-11-02,0.6
Overall,100000,2024-11-02,1.8
Overall,100000,2024-11-02,2.6
Overall,100000,2024-11-09,0.3
Overall,100000,2024-11-09,0.8
Overall,100000,2024-11-09,1.8
Overall,100000,2024-11-09,2.9000000000000004
Overall,100000,2024-11-16,0.4
Overall,100000,2024-11-16,1.1
Overall,100000,2024-11-16,1.7
Overall,100000,2024-11-16,3.2
Overall,100000,2024-11-23,0.5
Overall,100000,2024-11-23,1.3
Overall,100000,2024-11-23,1.7
Overall,100000,2024-11-23,3.5
Overall,100000,2024-11-30,0.6
Overall,100000,2024-11-30,1.5
Overall,100000,2024-11-30,1.8
Overall,100000,2024-11-30,3.9
Overall,100000,2024-12-07,1.2
Overall,100000,2024-12-07,1.8
Overall,100000,2024-12-07,2.1
Overall,100000,2024-12-07,5.1
Overall,100000,2024-12-14,2.1
Overall,100000,2024-12-14,2.2
Overall,100000,2024-12-14,2.4
Overall,100000,2024-12-14,6.7
Overall,100000,2024-12-21,3.8
Overall,100000,2024-12-21,2.9
Overall,100000,2024-12-21,2.7
Overall,100000,2024-12-21,9.4
Overall,100000,2024-12-28,7.7
Overall,100000,2024-12-28,3.4
Overall,100000,2024-12-28,3.5
Overall,100000,2024-12-28,14.6
Overall,100000,2025-01-04,10.2
Overall,100000,2025-01-04,3.9
Overall,100000,2025-01-04,4.2
Overall,100000,2025-01-04,18.299999999999997
Overall,100000,2025-01-11,8.4
Overall,100000,2025-01-11,3.5
Overall,100000,2025-01-11,3.7
Overall,100000,2025-01-11,15.6
Overall,100000,2025-01-18,9.2
Overall,100000,2025-01-18,3.2
Overall,100000,2025-01-18,3.2
Overall,100000,2025-01-18,15.599999999999998
Overall,100000,2025-01-25,10.9
Overall,100000,2025-01-25,2.8
Overall,100000,2025-01-25,3.0
Overall,100000,2025-01-25,16.7
Overall,100000,2025-02-01,13.4
Overall,100000,2025-02-01,3.1
Overall,100000,2025-02-01,3.0
Overall,100000,2025-02-01,19.5
Overall,100000,2025-02-08,13.5
Overall,100000,2025-02-08,3.1
Overall,100000,2025-02-08,2.8
Overall,100000,2025-02-08,19.4
Overall,100000,2025-02-15,10.6
Overall,100000,2025-02-15,2.8
Overall,100000,2025-02-15,2.8
Overall,100000,2025-02-15,16.2
Overall,100000,2025-02-22,8.5
Overall,100000,2025-02-22,2.6
Overall,100000,2025-02-22,2.3
Overall,100000,2025-02-22,13.4
Overall,100000,2025-03-01,6.7
Overall,100000,2025-03-01,2.3
Overall,100000,2025-03-01,2.2
Overall,100000,2025-03-01,11.2
Overall,100000,2025-03-08,4.8
Overall,100000,2025-03-08,2.0
Overall,100000,2025-03-08,2.0
Overall,100000,2025-03-08,8.8
Overall,100000,2025-03-15,3.8
Overall,100000,2025-03-15,1.7
Overall,100000,2025-03-15,2.1
Overall,100000,2025-03-15,7.6
Overall,100000,2025-03-22,2.7
Overall,100000,2025-03-22,1.3
Overall,100000,2025-03-22,1.9
Overall,100000,2025-03-22,5.8999999999999995
Overall,100000,2025-03-29,2.0
Overall,100000,2025-03-29,1.0
Overall,100000,2025-03-29,1.8
Overall,100000,2025-03-29,4.8
Overall,100000,2025-04-05,1.6
Overall,100000,2025-04-05,0.9
Overall,100000,2025-04-05,1.7
Overall,100000,2025-04-05,4.2
Overall,100000,2025-04-12,1.1
Overall,100000,2025-04-12,0.6
Overall,100000,2025-04-12,1.5
Overall,100000,2025-04-12,3.2
Overall,100000,2025-04-19,0.8
Overall,100000,2025-04-19,0.5
Overall,100000,2025-04-19,1.3
Overall,100000,2025-04-19,2.6
Overall,100000,2025-04-26,0.7
Overall,100000,2025-04-26,0.3
Overall,100000,2025-04-26,1.3
Overall,100000,2025-04-26,2.3
Overall,100000,2025-05-03,0.3
Overall,100000,2025-05-03,0.3
Overall,100000,2025-05-03,1.1
Overall,100000,2025-05-03,1.7000000000000002
Overall,100000,2025-05-10,0.2
Overall,100000,2025-05-10,1.0
Overall,100000,2025-05-10,1.2
Overall,100000,2025-05-17,0.1
Overall,100000,2025-05-17,0.9
Overall,100000,2025-05-17,1.0
Overall,100000,2025-05-24,0.1
Overall,100000,2025-05-24,0.9
Overall,100000,2025-05-24,1.0
Overall,100000,2025-05-31,0.1
Overall,100000,2025-05-31,0.9
Overall,100000,2025-05-31,1.0
Overall,100000,2025-06-07,0.1
Overall,100000,2025-06-07,0.8
Overall,100000,2025-06-07,0.9
Overall,100000,2025-06-14,0.1
Overall,100000,2025-06-14,0.8
Overall,100000,2025-06-14,0.9
Overall,100000,2025-06-21,0.1
Overall,100000,2025-06-21,0.9
Overall,100000,2025-06-21,1.0
Overall,100000,2025-06-28,0.0
Overall,100000,2025-06-28,0.9
Overall,100000,2025-06-28,0.9
Overall,100000,2025-07-05,0.0
Overall,100000,2025-07-05,0.9
Overall,100000,2025-07-05,0.9
Overall,100000,2025-07-12,0.0
Overall,100000,2025-07-12,1.0
Overall,100000,2025-07-12,1.0
Overall,100000,2025-07-19,0.0
Overall,100000,2025-07-19,1.1
Overall,100000,2025-07-19,1.1
Overall,100000,2025-07-26,0.0
Overall,100000,2025-07-26,1.3
Overall,100000,2025-07-26,1.3
Overall,100000,2025-08-02,0.0
Overall,100000,2025-08-02,1.4
Overall,100000,2025-08-02,1.4
Overall,100000,2025-08-09,0.1
Overall,100000,2025-08-09,1.8
Overall,100000,2025-08-09,1.9
Overall,100000,2025-08-16,0.1
Overall,100000,2025-08-16,2.2
Overall,100000,2025-08-16,2.3000000000000003
Overall,100000,2025-08-23,0.0
Overall,100000,2025-08-23,2.3
Overall,100000,2025-08-23,2.3
Overall,100000,2025-08-30,0.0
Overall,100000,2025-08-30,2.5
Overall,100000,2025-08-30,2.5
Overall,100000,2025-09-06,0.1
Overall,100000,2025-09-06,2.6
Overall,100000,2025-09-06,2.7
Overall,100000,2025-09-13,0.1
Overall,100000,2025-09-13,2.3
Overall,100000,2025-09-13,2.4
Overall,100000,2025-09-20,0.1
Overall,100000,2025-09-20,2.3
Overall,100000,2025-09-20,2.4
Overall,100000,2025-09-27,0.1
Overall,100000,2025-09-27,1.8
Overall,100000,2025-09-27,1.9
Overall,100000,2025-10-04,0.1
Overall,100000,2025-10-04,0.1
Overall,100000,2025-10-04,1.6
Overall,100000,2025-10-04,1.8000000000000005
Overall,100000,2025-10-11,0.2
Overall,100000,2025-10-11,0.1
Overall,100000,2025-10-11,1.3
Overall,100000,2025-10-11,1.6
Overall,100000,2025-10-18,0.2
Overall,100000,2025-10-18,0.1
Overall,100000,2025-10-18,1.0
Overall,100000,2025-10-18,1.3
Overall,100000,2025-10-25,0.2
Overall,100000,2025-10-25,0.2
Overall,100000,2025-10-25,0.8
Overall,100000,2025-10-25,1.2
Overall,100000,2025-11-01,0.2
Overall,100000,2025-11-01,0.2
Overall,100000,2025-11-01,0.7
Overall,100000,2025-11-01,1.1
Overall,100000,2025-11-08,0.3
Overall,100000,2025-11-08,0.2
Overall,100000,2025-11-08,0.5
Overall,100000,2025-11-08,1.0
Tennessee,100000,2018-10-06,0.1
Tennessee,100000,2018-10-06,0.3
Tennessee,100000,2018-10-06,0.2
Tennessee,100000,2018-10-13,0.5
Tennessee,100000,2018-10-13,0.6
Tennessee,100000,2018-10-13,0.1
Tennessee,100000,2018-10-20,0.7
Tennessee,100000,2018-10-20,0.7
Tennessee,100000,2018-10-20,0.0
Tennessee,100000,2018-10-27,0.7
Tennessee,100000,2018-10-27,1.0
Tennessee,100000,2018-10-27,0.3
Tennessee,100000,2018-11-03,0.6
Tennessee,100000,2018-11-03,0.8
Tennessee,100000,2018-11-03,0.2
Tennessee,100000,2018-11-10,1.0
Tennessee,100000,2018-11-10,1.3
Tennessee,100000,2018-11-10,0.3
Tennessee,100000,2018-11-17,1.1
Tennessee,100000,2018-11-17,1.4
Tennessee,100000,2018-11-17,0.3
Tennessee,100000,2018-11-24,1.4
Tennessee,100000,2018-11-24,1.6
Tennessee,100000,2018-11-24,0.2
Tennessee,100000,2018-12-01,2.2
Tennessee,100000,2018-12-01,2.7
Tennessee,100000,2018-12-01,0.5
Tennessee,100000,2018-12-08,2.2
Tennessee,100000,2018-12-08,2.8000000000000003
Tennessee,100000,2018-12-08,0.6
Tennessee,100000,2018-12-15,2.1
Tennessee,100000,2018-12-15,3.0
Tennessee,100000,2018-12-15,0.9
Tennessee,100000,2018-12-22,2.3
Tennessee,100000,2018-12-22,3.9
Tennessee,100000,2018-12-22,1.6
Tennessee,100000,2018-12-29,2.6
Tennessee,100000,2018-12-29,6.300000000000001
Tennessee,100000,2018-12-29,3.7
Tennessee,100000,2019-01-05,3.5
Tennessee,100000,2019-01-05,7.9
Tennessee,100000,2019-01-05,4.4
Tennessee,100000,2019-01-12,2.3
Tennessee,100000,2019-01-12,4.5
Tennessee,100000,2019-01-12,2.2
Tennessee,100000,2019-01-19,1.3
Tennessee,100000,2019-01-19,2.7
Tennessee,100000,2019-01-19,1.4
Tennessee,100000,2019-01-26,1.0
Tennessee,100000,2019-01-26,3.7
Tennessee,100000,2019-01-26,2.7
Tennessee,100000,2019-02-02,0.8
Tennessee,100000,2019-02-02,4.5
Tennessee,100000,2019-02-02,3.7
Tennessee,100000,2019-02-09,0.6
Tennessee,100000,2019-02-09,6.3
Tennessee,100000,2019-02-09,5.7
Tennessee,100000,2019-02-16,0.5
Tennessee,100000,2019-02-16,5.1
Tennessee,100000,2019-02-16,4.6
Tennessee,100000,2019-02-23,0.9
Tennessee,100000,2019-02-23,5.300000000000001
Tennessee,100000,2019-02-23,4.4
Tennessee,100000,2019-03-02,0.5
Tennessee,100000,2019-03-02,3.1
Tennessee,100000,2019-03-02,2.6
Tennessee,100000,2019-03-09,0.3
Tennessee,100000,2019-03-09,3.5
Tennessee,100000,2019-03-09,3.2
Tennessee,100000,2019-03-16,0.5
Tennessee,100000,2019-03-16,4.3
Tennessee,100000,2019-03-16,3.8
Tennessee,100000,2019-03-23,0.5
Tennessee,100000,2019-03-23,2.9
Tennessee,100000,2019-03-23,2.4
Tennessee,100000,2019-03-30,0.2
Tennessee,100000,2019-03-30,2.4000000000000004
Tennessee,100000,2019-03-30,2.2
Tennessee,100000,2019-04-06,0.2
Tennessee,100000,2019-04-06,2.0
Tennessee,100000,2019-04-06,1.8
Tennessee,100000,2019-04-13,0.2
Tennessee,100000,2019-04-13,1.4
Tennessee,100000,2019-04-13,1.2
Tennessee,100000,2019-04-20,0.2
Tennessee,100000,2019-04-20,0.8999999999999999
Tennessee,100000,2019-04-20,0.7
Tennessee,100000,2019-04-27,0.1
Tennessee,100000,2019-04-27,0.4
Tennessee,100000,2019-04-27,0.3
Tennessee,100000,2019-05-04,0.0
Tennessee,100000,2019-05-04,0.1
Tennessee,100000,2019-05-04,0.1
Tennessee,100000,2019-10-05,0.1
Tennessee,100000,2019-10-05,0.1
Tennessee,100000,2019-10-05,0.2
Tennessee,100000,2019-10-12,0.1
Tennessee,100000,2019-10-12,0.1
Tennessee,100000,2019-10-12,0.2
Tennessee,100000,2019-10-19,0.1
Tennessee,100000,2019-10-19,0.2
Tennessee,100000,2019-10-19,0.3
Tennessee,100000,2019-10-26,0.1
Tennessee,100000,2019-10-26,0.3
Tennessee,100000,2019-10-26,0.4
Tennessee,100000,2019-11-02,0.2
Tennessee,100000,2019-11-02,0.1
Tennessee,100000,2019-11-02,0.3
Tennessee,100000,2019-11-09,0.4
Tennessee,100000,2019-11-09,0.2
Tennessee,100000,2019-11-09,0.6000000000000001
Tennessee,100000,2019-11-16,0.8
Tennessee,100000,2019-11-16,0.2
Tennessee,100000,2019-11-16,1.0
Tennessee,100000,2019-11-23,1.4
Tennessee,100000,2019-11-23,0.7
Tennessee,100000,2019-11-23,2.0999999999999996
Tennessee,100000,2019-11-30,2.2
Tennessee,100000,2019-11-30,1.4
Tennessee,100000,2019-11-30,3.6
Tennessee,100000,2019-12-07,3.5
Tennessee,100000,2019-12-07,2.2
Tennessee,100000,2019-12-07,5.7
Tennessee,100000,2019-12-14,3.4
Tennessee,100000,2019-12-14,2.8
Tennessee,100000,2019-12-14,6.199999999999999
Tennessee,100000,2019-12-21,5.1
Tennessee,100000,2019-12-21,3.1
Tennessee,100000,2019-12-21,8.2
Tennessee,100000,2019-12-28,3.6
Tennessee,100000,2019-12-28,6.3
Tennessee,100000,2019-12-28,9.9
Tennessee,100000,2020-01-04,4.2
Tennessee,100000,2020-01-04,6.6
Tennessee,100000,2020-01-04,10.8
Tennessee,100000,2020-01-11,2.8
Tennessee,100000,2020-01-11,3.9
Tennessee,100000,2020-01-11,6.699999999999999
Tennessee,100000,2020-01-18,2.1
Tennessee,100000,2020-01-18,2.9
Tennessee,100000,2020-01-18,5.0
Tennessee,100000,2020-01-25,1.7
Tennessee,100000,2020-01-25,2.5
Tennessee,100000,2020-01-25,4.2
Tennessee,100000,2020-02-01,1.7
Tennessee,100000,2020-02-01,5.4
Tennessee,100000,2020-02-01,7.1000000000000005
Tennessee,100000,2020-02-08,1.4
Tennessee,100000,2020-02-08,5.7
Tennessee,100000,2020-02-08,7.1
Tennessee,100000,2020-02-15,1.0
Tennessee,100000,2020-02-15,4.5
Tennessee,100000,2020-02-15,5.5
Tennessee,100000,2020-02-22,0.8
Tennessee,100000,2020-02-22,3.9
Tennessee,100000,2020-02-22,4.7
Tennessee,100000,2020-02-29,0.7
Tennessee,100000,2020-02-29,3.8
Tennessee,100000,2020-02-29,4.5
Tennessee,100000,2020-03-07,0.7
Tennessee,100000,2020-03-07,0.1
Tennessee,100000,2020-03-07,4.3
Tennessee,100000,2020-03-07,5.1
Tennessee,100000,2020-03-14,0.4
Tennessee,100000,2020-03-14,0.6
Tennessee,100000,2020-03-14,3.5
Tennessee,100000,2020-03-14,4.5
Tennessee,100000,2020-03-21,0.4
Tennessee,100000,2020-03-21,2.5
Tennessee,100000,2020-03-21,1.3
Tennessee,100000,2020-03-21,4.2
Tennessee,100000,2020-03-28,0.2
Tennessee,100000,2020-03-28,8.0
Tennessee,100000,2020-03-28,0.3
Tennessee,100000,2020-03-28,8.5
Tennessee,100000,2020-04-04,0.1
Tennessee,100000,2020-04-04,8.8
Tennessee,100000,2020-04-04,0.2
Tennessee,100000,2020-04-04,9.1
Tennessee,100000,2020-04-11,0.1
Tennessee,100000,2020-04-11,5.0
Tennessee,100000,2020-04-11,0.0
Tennessee,100000,2020-04-11,5.1
Tennessee,100000,2020-04-18,0.0
Tennessee,100000,2020-04-18,4.6
Tennessee,100000,2020-04-18,0.2
Tennessee,100000,2020-04-18,4.8
Tennessee,100000,2020-04-25,0.0
Tennessee,100000,2020-04-25,5.0
Tennessee,100000,2020-04-25,0.0
Tennessee,100000,2020-04-25,5.0
Tennessee,100000,2020-05-02,0.1
Tennessee,100000,2020-05-02,5.2
Tennessee,100000,2020-05-02,0.1
Tennessee,100000,2020-05-02,5.3999999999999995
Tennessee,100000,2020-05-09,5.3
Tennessee,100000,2020-05-09,5.3
Tennessee,100000,2020-05-16,3.3
Tennessee,100000,2020-05-16,3.3
Tennessee,100000,2020-05-23,4.7
Tennessee,100000,2020-05-23,4.7
Tennessee,100000,2020-05-30,4.8
Tennessee,100000,2020-05-30,4.8
Tennessee,100000,2020-06-06,6.1
Tennessee,100000,2020-06-06,6.1
Tennessee,100000,2020-06-13,5.9
Tennessee,100000,2020-06-13,5.9
Tennessee,100000,2020-06-20,6.1
Tennessee,100000,2020-06-20,6.1
Tennessee,100000,2020-06-27,7.2
Tennessee,100000,2020-06-27,7.2
Tennessee,100000,2020-07-04,8.4
Tennessee,100000,2020-07-04,8.4
Tennessee,100000,2020-07-11,14.2
Tennessee,100000,2020-07-11,14.2
Tennessee,100000,2020-07-18,14.0
Tennessee,100000,2020-07-18,14.0
Tennessee,100000,2020-07-25,12.5
Tennessee,100000,2020-07-25,12.5
Tennessee,100000,2020-08-01,10.2
Tennessee,100000,2020-08-01,10.2
Tennessee,100000,2020-08-08,9.9
Tennessee,100000,2020-08-08,9.9
Tennessee,100000,2020-08-15,9.3
Tennessee,100000,2020-08-15,9.3
Tennessee,100000,2020-08-22,6.8
Tennessee,100000,2020-08-22,6.8
Tennessee,100000,2020-08-29,6.8
Tennessee,100000,2020-08-29,6.8
Tennessee,100000,2020-09-05,6.1
Tennessee,100000,2020-09-05,6.1
Tennessee,100000,2020-09-12,5.4
Tennessee,100000,2020-09-12,5.4
Tennessee,100000,2020-09-19,5.5
Tennessee,100000,2020-09-19,5.5
Tennessee,100000,2020-09-26,6.8
Tennessee,100000,2020-09-26,6.8
Tennessee,100000,2020-10-03,0.0
Tennessee,100000,2020-10-03,6.2
Tennessee,100000,2020-10-03,6.2
Tennessee,100000,2020-10-10,0.0
Tennessee,100000,2020-10-10,9.6
Tennessee,100000,2020-10-10,9.6
Tennessee,100000,2020-10-17,0.0
Tennessee,100000,2020-10-17,10.3
Tennessee,100000,2020-10-17,10.3
Tennessee,100000,2020-10-24,0.0
Tennessee,100000,2020-10-24,12.6
Tennessee,100000,2020-10-24,12.6
Tennessee,100000,2020-10-31,0.0
Tennessee,100000,2020-10-31,15.0
Tennessee,100000,2020-10-31,15.0
Tennessee,100000,2020-11-07,0.0
Tennessee,100000,2020-11-07,15.4
Tennessee,100000,2020-11-07,15.4
Tennessee,100000,2020-11-14,0.0
Tennessee,100000,2020-11-14,20.7
Tennessee,100000,2020-11-14,20.7
Tennessee,100000,2020-11-21,0.0
Tennessee,100000,2020-11-21,23.8
Tennessee,100000,2020-11-21,23.8
Tennessee,100000,2020-11-28,0.0
Tennessee,100000,2020-11-28,22.0
Tennessee,100000,2020-11-28,22.0
Tennessee,100000,2020-12-05,0.0
Tennessee,100000,2020-12-05,25.4
Tennessee,100000,2020-12-05,25.4
Tennessee,100000,2020-12-12,0.0
Tennessee,100000,2020-12-12,26.3
Tennessee,100000,2020-12-12,26.3
Tennessee,100000,2020-12-19,0.0
Tennessee,100000,2020-12-19,25.5
Tennessee,100000,2020-12-19,25.5
Tennessee,100000,2020-12-26,0.0
Tennessee,100000,2020-12-26,28.1
Tennessee,100000,2020-12-26,28.1
Tennessee,100000,2021-01-02,0.0
Tennessee,100000,2021-01-02,30.1
Tennessee,100000,2021-01-02,30.1
Tennessee,100000,2021-01-09,0.0
Tennessee,100000,2021-01-09,31.3
Tennessee,100000,2021-01-09,31.3
Tennessee,100000,2021-01-16,0.0
Tennessee,100000,2021-01-16,23.9
Tennessee,100000,2021-01-16,23.9
Tennessee,100000,2021-01-23,0.0
Tennessee,100000,2021-01-23,19.0
Tennessee,100000,2021-01-23,19.0
Tennessee,100000,2021-01-30,0.0
Tennessee,100000,2021-01-30,13.4
Tennessee,100000,2021-01-30,13.4
Tennessee,100000,2021-02-06,0.0
Tennessee,100000,2021-02-06,13.9
Tennessee,100000,2021-02-06,13.9
Tennessee,100000,2021-02-13,0.0
Tennessee,100000,2021-02-13,9.2
Tennessee,100000,2021-02-13,9.2
Tennessee,100000,2021-02-20,0.0
Tennessee,100000,2021-02-20,8.8
Tennessee,100000,2021-02-20,8.8
Tennessee,100000,2021-02-27,0.0
Tennessee,100000,2021-02-27,9.1
Tennessee,100000,2021-02-27,9.1
Tennessee,100000,2021-03-06,0.0
Tennessee,100000,2021-03-06,6.5
Tennessee,100000,2021-03-06,6.5
Tennessee,100000,2021-03-13,0.0
Tennessee,100000,2021-03-13,6.5
Tennessee,100000,2021-03-13,6.5
Tennessee,100000,2021-03-20,0.0
Tennessee,100000,2021-03-20,9.4
Tennessee,100000,2021-03-20,9.4
Tennessee,100000,2021-03-27,0.0
Tennessee,100000,2021-03-27,10.9
Tennessee,100000,2021-03-27,10.9
Tennessee,100000,2021-04-03,0.0
Tennessee,100000,2021-04-03,10.1
Tennessee,100000,2021-04-03,10.1
Tennessee,100000,2021-04-10,0.0
Tennessee,100000,2021-04-10,10.1
Tennessee,100000,2021-04-10,10.1
Tennessee,100000,2021-04-17,0.2
Tennessee,100000,2021-04-17,8.3
Tennessee,100000,2021-04-17,8.5
Tennessee,100000,2021-04-24,0.2
Tennessee,100000,2021-04-24,6.8
Tennessee,100000,2021-04-24,7.0
Tennessee,100000,2021-05-01,0.3
Tennessee,100000,2021-05-01,5.1
Tennessee,100000,2021-05-01,5.3999999999999995
Tennessee,100000,2021-05-08,0.4
Tennessee,100000,2021-05-08,4.7
Tennessee,100000,2021-05-08,5.1000000000000005
Tennessee,100000,2021-05-15,0.4
Tennessee,100000,2021-05-15,4.5
Tennessee,100000,2021-05-15,4.9
Tennessee,100000,2021-05-22,0.6
Tennessee,100000,2021-05-22,4.0
Tennessee,100000,2021-05-22,4.6
Tennessee,100000,2021-05-29,0.6
Tennessee,100000,2021-05-29,2.6
Tennessee,100000,2021-05-29,3.2
Tennessee,100000,2021-06-05,0.8
Tennessee,100000,2021-06-05,1.9
Tennessee,100000,2021-06-05,2.7
Tennessee,100000,2021-06-12,0.7
Tennessee,100000,2021-06-12,2.1
Tennessee,100000,2021-06-12,2.8
Tennessee,100000,2021-06-19,1.0
Tennessee,100000,2021-06-19,2.0
Tennessee,100000,2021-06-19,3.0
Tennessee,100000,2021-06-26,1.2
Tennessee,100000,2021-06-26,0.8
Tennessee,100000,2021-06-26,2.0
Tennessee,100000,2021-07-03,1.6
Tennessee,100000,2021-07-03,1.1
Tennessee,100000,2021-07-03,2.7
Tennessee,100000,2021-07-10,1.3
Tennessee,100000,2021-07-10,2.2
Tennessee,100000,2021-07-10,3.5
Tennessee,100000,2021-07-17,1.6
Tennessee,100000,2021-07-17,5.1
Tennessee,100000,2021-07-17,6.699999999999999
Tennessee,100000,2021-07-24,2.4
Tennessee,100000,2021-07-24,7.5
Tennessee,100000,2021-07-24,9.9
Tennessee,100000,2021-07-31,1.5
Tennessee,100000,2021-07-31,10.3
Tennessee,100000,2021-07-31,11.8
Tennessee,100000,2021-08-07,1.3
Tennessee,100000,2021-08-07,14.9
Tennessee,100000,2021-08-07,16.2
Tennessee,100000,2021-08-14,1.1
Tennessee,100000,2021-08-14,19.8
Tennessee,100000,2021-08-14,20.9
Tennessee,100000,2021-08-21,0.9
Tennessee,100000,2021-08-21,21.7
Tennessee,100000,2021-08-21,22.6
Tennessee,100000,2021-08-28,1.5
Tennessee,100000,2021-08-28,27.6
Tennessee,100000,2021-08-28,29.1
Tennessee,100000,2021-09-04,1.2
Tennessee,100000,2021-09-04,31.1
Tennessee,100000,2021-09-04,32.300000000000004
Tennessee,100000,2021-09-11,0.9
Tennessee,100000,2021-09-11,26.1
Tennessee,100000,2021-09-11,27.0
Tennessee,100000,2021-09-18,0.9
Tennessee,100000,2021-09-18,20.6
Tennessee,100000,2021-09-18,21.5
Tennessee,100000,2021-09-25,0.5
Tennessee,100000,2021-09-25,18.0
Tennessee,100000,2021-09-25,18.5
Tennessee,100000,2021-10-02,1.2
Tennessee,100000,2021-10-02,12.9
Tennessee,100000,2021-10-02,14.1
Tennessee,100000,2021-10-09,0.5
Tennessee,100000,2021-10-09,10.0
Tennessee,100000,2021-10-09,0.0
Tennessee,100000,2021-10-09,10.5
Tennessee,100000,2021-10-16,0.9
Tennessee,100000,2021-10-16,8.8
Tennessee,100000,2021-10-16,0.1
Tennessee,100000,2021-10-16,9.8
Tennessee,100000,2021-10-23,0.5
Tennessee,100000,2021-10-23,6.8
Tennessee,100000,2021-10-23,0.1
Tennessee,100000,2021-10-23,7.4
Tennessee,100000,2021-10-30,0.5
Tennessee,100000,2021-10-30,4.9
Tennessee,100000,2021-10-30,0.1
Tennessee,100000,2021-10-30,5.5
Tennessee,100000,2021-11-06,0.4
Tennessee,100000,2021-11-06,4.6
Tennessee,100000,2021-11-06,0.1
Tennessee,100000,2021-11-06,5.1
Tennessee,100000,2021-11-13,0.4
Tennessee,100000,2021-11-13,5.1
Tennessee,100000,2021-11-13,0.2
Tennessee,100000,2021-11-13,5.7
Tennessee,100000,2021-11-20,0.7
Tennessee,100000,2021-11-20,5.5
Tennessee,100000,2021-11-20,0.2
Tennessee,100000,2021-11-20,6.4
Tennessee,100000,2021-11-27,0.7
Tennessee,100000,2021-11-27,7.0
Tennessee,100000,2021-11-27,0.5
Tennessee,100000,2021-11-27,8.2
Tennessee,100000,2021-12-04,0.6
Tennessee,100000,2021-12-04,7.1
Tennessee,100000,2021-12-04,0.5
Tennessee,100000,2021-12-04,8.2
Tennessee,100000,2021-12-11,0.6
Tennessee,100000,2021-12-11,9.3
Tennessee,100000,2021-12-11,0.4
Tennessee,100000,2021-12-11,10.3
Tennessee,100000,2021-12-18,0.5
Tennessee,100000,2021-12-18,9.4
Tennessee,100000,2021-12-18,1.1
Tennessee,100000,2021-12-18,11.0
Tennessee,100000,2021-12-25,0.7
Tennessee,100000,2021-12-25,10.6
Tennessee,100000,2021-12-25,1.8
Tennessee,100000,2021-12-25,13.1
Tennessee,100000,2022-01-01,0.5
Tennessee,100000,2022-01-01,24.8
Tennessee,100000,2022-01-01,1.6
Tennessee,100000,2022-01-01,26.9
Tennessee,100000,2022-01-08,0.1
Tennessee,100000,2022-01-08,29.9
Tennessee,100000,2022-01-08,0.7
Tennessee,100000,2022-01-08,30.7
Tennessee,100000,2022-01-15,0.2
Tennessee,100000,2022-01-15,33.7
Tennessee,100000,2022-01-15,0.4
Tennessee,100000,2022-01-15,34.300000000000004
Tennessee,100000,2022-01-22,0.0
Tennessee,100000,2022-01-22,30.6
Tennessee,100000,2022-01-22,0.4
Tennessee,100000,2022-01-22,31.0
Tennessee,100000,2022-01-29,0.3
Tennessee,100000,2022-01-29,28.6
Tennessee,100000,2022-01-29,0.2
Tennessee,100000,2022-01-29,29.1
Tennessee,100000,2022-02-05,0.0
Tennessee,100000,2022-02-05,21.9
Tennessee,100000,2022-02-05,0.4
Tennessee,100000,2022-02-05,22.299999999999997
Tennessee,100000,2022-02-12,0.1
Tennessee,100000,2022-02-12,15.4
Tennessee,100000,2022-02-12,0.3
Tennessee,100000,2022-02-12,15.8
Tennessee,100000,2022-02-19,0.1
Tennessee,100000,2022-02-19,10.1
Tennessee,100000,2022-02-19,0.7
Tennessee,100000,2022-02-19,10.9
Tennessee,100000,2022-02-26,0.1
Tennessee,100000,2022-02-26,6.2
Tennessee,100000,2022-02-26,0.5
Tennessee,100000,2022-02-26,6.8
Tennessee,100000,2022-03-05,0.1
Tennessee,100000,2022-03-05,4.1
Tennessee,100000,2022-03-05,0.5
Tennessee,100000,2022-03-05,4.699999999999999
Tennessee,100000,2022-03-12,0.1
Tennessee,100000,2022-03-12,2.2
Tennessee,100000,2022-03-12,0.4
Tennessee,100000,2022-03-12,2.7
Tennessee,100000,2022-03-19,0.2
Tennessee,100000,2022-03-19,2.0
Tennessee,100000,2022-03-19,0.8
Tennessee,100000,2022-03-19,3.0
Tennessee,100000,2022-03-26,0.1
Tennessee,100000,2022-03-26,1.9
Tennessee,100000,2022-03-26,0.8
Tennessee,100000,2022-03-26,2.8000000000000003
Tennessee,100000,2022-04-02,0.0
Tennessee,100000,2022-04-02,0.8
Tennessee,100000,2022-04-02,1.3
Tennessee,100000,2022-04-02,2.1
Tennessee,100000,2022-04-09,0.2
Tennessee,100000,2022-04-09,0.7
Tennessee,100000,2022-04-09,0.7
Tennessee,100000,2022-04-09,1.6
Tennessee,100000,2022-04-16,0.1
Tennessee,100000,2022-04-16,1.3
Tennessee,100000,2022-04-16,0.5
Tennessee,100000,2022-04-16,1.9
Tennessee,100000,2022-04-23,0.3
Tennessee,100000,2022-04-23,1.3
Tennessee,100000,2022-04-23,0.2
Tennessee,100000,2022-04-23,1.8
Tennessee,100000,2022-04-30,0.2
Tennessee,100000,2022-04-30,1.7
Tennessee,100000,2022-04-30,0.3
Tennessee,100000,2022-04-30,2.2
Tennessee,100000,2022-05-07,0.0
Tennessee,100000,2022-05-07,2.6
Tennessee,100000,2022-05-07,0.2
Tennessee,100000,2022-05-07,2.8000000000000003
Tennessee,100000,2022-05-14,0.0
Tennessee,100000,2022-05-14,3.1
Tennessee,100000,2022-05-14,0.6
Tennessee,100000,2022-05-14,3.7
Tennessee,100000,2022-05-21,0.0
Tennessee,100000,2022-05-21,4.0
Tennessee,100000,2022-05-21,0.5
Tennessee,100000,2022-05-21,4.5
Tennessee,100000,2022-05-28,0.0
Tennessee,100000,2022-05-28,4.0
Tennessee,100000,2022-05-28,0.3
Tennessee,100000,2022-05-28,4.3
Tennessee,100000,2022-06-04,0.0
Tennessee,100000,2022-06-04,6.0
Tennessee,100000,2022-06-04,0.5
Tennessee,100000,2022-06-04,6.5
Tennessee,100000,2022-06-11,0.0
Tennessee,100000,2022-06-11,6.3
Tennessee,100000,2022-06-11,0.2
Tennessee,100000,2022-06-11,6.5
Tennessee,100000,2022-06-18,0.1
Tennessee,100000,2022-06-18,5.0
Tennessee,100000,2022-06-18,5.1
Tennessee,100000,2022-06-25,0.0
Tennessee,100000,2022-06-25,7.6
Tennessee,100000,2022-06-25,7.6
Tennessee,100000,2022-07-02,0.1
Tennessee,100000,2022-07-02,9.0
Tennessee,100000,2022-07-02,9.1
Tennessee,100000,2022-07-09,0.2
Tennessee,100000,2022-07-09,8.6
Tennessee,100000,2022-07-09,8.799999999999999
Tennessee,100000,2022-07-16,0.7
Tennessee,100000,2022-07-16,11.2
Tennessee,100000,2022-07-16,11.9
Tennessee,100000,2022-07-23,0.7
Tennessee,100000,2022-07-23,11.5
Tennessee,100000,2022-07-23,12.2
Tennessee,100000,2022-07-30,0.3
Tennessee,100000,2022-07-30,11.2
Tennessee,100000,2022-07-30,11.5
Tennessee,100000,2022-08-06,0.6
Tennessee,100000,2022-08-06,10.3
Tennessee,100000,2022-08-06,10.9
Tennessee,100000,2022-08-13,0.5
Tennessee,100000,2022-08-13,9.9
Tennessee,100000,2022-08-13,10.4
Tennessee,100000,2022-08-20,0.6
Tennessee,100000,2022-08-20,8.6
Tennessee,100000,2022-08-20,9.2
Tennessee,100000,2022-08-27,0.7
Tennessee,100000,2022-08-27,10.0
Tennessee,100000,2022-08-27,10.7
Tennessee,100000,2022-09-03,0.5
Tennessee,100000,2022-09-03,8.2
Tennessee,100000,2022-09-03,8.7
Tennessee,100000,2022-09-10,0.9
Tennessee,100000,2022-09-10,7.9
Tennessee,100000,2022-09-10,8.8
Tennessee,100000,2022-09-17,0.8
Tennessee,100000,2022-09-17,4.9
Tennessee,100000,2022-09-17,5.7
Tennessee,100000,2022-09-24,1.2
Tennessee,100000,2022-09-24,5.1
Tennessee,100000,2022-09-24,6.3
Tennessee,100000,2022-10-01,1.1
Tennessee,100000,2022-10-01,3.7
Tennessee,100000,2022-10-01,4.800000000000001
Tennessee,100000,2022-10-08,1.2
Tennessee,100000,2022-10-08,4.1
Tennessee,100000,2022-10-08,0.7
Tennessee,100000,2022-10-08,6.0
Tennessee,100000,2022-10-15,2.4
Tennessee,100000,2022-10-15,2.8
Tennessee,100000,2022-10-15,0.9
Tennessee,100000,2022-10-15,6.1
Tennessee,100000,2022-10-22,2.0
Tennessee,100000,2022-10-22,3.5
Tennessee,100000,2022-10-22,2.1
Tennessee,100000,2022-10-22,7.6
Tennessee,100000,2022-10-29,2.0
Tennessee,100000,2022-10-29,4.0
Tennessee,100000,2022-10-29,2.1
Tennessee,100000,2022-10-29,8.1
Tennessee,100000,2022-11-05,1.8
Tennessee,100000,2022-11-05,3.4
Tennessee,100000,2022-11-05,3.8
Tennessee,100000,2022-11-05,9.0
Tennessee,100000,2022-11-12,1.3
Tennessee,100000,2022-11-12,3.8
Tennessee,100000,2022-11-12,5.0
Tennessee,100000,2022-11-12,10.1
Tennessee,100000,2022-11-19,1.0
Tennessee,100000,2022-11-19,3.5
Tennessee,100000,2022-11-19,5.2
Tennessee,100000,2022-11-19,9.7
Tennessee,100000,2022-11-26,0.7
Tennessee,100000,2022-11-26,4.9
Tennessee,100000,2022-11-26,9.8
Tennessee,100000,2022-11-26,15.4
Tennessee,100000,2022-12-03,1.0
Tennessee,100000,2022-12-03,6.5
Tennessee,100000,2022-12-03,10.3
Tennessee,100000,2022-12-03,17.8
Tennessee,100000,2022-12-10,0.8
Tennessee,100000,2022-12-10,6.3
Tennessee,100000,2022-12-10,6.4
Tennessee,100000,2022-12-10,13.5
Tennessee,100000,2022-12-17,0.6
Tennessee,100000,2022-12-17,7.5
Tennessee,100000,2022-12-17,4.3
Tennessee,100000,2022-12-17,12.4
Tennessee,100000,2022-12-24,0.6
Tennessee,100000,2022-12-24,7.0
Tennessee,100000,2022-12-24,2.6
Tennessee,100000,2022-12-24,10.2
Tennessee,100000,2022-12-31,0.8
Tennessee,100000,2022-12-31,8.5
Tennessee,100000,2022-12-31,3.6
Tennessee,100000,2022-12-31,12.9
Tennessee,100000,2023-01-07,0.8
Tennessee,100000,2023-01-07,8.0
Tennessee,100000,2023-01-07,1.5
Tennessee,100000,2023-01-07,10.3
Tennessee,100000,2023-01-14,0.6
Tennessee,100000,2023-01-14,6.9
Tennessee,100000,2023-01-14,0.7
Tennessee,100000,2023-01-14,8.200000000000001
Tennessee,100000,2023-01-21,0.3
Tennessee,100000,2023-01-21,5.4
Tennessee,100000,2023-01-21,1.0
Tennessee,100000,2023-01-21,6.7
Tennessee,100000,2023-01-28,0.2
Tennessee,100000,2023-01-28,5.8
Tennessee,100000,2023-01-28,0.5
Tennessee,100000,2023-01-28,6.5
Tennessee,100000,2023-02-04,0.2
Tennessee,100000,2023-02-04,5.7
Tennessee,100000,2023-02-04,0.6
Tennessee,100000,2023-02-04,6.5
Tennessee,100000,2023-02-11,0.2
Tennessee,100000,2023-02-11,6.1
Tennessee,100000,2023-02-11,0.3
Tennessee,100000,2023-02-11,6.6
Tennessee,100000,2023-02-18,0.1
Tennessee,100000,2023-02-18,5.8
Tennessee,100000,2023-02-18,0.4
Tennessee,100000,2023-02-18,6.3
Tennessee,100000,2023-02-25,0.0
Tennessee,100000,2023-02-25,4.7
Tennessee,100000,2023-02-25,0.4
Tennessee,100000,2023-02-25,5.1000000000000005
Tennessee,100000,2023-03-04,0.3
Tennessee,100000,2023-03-04,4.2
Tennessee,100000,2023-03-04,0.5
Tennessee,100000,2023-03-04,5.0
Tennessee,100000,2023-03-11,0.0
Tennessee,100000,2023-03-11,3.4
Tennessee,100000,2023-03-11,0.4
Tennessee,100000,2023-03-11,3.8
Tennessee,100000,2023-03-18,0.1
Tennessee,100000,2023-03-18,2.5
Tennessee,100000,2023-03-18,0.5
Tennessee,100000,2023-03-18,3.1
Tennessee,100000,2023-03-25,0.1
Tennessee,100000,2023-03-25,3.8
Tennessee,100000,2023-03-25,0.5
Tennessee,100000,2023-03-25,4.3999999999999995
Tennessee,100000,2023-04-01,0.1
Tennessee,100000,2023-04-01,2.9
Tennessee,100000,2023-04-01,0.5
Tennessee,100000,2023-04-01,3.5
Tennessee,100000,2023-04-08,0.1
Tennessee,100000,2023-04-08,2.7
Tennessee,100000,2023-04-08,0.2
Tennessee,100000,2023-04-08,3.0000000000000004
Tennessee,100000,2023-04-15,0.1
Tennessee,100000,2023-04-15,3.2
Tennessee,100000,2023-04-15,0.5
Tennessee,100000,2023-04-15,3.8
Tennessee,100000,2023-04-22,0.2
Tennessee,100000,2023-04-22,1.6
Tennessee,100000,2023-04-22,0.2
Tennessee,100000,2023-04-22,2.0
Tennessee,100000,2023-04-29,0.1
Tennessee,100000,2023-04-29,1.4
Tennessee,100000,2023-04-29,0.2
Tennessee,100000,2023-04-29,1.7
Tennessee,100000,2023-05-06,0.1
Tennessee,100000,2023-05-06,1.6
Tennessee,100000,2023-05-06,0.0
Tennessee,100000,2023-05-06,1.7000000000000002
Tennessee,100000,2023-05-13,0.1
Tennessee,100000,2023-05-13,2.3
Tennessee,100000,2023-05-13,2.4
Tennessee,100000,2023-05-20,0.0
Tennessee,100000,2023-05-20,1.6
Tennessee,100000,2023-05-20,1.6
Tennessee,100000,2023-05-27,0.0
Tennessee,100000,2023-05-27,1.5
Tennessee,100000,2023-05-27,1.5
Tennessee,100000,2023-06-03,0.1
Tennessee,100000,2023-06-03,0.6
Tennessee,100000,2023-06-03,0.7
Tennessee,100000,2023-06-10,0.2
Tennessee,100000,2023-06-10,0.6
Tennessee,100000,2023-06-10,0.8
Tennessee,100000,2023-06-17,0.1
Tennessee,100000,2023-06-17,1.0
Tennessee,100000,2023-06-17,1.1
Tennessee,100000,2023-06-24,0.1
Tennessee,100000,2023-06-24,0.9
Tennessee,100000,2023-06-24,1.0
Tennessee,100000,2023-07-01,0.0
Tennessee,100000,2023-07-01,1.0
Tennessee,100000,2023-07-01,1.0
Tennessee,100000,2023-07-08,0.0
Tennessee,100000,2023-07-08,1.2
Tennessee,100000,2023-07-08,1.2
Tennessee,100000,2023-07-15,0.0
Tennessee,100000,2023-07-15,1.1
Tennessee,100000,2023-07-15,1.1
Tennessee,100000,2023-07-22,0.1
Tennessee,100000,2023-07-22,1.7
Tennessee,100000,2023-07-22,1.8
Tennessee,100000,2023-07-29,0.1
Tennessee,100000,2023-07-29,3.6
Tennessee,100000,2023-07-29,3.7
Tennessee,100000,2023-08-05,0.1
Tennessee,100000,2023-08-05,2.5
Tennessee,100000,2023-08-05,2.6
Tennessee,100000,2023-08-12,0.2
Tennessee,100000,2023-08-12,3.4
Tennessee,100000,2023-08-12,3.6
Tennessee,100000,2023-08-19,0.2
Tennessee,100000,2023-08-19,4.7
Tennessee,100000,2023-08-19,4.9
Tennessee,100000,2023-08-26,0.2
Tennessee,100000,2023-08-26,6.2
Tennessee,100000,2023-08-26,6.4
Tennessee,100000,2023-09-02,0.3
Tennessee,100000,2023-09-02,5.0
Tennessee,100000,2023-09-02,5.3
Tennessee,100000,2023-09-09,0.5
Tennessee,100000,2023-09-09,4.6
Tennessee,100000,2023-09-09,5.1
Tennessee,100000,2023-09-16,0.2
Tennessee,100000,2023-09-16,3.5
Tennessee,100000,2023-09-16,3.7
Tennessee,100000,2023-09-23,0.7
Tennessee,100000,2023-09-23,4.2
Tennessee,100000,2023-09-23,4.9
Tennessee,100000,2023-09-30,0.7
Tennessee,100000,2023-09-30,2.5
Tennessee,100000,2023-09-30,3.2
Tennessee,100000,2023-10-07,1.2
Tennessee,100000,2023-10-07,2.2
Tennessee,100000,2023-10-07,0.1
Tennessee,100000,2023-10-07,3.5
Tennessee,100000,2023-10-14,1.7
Tennessee,100000,2023-10-14,2.3
Tennessee,100000,2023-10-14,0.4
Tennessee,100000,2023-10-14,4.3999999999999995
Tennessee,100000,2023-10-21,2.3
Tennessee,100000,2023-10-21,2.6
Tennessee,100000,2023-10-21,0.4
Tennessee,100000,2023-10-21,5.3
Tennessee,100000,2023-10-28,1.9
Tennessee,100000,2023-10-28,3.0
Tennessee,100000,2023-10-28,0.5
Tennessee,100000,2023-10-28,5.4
Tennessee,100000,2023-11-04,1.2
Tennessee,100000,2023-11-04,2.9
Tennessee,100000,2023-11-04,0.5
Tennessee,100000,2023-11-04,4.6
Tennessee,100000,2023-11-11,2.4
Tennessee,100000,2023-11-11,3.9
Tennessee,100000,2023-11-11,0.7
Tennessee,100000,2023-11-11,7.0
Tennessee,100000,2023-11-18,3.0
Tennessee,100000,2023-11-18,3.0
Tennessee,100000,2023-11-18,0.8
Tennessee,100000,2023-11-18,6.8
Tennessee,100000,2023-11-25,1.9
Tennessee,100000,2023-11-25,3.6
Tennessee,100000,2023-11-25,1.3
Tennessee,100000,2023-11-25,6.800000000000001
Tennessee,100000,2023-12-02,3.0
Tennessee,100000,2023-12-02,3.6
Tennessee,100000,2023-12-02,2.2
Tennessee,100000,2023-12-02,8.8
Tennessee,100000,2023-12-09,2.4
Tennessee,100000,2023-12-09,3.6
Tennessee,100000,2023-12-09,4.1
Tennessee,100000,2023-12-09,10.1
Tennessee,100000,2023-12-16,2.1
Tennessee,100000,2023-12-16,3.8
Tennessee,100000,2023-12-16,3.6
Tennessee,100000,2023-12-16,9.5
Tennessee,100000,2023-12-23,2.2
Tennessee,100000,2023-12-23,6.2
Tennessee,100000,2023-12-23,5.4
Tennessee,100000,2023-12-23,13.8
Tennessee,100000,2023-12-30,2.3
Tennessee,100000,2023-12-30,7.5
Tennessee,100000,2023-12-30,7.6
Tennessee,100000,2023-12-30,17.4
Tennessee,100000,2024-01-06,2.2
Tennessee,100000,2024-01-06,6.6
Tennessee,100000,2024-01-06,5.9
Tennessee,100000,2024-01-06,14.7
Tennessee,100000,2024-01-13,1.8
Tennessee,100000,2024-01-13,7.1
Tennessee,100000,2024-01-13,6.0
Tennessee,100000,2024-01-13,14.9
Tennessee,100000,2024-01-20,1.3
Tennessee,100000,2024-01-20,3.6
Tennessee,100000,2024-01-20,3.3
Tennessee,100000,2024-01-20,8.200000000000001
Tennessee,100000,2024-01-27,1.0
Tennessee,100000,2024-01-27,4.6
Tennessee,100000,2024-01-27,2.6
Tennessee,100000,2024-01-27,8.2
Tennessee,100000,2024-02-03,0.7
Tennessee,100000,2024-02-03,4.1
Tennessee,100000,2024-02-03,2.6
Tennessee,100000,2024-02-03,7.4
Tennessee,100000,2024-02-10,0.7
Tennessee,100000,2024-02-10,3.5
Tennessee,100000,2024-02-10,3.1
Tennessee,100000,2024-02-10,7.3
Tennessee,100000,2024-02-17,0.6
Tennessee,100000,2024-02-17,5.8
Tennessee,100000,2024-02-17,3.3
Tennessee,100000,2024-02-17,9.7
Tennessee,100000,2024-02-24,0.5
Tennessee,100000,2024-02-24,5.0
Tennessee,100000,2024-02-24,3.5
Tennessee,100000,2024-02-24,9.0
Tennessee,100000,2024-03-02,0.5
Tennessee,100000,2024-03-02,5.5
Tennessee,100000,2024-03-02,2.7
Tennessee,100000,2024-03-02,8.7
Tennessee,100000,2024-03-09,0.4
Tennessee,100000,2024-03-09,4.1
Tennessee,100000,2024-03-09,2.4
Tennessee,100000,2024-03-09,6.9
Tennessee,100000,2024-03-16,0.4
Tennessee,100000,2024-03-16,3.8
Tennessee,100000,2024-03-16,1.6
Tennessee,100000,2024-03-16,5.800000000000001
Tennessee,100000,2024-03-23,0.3
Tennessee,100000,2024-03-23,2.5
Tennessee,100000,2024-03-23,1.3
Tennessee,100000,2024-03-23,4.1
Tennessee,100000,2024-03-30,0.1
Tennessee,100000,2024-03-30,2.0
Tennessee,100000,2024-03-30,1.0
Tennessee,100000,2024-03-30,3.1
Tennessee,100000,2024-04-06,0.2
Tennessee,100000,2024-04-06,1.6
Tennessee,100000,2024-04-06,1.1
Tennessee,100000,2024-04-06,2.9000000000000004
Tennessee,100000,2024-04-13,0.3
Tennessee,100000,2024-04-13,1.4
Tennessee,100000,2024-04-13,1.3
Tennessee,100000,2024-04-13,3.0
Tennessee,100000,2024-04-20,0.1
Tennessee,100000,2024-04-20,0.7
Tennessee,100000,2024-04-20,0.7
Tennessee,100000,2024-04-20,1.5
Tennessee,100000,2024-04-27,0.1
Tennessee,100000,2024-04-27,1.0
Tennessee,100000,2024-04-27,0.7
Tennessee,100000,2024-04-27,1.8
Tennessee,100000,2024-05-04,0.2
Tennessee,100000,2024-05-04,0.7
Tennessee,100000,2024-05-04,0.2
Tennessee,100000,2024-05-04,1.1
Tennessee,100000,2024-05-11,0.1
Tennessee,100000,2024-05-11,0.2
Tennessee,100000,2024-05-11,0.2
Tennessee,100000,2024-05-11,0.5
Tennessee,100000,2024-05-18,0.2
Tennessee,100000,2024-05-18,0.3
Tennessee,100000,2024-05-18,0.2
Tennessee,100000,2024-05-18,0.7
Tennessee,100000,2024-05-25,0.2
Tennessee,100000,2024-05-25,0.2
Tennessee,100000,2024-05-25,0.3
Tennessee,100000,2024-05-25,0.7
Tennessee,100000,2024-06-01,0.1
Tennessee,100000,2024-06-01,0.6
Tennessee,100000,2024-06-01,0.1
Tennessee,100000,2024-06-01,0.7999999999999999
Tennessee,100000,2024-06-08,0.1
Tennessee,100000,2024-06-08,0.8
Tennessee,100000,2024-06-08,0.0
Tennessee,100000,2024-06-08,0.9
Tennessee,100000,2024-06-15,0.1
Tennessee,100000,2024-06-15,0.8
Tennessee,100000,2024-06-15,0.4
Tennessee,100000,2024-06-15,1.3000000000000005
Tennessee,100000,2024-06-22,0.0
Tennessee,100000,2024-06-22,1.2
Tennessee,100000,2024-06-22,0.1
Tennessee,100000,2024-06-22,1.3
Tennessee,100000,2024-06-29,0.0
Tennessee,100000,2024-06-29,1.9
Tennessee,100000,2024-06-29,0.2
Tennessee,100000,2024-06-29,2.1
Tennessee,100000,2024-07-06,0.1
Tennessee,100000,2024-07-06,1.4
Tennessee,100000,2024-07-06,0.2
Tennessee,100000,2024-07-06,1.7
Tennessee,100000,2024-07-13,0.1
Tennessee,100000,2024-07-13,2.4
Tennessee,100000,2024-07-13,0.4
Tennessee,100000,2024-07-13,2.9
Tennessee,100000,2024-07-20,0.1
Tennessee,100000,2024-07-20,2.7
Tennessee,100000,2024-07-20,0.2
Tennessee,100000,2024-07-20,3.0000000000000004
Tennessee,100000,2024-07-27,0.1
Tennessee,100000,2024-07-27,2.6
Tennessee,100000,2024-07-27,0.1
Tennessee,100000,2024-07-27,2.8000000000000003
Tennessee,100000,2024-08-03,0.2
Tennessee,100000,2024-08-03,3.5
Tennessee,100000,2024-08-03,0.1
Tennessee,100000,2024-08-03,3.8
Tennessee,100000,2024-08-10,0.1
Tennessee,100000,2024-08-10,4.2
Tennessee,100000,2024-08-10,0.2
Tennessee,100000,2024-08-10,4.5
Tennessee,100000,2024-08-17,0.1
Tennessee,100000,2024-08-17,5.0
Tennessee,100000,2024-08-17,0.2
Tennessee,100000,2024-08-17,5.3
Tennessee,100000,2024-08-24,0.1
Tennessee,100000,2024-08-24,4.0
Tennessee,100000,2024-08-24,0.1
Tennessee,100000,2024-08-24,4.199999999999999
Tennessee,100000,2024-08-31,0.1
Tennessee,100000,2024-08-31,3.9
Tennessee,100000,2024-08-31,0.3
Tennessee,100000,2024-08-31,4.3
Tennessee,100000,2024-09-07,0.0
Tennessee,100000,2024-09-07,2.7
Tennessee,100000,2024-09-07,0.2
Tennessee,100000,2024-09-07,2.9000000000000004
Tennessee,100000,2024-09-14,0.1
Tennessee,100000,2024-09-14,2.9
Tennessee,100000,2024-09-14,0.1
Tennessee,100000,2024-09-14,3.1
Tennessee,100000,2024-09-21,0.0
Tennessee,100000,2024-09-21,2.6
Tennessee,100000,2024-09-21,0.2
Tennessee,100000,2024-09-21,2.8000000000000003
Tennessee,100000,2024-09-28,0.1
Tennessee,100000,2024-09-28,1.4
Tennessee,100000,2024-09-28,0.2
Tennessee,100000,2024-09-28,1.7
Tennessee,100000,2024-10-05,0.1
Tennessee,100000,2024-10-05,1.1
Tennessee,100000,2024-10-05,0.2
Tennessee,100000,2024-10-05,1.4
Tennessee,100000,2024-10-12,0.2
Tennessee,100000,2024-10-12,1.3
Tennessee,100000,2024-10-12,0.5
Tennessee,100000,2024-10-12,2.0
Tennessee,100000,2024-10-19,0.1
Tennessee,100000,2024-10-19,1.3
Tennessee,100000,2024-10-19,0.5
Tennessee,100000,2024-10-19,1.9
Tennessee,100000,2024-10-26,0.2
Tennessee,100000,2024-10-26,0.6
Tennessee,100000,2024-10-26,0.5
Tennessee,100000,2024-10-26,1.3
Tennessee,100000,2024-11-02,0.4
Tennessee,100000,2024-11-02,0.8
Tennessee,100000,2024-11-02,0.6
Tennessee,100000,2024-11-02,1.7999999999999998
Tennessee,100000,2024-11-09,0.4
Tennessee,100000,2024-11-09,0.8
Tennessee,100000,2024-11-09,0.4
Tennessee,100000,2024-11-09,1.6
Tennessee,100000,2024-11-16,1.0
Tennessee,100000,2024-11-16,1.4
Tennessee,100000,2024-11-16,0.6
Tennessee,100000,2024-11-16,3.0
Tennessee,100000,2024-11-23,1.1
Tennessee,100000,2024-11-23,0.7
Tennessee,100000,2024-11-23,0.6
Tennessee,100000,2024-11-23,2.4
Tennessee,100000,2024-11-30,0.8
Tennessee,100000,2024-11-30,1.0
Tennessee,100000,2024-11-30,0.7
Tennessee,100000,2024-11-30,2.5
Tennessee,100000,2024-12-07,1.3
Tennessee,100000,2024-12-07,1.2
Tennessee,100000,2024-12-07,1.4
Tennessee,100000,2024-12-07,3.899999999999999
Tennessee,100000,2024-12-14,1.9
Tennessee,100000,2024-12-14,1.3
Tennessee,100000,2024-12-14,3.0
Tennessee,100000,2024-12-14,6.199999999999999
Tennessee,100000,2024-12-21,3.5
Tennessee,100000,2024-12-21,1.7
Tennessee,100000,2024-12-21,5.9
Tennessee,100000,2024-12-21,11.1
Tennessee,100000,2024-12-28,2.7
Tennessee,100000,2024-12-28,2.0
Tennessee,100000,2024-12-28,11.3
Tennessee,100000,2024-12-28,16.0
Tennessee,100000,2025-01-04,2.7
Tennessee,100000,2025-01-04,1.9
Tennessee,100000,2025-01-04,11.1
Tennessee,100000,2025-01-04,15.7
Tennessee,100000,2025-01-11,3.2
Tennessee,100000,2025-01-11,2.1
Tennessee,100000,2025-01-11,5.5
Tennessee,100000,2025-01-11,10.8
Tennessee,100000,2025-01-18,2.1
Tennessee,100000,2025-01-18,2.5
Tennessee,100000,2025-01-18,6.2
Tennessee,100000,2025-01-18,10.8
Tennessee,100000,2025-01-25,0.8
Tennessee,100000,2025-01-25,2.0
Tennessee,100000,2025-01-25,7.6
Tennessee,100000,2025-01-25,10.4
Tennessee,100000,2025-02-01,2.1
Tennessee,100000,2025-02-01,2.2
Tennessee,100000,2025-02-01,13.2
Tennessee,100000,2025-02-01,17.5
Tennessee,100000,2025-02-08,1.6
Tennessee,100000,2025-02-08,2.9
Tennessee,100000,2025-02-08,12.2
Tennessee,100000,2025-02-08,16.7
Tennessee,100000,2025-02-15,1.4
Tennessee,100000,2025-02-15,3.6
Tennessee,100000,2025-02-15,7.3
Tennessee,100000,2025-02-15,12.3
Tennessee,100000,2025-02-22,1.9
Tennessee,100000,2025-02-22,2.7
Tennessee,100000,2025-02-22,5.2
Tennessee,100000,2025-02-22,9.8
Tennessee,100000,2025-03-01,1.0
Tennessee,100000,2025-03-01,2.9
Tennessee,100000,2025-03-01,5.6
Tennessee,100000,2025-03-01,9.5
Tennessee,100000,2025-03-08,0.9
Tennessee,100000,2025-03-08,2.6
Tennessee,100000,2025-03-08,5.2
Tennessee,100000,2025-03-08,8.700000000000001
Tennessee,100000,2025-03-15,0.8
Tennessee,100000,2025-03-15,3.7
Tennessee,100000,2025-03-15,4.4
Tennessee,100000,2025-03-15,8.900000000000002
Tennessee,100000,2025-03-22,0.6
Tennessee,100000,2025-03-22,2.9
Tennessee,100000,2025-03-22,2.7
Tennessee,100000,2025-03-22,6.199999999999999
Tennessee,100000,2025-03-29,0.3
Tennessee,100000,2025-03-29,2.0
Tennessee,100000,2025-03-29,1.9
Tennessee,100000,2025-03-29,4.2
Tennessee,100000,2025-04-05,0.3
Tennessee,100000,2025-04-05,2.2
Tennessee,100000,2025-04-05,1.1
Tennessee,100000,2025-04-05,3.6
Tennessee,100000,2025-04-12,0.4
Tennessee,100000,2025-04-12,1.7
Tennessee,100000,2025-04-12,0.9
Tennessee,100000,2025-04-12,3.0
Tennessee,100000,2025-04-19,0.2
Tennessee,100000,2025-04-19,1.4
Tennessee,100000,2025-04-19,0.7
Tennessee,100000,2025-04-19,2.3
Tennessee,100000,2025-04-26,0.1
Tennessee,100000,2025-04-26,1.2
Tennessee,100000,2025-04-26,1.0
Tennessee,100000,2025-04-26,2.3000000000000003
Tennessee,100000,2025-05-03,0.2
Tennessee,100000,2025-05-03,0.6
Tennessee,100000,2025-05-03,0.2
Tennessee,100000,2025-05-03,1.0
Tennessee,100000,2025-05-10,0.0
Tennessee,100000,2025-05-10,0.5
Tennessee,100000,2025-05-10,0.5
Tennessee,100000,2025-05-17,0.1
Tennessee,100000,2025-05-17,0.6
Tennessee,100000,2025-05-17,0.7
Tennessee,100000,2025-05-24,0.1
Tennessee,100000,2025-05-24,0.7
Tennessee,100000,2025-05-24,0.7999999999999999
Tennessee,100000,2025-05-31,0.1
Tennessee,100000,2025-05-31,0.5
Tennessee,100000,2025-05-31,0.6
Tennessee,100000,2025-06-07,0.0
Tennessee,100000,2025-06-07,0.5
Tennessee,100000,2025-06-07,0.5
Tennessee,100000,2025-06-14,0.1
Tennessee,100000,2025-06-14,0.7
Tennessee,100000,2025-06-14,0.7999999999999999
Tennessee,100000,2025-06-21,0.1
Tennessee,100000,2025-06-21,0.7
Tennessee,100000,2025-06-21,0.7999999999999999
Tennessee,100000,2025-06-28,0.0
Tennessee,100000,2025-06-28,0.5
Tennessee,100000,2025-06-28,0.5
Tennessee,100000,2025-07-05,0.0
Tennessee,100000,2025-07-05,0.8
Tennessee,100000,2025-07-05,0.8
Tennessee,100000,2025-07-12,0.0
Tennessee,100000,2025-07-12,0.6
Tennessee,100000,2025-07-12,0.6
Tennessee,100000,2025-07-19,0.0
Tennessee,100000,2025-07-19,0.7
Tennessee,100000,2025-07-19,0.7
Tennessee,100000,2025-07-26,0.1
Tennessee,100000,2025-07-26,1.2
Tennessee,100000,2025-07-26,1.3
Tennessee,100000,2025-08-02,0.0
Tennessee,100000,2025-08-02,1.0
Tennessee,100000,2025-08-02,1.0
Tennessee,100000,2025-08-09,0.0
Tennessee,100000,2025-08-09,1.4
Tennessee,100000,2025-08-09,1.4
Tennessee,100000,2025-08-16,0.1
Tennessee,100000,2025-08-16,1.9
Tennessee,100000,2025-08-16,2.0
Tennessee,100000,2025-08-23,0.0
Tennessee,100000,2025-08-23,2.1
Tennessee,100000,2025-08-23,2.1
Tennessee,100000,2025-08-30,0.2
Tennessee,100000,2025-08-30,2.1
Tennessee,100000,2025-08-30,2.3000000000000003
Tennessee,100000,2025-09-06,0.0
Tennessee,100000,2025-09-06,3.2
Tennessee,100000,2025-09-06,3.2
Tennessee,100000,2025-09-13,0.1
Tennessee,100000,2025-09-13,2.1
Tennessee,100000,2025-09-13,2.2
Tennessee,100000,2025-09-20,0.0
Tennessee,100000,2025-09-20,2.4
Tennessee,100000,2025-09-20,2.4
Tennessee,100000,2025-09-27,0.0
Tennessee,100000,2025-09-27,1.7
Tennessee,100000,2025-09-27,1.7
Tennessee,100000,2025-10-04,0.0
Tennessee,100000,2025-10-04,1.2
Tennessee,100000,2025-10-04,0.0
Tennessee,100000,2025-10-04,1.2
Tennessee,100000,2025-10-11,0.0
Tennessee,100000,2025-10-11,0.8
Tennessee,100000,2025-10-11,0.3
Tennessee,100000,2025-10-11,1.1
Tennessee,100000,2025-10-18,0.1
Tennessee,100000,2025-10-18,1.0
Tennessee,100000,2025-10-18,0.4
Tennessee,100000,2025-10-18,1.5
Tennessee,100000,2025-10-25,0.1
Tennessee,100000,2025-10-25,0.7
Tennessee,100000,2025-10-25,0.3
Tennessee,100000,2025-10-25,1.1
Tennessee,100000,2025-11-01,0.2
Tennessee,100000,2025-11-01,0.9
Tennessee,100000,2025-11-01,0.5
Tennessee,100000,2025-11-01,1.6
Tennessee,100000,2025-11-08,0.4
Tennessee,100000,2025-11-08,1.1
Tennessee,100000,2025-11-08,0.7
Tennessee,100000,2025-11-08,2.2
Utah,100000,2018-10-06,0.1
Utah,100000,2018-10-06,0.0
Utah,100000,2018-10-06,0.1
Utah,100000,2018-10-13,0.0
Utah,100000,2018-10-13,0.1
Utah,100000,2018-10-13,0.1
Utah,100000,2018-10-20,0.0
Utah,100000,2018-10-20,0.0
Utah,100000,2018-10-20,0.0
Utah,100000,2018-10-27,0.1
Utah,100000,2018-10-27,0.1
Utah,100000,2018-10-27,0.2
Utah,100000,2018-11-03,0.0
Utah,100000,2018-11-03,0.1
Utah,100000,2018-11-03,0.1
Utah,100000,2018-11-10,0.1
Utah,100000,2018-11-10,0.1
Utah,100000,2018-11-10,0.2
Utah,100000,2018-11-17,0.2
Utah,100000,2018-11-17,0.2
Utah,100000,2018-11-17,0.4
Utah,100000,2018-11-24,0.1
Utah,100000,2018-11-24,0.3
Utah,100000,2018-11-24,0.4
Utah,100000,2018-12-01,0.8
Utah,100000,2018-12-01,0.0
Utah,100000,2018-12-01,0.8
Utah,100000,2018-12-08,0.2
Utah,100000,2018-12-08,0.3
Utah,100000,2018-12-08,0.5
Utah,100000,2018-12-15,0.9
Utah,100000,2018-12-15,0.4
Utah,100000,2018-12-15,1.3
Utah,100000,2018-12-22,1.2
Utah,100000,2018-12-22,0.8
Utah,100000,2018-12-22,2.0
Utah,100000,2018-12-29,2.8
Utah,100000,2018-12-29,1.6
Utah,100000,2018-12-29,4.4
Utah,100000,2019-01-05,2.0
Utah,100000,2019-01-05,2.5
Utah,100000,2019-01-05,4.5
Utah,100000,2019-01-12,4.1
Utah,100000,2019-01-12,3.3
Utah,100000,2019-01-12,7.4
Utah,100000,2019-01-19,3.0
Utah,100000,2019-01-19,4.3
Utah,100000,2019-01-19,7.3
Utah,100000,2019-01-26,3.5
Utah,100000,2019-01-26,5.1
Utah,100000,2019-01-26,8.6
Utah,100000,2019-02-02,5.0
Utah,100000,2019-02-02,5.6
Utah,100000,2019-02-02,10.6
Utah,100000,2019-02-09,5.4
Utah,100000,2019-02-09,5.7
Utah,100000,2019-02-09,11.1
Utah,100000,2019-02-16,3.1
Utah,100000,2019-02-16,6.1
Utah,100000,2019-02-16,9.2
Utah,100000,2019-02-23,4.0
Utah,100000,2019-02-23,6.8
Utah,100000,2019-02-23,10.8
Utah,100000,2019-03-02,3.5
Utah,100000,2019-03-02,5.6
Utah,100000,2019-03-02,9.1
Utah,100000,2019-03-09,1.6
Utah,100000,2019-03-09,3.5
Utah,100000,2019-03-09,5.1
Utah,100000,2019-03-16,1.6
Utah,100000,2019-03-16,3.5
Utah,100000,2019-03-16,5.1
Utah,100000,2019-03-23,0.9
Utah,100000,2019-03-23,3.8
Utah,100000,2019-03-23,4.7
Utah,100000,2019-03-30,1.0
Utah,100000,2019-03-30,1.3
Utah,100000,2019-03-30,2.3
Utah,100000,2019-04-06,0.9
Utah,100000,2019-04-06,1.9
Utah,100000,2019-04-06,2.8
Utah,100000,2019-04-13,0.5
Utah,100000,2019-04-13,1.4
Utah,100000,2019-04-13,1.9
Utah,100000,2019-04-20,0.8
Utah,100000,2019-04-20,0.4
Utah,100000,2019-04-20,1.2000000000000002
Utah,100000,2019-04-27,0.1
Utah,100000,2019-04-27,0.3
Utah,100000,2019-04-27,0.4
Utah,100000,2019-05-04,0.1
Utah,100000,2019-05-04,0.0
Utah,100000,2019-05-04,0.1
Utah,100000,2019-10-05,0.0
Utah,100000,2019-10-05,0.2
Utah,100000,2019-10-05,0.2
Utah,100000,2019-10-12,0.0
Utah,100000,2019-10-12,0.0
Utah,100000,2019-10-12,0.0
Utah,100000,2019-10-19,0.0
Utah,100000,2019-10-19,0.1
Utah,100000,2019-10-19,0.1
Utah,100000,2019-10-26,0.0
Utah,100000,2019-10-26,0.2
Utah,100000,2019-10-26,0.2
Utah,100000,2019-11-02,0.0
Utah,100000,2019-11-02,0.0
Utah,100000,2019-11-02,0.0
Utah,100000,2019-11-09,0.2
Utah,100000,2019-11-09,0.2
Utah,100000,2019-11-09,0.4
Utah,100000,2019-11-16,0.2
Utah,100000,2019-11-16,0.0
Utah,100000,2019-11-16,0.2
Utah,100000,2019-11-23,0.2
Utah,100000,2019-11-23,0.3
Utah,100000,2019-11-23,0.5
Utah,100000,2019-11-30,0.1
Utah,100000,2019-11-30,0.4
Utah,100000,2019-11-30,0.5
Utah,100000,2019-12-07,0.3
Utah,100000,2019-12-07,0.9
Utah,100000,2019-12-07,1.2
Utah,100000,2019-12-14,0.7
Utah,100000,2019-12-14,0.9
Utah,100000,2019-12-14,1.6
Utah,100000,2019-12-21,0.7
Utah,100000,2019-12-21,0.9
Utah,100000,2019-12-21,1.6
Utah,100000,2019-12-28,2.1
Utah,100000,2019-12-28,1.9
Utah,100000,2019-12-28,4.0
Utah,100000,2020-01-04,2.8
Utah,100000,2020-01-04,2.4
Utah,100000,2020-01-04,5.199999999999999
Utah,100000,2020-01-11,2.7
Utah,100000,2020-01-11,3.7
Utah,100000,2020-01-11,6.4
Utah,100000,2020-01-18,3.1
Utah,100000,2020-01-18,3.3
Utah,100000,2020-01-18,6.4
Utah,100000,2020-01-25,3.5
Utah,100000,2020-01-25,3.8
Utah,100000,2020-01-25,7.3
Utah,100000,2020-02-01,4.0
Utah,100000,2020-02-01,2.6
Utah,100000,2020-02-01,6.6
Utah,100000,2020-02-08,4.9
Utah,100000,2020-02-08,5.2
Utah,100000,2020-02-08,10.1
Utah,100000,2020-02-15,2.7
Utah,100000,2020-02-15,4.1
Utah,100000,2020-02-15,6.8
Utah,100000,2020-02-22,3.8
Utah,100000,2020-02-22,3.7
Utah,100000,2020-02-22,7.5
Utah,100000,2020-02-29,2.4
Utah,100000,2020-02-29,3.8
Utah,100000,2020-02-29,6.199999999999999
Utah,100000,2020-03-07,2.5
Utah,100000,2020-03-07,0.0
Utah,100000,2020-03-07,4.5
Utah,100000,2020-03-07,7.0
Utah,100000,2020-03-14,1.6
Utah,100000,2020-03-14,0.2
Utah,100000,2020-03-14,3.0
Utah,100000,2020-03-14,4.800000000000001
Utah,100000,2020-03-21,1.7
Utah,100000,2020-03-21,1.0
Utah,100000,2020-03-21,1.6
Utah,100000,2020-03-21,4.3
Utah,100000,2020-03-28,0.8
Utah,100000,2020-03-28,2.1
Utah,100000,2020-03-28,0.3
Utah,100000,2020-03-28,3.2
Utah,100000,2020-04-04,0.5
Utah,100000,2020-04-04,2.4
Utah,100000,2020-04-04,0.5
Utah,100000,2020-04-04,3.4
Utah,100000,2020-04-11,0.2
Utah,100000,2020-04-11,3.0
Utah,100000,2020-04-11,0.0
Utah,100000,2020-04-11,3.2
Utah,100000,2020-04-18,0.0
Utah,100000,2020-04-18,3.8
Utah,100000,2020-04-18,0.1
Utah,100000,2020-04-18,3.9
Utah,100000,2020-04-25,0.0
Utah,100000,2020-04-25,4.9
Utah,100000,2020-04-25,0.0
Utah,100000,2020-04-25,4.9
Utah,100000,2020-05-02,0.0
Utah,100000,2020-05-02,4.0
Utah,100000,2020-05-02,0.0
Utah,100000,2020-05-02,4.0
Utah,100000,2020-05-09,3.6
Utah,100000,2020-05-09,3.6
Utah,100000,2020-05-16,3.3
Utah,100000,2020-05-16,3.3
Utah,100000,2020-05-23,5.7
Utah,100000,2020-05-23,5.7
Utah,100000,2020-05-30,4.2
Utah,100000,2020-05-30,4.2
Utah,100000,2020-06-06,4.5
Utah,100000,2020-06-06,4.5
Utah,100000,2020-06-13,5.7
Utah,100000,2020-06-13,5.7
Utah,100000,2020-06-20,6.6
Utah,100000,2020-06-20,6.6
Utah,100000,2020-06-27,7.5
Utah,100000,2020-06-27,7.5
Utah,100000,2020-07-04,8.1
Utah,100000,2020-07-04,8.1
Utah,100000,2020-07-11,8.7
Utah,100000,2020-07-11,8.7
Utah,100000,2020-07-18,7.3
Utah,100000,2020-07-18,7.3
Utah,100000,2020-07-25,7.0
Utah,100000,2020-07-25,7.0
Utah,100000,2020-08-01,5.9
Utah,100000,2020-08-01,5.9
Utah,100000,2020-08-08,6.5
Utah,100000,2020-08-08,6.5
Utah,100000,2020-08-15,4.5
Utah,100000,2020-08-15,4.5
Utah,100000,2020-08-22,4.6
Utah,100000,2020-08-22,4.6
Utah,100000,2020-08-29,4.4
Utah,100000,2020-08-29,4.4
Utah,100000,2020-09-05,4.2
Utah,100000,2020-09-05,4.2
Utah,100000,2020-09-12,3.9
Utah,100000,2020-09-12,3.9
Utah,100000,2020-09-19,5.7
Utah,100000,2020-09-19,5.7
Utah,100000,2020-09-26,8.6
Utah,100000,2020-09-26,8.6
Utah,100000,2020-10-03,0.0
Utah,100000,2020-10-03,7.1
Utah,100000,2020-10-03,7.1
Utah,100000,2020-10-10,0.0
Utah,100000,2020-10-10,10.5
Utah,100000,2020-10-10,10.5
Utah,100000,2020-10-17,0.0
Utah,100000,2020-10-17,9.4
Utah,100000,2020-10-17,9.4
Utah,100000,2020-10-24,0.0
Utah,100000,2020-10-24,11.2
Utah,100000,2020-10-24,11.2
Utah,100000,2020-10-31,0.0
Utah,100000,2020-10-31,13.6
Utah,100000,2020-10-31,13.6
Utah,100000,2020-11-07,0.0
Utah,100000,2020-11-07,17.7
Utah,100000,2020-11-07,17.7
Utah,100000,2020-11-14,0.0
Utah,100000,2020-11-14,17.3
Utah,100000,2020-11-14,17.3
Utah,100000,2020-11-21,0.0
Utah,100000,2020-11-21,20.2
Utah,100000,2020-11-21,20.2
Utah,100000,2020-11-28,0.0
Utah,100000,2020-11-28,16.8
Utah,100000,2020-11-28,16.8
Utah,100000,2020-12-05,0.0
Utah,100000,2020-12-05,15.8
Utah,100000,2020-12-05,15.8
Utah,100000,2020-12-12,0.0
Utah,100000,2020-12-12,16.5
Utah,100000,2020-12-12,16.5
Utah,100000,2020-12-19,0.0
Utah,100000,2020-12-19,14.2
Utah,100000,2020-12-19,14.2
Utah,100000,2020-12-26,0.0
Utah,100000,2020-12-26,12.5
Utah,100000,2020-12-26,12.5
Utah,100000,2021-01-02,0.0
Utah,100000,2021-01-02,13.0
Utah,100000,2021-01-02,13.0
Utah,100000,2021-01-09,0.0
Utah,100000,2021-01-09,17.6
Utah,100000,2021-01-09,17.6
Utah,100000,2021-01-16,0.0
Utah,100000,2021-01-16,15.4
Utah,100000,2021-01-16,15.4
Utah,100000,2021-01-23,0.0
Utah,100000,2021-01-23,11.2
Utah,100000,2021-01-23,11.2
Utah,100000,2021-01-30,0.0
Utah,100000,2021-01-30,9.8
Utah,100000,2021-01-30,9.8
Utah,100000,2021-02-06,0.0
Utah,100000,2021-02-06,7.1
Utah,100000,2021-02-06,7.1
Utah,100000,2021-02-13,0.0
Utah,100000,2021-02-13,7.3
Utah,100000,2021-02-13,7.3
Utah,100000,2021-02-20,0.0
Utah,100000,2021-02-20,7.1
Utah,100000,2021-02-20,7.1
Utah,100000,2021-02-27,0.0
Utah,100000,2021-02-27,5.0
Utah,100000,2021-02-27,5.0
Utah,100000,2021-03-06,0.0
Utah,100000,2021-03-06,4.8
Utah,100000,2021-03-06,4.8
Utah,100000,2021-03-13,0.0
Utah,100000,2021-03-13,4.3
Utah,100000,2021-03-13,4.3
Utah,100000,2021-03-20,0.0
Utah,100000,2021-03-20,3.7
Utah,100000,2021-03-20,3.7
Utah,100000,2021-03-27,0.0
Utah,100000,2021-03-27,3.9
Utah,100000,2021-03-27,3.9
Utah,100000,2021-04-03,0.0
Utah,100000,2021-04-03,3.5
Utah,100000,2021-04-03,3.5
Utah,100000,2021-04-10,0.0
Utah,100000,2021-04-10,3.3
Utah,100000,2021-04-10,3.3
Utah,100000,2021-04-17,0.0
Utah,100000,2021-04-17,3.3
Utah,100000,2021-04-17,3.3
Utah,100000,2021-04-24,0.0
Utah,100000,2021-04-24,3.9
Utah,100000,2021-04-24,3.9
Utah,100000,2021-05-01,0.0
Utah,100000,2021-05-01,4.2
Utah,100000,2021-05-01,4.2
Utah,100000,2021-05-08,0.0
Utah,100000,2021-05-08,3.9
Utah,100000,2021-05-08,3.9
Utah,100000,2021-05-15,0.3
Utah,100000,2021-05-15,4.8
Utah,100000,2021-05-15,5.1
Utah,100000,2021-05-22,0.3
Utah,100000,2021-05-22,3.5
Utah,100000,2021-05-22,3.8
Utah,100000,2021-05-29,0.1
Utah,100000,2021-05-29,3.3
Utah,100000,2021-05-29,3.4
Utah,100000,2021-06-05,0.0
Utah,100000,2021-06-05,3.9
Utah,100000,2021-06-05,3.9
Utah,100000,2021-06-12,0.0
Utah,100000,2021-06-12,4.2
Utah,100000,2021-06-12,4.2
Utah,100000,2021-06-19,0.1
Utah,100000,2021-06-19,3.5
Utah,100000,2021-06-19,3.6
Utah,100000,2021-06-26,0.2
Utah,100000,2021-06-26,4.1
Utah,100000,2021-06-26,4.3
Utah,100000,2021-07-03,0.2
Utah,100000,2021-07-03,3.7
Utah,100000,2021-07-03,3.9
Utah,100000,2021-07-10,0.2
Utah,100000,2021-07-10,4.8
Utah,100000,2021-07-10,5.0
Utah,100000,2021-07-17,0.1
Utah,100000,2021-07-17,6.5
Utah,100000,2021-07-17,6.6
Utah,100000,2021-07-24,0.4
Utah,100000,2021-07-24,6.4
Utah,100000,2021-07-24,6.800000000000001
Utah,100000,2021-07-31,0.3
Utah,100000,2021-07-31,8.9
Utah,100000,2021-07-31,9.2
Utah,100000,2021-08-07,0.5
Utah,100000,2021-08-07,8.2
Utah,100000,2021-08-07,8.7
Utah,100000,2021-08-14,0.9
Utah,100000,2021-08-14,8.3
Utah,100000,2021-08-14,9.2
Utah,100000,2021-08-21,0.5
Utah,100000,2021-08-21,9.1
Utah,100000,2021-08-21,9.6
Utah,100000,2021-08-28,1.2
Utah,100000,2021-08-28,9.9
Utah,100000,2021-08-28,11.1
Utah,100000,2021-09-04,0.6
Utah,100000,2021-09-04,10.6
Utah,100000,2021-09-04,11.2
Utah,100000,2021-09-11,1.3
Utah,100000,2021-09-11,11.0
Utah,100000,2021-09-11,12.3
Utah,100000,2021-09-18,0.6
Utah,100000,2021-09-18,9.1
Utah,100000,2021-09-18,9.7
Utah,100000,2021-09-25,0.9
Utah,100000,2021-09-25,9.4
Utah,100000,2021-09-25,10.3
Utah,100000,2021-10-02,1.3
Utah,100000,2021-10-02,10.6
Utah,100000,2021-10-02,11.9
Utah,100000,2021-10-09,1.1
Utah,100000,2021-10-09,9.8
Utah,100000,2021-10-09,11.0
Utah,100000,2021-10-09,0.1
Utah,100000,2021-10-16,2.2
Utah,100000,2021-10-16,9.0
Utah,100000,2021-10-16,11.3
Utah,100000,2021-10-16,0.1
Utah,100000,2021-10-23,3.3
Utah,100000,2021-10-23,9.4
Utah,100000,2021-10-23,12.7
Utah,100000,2021-10-23,0.0
Utah,100000,2021-10-30,2.2
Utah,100000,2021-10-30,10.4
Utah,100000,2021-10-30,12.6
Utah,100000,2021-10-30,0.0
Utah,100000,2021-11-06,4.4
Utah,100000,2021-11-06,8.9
Utah,100000,2021-11-06,13.4
Utah,100000,2021-11-06,0.1
Utah,100000,2021-11-13,3.4
Utah,100000,2021-11-13,9.4
Utah,100000,2021-11-13,12.8
Utah,100000,2021-11-13,0.0
Utah,100000,2021-11-20,3.0
Utah,100000,2021-11-20,8.3
Utah,100000,2021-11-20,11.4
Utah,100000,2021-11-20,0.1
Utah,100000,2021-11-27,4.2
Utah,100000,2021-11-27,8.3
Utah,100000,2021-11-27,12.5
Utah,100000,2021-11-27,0.0
Utah,100000,2021-12-04,5.0
Utah,100000,2021-12-04,10.5
Utah,100000,2021-12-04,15.5
Utah,100000,2021-12-04,0.0
Utah,100000,2021-12-11,4.7
Utah,100000,2021-12-11,9.8
Utah,100000,2021-12-11,14.8
Utah,100000,2021-12-11,0.3
Utah,100000,2021-12-18,4.5
Utah,100000,2021-12-18,7.8
Utah,100000,2021-12-18,12.5
Utah,100000,2021-12-18,0.2
Utah,100000,2021-12-25,2.7
Utah,100000,2021-12-25,6.9
Utah,100000,2021-12-25,10.4
Utah,100000,2021-12-25,0.8
Utah,100000,2022-01-01,3.0
Utah,100000,2022-01-01,9.4
Utah,100000,2022-01-01,14.1
Utah,100000,2022-01-01,1.7
Utah,100000,2022-01-08,2.3
Utah,100000,2022-01-08,20.6
Utah,100000,2022-01-08,24.200000000000003
Utah,100000,2022-01-08,1.3
Utah,100000,2022-01-15,1.3
Utah,100000,2022-01-15,26.7
Utah,100000,2022-01-15,29.3
Utah,100000,2022-01-15,1.3
Utah,100000,2022-01-22,1.5
Utah,100000,2022-01-22,28.9
Utah,100000,2022-01-22,31.6
Utah,100000,2022-01-22,1.2
Utah,100000,2022-01-29,0.5
Utah,100000,2022-01-29,22.2
Utah,100000,2022-01-29,23.2
Utah,100000,2022-01-29,0.5
Utah,100000,2022-02-05,0.7
Utah,100000,2022-02-05,16.8
Utah,100000,2022-02-05,18.3
Utah,100000,2022-02-05,0.8
Utah,100000,2022-02-12,0.2
Utah,100000,2022-02-12,13.5
Utah,100000,2022-02-12,14.2
Utah,100000,2022-02-12,0.5
Utah,100000,2022-02-19,0.3
Utah,100000,2022-02-19,7.3
Utah,100000,2022-02-19,8.4
Utah,100000,2022-02-19,0.8
Utah,100000,2022-02-26,0.4
Utah,100000,2022-02-26,6.1
Utah,100000,2022-02-26,7.6
Utah,100000,2022-02-26,1.1
Utah,100000,2022-03-05,0.4
Utah,100000,2022-03-05,4.6
Utah,100000,2022-03-05,7.2
Utah,100000,2022-03-05,2.2
Utah,100000,2022-03-12,0.1
Utah,100000,2022-03-12,3.5
Utah,100000,2022-03-12,5.199999999999999
Utah,100000,2022-03-12,1.6
Utah,100000,2022-03-19,0.2
Utah,100000,2022-03-19,2.4
Utah,100000,2022-03-19,6.2
Utah,100000,2022-03-19,3.6
Utah,100000,2022-03-26,0.2
Utah,100000,2022-03-26,1.9
Utah,100000,2022-03-26,5.2
Utah,100000,2022-03-26,3.1
Utah,100000,2022-04-02,0.2
Utah,100000,2022-04-02,1.3
Utah,100000,2022-04-02,5.0
Utah,100000,2022-04-02,3.5
Utah,100000,2022-04-09,0.3
Utah,100000,2022-04-09,1.4
Utah,100000,2022-04-09,4.3
Utah,100000,2022-04-09,2.6
Utah,100000,2022-04-16,0.3
Utah,100000,2022-04-16,1.2
Utah,100000,2022-04-16,4.3999999999999995
Utah,100000,2022-04-16,2.9
Utah,100000,2022-04-23,0.0
Utah,100000,2022-04-23,1.6
Utah,100000,2022-04-23,4.7
Utah,100000,2022-04-23,3.1
Utah,100000,2022-04-30,0.1
Utah,100000,2022-04-30,2.5
Utah,100000,2022-04-30,4.5
Utah,100000,2022-04-30,1.9
Utah,100000,2022-05-07,0.3
Utah,100000,2022-05-07,2.8
Utah,100000,2022-05-07,4.3
Utah,100000,2022-05-07,1.2
Utah,100000,2022-05-14,0.2
Utah,100000,2022-05-14,3.0
Utah,100000,2022-05-14,3.9
Utah,100000,2022-05-14,0.7
Utah,100000,2022-05-21,0.3
Utah,100000,2022-05-21,4.3
Utah,100000,2022-05-21,5.1
Utah,100000,2022-05-21,0.5
Utah,100000,2022-05-28,0.0
Utah,100000,2022-05-28,5.7
Utah,100000,2022-05-28,6.2
Utah,100000,2022-05-28,0.5
Utah,100000,2022-06-04,0.0
Utah,100000,2022-06-04,6.1
Utah,100000,2022-06-04,6.3999999999999995
Utah,100000,2022-06-04,0.3
Utah,100000,2022-06-11,0.0
Utah,100000,2022-06-11,8.2
Utah,100000,2022-06-11,8.799999999999999
Utah,100000,2022-06-11,0.6
Utah,100000,2022-06-18,0.1
Utah,100000,2022-06-18,7.5
Utah,100000,2022-06-18,7.6
Utah,100000,2022-06-25,0.1
Utah,100000,2022-06-25,8.3
Utah,100000,2022-06-25,8.4
Utah,100000,2022-07-02,0.0
Utah,100000,2022-07-02,11.5
Utah,100000,2022-07-02,11.5
Utah,100000,2022-07-09,0.0
Utah,100000,2022-07-09,8.8
Utah,100000,2022-07-09,8.8
Utah,100000,2022-07-16,0.1
Utah,100000,2022-07-16,5.5
Utah,100000,2022-07-16,5.6
Utah,100000,2022-07-23,0.1
Utah,100000,2022-07-23,8.5
Utah,100000,2022-07-23,8.6
Utah,100000,2022-07-30,0.3
Utah,100000,2022-07-30,7.8
Utah,100000,2022-07-30,8.1
Utah,100000,2022-08-06,0.2
Utah,100000,2022-08-06,6.5
Utah,100000,2022-08-06,6.7
Utah,100000,2022-08-13,0.2
Utah,100000,2022-08-13,6.4
Utah,100000,2022-08-13,6.6000000000000005
Utah,100000,2022-08-20,0.5
Utah,100000,2022-08-20,4.6
Utah,100000,2022-08-20,5.1
Utah,100000,2022-08-27,0.0
Utah,100000,2022-08-27,4.6
Utah,100000,2022-08-27,4.6
Utah,100000,2022-09-03,0.2
Utah,100000,2022-09-03,3.8
Utah,100000,2022-09-03,4.0
Utah,100000,2022-09-10,0.0
Utah,100000,2022-09-10,3.9
Utah,100000,2022-09-10,3.9
Utah,100000,2022-09-17,0.3
Utah,100000,2022-09-17,4.6
Utah,100000,2022-09-17,4.8999999999999995
Utah,100000,2022-09-24,0.5
Utah,100000,2022-09-24,3.1
Utah,100000,2022-09-24,3.6
Utah,100000,2022-10-01,0.7
Utah,100000,2022-10-01,4.1
Utah,100000,2022-10-01,4.8
Utah,100000,2022-10-08,0.8
Utah,100000,2022-10-08,2.6
Utah,100000,2022-10-08,0.2
Utah,100000,2022-10-08,3.6000000000000005
Utah,100000,2022-10-15,1.0
Utah,100000,2022-10-15,2.7
Utah,100000,2022-10-15,0.1
Utah,100000,2022-10-15,3.8
Utah,100000,2022-10-22,1.7
Utah,100000,2022-10-22,2.5
Utah,100000,2022-10-22,0.3
Utah,100000,2022-10-22,4.5
Utah,100000,2022-10-29,3.2
Utah,100000,2022-10-29,3.7
Utah,100000,2022-10-29,0.3
Utah,100000,2022-10-29,7.2
Utah,100000,2022-11-05,5.2
Utah,100000,2022-11-05,3.5
Utah,100000,2022-11-05,0.3
Utah,100000,2022-11-05,9.0
Utah,100000,2022-11-12,7.0
Utah,100000,2022-11-12,5.2
Utah,100000,2022-11-12,1.1
Utah,100000,2022-11-12,13.3
Utah,100000,2022-11-19,6.9
Utah,100000,2022-11-19,6.2
Utah,100000,2022-11-19,2.2
Utah,100000,2022-11-19,15.3
Utah,100000,2022-11-26,9.7
Utah,100000,2022-11-26,6.5
Utah,100000,2022-11-26,3.8
Utah,100000,2022-11-26,20.0
Utah,100000,2022-12-03,9.6
Utah,100000,2022-12-03,5.7
Utah,100000,2022-12-03,5.7
Utah,100000,2022-12-03,21.0
Utah,100000,2022-12-10,7.6
Utah,100000,2022-12-10,5.8
Utah,100000,2022-12-10,5.5
Utah,100000,2022-12-10,18.9
Utah,100000,2022-12-17,5.5
Utah,100000,2022-12-17,5.7
Utah,100000,2022-12-17,6.0
Utah,100000,2022-12-17,17.2
Utah,100000,2022-12-24,3.7
Utah,100000,2022-12-24,5.3
Utah,100000,2022-12-24,6.6
Utah,100000,2022-12-24,15.599999999999998
Utah,100000,2022-12-31,4.6
Utah,100000,2022-12-31,6.2
Utah,100000,2022-12-31,9.4
Utah,100000,2022-12-31,20.200000000000003
Utah,100000,2023-01-07,2.4
Utah,100000,2023-01-07,5.1
Utah,100000,2023-01-07,4.6
Utah,100000,2023-01-07,12.1
Utah,100000,2023-01-14,2.2
Utah,100000,2023-01-14,4.3
Utah,100000,2023-01-14,1.1
Utah,100000,2023-01-14,7.6
Utah,100000,2023-01-21,1.2
Utah,100000,2023-01-21,2.1
Utah,100000,2023-01-21,0.8
Utah,100000,2023-01-21,4.1000000000000005
Utah,100000,2023-01-28,1.2
Utah,100000,2023-01-28,2.7
Utah,100000,2023-01-28,0.6
Utah,100000,2023-01-28,4.5
Utah,100000,2023-02-04,0.4
Utah,100000,2023-02-04,2.7
Utah,100000,2023-02-04,0.6
Utah,100000,2023-02-04,3.7
Utah,100000,2023-02-11,0.9
Utah,100000,2023-02-11,4.3
Utah,100000,2023-02-11,0.3
Utah,100000,2023-02-11,5.5
Utah,100000,2023-02-18,1.3
Utah,100000,2023-02-18,4.1
Utah,100000,2023-02-18,0.1
Utah,100000,2023-02-18,5.499999999999999
Utah,100000,2023-02-25,0.5
Utah,100000,2023-02-25,2.9
Utah,100000,2023-02-25,0.7
Utah,100000,2023-02-25,4.1
Utah,100000,2023-03-04,0.2
Utah,100000,2023-03-04,3.8
Utah,100000,2023-03-04,0.1
Utah,100000,2023-03-04,4.1
Utah,100000,2023-03-11,0.2
Utah,100000,2023-03-11,3.0
Utah,100000,2023-03-11,0.7
Utah,100000,2023-03-11,3.9
Utah,100000,2023-03-18,0.3
Utah,100000,2023-03-18,2.8
Utah,100000,2023-03-18,0.3
Utah,100000,2023-03-18,3.3999999999999995
Utah,100000,2023-03-25,0.3
Utah,100000,2023-03-25,2.9
Utah,100000,2023-03-25,0.2
Utah,100000,2023-03-25,3.4
Utah,100000,2023-04-01,0.2
Utah,100000,2023-04-01,2.2
Utah,100000,2023-04-01,0.0
Utah,100000,2023-04-01,2.4000000000000004
Utah,100000,2023-04-08,0.0
Utah,100000,2023-04-08,2.8
Utah,100000,2023-04-08,0.3
Utah,100000,2023-04-08,3.0999999999999996
Utah,100000,2023-04-15,0.0
Utah,100000,2023-04-15,2.1
Utah,100000,2023-04-15,0.3
Utah,100000,2023-04-15,2.4
Utah,100000,2023-04-22,0.3
Utah,100000,2023-04-22,1.8
Utah,100000,2023-04-22,0.4
Utah,100000,2023-04-22,2.5
Utah,100000,2023-04-29,0.0
Utah,100000,2023-04-29,1.1
Utah,100000,2023-04-29,0.0
Utah,100000,2023-04-29,1.1
Utah,100000,2023-05-06,0.0
Utah,100000,2023-05-06,1.6
Utah,100000,2023-05-06,0.1
Utah,100000,2023-05-06,1.7000000000000002
Utah,100000,2023-05-13,0.1
Utah,100000,2023-05-13,1.3
Utah,100000,2023-05-13,1.4
Utah,100000,2023-05-20,0.0
Utah,100000,2023-05-20,1.7
Utah,100000,2023-05-20,1.7
Utah,100000,2023-05-27,0.1
Utah,100000,2023-05-27,1.9
Utah,100000,2023-05-27,2.0
Utah,100000,2023-06-03,0.1
Utah,100000,2023-06-03,1.8
Utah,100000,2023-06-03,1.9
Utah,100000,2023-06-10,0.0
Utah,100000,2023-06-10,0.8
Utah,100000,2023-06-10,0.8
Utah,100000,2023-06-17,0.1
Utah,100000,2023-06-17,0.7
Utah,100000,2023-06-17,0.7999999999999999
Utah,100000,2023-06-24,0.0
Utah,100000,2023-06-24,0.5
Utah,100000,2023-06-24,0.5
Utah,100000,2023-07-01,0.0
Utah,100000,2023-07-01,1.0
Utah,100000,2023-07-01,1.0
Utah,100000,2023-07-08,0.0
Utah,100000,2023-07-08,0.9
Utah,100000,2023-07-08,0.9
Utah,100000,2023-07-15,0.0
Utah,100000,2023-07-15,0.9
Utah,100000,2023-07-15,0.9
Utah,100000,2023-07-22,0.0
Utah,100000,2023-07-22,1.1
Utah,100000,2023-07-22,1.1
Utah,100000,2023-07-29,0.0
Utah,100000,2023-07-29,0.8
Utah,100000,2023-07-29,0.8
Utah,100000,2023-08-05,0.0
Utah,100000,2023-08-05,1.3
Utah,100000,2023-08-05,1.3
Utah,100000,2023-08-12,0.0
Utah,100000,2023-08-12,1.3
Utah,100000,2023-08-12,1.3
Utah,100000,2023-08-19,0.1
Utah,100000,2023-08-19,1.5
Utah,100000,2023-08-19,1.6
Utah,100000,2023-08-26,0.0
Utah,100000,2023-08-26,1.8
Utah,100000,2023-08-26,1.8
Utah,100000,2023-09-02,0.1
Utah,100000,2023-09-02,2.1
Utah,100000,2023-09-02,2.2
Utah,100000,2023-09-09,0.1
Utah,100000,2023-09-09,1.9
Utah,100000,2023-09-09,2.0
Utah,100000,2023-09-16,0.1
Utah,100000,2023-09-16,3.0
Utah,100000,2023-09-16,3.1
Utah,100000,2023-09-23,0.0
Utah,100000,2023-09-23,2.9
Utah,100000,2023-09-23,2.9
Utah,100000,2023-09-30,0.1
Utah,100000,2023-09-30,2.4
Utah,100000,2023-09-30,2.5
Utah,100000,2023-10-07,0.1
Utah,100000,2023-10-07,2.4
Utah,100000,2023-10-07,3.1
Utah,100000,2023-10-07,0.6
Utah,100000,2023-10-14,0.1
Utah,100000,2023-10-14,2.9
Utah,100000,2023-10-14,3.3
Utah,100000,2023-10-14,0.3
Utah,100000,2023-10-21,0.0
Utah,100000,2023-10-21,2.6
Utah,100000,2023-10-21,2.9
Utah,100000,2023-10-21,0.3
Utah,100000,2023-10-28,0.3
Utah,100000,2023-10-28,1.6
Utah,100000,2023-10-28,2.0
Utah,100000,2023-10-28,0.1
Utah,100000,2023-11-04,0.4
Utah,100000,2023-11-04,3.0
Utah,100000,2023-11-04,3.7
Utah,100000,2023-11-04,0.3
Utah,100000,2023-11-11,0.8
Utah,100000,2023-11-11,3.4
Utah,100000,2023-11-11,4.6
Utah,100000,2023-11-11,0.4
Utah,100000,2023-11-18,0.5
Utah,100000,2023-11-18,4.5
Utah,100000,2023-11-18,5.5
Utah,100000,2023-11-18,0.5
Utah,100000,2023-11-25,0.8
Utah,100000,2023-11-25,3.0
Utah,100000,2023-11-25,4.8999999999999995
Utah,100000,2023-11-25,1.1
Utah,100000,2023-12-02,1.2
Utah,100000,2023-12-02,5.7
Utah,100000,2023-12-02,8.5
Utah,100000,2023-12-02,1.6
Utah,100000,2023-12-09,2.0
Utah,100000,2023-12-09,4.0
Utah,100000,2023-12-09,9.0
Utah,100000,2023-12-09,3.0
Utah,100000,2023-12-16,2.6
Utah,100000,2023-12-16,4.0
Utah,100000,2023-12-16,10.6
Utah,100000,2023-12-16,4.0
Utah,100000,2023-12-23,3.4
Utah,100000,2023-12-23,4.9
Utah,100000,2023-12-23,14.3
Utah,100000,2023-12-23,6.0
Utah,100000,2023-12-30,5.7
Utah,100000,2023-12-30,4.4
Utah,100000,2023-12-30,17.9
Utah,100000,2023-12-30,7.8
Utah,100000,2024-01-06,5.6
Utah,100000,2024-01-06,4.6
Utah,100000,2024-01-06,17.9
Utah,100000,2024-01-06,7.7
Utah,100000,2024-01-13,5.1
Utah,100000,2024-01-13,2.8
Utah,100000,2024-01-13,13.9
Utah,100000,2024-01-13,6.0
Utah,100000,2024-01-20,4.6
Utah,100000,2024-01-20,2.7
Utah,100000,2024-01-20,11.6
Utah,100000,2024-01-20,4.3
Utah,100000,2024-01-27,3.5
Utah,100000,2024-01-27,2.6
Utah,100000,2024-01-27,9.6
Utah,100000,2024-01-27,3.5
Utah,100000,2024-02-03,3.9
Utah,100000,2024-02-03,2.5
Utah,100000,2024-02-03,9.1
Utah,100000,2024-02-03,2.7
Utah,100000,2024-02-10,3.5
Utah,100000,2024-02-10,1.3
Utah,100000,2024-02-10,6.3
Utah,100000,2024-02-10,1.5
Utah,100000,2024-02-17,3.4
Utah,100000,2024-02-17,0.9
Utah,100000,2024-02-17,6.4
Utah,100000,2024-02-17,2.1
Utah,100000,2024-02-24,3.6
Utah,100000,2024-02-24,3.0
Utah,100000,2024-02-24,8.3
Utah,100000,2024-02-24,1.7
Utah,100000,2024-03-02,2.6
Utah,100000,2024-03-02,1.6
Utah,100000,2024-03-02,5.800000000000001
Utah,100000,2024-03-02,1.6
Utah,100000,2024-03-09,2.1
Utah,100000,2024-03-09,2.0
Utah,100000,2024-03-09,5.4
Utah,100000,2024-03-09,1.3
Utah,100000,2024-03-16,1.8
Utah,100000,2024-03-16,1.8
Utah,100000,2024-03-16,4.6
Utah,100000,2024-03-16,1.0
Utah,100000,2024-03-23,1.2
Utah,100000,2024-03-23,1.2
Utah,100000,2024-03-23,3.5999999999999996
Utah,100000,2024-03-23,1.2
Utah,100000,2024-03-30,1.2
Utah,100000,2024-03-30,1.8
Utah,100000,2024-03-30,3.7
Utah,100000,2024-03-30,0.7
Utah,100000,2024-04-06,0.8
Utah,100000,2024-04-06,1.4
Utah,100000,2024-04-06,2.8
Utah,100000,2024-04-06,0.6
Utah,100000,2024-04-13,0.5
Utah,100000,2024-04-13,1.3
Utah,100000,2024-04-13,2.2
Utah,100000,2024-04-13,0.4
Utah,100000,2024-04-20,0.1
Utah,100000,2024-04-20,0.7
Utah,100000,2024-04-20,1.3
Utah,100000,2024-04-20,0.5
Utah,100000,2024-04-27,0.2
Utah,100000,2024-04-27,0.9
Utah,100000,2024-04-27,1.4
Utah,100000,2024-04-27,0.3
Utah,100000,2024-05-04,0.2
Utah,100000,2024-05-04,0.8
Utah,100000,2024-05-04,1.2
Utah,100000,2024-05-04,0.2
Utah,100000,2024-05-11,0.1
Utah,100000,2024-05-11,0.7
Utah,100000,2024-05-11,1.1
Utah,100000,2024-05-11,0.3
Utah,100000,2024-05-18,0.2
Utah,100000,2024-05-18,0.7
Utah,100000,2024-05-18,1.2
Utah,100000,2024-05-18,0.3
Utah,100000,2024-05-25,0.0
Utah,100000,2024-05-25,0.9
Utah,100000,2024-05-25,1.1
Utah,100000,2024-05-25,0.2
Utah,100000,2024-06-01,0.1
Utah,100000,2024-06-01,0.6
Utah,100000,2024-06-01,1.1
Utah,100000,2024-06-01,0.4
Utah,100000,2024-06-08,0.1
Utah,100000,2024-06-08,1.7
Utah,100000,2024-06-08,2.1
Utah,100000,2024-06-08,0.3
Utah,100000,2024-06-15,0.0
Utah,100000,2024-06-15,1.3
Utah,100000,2024-06-15,1.5
Utah,100000,2024-06-15,0.2
Utah,100000,2024-06-22,0.0
Utah,100000,2024-06-22,1.3
Utah,100000,2024-06-22,1.5
Utah,100000,2024-06-22,0.2
Utah,100000,2024-06-29,0.0
Utah,100000,2024-06-29,1.0
Utah,100000,2024-06-29,1.1
Utah,100000,2024-06-29,0.1
Utah,100000,2024-07-06,0.0
Utah,100000,2024-07-06,2.7
Utah,100000,2024-07-06,2.8000000000000003
Utah,100000,2024-07-06,0.1
Utah,100000,2024-07-13,0.1
Utah,100000,2024-07-13,1.9
Utah,100000,2024-07-13,2.0
Utah,100000,2024-07-13,0.0
Utah,100000,2024-07-20,0.0
Utah,100000,2024-07-20,2.0
Utah,100000,2024-07-20,2.1
Utah,100000,2024-07-20,0.1
Utah,100000,2024-07-27,0.0
Utah,100000,2024-07-27,2.2
Utah,100000,2024-07-27,2.3000000000000003
Utah,100000,2024-07-27,0.1
Utah,100000,2024-08-03,0.0
Utah,100000,2024-08-03,2.5
Utah,100000,2024-08-03,2.6
Utah,100000,2024-08-03,0.1
Utah,100000,2024-08-10,0.0
Utah,100000,2024-08-10,3.0
Utah,100000,2024-08-10,3.3
Utah,100000,2024-08-10,0.3
Utah,100000,2024-08-17,0.0
Utah,100000,2024-08-17,3.0
Utah,100000,2024-08-17,3.2
Utah,100000,2024-08-17,0.2
Utah,100000,2024-08-24,0.0
Utah,100000,2024-08-24,2.1
Utah,100000,2024-08-24,2.1
Utah,100000,2024-08-24,0.0
Utah,100000,2024-08-31,0.0
Utah,100000,2024-08-31,3.5
Utah,100000,2024-08-31,3.6
Utah,100000,2024-08-31,0.1
Utah,100000,2024-09-07,0.0
Utah,100000,2024-09-07,3.8
Utah,100000,2024-09-07,3.9
Utah,100000,2024-09-07,0.1
Utah,100000,2024-09-14,0.0
Utah,100000,2024-09-14,3.0
Utah,100000,2024-09-14,3.0
Utah,100000,2024-09-14,0.0
Utah,100000,2024-09-21,0.0
Utah,100000,2024-09-21,2.7
Utah,100000,2024-09-21,2.8000000000000003
Utah,100000,2024-09-21,0.1
Utah,100000,2024-09-28,0.0
Utah,100000,2024-09-28,2.1
Utah,100000,2024-09-28,2.1
Utah,100000,2024-09-28,0.0
Utah,100000,2024-10-05,0.0
Utah,100000,2024-10-05,2.3
Utah,100000,2024-10-05,0.2
Utah,100000,2024-10-05,2.5
Utah,100000,2024-10-12,0.0
Utah,100000,2024-10-12,1.1
Utah,100000,2024-10-12,0.2
Utah,100000,2024-10-12,1.3
Utah,100000,2024-10-19,0.0
Utah,100000,2024-10-19,1.6
Utah,100000,2024-10-19,0.2
Utah,100000,2024-10-19,1.8
Utah,100000,2024-10-26,0.0
Utah,100000,2024-10-26,1.6
Utah,100000,2024-10-26,0.2
Utah,100000,2024-10-26,1.8
Utah,100000,2024-11-02,0.1
Utah,100000,2024-11-02,1.3
Utah,100000,2024-11-02,0.2
Utah,100000,2024-11-02,1.6
Utah,100000,2024-11-09,0.1
Utah,100000,2024-11-09,1.5
Utah,100000,2024-11-09,0.1
Utah,100000,2024-11-09,1.7000000000000002
Utah,100000,2024-11-16,0.0
Utah,100000,2024-11-16,1.2
Utah,100000,2024-11-16,0.4
Utah,100000,2024-11-16,1.6
Utah,100000,2024-11-23,0.1
Utah,100000,2024-11-23,2.0
Utah,100000,2024-11-23,0.5
Utah,100000,2024-11-23,2.6
Utah,100000,2024-11-30,0.3
Utah,100000,2024-11-30,1.3
Utah,100000,2024-11-30,0.7
Utah,100000,2024-11-30,2.3
Utah,100000,2024-12-07,0.6
Utah,100000,2024-12-07,1.0
Utah,100000,2024-12-07,1.5
Utah,100000,2024-12-07,3.1
Utah,100000,2024-12-14,0.4
Utah,100000,2024-12-14,0.8
Utah,100000,2024-12-14,2.5
Utah,100000,2024-12-14,3.7
Utah,100000,2024-12-21,0.6
Utah,100000,2024-12-21,1.8
Utah,100000,2024-12-21,5.8
Utah,100000,2024-12-21,8.2
Utah,100000,2024-12-28,2.2
Utah,100000,2024-12-28,2.4
Utah,100000,2024-12-28,8.1
Utah,100000,2024-12-28,12.7
Utah,100000,2025-01-04,2.6
Utah,100000,2025-01-04,1.9
Utah,100000,2025-01-04,10.4
Utah,100000,2025-01-04,14.9
Utah,100000,2025-01-11,2.1
Utah,100000,2025-01-11,1.6
Utah,100000,2025-01-11,6.7
Utah,100000,2025-01-11,10.4
Utah,100000,2025-01-18,3.2
Utah,100000,2025-01-18,1.3
Utah,100000,2025-01-18,5.6
Utah,100000,2025-01-18,10.1
Utah,100000,2025-01-25,3.1
Utah,100000,2025-01-25,1.2
Utah,100000,2025-01-25,4.7
Utah,100000,2025-01-25,9.0
Utah,100000,2025-02-01,5.1
Utah,100000,2025-02-01,0.8
Utah,100000,2025-02-01,4.3
Utah,100000,2025-02-01,10.2
Utah,100000,2025-02-08,5.9
Utah,100000,2025-02-08,0.8
Utah,100000,2025-02-08,6.1
Utah,100000,2025-02-08,12.8
Utah,100000,2025-02-15,6.3
Utah,100000,2025-02-15,0.8
Utah,100000,2025-02-15,4.5
Utah,100000,2025-02-15,11.6
Utah,100000,2025-02-22,5.7
Utah,100000,2025-02-22,1.3
Utah,100000,2025-02-22,5.0
Utah,100000,2025-02-22,12.0
Utah,100000,2025-03-01,5.0
Utah,100000,2025-03-01,0.6
Utah,100000,2025-03-01,4.4
Utah,100000,2025-03-01,10.0
Utah,100000,2025-03-08,4.1
Utah,100000,2025-03-08,1.4
Utah,100000,2025-03-08,3.6
Utah,100000,2025-03-08,9.1
Utah,100000,2025-03-15,3.5
Utah,100000,2025-03-15,0.9
Utah,100000,2025-03-15,3.7
Utah,100000,2025-03-15,8.100000000000001
Utah,100000,2025-03-22,2.0
Utah,100000,2025-03-22,0.8
Utah,100000,2025-03-22,2.0
Utah,100000,2025-03-22,4.8
Utah,100000,2025-03-29,2.0
Utah,100000,2025-03-29,1.1
Utah,100000,2025-03-29,2.0
Utah,100000,2025-03-29,5.1
Utah,100000,2025-04-05,1.9
Utah,100000,2025-04-05,0.8
Utah,100000,2025-04-05,2.2
Utah,100000,2025-04-05,4.9
Utah,100000,2025-04-12,0.7
Utah,100000,2025-04-12,0.6
Utah,100000,2025-04-12,1.5
Utah,100000,2025-04-12,2.8
Utah,100000,2025-04-19,0.6
Utah,100000,2025-04-19,0.3
Utah,100000,2025-04-19,1.5
Utah,100000,2025-04-19,2.4
Utah,100000,2025-04-26,0.3
Utah,100000,2025-04-26,0.7
Utah,100000,2025-04-26,0.6
Utah,100000,2025-04-26,1.6
Utah,100000,2025-05-03,0.3
Utah,100000,2025-05-03,0.7
Utah,100000,2025-05-03,0.2
Utah,100000,2025-05-03,1.2
Utah,100000,2025-05-10,0.3
Utah,100000,2025-05-10,0.6
Utah,100000,2025-05-10,0.8999999999999999
Utah,100000,2025-05-17,0.3
Utah,100000,2025-05-17,0.9
Utah,100000,2025-05-17,1.2
Utah,100000,2025-05-24,0.0
Utah,100000,2025-05-24,0.3
Utah,100000,2025-05-24,0.3
Utah,100000,2025-05-31,0.2
Utah,100000,2025-05-31,0.3
Utah,100000,2025-05-31,0.5
Utah,100000,2025-06-07,0.1
Utah,100000,2025-06-07,0.3
Utah,100000,2025-06-07,0.4
Utah,100000,2025-06-14,0.2
Utah,100000,2025-06-14,0.3
Utah,100000,2025-06-14,0.5
Utah,100000,2025-06-21,0.1
Utah,100000,2025-06-21,0.6
Utah,100000,2025-06-21,0.7
Utah,100000,2025-06-28,0.1
Utah,100000,2025-06-28,0.8
Utah,100000,2025-06-28,0.9
Utah,100000,2025-07-05,0.0
Utah,100000,2025-07-05,0.4
Utah,100000,2025-07-05,0.4
Utah,100000,2025-07-12,0.0
Utah,100000,2025-07-12,0.8
Utah,100000,2025-07-12,0.8
Utah,100000,2025-07-19,0.2
Utah,100000,2025-07-19,0.6
Utah,100000,2025-07-19,0.8
Utah,100000,2025-07-26,0.1
Utah,100000,2025-07-26,0.9
Utah,100000,2025-07-26,1.0
Utah,100000,2025-08-02,0.0
Utah,100000,2025-08-02,1.0
Utah,100000,2025-08-02,1.0
Utah,100000,2025-08-09,0.0
Utah,100000,2025-08-09,1.6
Utah,100000,2025-08-09,1.6
Utah,100000,2025-08-16,0.0
Utah,100000,2025-08-16,1.8
Utah,100000,2025-08-16,1.8
Utah,100000,2025-08-23,0.0
Utah,100000,2025-08-23,1.5
Utah,100000,2025-08-23,1.5
Utah,100000,2025-08-30,0.0
Utah,100000,2025-08-30,1.6
Utah,100000,2025-08-30,1.6
Utah,100000,2025-09-06,0.0
Utah,100000,2025-09-06,1.5
Utah,100000,2025-09-06,1.5
Utah,100000,2025-09-13,0.0
Utah,100000,2025-09-13,1.1
Utah,100000,2025-09-13,1.1
Utah,100000,2025-09-20,0.0
Utah,100000,2025-09-20,0.5
Utah,100000,2025-09-20,0.5
Utah,100000,2025-09-27,0.0
Utah,100000,2025-09-27,0.5
Utah,100000,2025-09-27,0.5
Utah,100000,2025-10-04,0.0
Utah,100000,2025-10-04,0.4
Utah,100000,2025-10-04,0.0
Utah,100000,2025-10-04,0.4
Utah,100000,2025-10-11,0.1
Utah,100000,2025-10-11,0.7
Utah,100000,2025-10-11,0.2
Utah,100000,2025-10-11,1.0
Utah,100000,2025-10-18,0.0
Utah,100000,2025-10-18,0.2
Utah,100000,2025-10-18,0.0
Utah,100000,2025-10-18,0.2
Utah,100000,2025-10-25,0.0
Utah,100000,2025-10-25,0.1
Utah,100000,2025-10-25,0.1
Utah,100000,2025-10-25,0.2
Utah,100000,2025-11-01,0.0
Utah,100000,2025-11-01,0.4
Utah,100000,2025-11-01,0.2
Utah,100000,2025-11-01,0.6000000000000001
Utah,100000,2025-11-08,0.0
Utah,100000,2025-11-08,0.3
Utah,100000,2025-11-08,0.5
Utah,100000,2025-11-08,0.8
Washington,100000,2025-10-04,0.0
Washington,100000,2025-10-04,2.2
Washington,100000,2025-10-04,2.3000000000000003
Washington,100000,2025-10-04,0.1
Washington,100000,2025-10-11,0.1
Washington,100000,2025-10-11,2.2
Washington,100000,2025-10-11,2.5000000000000004
Washington,100000,2025-10-11,0.2
Washington,100000,2025-10-18,0.1
Washington,100000,2025-10-18,1.4
Washington,100000,2025-10-18,1.7
Washington,100000,2025-10-18,0.2
Washington,100000,2025-10-25,0.1
Washington,100000,2025-10-25,1.3
Washington,100000,2025-10-25,1.6
Washington,100000,2025-10-25,0.2
Washington,100000,2025-11-01,0.1
Washington,100000,2025-11-01,1.0
Washington,100000,2025-11-01,1.3
Washington,100000,2025-11-01,0.2
Washington,100000,2025-11-08,0.1
Washington,100000,2025-11-08,0.5
Washington,100000,2025-11-08,0.7
Washington,100000,2025-11-08,0.1
