sewershed_id,population_served,sample_collect_date,synthetic_viral_load,rolling_mean,rolling_std,z_score,is_anomaly
752,1075656,2020-01-14,1169933.47766,,,,False
752,1075656,2020-01-17,393.19517,,,,False
752,1075656,2020-01-21,367.82206,,,,False
752,1075656,2020-01-24,356.03289,,,,False
752,1075656,2020-01-28,384.99554,234287.10466400004,523042.22343108105,-0.4471954627097525,False
752,1075656,2020-01-31,363.35274,195299.81267666668,477471.0332705186,-0.40826866208284185,False
752,1075656,2020-02-04,342.30819,167448.74060714288,442054.21822626377,-0.37802248124145277,False
752,1075656,2020-02-07,416.8087,146569.74911875,413501.3904108344,-0.353452113603632,False
752,1075656,2020-02-11,400.05752,130328.67227444446,389851.80271648784,-0.3332769371568932,False
752,1075656,2020-02-14,451.43718,117340.94876500001,369843.3168588742,-0.31605143653198153,False
752,1075656,2020-02-18,416.77351,106711.47828727272,352630.8454909495,-0.3014333718574283,False
752,1075656,2020-02-21,383.55268,97850.81782000001,337618.4807567653,-0.28869055071135036,False
752,1075656,2020-02-25,368.70185,90352.19351461538,324373.80766683945,-0.2774067743380698,False
752,1075656,2020-02-26,183017393.51865,13156569.431024285,48890301.54555893,3.474325555741135,True
752,1075656,2020-02-28,432.96162,13073033.679878572,48913351.48703337,-0.2672603761720159,False
752,1075656,2020-03-03,419.16653,13073035.534975713,48913350.95310027,-0.26726069904677285,False
752,1075656,2020-03-06,372.6433,13073035.879350001,48913350.85398236,-0.2672616577644602,False
752,1075656,2020-03-07,1050791.00973,13148066.949124286,48892556.60749248,-0.2474257183258127,False
752,1075656,2020-03-08,1042273.75932,13222487.575108571,48871793.29713049,-0.24922788778662913,False
752,1075656,2020-03-09,1013255.68526,13294837.027431428,48851459.180781,-0.25140664267001495,False
752,1075656,2020-03-10,1037874.58041,13368946.475447142,48830522.04452695,-0.25252795544132917,False
752,1075656,2020-03-11,2042772.34051,13514829.013433572,48790545.40498694,-0.23512868277449098,False
752,1075656,2020-03-12,968787.7151,13583999.56040357,48770594.50613209,-0.25866430321486894,False
752,1075656,2020-03-13,1014840.28998,13656455.907032143,48749610.6781293,-0.25931726307557146,False
752,1075656,2020-03-14,1630258.84275,13772873.197692143,48716425.36598456,-0.24925093053770161,False
752,1075656,2020-03-15,4259425.30685,14077090.465847144,48637038.63345337,-0.20185573453570405,False
752,1075656,2020-03-16,6242035.11996,14522923.781426428,48526559.82134911,-0.17064652206858638,False
752,1075656,2020-03-17,11004795.64351,2236309.6474878574,3054499.613220339,2.870678378242643,False
752,1075656,2020-03-18,25537483.72464,4060384.7019892856,6864925.648597872,3.128526093656573,True
752,1075656,2020-03-22,71479929.68884,9166064.02501143,19168511.681885332,3.250845276773186,True
752,1075656,2020-03-24,27526035.17424,11132182.777221428,19563651.228564963,0.8379750898994686,False
752,1075656,2020-03-25,43294404.6234,14149583.749626428,21087513.577443957,1.3820890152240628,False
752,1075656,2020-03-26,23908448.33271,15782881.93344,20878713.040195856,0.38917946636014394,False
752,1075656,2020-03-29,261051.67865,15729153.075825002,20920570.474422455,-0.7393728300137105,False
752,1075656,2020-03-31,22762104.55846,17280883.78854286,20549437.732414152,0.26673336960802607,False
752,1075656,2020-04-02,45765370.17561,20403926.49105,21361810.764265105,1.1872328598184962,False
752,1075656,2020-04-06,81748446.7265,26173902.13472143,26093882.78939188,2.129792068138348,False
752,1075656,2020-04-08,68000581.66604,30958597.947297145,27241887.541613005,1.3597436544057324,False
752,1075656,2020-04-13,74737772.11347,36180563.18092,28178367.8653475,1.3683265516583003,False
752,1075656,2020-04-15,21606401.98684,37419632.94377643,27024516.532027163,-0.5851438984374033,False
752,1075656,2020-04-16,13779839.17791,37958047.519344285,26423994.33924228,-0.9150095943491489,False
752,1075656,2020-04-21,63172147.60589,41684286.94522857,26005683.12413799,0.8262755705393026,False
752,1075656,2020-04-22,17227439.87393,41090712.38446357,26492854.90842598,-0.9007437134660758,False
752,1075656,2020-04-26,23945472.12065,37695393.98673572,25318566.9369184,-0.5430766243738778,False
752,1075656,2020-04-27,22631670.99076,37345796.54505857,25502905.788066357,-0.5769587856605655,False
752,1075656,2020-05-02,23437189.25092,35927424.01845286,25698062.089923747,-0.4860380025476824,False
752,1075656,2020-05-04,5053992.77529,34580677.19292286,26844847.578018025,-1.0999013621448483,False
752,1075656,2020-05-10,10986654.40206,35346791.67316643,25927443.31011707,-0.9395503050468896,False
752,1075656,2020-05-20,5117088.48185,34086433.38198,26993220.91355119,-1.0732081581856263,False
752,1075656,2020-05-21,86793344.72405,37017002.99258286,30374112.56308706,1.6387751783062512,False
752,1075656,2020-05-22,16514566.36069,32357440.109310716,27885912.853261348,-0.5681317958636538,False
752,1075656,2020-05-23,21027778.6017,29002239.89042929,26031694.13544392,-0.30633662362648606,False
752,1075656,2020-05-24,11234804.29097,24466313.617393572,22778762.67017033,-0.5808704150445689,False
752,1075656,2020-05-25,20228105.21686,24367863.848109283,22795046.69052882,-0.18160781539303986,False
752,1075656,2020-05-26,41482821.92944,26346648.33036143,23006656.709663887,0.6579040922847629,False
752,1075656,2020-05-27,8766582.82103,22460536.560014285,20796627.85011401,-0.6584699133763271,False
752,1075656,2020-05-28,10779326.24404,21999957.01502214,20991925.17547969,-0.5345212826924882,False
752,1075656,2020-05-29,28892071.36612,22353285.532555718,21068679.68933314,0.3103557474878126,False
752,1075656,2020-05-30,19328530.51839,22117346.92738643,21083812.120912164,-0.13227287328321036,False
752,1075656,2020-05-31,19361318.75324,21826213.320409287,21092324.197728593,-0.11686216009493766,False
752,1075656,2020-06-01,25437921.42641,23282208.224060714,20541848.426310204,0.1049425133323556,False
752,1075656,2020-06-02,11229582.6668,23299560.242970712,20530762.8501935,-0.5878971796733288,False
752,1075656,2020-06-03,18864334.43728,24281506.382644285,19913715.40353329,-0.2720322067273853,False
752,1075656,2020-06-04,10608131.40914,18839705.431579284,8857310.232960522,-0.9293536983504654,False
752,1075656,2020-06-05,1419608.26767,17761494.13922071,10006356.589478066,-1.6331504604517704,False
752,1075656,2020-06-06,5083679.70897,16622629.932597144,10501111.441350196,-1.0988313273383856,False
752,1075656,2020-06-07,5742997.87885,16230358.046017144,10815718.215654975,-0.96964066167954,False
752,1075656,2020-06-08,9745010.47448,15481565.564418571,10880345.635490354,-0.5272401523005512,False
752,1075656,2020-06-09,10737481.41724,13285469.813547144,7931855.273799677,-0.321234857212234,False
752,1075656,2020-06-10,11441552.71043,13476539.09136143,7846385.013620718,-0.2593533681305277,False
752,1075656,2020-06-11,9553466.883,13388977.708429998,7885542.0360642085,-0.4863978668667853,False
752,1075656,2020-06-12,9054537.69355,11972011.017532144,6555651.610356769,-0.4450317828624469,False
752,1075656,2020-06-13,2656853.02779,10781176.911060715,6630326.430717417,-1.2253278881763356,False
752,1075656,2020-06-14,3161251.00061,9624029.214444285,6428270.118278421,-1.0053681775844705,False
752,1075656,2020-06-15,10794818.98135,8578093.325511428,4584005.241389969,0.48357834232458524,False
752,1075656,2020-06-16,5665060.56794,8180627.461307144,4577654.834796705,-0.5495317983010094,False
752,1075656,2020-06-17,5651957.88417,7236886.278942143,3421622.651909628,-0.4632095809535234,False
752,1075656,2020-06-18,2853358.37296,6682973.919215,3461347.880854161,-1.1063942943839442,False
752,1075656,2020-06-19,3219974.40878,6811571.500722856,3279421.8988161096,-1.0951921414074364,False
752,1075656,2020-06-20,2656347.69496,6638190.642579286,3438127.0147034065,-1.158143061786443,False
752,1075656,2020-06-21,4829815.75782,6572963.34822,3464974.31492996,-0.5030766268278198,False
752,1075656,2020-06-22,4134268.99482,6172196.099672857,3393606.622341427,-0.6005195450281106,False
752,1075656,2020-06-23,1199984.41276,5490946.313638573,3363823.3515847465,-1.2756204629048187,False
752,1075656,2020-06-24,3959404.81954,4956507.178575001,2909350.287502146,-0.3427233782464447,False
752,1075656,2020-06-25,2625311.79064,4461638.9576921435,2644443.4905043435,-0.6944096834158187,False
752,1075656,2020-06-26,6666375.99097,4291055.978936428,2390185.456583235,0.9937806313276989,False
752,1075656,2020-06-27,892565.76045,4165035.4598407145,2525646.981872691,-1.2956956070575933,False
752,1075656,2020-06-28,5373559.40073,4323057.488420715,2527220.397917171,0.4156748311999479,False
752,1075656,2020-06-29,3627813.21282,3811128.504954286,1708792.3765325288,-0.10727768607340595,False
752,1075656,2020-06-30,2986952.40193,3619835.0645250003,1633531.4658492783,-0.38743218347860986,False
752,1075656,2020-07-01,11323642.27296,4024955.37801,2596016.674149284,2.8114946131236938,False
752,1075656,2020-07-02,5857753.36614,4239555.02038,2615820.2166223265,0.6186198636577157,False
752,1075656,2020-07-03,11855903.66405,4856407.110042143,3288614.7575334273,2.1284027075453853,False
752,1075656,2020-07-04,2720312.08613,4860975.995125714,3285365.9154640045,-0.6515754908516422,False
752,1075656,2020-07-05,3967095.03701,4799353.086496429,3294074.732083306,-0.2526530565261568,False
752,1075656,2020-07-06,7383633.55507,5031450.555085714,3357472.3531645755,0.7005814948162544,False
752,1075656,2020-07-07,4362524.87288,5257346.302237143,3181641.9582665507,-0.2812451687193198,False
752,1075656,2020-07-08,6831124.53048,5462469.138732857,3184095.8465990983,0.42984114099737,False
752,1075656,2020-07-09,1921625.60574,5412205.839811429,3237434.9319570735,-1.0781931706535723,False
752,1075656,2020-07-10,1254793.42218,5025664.227755001,3395383.0371304224,-1.1105877494051213,False
752,1075656,2020-07-11,4862293.48936,5309216.208391428,3182774.557525775,-0.14041921944319447,False
752,1075656,2020-07-12,5881055.76437,5345465.948651428,3186451.65942947,0.16808345864392252,False
752,1075656,2020-07-13,5262362.7681,5462219.488314286,3148392.7533783126,-0.06347896716501907,False
752,1075656,2020-07-15,9847553.55625,5952262.427908571,3265237.871712343,1.1929578430066035,False
752,1075656,2020-07-16,6082721.291,5577910.929197142,2879723.145295378,0.1752982270631016,False
752,1075656,2020-07-17,8729522.38619,5783037.287772142,3000919.571638153,0.9818607357108943,False
752,1075656,2020-07-18,4938139.91802,5288911.305912858,2441431.4262608364,-0.14367447888146526,False
752,1075656,2020-07-19,6064430.21754,5527776.8867278565,2331928.373840501,0.23013285349254434,False
752,1075656,2020-07-20,2356873.89905,5412761.091159285,2451471.556266579,-1.2465521716120538,False
752,1075656,2020-07-21,12074167.7583,5747799.248532857,3000573.7767309463,2.108386255597945,False
752,1075656,2020-07-22,7101928.35977,5943470.926167858,2992598.764425468,0.38710750247353914,False
752,1075656,2020-07-23,7332394.86047,5979275.949738571,3007000.147361017,0.4499896389825399,False
752,1075656,2020-07-24,3296992.82704,6077516.465545714,2884196.3041573833,-0.9640549204288793,False
752,1075656,2020-07-25,3616312.22671,6246196.380154999,2639087.489934181,-0.9965126823099709,False
752,1075656,2020-07-26,3798526.72332,6170213.039723572,2696682.3936569034,-0.8794829980654073,False
752,1075656,2020-07-28,8633910.40468,6366845.514031428,2773253.2863912447,0.8174748775286369,False
752,1075656,2020-07-30,5166134.68227,6359972.079329287,2776318.844250456,-0.43000730969053963,False
752,1075656,2020-08-02,25890066.60483,7505865.868513571,5890550.80208829,3.1209646353952074,True
752,1075656,2020-08-03,18009884.35728,8357806.087533572,6499878.624811423,1.4849628472910845,False
752,1075656,2020-08-04,10446813.38729,8480469.730469286,6523593.966437512,0.30142030097782446,False
752,1075656,2020-08-05,7137699.33004,8637581.117042143,6457875.175231038,-0.23225623696705822,False
752,1075656,2020-08-06,3985625.63167,8489095.075194286,6544903.3838246595,-0.6880879944926832,False
752,1075656,2020-08-09,8922266.51834,8958051.690857857,6302438.481618126,-0.005677988388498936,False
752,1075656,2020-08-11,7756191.74406,8649624.832697857,6243593.693969082,-0.1430959688329586,False
752,1075656,2020-08-13,3861317.66802,8418152.64043,6364289.909449095,-0.7160005337978778,False
752,1075656,2020-08-16,5503884.754,8287544.775682143,6406905.458632776,-0.43447808612992583,False
752,1075656,2020-08-18,14276303.68387,9071781.265455713,6420992.833175412,0.810547925162605,False
752,1075656,2020-08-20,10892427.25772,9591503.767670715,6237294.687319817,0.208571753503007,False
752,1075656,2020-08-23,6737685.55363,9801443.68412143,6074655.000126027,-0.5043509681501037,False
752,1075656,2020-08-25,8632632.75245,9801352.423247857,6074673.899041327,-0.1923921662662909,False
752,1075656,2020-08-27,12017097.95044,10290706.942402856,5947160.625911997,0.2902882764785594,False
752,1075656,2020-08-30,14051198.83338,9445073.53015643,4119216.5878478736,1.1182042033944342,False
752,1075656,2020-09-01,11564863.10017,8984714.868934287,3382691.1319933957,0.7627501685958687,False
752,1075656,2020-09-03,28541382.69089,10277184.104905713,6236941.070292709,2.9283904369369194,False
752,1075656,2020-09-06,14536857.1764,10805695.379645715,6263880.2950847875,0.5956630109426094,False
752,1075656,2020-09-08,23350750.45618,12188918.581396429,6760458.098434392,1.651046676462422,False
752,1075656,2020-09-09,9737621.51499,12247158.224014286,6733610.722636243,-0.37268811821687686,False
752,1075656,2020-09-10,14085052.77982,12699219.72656857,6620409.676940913,0.2093273862006348,False
752,1075656,2020-09-11,6607114.04297,12895348.039065002,6374555.346369639,-0.9864584515179089,False
752,1075656,2020-09-12,7599287.91869,13045019.693685714,6210136.422857346,-0.876910168181149,False
752,1075656,2020-09-13,7794635.01751,12582043.360374285,6351286.646553404,-0.7537698436996582,False
752,1075656,2020-09-14,25152159.09555,13600595.634505,7152372.772489216,1.6150673110155511,False
752,1075656,2020-09-15,34418066.89368,15577765.730222857,8755536.376932174,2.151815760036684,False
752,1075656,2020-09-16,13267067.22201,15908796.763762858,8558139.347139524,-0.3086803608351891,False
752,1075656,2020-09-17,14639520.30799,16096112.646445,8494872.932515696,-0.17146723088459917,False
752,1075656,2020-09-18,18784058.804,16434174.072917858,8501405.51485788,0.2764113212780236,False
752,1075656,2020-09-19,22946099.51079,17247119.530819286,8544018.616636012,0.667013993728228,False
752,1075656,2020-09-20,16431740.74246,16382145.10593143,7901476.177749857,0.006276755812822535,False
752,1075656,2020-09-21,12637893.49194,16246504.842755714,7951729.332523122,-0.45381466092617684,False
752,1075656,2020-09-22,10526649.58359,15330497.637570713,7807735.126934886,-0.6152678050525233,False
752,1075656,2020-09-23,15147486.51011,15716916.56579357,7641748.778296981,-0.07451567333655158,False
752,1075656,2020-09-24,15523343.54495,15819651.620445713,7627777.906572335,-0.038845923298370534,False
752,1075656,2020-09-27,12649638.52746,16251260.512195,7226814.770183705,-0.49836921233881964,False
752,1075656,2020-09-29,14108022.86558,16716170.151258571,6825630.073081879,-0.38211084658166244,False
752,1075656,2020-10-01,18726247.4891,17496999.613515,6334100.830503962,0.19406825190801358,False
752,1075656,2020-10-04,12951042.71845,16625491.300865,6031977.073213347,-0.6091615630855759,False
752,1075656,2020-10-06,22132223.19268,15747931.036507858,3679135.5381939854,1.7352696278501514,False
752,1075656,2020-10-08,17767023.69987,16069356.499212144,3642105.765934971,0.4661224329442411,False
752,1075656,2020-10-11,11506650.47093,15845580.082279285,3828204.4366404503,-1.1334111548016061,False
752,1075656,2020-10-13,24662915.00772,16265498.382545,4447635.83178313,1.8880629940892304,False
752,1075656,2020-10-15,26783827.73882,16539621.827404287,4977733.869081102,2.058005948258301,False
752,1075656,2020-10-17,24189645.97705,17093757.915589284,5380335.591696793,1.3188560342614035,False
752,1075656,2020-10-18,47177099.75894,19560844.07751786,9512201.374701178,2.9032454837290165,False
752,1075656,2020-10-19,43080681.62124,21886132.080207143,10996972.529886177,1.9273076734012926,False
752,1075656,2020-10-20,74545165.45108,26128823.43313357,17645423.67193803,2.743846955340844,False
752,1075656,2020-10-21,62869119.69955,29510664.58703357,19855148.464530077,1.6800909432689022,False
752,1075656,2020-10-22,40226623.78998,31480449.248642143,19416818.297558,0.4504432398400639,False
752,1075656,2020-10-23,28786617.20136,32528920.272626426,18792863.37178015,-0.19913426694124572,False
752,1075656,2020-10-24,55216594.6614,35135373.642076425,19256045.370615065,1.0428528097450234,False
752,1075656,2020-10-25,42082937.28531,37216223.253995,18220537.215843778,0.26710046875473675,False
752,1075656,2020-10-26,33116629.16212,38000823.68038357,17751500.3437466,-0.27514263153447466,False
752,1075656,2020-10-27,45367669.15677,39972298.35587643,16840780.89496412,0.320375333812872,False
752,1075656,2020-10-28,38885547.37603,41927933.849097855,14739532.115024831,-0.20640997620043736,False
752,1075656,2020-10-29,29810278.74522,42295602.68749072,14334368.744613769,-0.8710061925093252,False
752,1075656,2020-10-30,15416102.86916,41483622.33965785,15550972.352030396,-1.6762629937474214,False
752,1075656,2020-10-31,32479665.28618,42075766.57602429,14989499.840924917,-0.6401882245359939,False
752,1075656,2020-11-01,46574502.69145,42032723.92834643,14974582.20882202,0.303299197250916,False
752,1075656,2020-11-02,62938062.0427,43451108.244165,15987651.508105833,1.2188753169066135,False
752,1075656,2020-11-03,60694363.87168,42461765.27420785,14249564.872056697,1.2795196738411396,False
752,1075656,2020-11-04,78455423.24744,43575072.67048572,16411492.783999234,2.1253612353266047,False
752,1075656,2020-11-05,67686635.95885,45536502.11111928,17579876.47236207,1.2599709606921132,False
752,1075656,2020-11-06,57405974.36525,47580741.908539996,17140814.172378156,0.5732068709164956,False
752,1075656,2020-11-07,52494611.46825,47386314.53760071,17062798.6593112,0.2993821255613118,False
752,1075656,2020-11-08,53092578.81901,48172717.50429357,17053278.282063186,0.2884994447015615,False
752,1075656,2020-11-09,72997815.31602,51021373.65814357,17664779.82397927,1.2440823988105552,False
752,1075656,2020-11-10,68735805.74369,52690526.271495,18185813.457106993,0.8822964950146085,False
752,1075656,2020-11-11,77457474.37615,55445663.91436071,18843409.074906632,1.168143745873561,False
752,1075656,2020-11-12,63346515.48912,57841109.39606785,17411046.68879037,0.31620190281820654,False
752,1075656,2020-11-13,89715120.55303,63148182.08777285,14577749.718308834,1.8224306891406268,False
752,1075656,2020-11-14,92300632.54422,67421108.32049,13633491.266809212,1.824882837186341,False
752,1075656,2020-11-15,78681945.2207,69714497.07257928,12511310.967015138,0.7167472834591456,False
752,1075656,2020-11-16,86462020.05754,71394779.78792499,13097152.602591354,1.1504210668381356,False
752,1075656,2020-11-17,138506808.87259,76952811.57370429,21815664.425570592,2.8215504280830888,False
752,1075656,2020-11-18,84372497.08364,77375459.70486142,21904152.815432925,0.3194388496892106,False
752,1075656,2020-11-19,87094742.03306,78761752.99587643,21857898.859989457,0.38123467816190576,False
752,1075656,2020-11-20,58365527.77537,78830292.52517071,21787172.67010764,-0.9393033717439944,False
752,1075656,2020-11-21,81069319.96334,80871343.13196287,20426179.14770974,0.009692308578392726,False
752,1075656,2020-11-22,125531362.62869,86045541.97551143,21965040.847715735,1.7976666160985044,False
752,1075656,2020-11-23,173746953.74127,93241909.00588642,31705721.310159884,2.539133046299322,False
752,1075656,2020-11-24,116097848.95974,96624912.09274714,31415215.428006366,0.619856862405372,False
752,1075656,2020-11-25,201376893.6546,105476299.184065,41453062.52896613,2.313474291640638,False
752,1075656,2020-11-26,105064011.50559,108456120.32809857,39651921.807762496,-0.0855471479781971,False
752,1075656,2020-11-27,149448125.48498,112722763.53752358,40680588.58016934,0.90277361339258,False
752,1075656,2020-11-28,111273257.90351,114077951.06318715,40261797.029935546,-0.06966140029944008,False
752,1075656,2020-11-29,106948350.59746,116096980.01867001,39040455.52945231,-0.23433715865093416,False
752,1075656,2020-11-30,160382817.56618,121377036.98357286,39717019.91005373,0.9820923289547574,False
752,1075656,2020-12-01,64386302.85864,116082715.12543358,42125123.686616756,-1.2272109312100998,False
752,1075656,2020-12-02,151089300.42227,120848201.07819284,42035537.79448384,0.7194174484439587,False
752,1075656,2020-12-03,233885950.64807,131333287.40783644,50436511.51945608,2.0333020692890997,False
752,1075656,2020-12-04,155952954.83944,138303817.91241285,46136536.469923094,0.38254143629816684,False
752,1075656,2020-12-05,256085173.674,150804950.32031712,52682140.905888684,1.9984044221315027,False
752,1075656,2020-12-06,146934316.62551,152333732.74866143,52200656.29264035,-0.10343579001922765,False
752,1075656,2020-12-07,162546275.39481,151533684.29534286,51932366.989416555,0.21205640601190806,False
752,1075656,2020-12-08,201518112.4519,157635131.68763998,52464036.783361815,0.8364392725909504,False
752,1075656,2020-12-09,211589038.50244,158364570.60534286,53185025.51513909,1.000741606901116,False
752,1075656,2020-12-10,219962664.47195,166571617.24579716,53192543.70205165,1.0037317922830138,False
752,1075656,2020-12-11,195046403.9405,169828637.13547713,53458749.14274631,0.4717238470673159,False
752,1075656,2020-12-12,230092859.81319,178315751.55759713,52876125.71614419,0.9792152423108459,False
752,1075656,2020-12-13,240998754.53157,187890780.41003355,51064677.823945485,1.0400138879684226,False
752,1075656,2020-12-14,264634012.81974,195337294.35671642,54246832.51857692,1.2774334508709388,False
752,1075656,2020-12-15,275063000.68878,210385629.91601214,43228407.08663853,1.4961775168615685,False
752,1075656,2020-12-16,323069225.78012,222669910.29871568,49116757.12200684,2.044094955862228,False
752,1075656,2020-12-17,205250311.07548,220624507.47210214,49209909.29776462,-0.31242074240767803,False
752,1075656,2020-12-18,130970042.84007,218840013.75786144,52103394.773008555,-1.686453853930287,False
752,1075656,2020-12-19,178201797.02451,213276915.425755,51978485.60013607,-0.6748006987174165,False
752,1075656,2020-12-20,264075122.26151,221644115.82832643,49862808.21087535,0.8509550094679414,False
752,1075656,2020-12-21,227409259.38542,226277186.11337,46873038.607064255,0.024151907059837552,False
752,1075656,2020-12-22,289978108.89131,232595757.28761357,49184048.209824644,1.166686226373577,False
752,1075656,2020-12-23,194568119.09635,231379977.33003572,49947698.1202071,-0.7370081028577552,False
752,1075656,2020-12-24,201182566.27503,230038541.74454144,50526748.00165869,-0.5711029625054074,False
752,1075656,2020-12-26,88060866.45079,222396717.6381336,62820884.16919695,-2.138394786446076,False
752,1075656,2020-12-27,143649649.46713,216222202.613415,66165381.71156303,-1.0968357057570222,False
752,1075656,2020-12-28,302119527.75966,220587972.12970716,69840358.7945858,1.1673988656008076,False
752,1075656,2020-12-29,226227227.04273,217844630.28849214,68722501.5598304,0.12197746828147546,False
752,1075656,2020-12-30,314668765.05639,220673613.45760712,71996311.86591499,1.3055550925141588,False
752,1075656,2020-12-31,237568947.1198,214566450.69615573,66020697.65701664,0.34841341033904666,False
752,1075656,2021-01-01,182692222.54869,212955158.65852788,66538797.84507861,-0.4548163941930342,False
752,1075656,2021-01-02,236287846.83167,220477858.94364214,62380305.00960713,0.2534451841104811,False
752,1075656,2021-01-03,289246796.8533,228409644.64569858,63638430.67137259,0.955981339668212,False
752,1075656,2021-01-04,248927446.24615,227327667.7874586,63111996.063251935,0.34224521178261763,False
752,1075656,2021-01-05,408319896.95131,240249856.18502212,79518276.38537163,2.113602663515559,False
752,1075656,2021-01-06,301478122.17431,241071285.70523643,80128544.14067128,0.753874129586395,False
752,1075656,2021-01-07,340277282.56136,251479083.09559426,83033987.70088834,1.0694199077327433,False
752,1075656,2021-01-08,345814886.1747,261809963.08842784,85262348.74423064,0.985252275166258,False
752,1075656,2021-01-09,323432379.96143,278622214.05347353,70250723.61942552,0.6378605599952242,False
752,1075656,2021-01-10,373138800.70805,295014296.28496784,62702669.01516433,1.2459518175245163,False
752,1075656,2021-01-11,223271563.46389,289382298.83527,65494324.466750674,-1.0094116690209127,False
752,1075656,2021-01-12,393717278.58894,301345873.9457136,68307579.30734554,1.3522863140502648,False
752,1075656,2021-01-14,358920198.97034,304506690.6538529,69974975.13320301,0.7776138285566608,False
752,1075656,2021-01-15,332549188.01467,311290993.574915,67548164.18769163,0.31471165346087393,False
752,1075656,2021-01-16,385022335.58757,325743144.50626355,59024356.0291932,1.0043174558649521,False
752,1075656,2021-01-17,250002017.65164,326722728.1362614,57520166.161707826,-1.3338054391034724,False
752,1075656,2021-01-18,349828965.11991,331050025.8695907,56757716.77870719,0.3308614284738859,False
752,1075656,2021-01-19,241427761.43187,330514334.09714216,57621252.79697028,-1.5460714292202322,False
752,1075656,2021-01-20,213234345.74625,316579651.8682093,60856166.46185776,-1.698189553013203,False
752,1075656,2021-01-21,223361791.45674,310999913.9598114,65733022.7291604,-1.3332434576174372,False
752,1075656,2021-01-22,340694304.11132,311029701.21338,65747403.38527127,0.45119048617189195,False
752,1075656,2021-01-23,1375847664.16585,384603471.0698907,292606228.4756458,3.3876387329822766,True
752,1075656,2021-01-24,367248508.41141,387733194.5306036,292135561.819134,-0.07012048102475119,False
752,1075656,2021-01-25,275196018.20718,380737281.49482715,293680601.59176296,-0.3593743090813912,False
752,1075656,2021-01-26,168264989.58646,376808240.5035821,296305552.293203,-0.7038114854856398,False
752,1075656,2021-01-27,234757166.7895,365453946.8036221,298644174.21915627,-0.4376337839365048,False
752,1075656,2021-01-28,224379812.52833,355843919.2006214,301025777.20046747,-0.43672042937619654,False
752,1075656,2021-01-29,180134605.09931,344957163.27809566,304667101.95866436,-0.540992306419575,False
752,1075656,2021-01-30,154869782.78763,328517695.22095716,308523901.0634223,-0.5628345545832797,False
752,1075656,2021-01-31,156846698.16233,321863743.82886356,311339208.59301686,-0.5300233350379076,False
752,1075656,2021-02-01,202353149.69339,311329757.0126836,312811636.2075017,-0.34837772865650235,False
752,1075656,2021-02-02,159580027.69588,305483490.3172557,314975914.1451312,-0.46322101490639017,False
752,1075656,2021-02-03,173174787.05045,302622093.2675557,316058515.3189797,-0.4095675324123509,False
752,1075656,2021-02-04,154897780.7456,297731806.7881886,317903501.9061274,-0.4492999453801725,False
752,1075656,2021-02-05,131193548.67452,282767467.1141314,320644597.1173711,-0.47271627154262685,False
752,1075656,2021-02-06,162420574.16058,196094103.54232642,62668664.5439213,-0.5373264234495748,False
752,1075656,2021-02-07,117410333.00562,178248519.58477,42511986.553221844,-1.4310831252965586,False
752,1075656,2021-02-08,191536524.22065,172272841.442875,32548577.160915297,0.5918440822324805,False
752,1075656,2021-02-09,102242408.71323,167556942.80907288,37569598.19450883,-1.7384943474159713,False
752,1075656,2021-02-10,174417752.1745,163246984.62228712,32368445.53025048,0.34511288290854236,False
752,1075656,2021-02-11,150673285.66384,157982232.70339498,27249756.72092587,-0.2682206345696376,False
752,1075656,2021-02-12,115867691.89071,153391738.9027807,28610151.796941806,-1.3115640657342382,False
752,1075656,2021-02-13,158013519.11186,153616291.49736857,28634971.250069346,0.15356144680888353,False
752,1075656,2021-02-14,162968714.61533,154053578.38686857,28734669.134934474,0.3102571387405597,False
752,1075656,2021-02-15,231485953.5428,156134492.94754073,33208151.214371994,2.2690652095877075,False
752,1075656,2021-02-16,191703622.76982,158429035.45282215,34547335.78093452,0.9631592875350159,False
752,1075656,2021-02-17,182357744.31525,159084960.97173643,34933851.67374643,0.6661957450573249,False
752,1075656,2021-02-18,193392942.54852,161834615.3862307,36075261.75176837,0.874791356454741,False
752,1075656,2021-02-19,179860160.34288,165310801.93397072,35230438.8899373,0.41297692754730214,False
752,1075656,2021-02-20,149986713.12582,164422669.00291643,35464848.33517632,-0.4070497000484253,False
752,1075656,2021-02-21,151378897.76853,166848995.05741,33083091.771449666,-0.4676134079533192,False
752,1075656,2021-02-22,130945435.55031,162521060.1523857,33564793.47879071,-0.9407364482080923,False
752,1075656,2021-02-23,143243624.86525,165449718.44895858,29435411.47957367,-0.7544006510361922,False
752,1075656,2021-02-24,153444055.62249,163951597.26667213,29477571.667754203,-0.3564588617615489,False
752,1075656,2021-02-25,70803182.51672,158246589.8990207,38571320.64616082,-2.2670576458730705,False
752,1075656,2021-02-27,175117683.69356,162478732.17065287,36772289.42850542,0.34370858380956776,False
752,1075656,2021-02-28,217427711.84162,166722603.07992145,39541528.88242504,1.2823254485800968,False
752,1075656,2021-03-01,127080934.86822,164159190.24084213,40942076.87726247,-0.9056271249691745,False
752,1075656,2021-03-02,146667746.32542,158100746.86817214,36215688.07472837,-0.3156919321582681,False
752,1075656,2021-03-03,447561186.01939,176376287.1002843,85499773.36422282,3.1717616111551274,True
752,1075656,2021-03-04,144764292.9384,173691040.57336643,85886928.7310433,-0.3368003497429876,False
752,1075656,2021-03-05,141165131.5674,169960482.6461436,86099347.71039243,-0.33444331280651385,False
752,1075656,2021-03-06,111008641.87552,165042517.0413322,87446236.8025678,-0.617909668174829,False
752,1075656,2021-03-07,183233700.20207,167417301.83249286,87457358.30241653,0.1808469713307144,False
752,1075656,2021-03-08,107572401.70117,164288266.39911002,88847913.85996738,-0.6383477364176443,False
752,1075656,2021-03-09,88349656.0552,161245710.72088787,90785758.58566387,-0.8029459223706813,False
752,1075656,2021-03-10,141259799.1122,161104008.88138428,90817560.9761705,-0.21850630600387064,False
752,1075656,2021-03-11,106594741.04068,157757629.26839784,91977251.27066348,-0.5562558950273441,False
752,1075656,2021-03-12,126401259.47375,161728920.4796143,89088953.70074545,-0.39654367391642953,False
752,1075656,2021-03-13,131376436.67472,158604545.6925543,89349913.6811616,-0.30473570590113536,False
752,1075656,2021-03-14,158853061.33447,154420642.0849007,87740490.68152545,0.05051737476210151,False
752,1075656,2021-03-15,196297003.30917,159364646.97354,88031062.5349416,0.4195377775994772,False
752,1075656,2021-03-16,142287284.5623,159051756.84760287,88087429.48869006,-0.19031628443029255,False
752,1075656,2021-03-17,145428226.68515,137470831.18087143,29482379.29707937,0.2699034370359267,False
752,1075656,2021-03-18,142320800.05678,137296295.97504142,29443087.33730057,0.17065140024813896,False
752,1075656,2021-03-19,117196135.68178,135584224.8403543,29894239.249993023,-0.6151047700127906,False
752,1075656,2021-03-20,166051193.93361,139515835.70164642,30032704.04143924,0.8835487538967516,False
752,1075656,2021-03-21,182414057.26815,139457289.777795,29941585.188583314,1.4346858130522218,False
752,1075656,2021-03-22,149239382.91334,142433502.72152144,28567752.471451253,0.23823645905010965,False
752,1075656,2021-03-23,148584876.32441,146736018.45503643,23960108.19380923,0.07716400336836812,False
752,1075656,2021-03-24,133334004.20031,146169890.24704427,24191966.550092332,-0.5305846476001046,False
752,1075656,2021-03-26,168132198.12808,150565422.8961443,21933337.504769035,0.8009166515636806,False
752,1075656,2021-03-27,150942596.33086,152318375.528795,20805218.443233553,-0.06612664037576868,False
752,1075656,2021-03-28,181977668.26928,155932749.21412072,21277217.087941732,1.2240754487540337,False
752,1075656,2021-03-29,142211186.87491,154744043.8955807,21564447.836773843,-0.5811814480729915,False
752,1075656,2021-03-30,143269039.1384,150956332.16909713,18079957.013633672,-0.4251831475539643,False
752,1075656,2021-03-31,202222697.77157,155237433.11261645,22439664.90670901,2.093848765313153,False
752,1075656,2021-04-01,170605504.19396,157035810.0775314,22601361.6620829,0.6003927692194655,False
752,1075656,2021-04-02,131720377.05483,156278637.00596356,23299048.19963398,-1.0540456305644008,False
752,1075656,2021-04-03,102887996.22336,155256627.04464787,25367285.054517742,-2.064416066155309,False
752,1075656,2021-04-04,152112189.40971,154260983.8643693,25183901.30223412,-0.08532412944569032,False
752,1075656,2021-04-05,182319549.93329,154254233.34045073,25175785.759947386,1.1147742064713981,False
752,1075656,2021-04-06,143893589.07391,153872390.92334858,25297940.667436115,-0.39445115239294715,False
752,1075656,2021-04-07,145233333.16202,153632994.98317787,25367587.721818037,-0.33111787818648325,False
752,1075656,2021-04-08,194020885.89572,157967772.2471357,26777943.24738243,1.346373517768529,False
752,1075656,2021-04-09,148851496.70555,156590579.28838354,26710693.420861688,-0.28973723972246823,False
752,1075656,2021-04-10,147360419.55689,156334709.5188143,26786010.16279426,-0.3350364577397781,False
752,1075656,2021-04-11,116076550.86507,151627486.847085,27707706.781981826,-1.2830703118719873,False
752,1075656,2021-04-12,129493583.2432,150719086.58767715,28243462.832000416,-0.7515191558036651,False
752,1075656,2021-04-13,151061305.88153,151275677.0693293,28162015.21307973,-0.00761206846091543,False
752,1075656,2021-04-14,145239628.52054,147205457.83711284,24049931.537524577,-0.08173949740794917,False
752,1075656,2021-04-15,141547741.47106,145129903.35690573,23110647.406048138,-0.15500049924643203,False
752,1075656,2021-04-16,195640820.98409,149695649.35185286,26345367.71262679,1.7439563620217216,False
752,1075656,2021-04-17,109288772.34381,150152847.6461707,25512971.20033251,-1.6016980139823196,False
752,1075656,2021-04-18,51992339.71218,143001429.81063285,36561328.36333549,-2.489217273344991,False
752,1075656,2021-04-19,89328381.19267,136359203.47201714,37308189.139909275,-1.2606031909771085,False
752,1075656,2021-04-20,106618001.59304,133696661.50909784,38051823.97997392,-0.7116258061718386,False
752,1075656,2021-04-21,129232146.38947,132553719.59677286,37918724.50189169,-0.0875971766175089,False
752,1075656,2021-04-22,62382493.61481,123150977.29099357,37825319.384364575,-1.6065557321190196,False
752,1075656,2021-04-23,95102556.14435,119311767.25090785,37743726.9197192,-0.6414101913690392,False
752,1075656,2021-04-24,78871910.94152,114419730.92123856,38263522.28861274,-0.9290263377111421,False
752,1075656,2021-04-25,64403287.89584,110728783.56629358,40517269.84159311,-1.1433518559263345,False
752,1075656,2021-04-26,78538461.06307,107089131.98199858,40987877.46225457,-0.6965637814551553,False
752,1075656,2021-04-27,69870796.66831,101289809.89534,40020073.59578301,-0.785081345536073,False
752,1075656,2021-04-28,108813648.01049,98687954.14462213,38080005.06411967,0.26590579094771855,False
752,1075656,2021-04-29,71683177.37035,93697628.13742857,36579500.20858853,-0.6018248101134464,False
752,1075656,2021-04-30,56749147.4897,83776794.31640072,23187583.38848498,-1.1656086093095295,False
752,1075656,2021-05-01,44308213.98778,79135325.86239858,24170762.539650228,-1.4408776643884302,False
752,1075656,2021-05-02,50443536.39262,79024697.05385856,24307707.935941283,-1.1758064864264135,False
752,1075656,2021-05-03,44804121.47257,75844392.78813714,25727150.93714397,-1.2065180241451559,False
752,1075656,2021-05-04,53903799.91645,72079092.66838071,24714386.446035568,-0.7354134722954534,False
752,1075656,2021-05-05,42959444.75165,65916756.83710785,19592488.063692193,-1.1717405166116284,False
752,1075656,2021-05-06,36585535.38258,64074116.96337714,21105135.507861145,-1.3024593739546624,False
752,1075656,2021-05-07,52833737.00121,61054915.59600999,19268371.27283173,-0.42666702226107717,False
752,1075656,2021-05-08,50028296.94602,58994657.45347428,18751876.654219717,-0.4781580357418036,False
752,1075656,2021-05-09,51397032.18378,58065639.18832714,18785458.762799326,-0.35498771090716846,False
752,1075656,2021-05-10,27198235.90519,54398480.24847858,19479777.23838462,-1.3963324123486838,False
752,1075656,2021-05-11,30509301.58449,51586944.885348566,19910639.642804187,-1.0586120626454179,False
752,1075656,2021-05-12,46534205.98148,47138413.31184786,11187970.801178792,-0.054005086454479746,False
752,1075656,2021-05-13,42477405.26125,45052286.73262643,8707077.55582553,-0.29572281340869555,False
752,1075656,2021-05-14,47598223.39507,44398649.29729571,8082533.160053661,0.3958627863833035,False
752,1075656,2021-05-15,31844355.95832,43508373.723762855,8751972.454709847,-1.3327301732040875,False
752,1075656,2021-05-16,34573999.86573,42374835.40041357,8812138.093773583,-0.8852375498059237,False
752,1075656,2021-05-17,69207348.72271,44117923.06113786,11371504.491686648,2.2063417975971635,False
752,1075656,2021-05-18,34218554.73558,42711834.119647145,11285114.051828856,-0.7526090870734917,False
752,1075656,2021-05-19,30607647.83497,41829562.91131286,11738011.13055853,-0.9560320697880348,False
752,1075656,2021-05-20,34557904.55349,41684732.13780642,11819915.710111832,-0.6029507958520793,False
752,1075656,2021-05-21,27596913.48855,39882101.886902146,11912853.30244802,-1.0312549048033366,False
752,1075656,2021-05-22,17722625.94842,37574553.95850214,12885469.380357834,-1.5406445371981359,False
752,1075656,2021-05-23,31555286.46916,36157286.40745785,12327295.509248415,-0.3733178891383962,False
752,1075656,2021-05-24,45682017.01321,37477556.48660214,12283701.250982232,0.6679143654647095,False
752,1075656,2021-05-25,16634329.25525,36486487.03451357,13398316.76373179,-1.4816904339059835,False
752,1075656,2021-05-26,26102670.51267,35027091.64388429,13332271.138257746,-0.6693849111427932,False
752,1075656,2021-05-27,8311476.13169,32586668.13463,14898581.503690075,-1.6293626340821459,False
752,1075656,2021-05-28,27196356.36513,31129391.918205716,14303194.948975086,-0.2749760152963267,False
752,1075656,2021-05-29,17996486.26458,30140258.368652854,14722621.682174053,-0.8248376115496037,False
752,1075656,2021-05-30,12230029.70922,28544260.500330716,15400499.386968179,-1.0593312840826274,False
752,1075656,2021-05-31,20923782.11024,25095434.313725714,10081755.326335171,-0.41378232941129645,False
752,1075656,2021-06-01,14219404.68994,23666923.596179996,10106475.342171391,-0.9347985906439843,False
752,1075656,2021-06-02,10174700.9546,22207427.390439283,10494964.288252229,-1.1465238094529184,False
752,1075656,2021-06-03,22881155.10685,21373373.858536426,9884160.479955439,0.1525452011196372,False
752,1075656,2021-06-05,11389970.49309,20215735.07314643,10046929.422015043,-0.8784539245112271,False
752,1075656,2021-06-06,11773142.49601,19790771.969402857,10283533.311915126,-0.7796570721566239,False
752,1075656,2021-06-07,8450360.41972,18140420.10872857,10102679.084546085,-0.9591574282341905,False
752,1075656,2021-06-08,18287249.6639,16183651.012349287,6292305.347540411,0.3343128687124162,False
752,1075656,2021-06-09,13902267.58587,15988503.750250714,6319559.567980124,-0.33012366478057004,False
752,1075656,2021-06-10,17267579.84962,15357425.845747143,5636030.153604772,0.3389183435527103,False
752,1075656,2021-06-11,11717345.71032,15600702.244220713,5376008.491687147,-0.7223494047499177,False
752,1075656,2021-06-12,5756334.43984,14069272.106700001,4846390.902879444,-1.7152841843444648,False
752,1075656,2021-06-13,4315863.92606,13092084.796805713,5346997.660379303,-1.641336209248154,False
752,1075656,2021-06-14,2120255.44385,12369958.063565,6101780.029401344,-1.6797889419688925,False
752,1075656,2021-06-15,822127.50474,10934125.591743572,6296117.425277916,-1.606068852274816,False
752,1075656,2021-06-16,4614672.79978,10248073.313874999,6432413.752435583,-0.8757832954949386,False
752,1075656,2021-06-17,2657076.04354,9711100.105942143,6745188.597257183,-1.0457860385505815,False
752,1075656,2021-06-18,2474446.68649,8253478.075916429,5821987.0781499315,-0.9926218165470142,False
752,1075656,2021-06-19,24310650.97578,9176383.824679999,7214902.219890767,2.0976399526768823,False
752,1075656,2021-06-20,6090538.60479,8770483.546735715,7217421.749215819,-0.37131610636954865,False
752,1075656,2021-06-21,2260885.77344,8328378.214858572,7425119.951321691,-0.8171574979524124,False
752,1075656,2021-06-22,5178322.96002,7392026.307438572,6879123.607174948,-0.3218001992448096,False
752,1075656,2021-06-23,787701.42777,6455271.58186,6817055.390859413,-0.8313809745024678,False
752,1075656,2021-06-24,750816.34531,5275502.760123572,6203522.64367057,-0.7293737243677336,False
752,1075656,2021-06-25,4898723.27674,4788458.300582143,5920054.972347781,0.018625667611685725,False
752,1075656,2021-06-26,1316186.48042,4471304.874909286,5982817.323349215,-0.5273633179765939,False
752,1075656,2021-06-27,4385257.42998,4476261.553760714,5982707.381292697,-0.01521119419366469,False
752,1075656,2021-06-28,7581719.33561,4866366.117457857,5995310.98948641,0.4529128218559275,False
752,1075656,2021-06-29,9693785.14241,5500055.94872,6003813.079669772,0.6985109526295694,False
752,1075656,2021-06-30,2960078.25732,5381870.624258571,6038766.201051523,-0.40104092231901073,False
752,1075656,2021-07-01,8840572.14379,5823548.917133572,6050264.194454333,0.4986597493414963,False
752,1075656,2021-07-02,9327989.52048,6313087.69099,6035686.194693703,0.49951268708114116,False
752,1075656,2021-07-03,3922027.55594,4856757.4467157135,3109488.176837193,-0.3006057066685719,False
752,1075656,2021-07-04,6501449.88139,4886108.252187142,3123935.5610694285,0.5170854512280246,False
752,1075656,2021-07-05,7310799.74091,5246816.392720714,3088844.0050980416,0.6682057574881558,False
752,1075656,2021-07-06,1312289.26729,4970671.128954285,3263323.815215777,-1.1210600200343237,False
752,1075656,2021-07-07,3751709.03471,5182385.958021429,3060942.274488123,-0.4673975511513622,False
752,1075656,2021-07-08,5798261.50002,5542917.754786429,2783502.330089217,0.09173469785649034,False
752,1075656,2021-07-09,14226983.24107,6209222.037952857,3610934.836946439,2.220411490420942,False
752,1075656,2021-07-10,13045701.98255,7047044.573819285,3746521.091932931,1.601127355627897,False
752,1075656,2021-07-11,14029884.69355,7735946.521217143,4090365.8538147267,1.5387225488553917,False
752,1075656,2021-07-12,6595591.07716,7665508.788470714,4101701.0590352616,-0.2608473157627835,False
752,1075656,2021-07-13,3200475.35659,7201700.946626429,4220119.767637441,-0.948130813897835,False
752,1075656,2021-07-14,5820391.47092,7406009.033312143,4065375.4562241067,-0.39002979662420983,False
752,1075656,2021-07-15,10304811.10267,7510597.530374999,4123539.81958576,0.6776249762457007,False
752,1075656,2021-07-16,8431721.55442,7446578.389942144,4100044.3326441064,0.24027622253599878,False
752,1075656,2021-07-17,4571860.69602,7492995.042805,4060561.7842136645,-0.719391675836964,False
752,1075656,2021-07-18,6154607.4959,7468220.586698571,4068127.830904564,-0.32290359236486527,False
752,1075656,2021-07-19,2919346.055,7154545.323419286,4246587.955441242,-0.9973181558603152,False
752,1075656,2021-07-20,18815072.60755,8404744.133437857,4917704.297406238,2.1169081840896573,False
752,1075656,2021-07-21,16064574.38478,9284234.515585715,5118464.4590013595,1.3246824166709497,False
752,1075656,2021-07-22,21615913.14439,10414066.775897857,5965476.42215965,1.8777790030115977,False
752,1075656,2021-07-23,40933613.8073,12321683.244914284,10109356.774010345,2.830242437970212,False
752,1075656,2021-07-24,30523537.07374,13570100.037142143,11223436.61838182,1.5105388494671415,False
752,1075656,2021-07-25,25786218.93833,14409838.19748357,11690567.533882461,0.9731247612979068,False
752,1075656,2021-07-26,36437814.35669,16541425.574592859,12822035.628620686,1.5517340115391232,False
752,1075656,2021-07-27,37257254.71027,18974052.671284284,13317359.837036852,1.3728848857968368,False
752,1075656,2021-07-28,32291501.19804,20864846.22322143,13184668.188359363,0.8666623089466198,False
752,1075656,2021-07-29,27501714.71947,22093196.481564287,12923654.635445664,0.4184975837308272,False
752,1075656,2021-07-30,61827436.55416,25907176.12440286,16076248.140823906,2.2343683747043874,False
752,1075656,2021-07-31,64004207.4067,30152343.746594284,17767045.206566263,1.9053175846929744,False
752,1075656,2021-08-01,80063434.23672,35431545.65665286,20808150.454335727,2.1449233884584555,False
752,1075656,2021-08-02,86327306.88039,41389257.144180715,22642953.48114155,1.9846372856631302,False
752,1075656,2021-08-03,24496117.96373,41795046.09819357,22254856.840633623,-0.7773102410112402,False
752,1075656,2021-08-04,89040584.59256,47007618.25589214,24223817.74998949,1.7351916518892274,False
752,1075656,2021-08-05,33386437.45535,47848369.99238928,23467187.0625591,-0.6162618680494807,False
752,1075656,2021-08-06,47419853.88695,48311672.85522143,23384051.059732523,-0.03813791570987221,False
752,1075656,2021-08-07,44281178.12703,49294361.501885,22862275.96019248,-0.2192775287807693,False
752,1075656,2021-08-08,45484065.37394,50701350.533,21889685.915030073,-0.23834445040975516,False
752,1075656,2021-08-09,66581235.51742,52854452.04448072,21861238.933442496,0.6279051024844053,False
752,1075656,2021-08-10,49219711.93595,53708913.27488642,21434329.57308714,-0.20943978320521123,False
752,1075656,2021-08-11,44736514.17237,54597842.77305286,20724069.918200064,-0.47583938095202755,False
752,1075656,2021-08-12,59757845.66295,56901852.12615858,19218258.563160915,0.14860834177067514,False
752,1075656,2021-08-13,41624880.87455,55458812.434757866,19575122.334932182,-0.7067098393311673,False
752,1075656,2021-08-14,29603442.41437,53001614.935305715,20554537.768701248,-1.1383458379961489,False
752,1075656,2021-08-15,40981509.59892,50210048.889748566,19206165.66082971,-0.48049878636889193,False
752,1075656,2021-08-16,61805464.57328,48458488.724955,16600380.556446215,0.804016257515382,False
752,1075656,2021-08-17,23795999.75216,48408480.281271435,16678988.135831162,-1.475657895351391,False
752,1075656,2021-08-18,42422269.92257,45078600.661986426,11916652.297868123,-0.22290914201563494,False
752,1075656,2021-08-19,32880323.17811,45042449.64218358,11955554.944567619,-1.0172782878305304,False
752,1075656,2021-08-20,28931998.91306,43721888.57262,12672317.050708177,-1.1671022434475378,False
752,1075656,2021-08-21,43793421.93477,43687048.84460143,12671331.5782604,0.008394783887675405,False
752,1075656,2021-08-22,32358721.62906,42749524.29139572,13009200.201947067,-0.7987272469510109,False
752,1075656,2021-08-23,80919572.88566,43773691.24627,15378376.594911328,2.4154618278551903,False
752,1075656,2021-08-24,57677949.58212,44377851.07813929,15769949.997767976,0.8433824143933977,False
752,1075656,2021-08-25,88468125.40324,47501537.594629996,19690308.0505233,2.0805458047428185,False
752,1075656,2021-08-26,55514807.18515,47198463.417644285,19519056.6671665,0.42606279131792496,False
752,1075656,2021-08-27,50001278.68514,47796777.54697214,19463369.312999662,0.11326410667732965,False
752,1075656,2021-08-28,54258603.2195,49557860.46162428,18794503.391453985,0.25011263452766647,False
752,1075656,2021-08-29,60802294.18718,50973630.78935714,18845230.91579171,0.521546456063149,False
752,1075656,2021-08-30,95888840.41505,53408157.63519786,22246738.75255461,1.9095240543953458,False
752,1075656,2021-08-31,49410302.02738,55237750.65485643,20617701.903092586,-0.2826429761603224,False
752,1075656,2021-09-01,61248871.3323,56582507.89840857,20329487.922954574,0.2295366932790527,False
752,1075656,2021-09-02,37795075.12365,56933561.608804286,19927163.057126492,-0.9604220345007839,False
752,1075656,2021-09-03,104643426.96089,62341520.755077854,21917490.708232183,1.9300524302229358,False
752,1075656,2021-09-04,138139529.15932,69080528.41397429,29102471.683715697,2.372959984151027,False
752,1075656,2021-09-05,82373681.84273,72653025.57209358,27259350.811481267,0.35659896443836864,False
752,1075656,2021-09-06,98632804.82343,73918256.42479143,28071530.177437704,0.8804132956921145,False
752,1075656,2021-09-07,54740377.21336,73708429.82702287,28212882.47540698,-0.6723188469025532,False
752,1075656,2021-09-08,48240471.08647,70835025.94725357,28639329.60021223,-0.7889344889070354,False
752,1075656,2021-09-09,56637502.82778,70915218.4931557,28594668.85134108,-0.4993139014689475,False
752,1075656,2021-09-10,83706611.50687,73322742.26613642,28113227.921588782,0.3693588395361591,False
752,1075656,2021-09-11,72594568.03935,74632454.03898285,27578797.04710404,-0.0738932157248259,False
752,1075656,2021-09-12,50887619.46757,73924262.98758213,28083930.48419323,-0.8202784696742533,False
752,1075656,2021-09-13,50694445.41908,70696091.91644143,27962171.5522513,-0.71531091424661,False
752,1075656,2021-09-14,91990050.86495,73737502.54769643,27783953.349753574,0.6569456868676848,False
752,1075656,2021-09-15,35317146.24081,71885236.46973285,29492437.417882826,-1.239914141743662,False
752,1075656,2021-09-16,79466506.0698,74861767.25160071,27844002.937011294,0.1653763228159447,False
752,1075656,2021-09-17,49496968.38729,70922734.49634357,27200046.0321457,-0.7877106562147747,False
752,1075656,2021-09-18,56450784.57222,65087824.16869358,19280611.832692534,-0.4479650164331648,False
752,1075656,2021-09-19,53320078.85352,63012566.812321424,18835382.325052664,-0.5145893930652838,False
752,1075656,2021-09-20,26359993.72347,57850223.16232429,18215681.802561052,-1.728742837088145,False
752,1075656,2021-09-21,33062467.27579,56301801.02392644,19384250.090295527,-1.198877111050631,False
752,1075656,2021-09-22,15804662.68587,53984957.566740714,22161337.52742906,-1.7228335082941186,False
752,1075656,2021-09-23,29195016.24322,52024779.95355786,23102341.705598164,-0.9882012828511554,False
752,1075656,2021-09-24,27490561.29216,48009347.79536428,22032832.49115511,-0.9312822811792978,False
752,1075656,2021-09-25,35630759.01267,45369075.72203,21053039.41457502,-0.46256108287234565,False
752,1075656,2021-09-26,28562331.61798,43774412.30420215,21444753.87554081,-0.7093614025373615,False
752,1075656,2021-09-27,31945210.20964,42435181.217813574,21564466.319561057,-0.4864470491745096,False
752,1075656,2021-09-28,50680912.91102,39484528.50681858,16491859.915019842,0.6789036810823502,False
752,1075656,2021-09-29,55850660.4303,40951208.091782145,16998022.2334898,0.8765403488626278,False
752,1075656,2021-09-30,22557702.59095,36886293.55757857,13529708.968218718,-1.0590465027951765,False
752,1075656,2021-10-01,102879812.07075,40699353.82068286,22139857.35491497,2.808530211070366,False
752,1075656,2021-10-02,76166172.63109,42107595.82488786,23784733.817924634,1.4319511442476158,False
752,1075656,2021-10-03,87852615.96225,44574205.61836857,26654462.916451074,1.6236834514181895,False
752,1075656,2021-10-04,72904463.46935,47898810.60021715,27106753.53358139,0.9224879267874856,False
752,1075656,2021-10-05,76136973.95991,50975561.07765429,27730622.354769524,0.9073511787927141,False
752,1075656,2021-10-06,35351865.30965,52371789.83649571,26277588.900758833,-0.6476973435852108,False
752,1075656,2021-10-07,76857863.13788,55776278.9004,26131014.773495175,0.8067648508952343,False
752,1075656,2021-10-08,84559054.20871,59852599.82301072,25828615.57435577,0.9565535680599683,False
752,1075656,2021-10-09,65646832.11755,61996605.04478785,24892147.21787019,0.1466417115732643,False
752,1075656,2021-10-10,64043237.69984,64530955.47920643,22957257.820724253,-0.021244600865446033,False
752,1075656,2021-10-11,72324917.0044,67415220.25026071,21001672.464762606,0.23377646529708349,False
752,1075656,2021-10-12,42854088.62841,66856161.37293143,21577676.660682302,-1.1123566787084513,False
752,1075656,2021-10-13,123192299.66706,71666278.46127144,25990335.405234743,1.9825069743197947,False
752,1075656,2021-10-14,51491948.07115,73733010.28128572,22730900.698003456,-0.9784505464884302,False
752,1075656,2021-10-15,84012513.69393,72385346.11151285,21389654.866323736,0.5435883680724167,False
752,1075656,2021-10-16,50000946.18503,70516401.36536571,22163016.157042533,-0.9256616985236783,False
752,1075656,2021-10-17,72153349.44682,69395025.18569215,21608618.626458835,0.1276492638798488,False
752,1075656,2021-10-18,68403130.89578,69073501.43043713,21585860.04083285,-0.03105600302184071,False
752,1075656,2021-10-19,54102432.16139,67499605.58768572,21833111.401795693,-0.6136172339226855,False
752,1075656,2021-10-20,33993665.90069,67402591.34418857,21989404.476349074,-1.519319246659539,False
752,1075656,2021-10-21,35320204.24366,64435615.708887145,23374175.420103807,-1.2456230408960385,False
752,1075656,2021-10-22,100659950.51119,65585679.73049285,24793469.34588173,1.41465763792041,False
752,1075656,2021-10-23,117055943.92662,69257759.14542642,28354507.99087253,1.6857349383942786,False
752,1075656,2021-10-24,60304717.50617,68990721.9887357,28424911.88152627,-0.30557718239439324,False
752,1075656,2021-10-25,49934932.75001,67391437.39913642,28849585.10763098,-0.6050868525145279,False
752,1075656,2021-10-26,58993909.35195,68544281.73653214,28106543.97268621,-0.3397917721176656,False
752,1075656,2021-10-27,92276987.73864,66336045.170216426,24460767.22386098,1.0605122206926816,False
752,1075656,2021-10-28,60508654.02822,66980095.59572143,24156672.57216755,-0.2678945764640448,False
752,1075656,2021-10-29,77164727.33382,66490967.99857072,23852683.775700297,0.44748672458078187,False
752,1075656,2021-10-30,85158836.03303,69002245.84485643,23833773.791036293,0.6778863611708,False
752,1075656,2021-10-31,69463832.93302,68810137.52244215,23817254.54179713,0.027446295685788307,False
752,1075656,2021-11-01,42205929.21231,66938908.83076572,24858055.915687546,-0.9949683797616331,False
752,1075656,2021-11-02,82476875.71198,68965654.798665,24887661.08128157,0.5428883360789984,False
752,1075656,2021-11-03,96439781.45797,73426091.624185,23705556.696895882,0.9708141482624839,False
752,1075656,2021-11-04,102513388.25294,78225604.767705,22147950.140139118,1.0966154127834085,False
752,1075656,2021-11-05,49951483.15174,74603571.38488714,22342388.762480896,-1.1033774631361208,False
752,1075656,2021-11-06,65902345.39696,70949742.91848285,18761604.178960852,-0.26902803584263746,False
752,1075656,2021-11-07,62287144.87754,71091344.87358072,18682395.273425303,-0.47125648864544806,False
752,1075656,2021-11-08,89742459.38065,73934739.63291214,18238792.96949332,0.8667086563336872,False
752,1075656,2021-11-09,72531976.66408,74901744.44092143,17737713.74365223,-0.13360051983528584,False
752,1075656,2021-11-10,109982207.92311,76166403.02552643,19604734.779059384,1.7248794884847714,False
752,1075656,2021-11-11,69446990.34021,76804855.61924,19196898.455450594,-0.38328406518923214,False
752,1075656,2021-11-12,152429753.97741,82180928.950925,27880427.757866435,2.519646600711295,False
752,1075656,2021-11-13,159895993.11163,87519297.31368212,34792711.5129934,2.0802257901318977,False
752,1075656,2021-11-14,120923712.02683,91195002.96324001,35450539.572283976,0.838596800564146,False
752,1075656,2021-11-15,173394945.24352,100565646.96546929,38695264.49384799,1.8821243175538847,False
752,1075656,2021-11-16,115298031.7279,102910015.25232069,38508840.207113296,0.3216927959645747,False
752,1075656,2021-11-17,87450853.19482,102267948.94781001,38699483.54006002,-0.3828758008527942,False
752,1075656,2021-11-18,226365405.87472,111114521.63508,50970506.58536503,2.2611288755119334,False
752,1075656,2021-11-19,176672903.84561,120166051.68464215,50523311.06651304,1.1184312937562144,False
752,1075656,2021-11-20,98302188.93333,122480326.22295427,48550022.60634678,-0.4980046556448678,False
752,1075656,2021-11-21,149130504.32571,128683423.326395,45733909.450360365,0.4470879757504282,False
752,1075656,2021-11-22,186482941.50123,135593457.76357928,46695891.535860635,1.0898064490013981,False
752,1075656,2021-11-23,199713953.21599,144677884.6601443,45847484.531558044,1.2004163176708837,False
752,1075656,2021-11-24,174591988.40621,149292868.98036572,45335318.53537939,0.5580443734193907,False
752,1075656,2021-11-25,149889851.38764,155038787.62661073,39106912.92822253,-0.13166307062951169,False
752,1075656,2021-11-26,168657640.30396,156197922.36422142,39263815.881985664,0.3173333426681822,False
752,1075656,2021-11-27,184308630.48737,157941682.1767743,39976320.39186149,0.6595641632881146,False
752,1075656,2021-11-28,228548693.76202,165629180.872145,42573947.939704075,1.4778876739123559,False
752,1075656,2021-11-29,432826350.19405,184159995.5114686,83246426.80336027,2.9871114500802083,False
752,1075656,2021-11-30,309584770.22148,198037619.68958142,86993697.47161455,1.2822440449584944,False
752,1075656,2021-12-01,322806873.40156,214848763.9900629,86719740.42306592,1.2449081245494846,False
752,1075656,2021-12-02,370279353.97806,225128331.71173,96201205.81991278,1.508827472891042,False
752,1075656,2021-12-03,411682407.72392,241914724.845895,106993985.76928546,1.5867030437028533,False
752,1075656,2021-12-04,298686794.09982,256227910.9292157,99440989.11667271,0.4269756721827044,False
752,1075656,2021-12-05,385664138.32552,273123170.50063074,99937757.33391538,1.1261105995090883,False
752,1075656,2021-12-06,187759341.56099,273214341.93347067,99853183.4056183,-0.8558064696380274,False
752,1075656,2021-12-07,241689248.43396,276212577.30618286,98091099.58632183,-0.35195169610512683,False
752,1075656,2021-12-08,186521158.77543,277064660.90398425,97188109.21806487,-0.931631481022006,False
752,1075656,2021-12-09,318645357.00646,289118625.5910429,90431963.65706468,0.32650768844728567,False
752,1075656,2021-12-10,364596488.70133,303114257.6194264,85375636.71683751,0.7201378923336129,False
752,1075656,2021-12-11,438137088.11654,321244861.7357957,85156559.85434142,1.3726743609733194,False
752,1075656,2021-12-12,608758480.82632,348402703.66896003,110250463.18685642,2.3614937264807656,False
752,1075656,2021-12-13,338815953.15733,341687675.30919427,107542625.33757609,-0.026703106259959343,False
752,1075656,2021-12-14,308265879.12166,341593468.8020643,107573483.69859837,-0.3098123118684363,False
752,1075656,2021-12-15,303363762.80492,340204675.1880185,107959493.44429566,-0.34124754764718723,False
752,1075656,2021-12-16,506350947.76407,349924074.74416214,116650642.88789836,1.3409859487035538,False
752,1075656,2021-12-17,426765057.58906,351001406.87738645,117332544.5864994,0.6457172728902969,False
752,1075656,2021-12-18,490320844.10566,364689553.306375,121851110.34219447,1.0310229463356932,False
752,1075656,2021-12-19,536190292.42669,375441421.45645857,130199297.86269014,1.2346370034941299,False
752,1075656,2021-12-20,419677641.43095,392007014.3043128,118731940.82771817,0.23305124917302292,False
752,1075656,2021-12-21,632656096.47689,419933217.73595077,126388561.22964448,1.6830864808598278,False
752,1075656,2021-12-22,843028543.97149,466826602.3928122,152266340.99402013,2.4706835346720006,False
752,1075656,2021-12-23,793194779.92749,500722989.7443143,168677775.7834988,1.7339082687370084,False
752,1075656,2021-12-24,700180856.67957,524693301.74276,171663232.69175896,1.022278050955256,False
752,1075656,2021-12-25,1457037109.46756,597471874.6964043,300090545.1956269,2.864352937913493,False
752,1075656,2021-12-26,1330369228.3765,649015499.521417,358471441.73532623,1.9007196934760384,False
752,1075656,2021-12-27,1171369852.58973,708483635.1951599,371860494.14503086,1.2447846025128928,False
752,1075656,2021-12-28,2039378831.11181,832134560.3373135,495727670.63049614,2.4352973261287816,False
752,1075656,2021-12-29,1657793951.60728,928879573.8231964,516331550.5907977,1.4117176782051069,False
752,1075656,2021-12-30,3519642779.02178,1144114704.6273186,848108066.2220219,2.8009733299395174,False
752,1075656,2021-12-31,3053779610.39122,1331758601.2560441,960369363.4339671,1.793081989806288,False
752,1075656,2022-01-01,2451186343.03681,1471820422.6082692,971140473.9391723,1.0084698833074108,False
752,1075656,2022-01-02,2644717470.62787,1622429506.7654965,978350262.082372,1.0449099913220061,False
752,1075656,2022-01-03,1222618955.87137,1679782457.796955,924470136.4843745,-0.4945140831310261,False
752,1075656,2022-01-04,1601146398.16319,1748960336.4888337,874998784.217516,-0.1689304499523724,False
752,1075656,2022-01-05,1671792146.43635,1808157736.6648953,836167042.8993484,-0.16308414854011397,False
752,1075656,2022-01-06,1845621814.36704,1883331096.26772,783552977.1916562,-0.04812601444746526,False
752,1075656,2022-01-07,1697647503.5627,1954578713.9022293,709549438.2818333,-0.36210473362037404,False
752,1075656,2022-01-08,1700587761.13277,1971975189.021173,699324514.9016885,-0.3880708056209852,False
752,1075656,2022-01-09,1827427826.71244,2007479374.616597,676489818.7499706,-0.26615559157543456,False
752,1075656,2022-01-10,1684502475.40658,2044131704.8178008,640656370.8483554,-0.5613449670921101,False
752,1075656,2022-01-11,925017323.87068,1964534454.3005772,707075336.3945566,-1.4701646018803207,False
752,1075656,2022-01-12,1329140091.02751,1941059178.5448794,723311983.345656,-0.8459960592481237,False
752,1075656,2022-01-13,937983386.48505,1756654936.2208273,610139255.540574,-1.3417781962093998,False
752,1075656,2022-01-14,903282727.87479,1603048016.0410821,522927362.77665585,-1.3381691951453005,False
752,1075656,2022-01-15,834242381.21387,1487552018.768015,499219565.89527607,-1.3086619239022235,False
752,1075656,2022-01-16,744539284.55823,1351825005.4773266,410908262.73112154,-1.4779107065960242,False
752,1075656,2022-01-17,759835217.13023,1318769024.1386735,439707310.04315317,-1.2711496812586296,False
752,1075656,2022-01-18,667887650.27673,1252107685.0039265,463693370.513492,-1.259927512183825,False
752,1075656,2022-01-20,433528399.93917,1163660274.5398421,494552308.89829004,-1.4763491373181143,False
752,1075656,2022-01-21,447472206.71356,1063792445.4217364,487362561.42872345,-1.26460316709886,False
752,1075656,2022-01-22,448983723.403,974602175.4103295,476577407.70109785,-1.102902578917441,False
752,1075656,2022-01-23,402559014.30314,881885836.35107,449997279.1368433,-1.0651771561093544,False
752,1075656,2022-01-24,445375453.60329,783167809.7004164,371330905.8908334,-0.90968015518868,False
752,1075656,2022-01-25,330682535.89375,686466385.4495,284733177.2276879,-1.2495342236540496,False
752,1075656,2022-01-26,241588673.4439,637650053.2761586,298920611.68682855,-1.324971796348396,False
752,1075656,2022-01-27,199132180.03218,556935202.4907779,245658761.1534355,-1.456504220645802,False
752,1075656,2022-01-28,311551558.01437,512190071.8857293,227276955.84899864,-0.8827930360201685,False
752,1075656,2022-01-29,224171510.5662,463682127.7922586,209132186.3381331,-1.1452594716281908,False
752,1075656,2022-01-30,274038325.29574,423667552.36953497,184975064.98801747,-0.80891566159735,False
752,1075656,2022-01-31,161476544.52093,382020213.7954421,172383185.7340809,-1.2793804009094238,False
752,1075656,2022-02-01,179163830.71846,340543686.1946014,141592540.55604038,-1.1397482864732518,False
752,1075656,2022-02-02,99162568.72819,299920466.0839914,120459743.32743238,-1.6665974192731214,False
752,1075656,2022-02-03,149353257.83207,279622241.64777,120156404.58319443,-1.084161799511101,False
752,1075656,2022-02-04,192601478.91536,261417189.66218427,111785291.39362761,-0.6156061310830662,False
752,1075656,2022-02-05,86448108.25381,235521788.5800993,106876038.02248009,-1.3948279060918543,False
752,1075656,2022-02-06,109322979.45297,214576357.51937285,100144160.33489472,-1.0510186286891046,False
752,1075656,2022-02-07,34338391.00515,185216567.33379143,86613476.89725351,-1.7419711312088633,False
752,1075656,2022-02-08,36896492.24228,164231849.930115,84214975.14643845,-1.512027492336322,False
752,1075656,2022-02-09,54990866.76018,150903435.16699216,85781730.08115943,-1.1181001865556661,False
752,1075656,2022-02-10,104367784.15745,144134549.74736857,85421431.93979895,-0.46553616214188887,False
752,1075656,2022-02-11,176224925.09992,134468361.68205073,71549831.10209124,0.5836011458683767,False
752,1075656,2022-02-12,147242612.17381,128973440.36830857,66936092.72000044,0.27293454193573835,False
752,1075656,2022-02-13,107443024.58649,117073776.03193356,52391306.10374932,-0.18382346541183753,False
752,1075656,2022-02-14,128071272.5805,114687685.1790457,50954480.05167183,0.26265771700314267,False
752,1075656,2022-02-15,134281374.55895,111481795.45336643,47906574.625235446,0.47591753916744417,False
752,1075656,2022-02-16,81635319.1106,110229849.05211,48478880.59295086,-0.5898347814917954,False
752,1075656,2022-02-17,147610704.54565,110105380.96022286,48372826.58737168,0.7753386814740815,False
752,1075656,2022-02-18,162146316.79999,107930012.23769642,44940555.775914475,1.2064004021808372,False
752,1075656,2022-02-19,150706429.54968,112519892.33025858,45850012.90529451,0.8328577201995039,False
752,1075656,2022-02-20,139128043.77766,114648825.49630785,46379063.8824406,0.5278075112382798,False
752,1075656,2022-02-21,138525417.21917,122090755.94016643,40485706.41202999,0.4059373723591532,False
752,1075656,2022-02-22,139980154.82112,129453874.69579785,32357560.386095468,0.32531130282137866,False
752,1075656,2022-02-23,72007980.7717,130669382.83947785,29542354.238088902,-1.985671202606657,False
752,1075656,2022-02-24,131786970.33133,132627896.13761213,28557005.18786863,-0.029447268743690552,False
752,1075656,2022-02-25,92876000.74618,126674401.54091643,27434997.260643963,-1.2319447482949413,False
752,1075656,2022-02-26,70658945.74247,121204139.65296356,30484012.529823378,-1.65808860828422,False
752,1075656,2022-02-27,81469919.77029,119348917.88037786,32131735.248690028,-1.178865623562367,False
752,1075656,2022-02-28,83302999.48829,116151184.08807716,33399563.64606626,-0.9834914296449487,False
752,1075656,2022-03-01,231826236.96236,123118674.25974928,45467039.8400224,2.3909091747583004,False
752,1075656,2022-03-02,177114836.04262,129938639.75489357,45924538.41773525,1.0272546641319713,False
752,1075656,2022-03-03,197174722.13426,133478926.72550857,49186255.138810836,1.2949917660735206,False
752,1075656,2022-03-04,113016413.82313,129969647.94144714,48734149.04747558,-0.347871758298308,False
752,1075656,2022-03-05,85553385.45709,125315859.07769072,49702814.062519595,-0.8000044740039218,False
752,1075656,2022-03-06,100517093.8696,122557934.08425784,49948067.36880466,-0.44127513587089395,False
752,1075656,2022-03-07,123206775.10272,121463745.36165428,49738718.57553889,0.03504372028440102,False
752,1075656,2022-03-08,212356202.08368,126633463.02326572,55265540.22441974,1.551106507098553,False
752,1075656,2022-03-09,118794975.55919,129975391.22237216,53079605.6512053,-0.21063486674431003,False
752,1075656,2022-03-10,237816256.31261,137548911.64960644,60415315.410794824,1.6596345476512748,False
752,1075656,2022-03-11,167350366.50673,142868509.20393142,59450314.3935995,0.4118036641608462,False
752,1075656,2022-03-12,129554840.31963,147075358.81658572,55926933.79762349,-0.3132751486136403,False
752,1075656,2022-03-13,137021228.235,151043309.42120788,52797342.64389069,-0.26558308589097884,False
752,1075656,2022-03-14,192768143.96441,158862248.3123593,50026595.254473016,0.6777574104249896,False
752,1075656,2022-03-15,169148588.99117,154385273.4572743,45603678.94801185,0.32373080142779415,False
752,1075656,2022-03-16,101740813.96371,149001414.73735213,47137315.73469206,-1.002615444622345,False
752,1075656,2022-03-17,218099527.27122,150496043.67570642,49074238.69203411,1.3775757993875348,False
752,1075656,2022-03-18,159858127.08241,153841880.33708358,47905237.36580129,0.1255864092559809,False
752,1075656,2022-03-19,129208275.49973,156960086.7687007,44411730.92374827,-0.6248756959421045,False
752,1075656,2022-03-20,101348134.96607,157019446.84702,44330968.83547147,-1.2558108551059806,False
752,1075656,2022-03-21,126542078.0369,157257682.77089,44143847.92289376,-0.6958071436735889,False
752,1075656,2022-03-22,188470360.4471,155551551.22542,42272434.23689617,0.778729917402009,False
752,1075656,2022-03-23,190281981.44642,160657765.9316507,41805954.65492737,0.7086123438465175,False
752,1075656,2022-03-24,262460112.90284,162418041.40238142,45647055.018867575,2.1916435016258458,False
752,1075656,2022-03-25,189037988.57375,163967157.2643114,46192069.19255039,0.5427518564914575,False
752,1075656,2022-03-26,181346308.35945,167666547.83858427,45289177.51376568,0.3020536311728727,False
752,1075656,2022-03-27,211555736.88118,172990441.31331143,45787751.39819805,0.8422622729926473,False
752,1075656,2022-03-28,323220190.02348,182308444.603245,60901562.18556533,2.313762412052435,False
752,1075656,2022-03-29,233300550.87427,186890727.59489498,62234083.07768131,0.7457300081282748,False
752,1075656,2022-03-30,206148065.08039,194348388.38894358,57306032.47015865,0.2059063624338493,False
752,1075656,2022-03-31,513936309.37948,215479587.11096212,103035727.35854505,2.896633332144532,False
752,1075656,2022-04-01,548790396.49928,243260463.4978814,134510555.4908071,2.2714197550264337,False
752,1075656,2022-04-02,350391112.58076,259059237.57509783,133065865.90937234,0.6863659164692613,False
752,1075656,2022-04-03,214544620.95827,267144700.860255,125997049.38170119,-0.4174707277678854,False
752,1075656,2022-04-04,334373571.75411,281989807.55434144,120270105.22021665,0.4355509966824504,False
752,1075656,2022-04-05,1007644542.24999,340502249.1116907,224968493.9115498,2.9654921075330556,False
752,1075656,2022-04-06,311370205.01366,349151407.9379221,221042275.48751637,-0.17092297317757138,False
752,1075656,2022-04-07,539963955.20966,368973110.95983785,225075950.77028337,0.7597028632540959,False
752,1075656,2022-04-08,443796966.90739,387170180.84081215,219642275.81300887,0.25781369209080096,False
752,1075656,2022-04-09,409701642.77503,403481276.1562107,211510129.94187394,0.029409308294258737,False
752,1075656,2022-04-10,400293439.56679,416962540.63375425,204225607.27589214,-0.08162101359035585,False
752,1075656,2022-04-11,397193917.81356,422246378.33304566,202563871.7222305,-0.12367684477239509,False
752,1075656,2022-04-12,548506964.96972,444761122.1970064,197398855.50257075,0.5255645606889676,False
752,1075656,2022-04-13,484764290.96583,464662281.1888236,185157164.56658483,0.10856728025653857,False
752,1075656,2022-04-14,1168988393.01027,511451715.73388,264383042.05235192,2.487060713773721,False
752,1075656,2022-04-15,673905002.6833,520388473.31845284,267834317.68348855,0.5731772190084481,False
752,1075656,2022-04-16,460058377.07398,528221849.3536829,264057021.1453891,-0.258139215477146,False
752,1075656,2022-04-17,428395184.18227,543496889.5839685,250345118.54318163,-0.4597721180724553,False
752,1075656,2022-04-18,463881958.18499,552747488.6147457,244344140.03561842,-0.36369004149967205,False
752,1075656,2022-04-19,452211626.19218,513073708.8963307,207047517.97105837,-0.29395224487867655,False
752,1075656,2022-04-20,650851626.51091,537322381.86042,201410267.90151438,0.563671583546096,False
752,1075656,2022-04-21,562281383.08529,538916483.8515364,201521070.81781182,0.11594271079909532,False
752,1075656,2022-04-22,488409886.64062,542103120.9753386,200249973.48663276,-0.26813104341460875,False
752,1075656,2022-04-23,966669463.62922,581886536.7506379,225639095.75871286,1.7053025566546751,False
752,1075656,2022-04-24,568771185.67981,593920661.4729965,219621614.6767238,-0.1145127533562927,False
752,1075656,2022-04-25,635486069.69008,610941529.4641764,212314684.70912015,0.11560453418250678,False
752,1075656,2022-04-26,546171192.96817,610774688.6069229,212368431.92265233,-0.30420479660688154,False
752,1075656,2022-04-27,719563951.4364,627546092.9262494,210917979.82195008,0.4362731834802755,False
752,1075656,2022-04-28,680222377.10605,592634234.6473764,144348515.61257023,0.6067824257629304,False
752,1075656,2022-04-29,585524433.88164,586321336.8758293,142440836.7083101,-0.005594624495370503,False
752,1075656,2022-04-30,564896077.8978,593809744.0775307,137978185.23749393,-0.20955244577223087,False
752,1075656,2022-05-01,592908836.51971,605560719.2444907,129555267.08541754,-0.09765625905768262,False
752,1075656,2022-05-02,479986626.88514,606711052.7230729,128265598.71592548,-0.9879845188934416,False
752,1075656,2022-05-03,620037068.46349,618698584.3138808,120311303.48059037,0.011125173702611771,False
752,1075656,2022-05-04,651305978.97627,618731038.0614064,120320704.78717987,0.27073429275934924,False
752,1075656,2022-05-05,845568734.97359,638965848.9105707,133225790.76323739,1.550772450885161,False
752,1075656,2022-05-06,730794592.71396,656279042.2015237,127794129.62466326,0.5830905592556692,False
752,1075656,2022-05-07,535915704.35573,625510916.5391314,94948993.57560796,-0.9436141322767857,False
752,1075656,2022-05-08,771985577.41042,640026230.234175,100951152.13627009,1.307160387809325,False
752,1075656,2022-05-09,607110849.7864,637999428.8124835,101333438.48045519,-0.30482118725341845,False
752,1075656,2022-05-10,697890223.23564,648836502.4030172,98839554.08321866,0.4962964603353204,False
752,1075656,2022-05-11,1825997730.8269,727867486.6451957,330531504.60123545,3.322316417330706,True
752,1075656,2022-05-12,1084716447.05917,756759920.2132757,343471898.7477689,0.9548278273755713,False
752,1075656,2022-05-13,850037905.51462,775653739.6156313,340591093.5398015,0.21839727259425845,False
752,1075656,2022-05-14,783826407.10017,791291620.2729435,335152571.8170989,-0.02227407396070179,False
752,1075656,2022-05-15,762938868.47128,803436622.5551986,330458578.5357098,-0.12255016729590613,False
752,1075656,2022-05-16,592391643.62972,811465552.3226684,323283030.21295154,-0.6776535982994254,False
752,1075656,2022-05-17,868566503.13019,829217654.7988614,318754627.50977397,0.1234455751708956,False
752,1075656,2022-05-18,1210486554.67537,869159124.4916543,329596207.37030846,1.0355927117821078,False
752,1075656,2022-05-19,854035722.90422,869763909.3438423,329557356.85677457,-0.04772518686772252,False
752,1075656,2022-05-20,929987843.47865,883991998.6841772,327388851.4700865,0.14049300881180266,False
752,1075656,2022-05-21,834461153.77958,905316673.6430235,312350246.47191566,-0.22684637090502288,False
752,1075656,2022-05-22,920059838.56649,915893406.5827428,309986207.12463754,0.013440701192463147,False
752,1075656,2022-05-23,571432969.93919,913344986.5936564,312853398.2931637,-1.0928825402563564,False
752,1075656,2022-05-24,788486303.97519,919816135.2179099,308966877.68393457,-0.42506119823325217,False
752,1075656,2022-05-25,1130112370.00885,870110038.0166208,181755665.7324261,1.4305046885030537,False
752,1075656,2022-05-26,889085907.01426,856136428.0134128,171200982.71344918,0.19246080529804566,False
752,1075656,2022-05-27,510773165.65388,831903232.3090744,194549621.2045783,-1.6506332146363352,False
752,1075656,2022-05-28,519358122.89143,813012640.5798787,211663978.68708268,-1.3873617963242495,False
752,1075656,2022-05-29,571227878.96489,799318998.4722793,221141894.05395764,-1.031424282961672,False
752,1075656,2022-05-30,608498908.79362,800469517.4125578,220021577.56145713,-0.8725081000990278,False
752,1075656,2022-05-31,563988911.7984,778713975.1745728,227694643.09415472,-0.9430395922287076,False
752,1075656,2022-06-01,1008625857.08744,764295353.9182922,203338372.12314233,1.2015956487601887,False
752,1075656,2022-06-02,675803774.3026,751564500.4467478,202866533.90563467,-0.37345107980889836,False
752,1075656,2022-06-03,425015138.09801,715495021.4909879,213325012.39391747,-1.3616775648257753,False
752,1075656,2022-06-04,443472132.42918,687567234.2516737,221970605.33182344,-1.0996730916582238,False
752,1075656,2022-06-05,429198943.05767,652505741.7153293,221187945.21628803,-1.009579425494004,False
752,1075656,2022-06-06,651988566.83494,658259712.9221686,219961071.90178174,-0.028510254260030538,False
752,1075656,2022-06-07,443399988.68189,633610690.4012185,223551241.1926956,-0.8508595197437157,False
752,1075656,2022-06-08,513211601.831,589546349.8170865,173310691.1842851,-0.4404503118905576,False
752,1075656,2022-06-09,516908311.84535,562962235.87645,150928936.52884164,-0.3051364774063672,False
752,1075656,2022-06-10,479940732.56707,560759919.2273922,151970401.6330881,-0.5318087324362617,False
752,1075656,2022-06-12,473946062.90197,557516200.6567165,153399997.89657846,-0.5447857816209947,False
752,1075656,2022-06-13,302570292.46063,538326373.0492693,167691150.36146393,-1.4058945870456439,False
752,1075656,2022-06-14,545408052.22015,533819883.2940214,166503830.38616753,0.0695970110672677,False
752,1075656,2022-06-15,325815465.06957,516807494.24196213,175128436.4544682,-1.0905826206131197,False
752,1075656,2022-06-16,371285934.65285,471283214.0680628,107053682.21782832,-0.9340853798166658,False
752,1075656,2022-06-17,201335563.88466,437392627.6096386,112300917.78756887,-2.102004759849869,False
752,1075656,2022-06-18,544337547.2252,445915656.83300924,115763842.82470807,0.8501954322751984,False
752,1075656,2022-06-19,255203550.25611,432467900.9635043,126506254.58073469,-1.4012299336098553,False
752,1075656,2022-06-20,220517464.00702,417562081.03131497,138633871.68391427,-1.4213309823270133,False
752,1075656,2022-06-21,371940151.7738,397558622.8126621,121330825.97972852,-0.21114560815025146,False
752,1075656,2022-06-22,413634624.64678,395432525.38158286,120725029.0390411,0.15077320262487412,False
752,1075656,2022-06-23,284824093.03726,379119131.8963157,119004028.1905565,-0.7923684625873735,False
752,1075656,2022-06-24,284013579.05398,362483793.8397893,114452001.65987423,-0.6856167969783982,False
752,1075656,2022-06-25,339224653.79965,352432645.3564021,109411321.95312871,-0.12071869090851792,False
752,1075656,2022-06-26,301303037.76604,340101000.70383567,104270594.54239757,-0.3720892079695581,False
752,1075656,2022-06-27,421091837.91487,348566825.3791386,105789420.20236093,0.6855601665743214,False
752,1075656,2022-06-28,417094671.77155,339401583.9185243,92096017.0274816,0.8436096409016465,False
752,1075656,2022-06-29,376865149.65741,343047989.9605128,92526329.24009813,0.3654868832972341,False
752,1075656,2022-06-30,686765240.66414,365582226.10417646,130540197.92477912,2.4604146436566467,False
752,1075656,2022-07-01,381492548.29246,378450582.133305,121682914.1190382,0.024999123181576346,False
752,1075656,2022-07-02,436326120.14965,370735480.1993371,113505433.34805152,0.5778634380363679,False
752,1075656,2022-07-03,341623112.59451,376908306.0806514,108999553.41968292,-0.32371869772972534,False
752,1075656,2022-07-04,341603541.5613,385557311.6202429,100074122.97188942,-0.43921214349577087,False
752,1075656,2022-07-05,321767167.26312,381973527.01233715,101487679.2283007,-0.593238117247518,False
752,1075656,2022-07-06,197185994.98158,366512910.60767996,112213503.61388262,-1.5089709364101123,False
752,1075656,2022-07-07,451853428.84821,378443577.4513193,111738528.88698931,0.6569788606321848,False
752,1075656,2022-07-08,392016563.30179,386158076.3261629,108395819.29877582,0.05404716725724576,False
752,1075656,2022-07-09,307166049.62044,383868176.02764785,109793190.3677345,-0.6986054977572516,False
752,1075656,2022-07-10,219437707.68596,378020652.45049924,116503795.8707278,-1.3611826428428333,False
752,1075656,2022-07-11,254533565.47828,366123632.9907428,120212355.21518496,-0.9282745297911523,False
752,1075656,2022-07-12,512563897.39227,372942863.3922228,125899475.19313835,1.1089882129044546,False
752,1075656,2022-07-13,390784653.43087,373937113.6617557,125987764.29377154,0.1337236188256355,False
752,1075656,2022-07-14,317238713.87856,347542361.7485,88555774.80493945,-0.3421984386302237,False
752,1075656,2022-07-15,233522228.04641,336973053.1594964,92915039.77510421,-1.1133916033774889,False
752,1075656,2022-07-16,248392763.67588,323549241.9827986,91013233.98565726,-0.8257752748217082,False
752,1075656,2022-07-17,229325178.72072,315527960.9918136,94190906.75663507,-0.915192190407714,False
752,1075656,2022-07-18,307833761.69997,313115833.85886145,93903738.6417651,-0.05624986007258031,False
752,1075656,2022-07-19,247506756.7103,307811518.81937426,95461898.36941089,-0.6317155130910102,False
752,1075656,2022-07-20,467082407.12327,327089833.97235215,98603605.71055456,1.4197510541537224,False
752,1075656,2022-07-21,308252567.76298,316832629.60912144,91865565.81875542,-0.09339801882970321,False
752,1075656,2022-07-22,312623926.01389,311161726.9457,89281546.79000153,0.016377393994184107,False
752,1075656,2022-07-23,214095258.34132,304513813.28290576,92989965.1612118,-0.9723474439938962,False
752,1075656,2022-07-24,304680570.23722,310602589.1794243,89724276.98505048,-0.06600241474435063,False
752,1075656,2022-07-25,202521954.85122,306887474.1346343,93232651.68681476,-1.119409535127209,False
752,1075656,2022-07-26,277492365.2196,290096650.40801495,72118754.68837653,-0.1747712539252481,False
752,1075656,2022-07-27,221465275.05929,278002409.0957593,68015210.07499221,-0.8312425114049132,False
752,1075656,2022-07-28,351075891.029,280419350.3207907,70086407.16481246,1.0081347235000377,False
752,1075656,2022-07-29,345835118.42033,288441699.6332136,70730380.5360683,0.8114394175760041,False
752,1075656,2022-07-30,281045513.56563,290774038.9110529,69840949.25451674,-0.13929543411516135,False
752,1075656,2022-07-31,286177417.13094,294834913.0832114,67610395.8964349,-0.128049774557346,False
752,1075656,2022-08-01,300787063.42366,294331577.4920464,67532365.12210892,0.09559099433199254,False
752,1075656,2022-08-02,286207254.64675,297095898.77322143,66248091.16392594,-0.16436162816417346,False
752,1075656,2022-08-03,435501842.0537,294840144.125395,60283993.72018006,2.3333175068196996,False
752,1075656,2022-08-04,281943771.33189,292960944.38031715,60243775.628026254,-0.18287653676377183,False
752,1075656,2022-08-05,311795500.27728,292901771.1134164,60223379.790075645,0.31372747975491644,False
752,1075656,2022-08-06,262615517.99259,296367503.94565,56628175.62453018,-0.5960281358320731,False
752,1075656,2022-08-07,307401686.07071,296561869.3623279,56663562.286196955,0.19130136318702065,False
752,1075656,2022-08-08,254090779.02426,300245356.80325925,51523113.30443784,-0.8958033554044532,False
752,1075656,2022-08-09,381612405.45662,307682502.53447497,55358098.37728191,1.3354848719385324,False
752,1075656,2022-08-10,286216153.84379,312307565.3047964,50051254.23858807,-0.5212938588238349,False
752,1075656,2022-08-11,236137952.32097,304097712.53993714,52566344.8707249,-1.2928378487433143,False
752,1075656,2022-08-12,245904681.92817,296959824.2190686,53243268.57887194,-0.9589032314060139,False
752,1075656,2022-08-13,127542195.07015,285995301.4693914,69955464.17959642,-2.2650568938038247,False
752,1075656,2022-08-14,136118799.1228,275276828.7545243,80609936.48349924,-1.7263135998154493,False
752,1075656,2022-08-15,221345974.1701,269602465.2364129,81467545.00695907,-0.5923400669823885,False
752,1075656,2022-08-16,252736293.21674,267211682.27712646,81433889.41391449,-0.177756326813896,False
752,1075656,2022-08-17,245240640.33135,253621596.43981573,65506723.80618142,-0.12794039484042824,False
752,1075656,2022-08-18,310060886.32274,255629961.796305,66858909.79221774,0.8141162441265335,False
752,1075656,2022-08-19,288891042.68776,253993929.1113393,65648093.87930175,0.5315784741683633,False
752,1075656,2022-08-20,246903801.99376,252871663.68285146,65623661.52881575,-0.09094069959005487,False
752,1075656,2022-08-21,241611357.02753,248172354.46548143,63747184.82260552,-0.10292215187555713,False
752,1075656,2022-08-22,230019939.07468,246453008.75479716,63899706.74444502,-0.2571697198210653,False
752,1075656,2022-08-23,181083889.68126,232129543.34227142,52779686.3153117,-0.9671458325094816,False
752,1075656,2022-08-24,176930941.02922,224323456.7126593,52243861.002079956,-0.9071403754319091,False
752,1075656,2022-08-25,265192452.19687,226398778.13236645,53315366.684214145,0.7276265076498059,False
752,1075656,2022-08-26,843053379.03699,269052256.49728215,173507884.04208905,3.3082134895983653,True
752,1075656,2022-08-27,204331579.32693,274537212.51562357,169865851.57227713,-0.41330045173218005,False
752,1075656,2022-08-28,193901831.65567,278664571.9822572,166920343.5149144,-0.5078035339593799,False
752,1075656,2022-08-29,324368752.06655,286023341.83200353,166469341.9542805,0.2303451781834865,False
752,1075656,2022-08-30,312299349.52053,290277845.85370284,166314237.61869222,0.13240901069044808,False
752,1075656,2022-08-31,208915382.17345,287683184.55671,167351031.83344445,-0.47067413639644246,False
752,1075656,2022-09-01,213325818.03586,280773536.82193285,168350055.01323396,-0.40063971930850156,False
752,1075656,2022-09-02,336383627.76977,284165864.3277907,169003439.02042863,0.30897456137367374,False
752,1075656,2022-09-03,257940627.70881,284954209.02172285,168841917.90248394,-0.15999333369640334,False
752,1075656,2022-09-04,241996089.50103,284981689.9126872,168834351.85772407,-0.25460221772806607,False
752,1075656,2022-09-05,261853530.39243,287255517.86395496,168250553.17584658,-0.15097714088925546,False
752,1075656,2022-09-06,478891801.24931,308527511.5473872,172565330.9589766,0.9872451711776509,False
752,1075656,2022-09-07,383800249.38366,323303890.71556145,169255351.73619875,0.3574265631634983,False
752,1075656,2022-09-08,350209165.88042,329376513.1215293,168533617.58507618,0.12361125962524583,False
752,1075656,2022-09-09,309092346.85184,291236439.3940186,81064435.44462848,0.22026807884226873,False
752,1075656,2022-09-10,226812677.84454,292842232.1452764,79416439.58143693,-0.8314343308355818,False
752,1075656,2022-09-11,228369402.13793,295304201.4654378,76597502.59251826,-0.8738509358925985,False
752,1075656,2022-09-12,182867116.49889,285196941.78203356,81637313.50975125,-1.2534687985650173,False
752,1075656,2022-09-13,367104524.50706,289111597.1382143,84307236.05817193,0.9251035974543234,False
752,1075656,2022-09-14,389661831.36854,302022057.7950064,84918797.16751066,1.0320420978250027,False
752,1075656,2022-09-15,344463707.13959,311389049.87384427,81548254.02276811,0.4055838799014799,False
752,1075656,2022-09-16,388311159.10064,315098159.25462073,83919012.06347635,0.8724244726646799,False
752,1075656,2022-09-17,233707913.55053,313367251.10045785,85425024.11924489,-0.9325058830388072,False
752,1075656,2022-09-18,356519241.58285,321547476.2491593,83527092.8413368,0.41868768736056733,False
752,1075656,2022-09-19,461640283.16285,335817958.58990353,89403859.90226692,1.4073477891277952,False
752,1075656,2022-09-20,479611755.80258,335869383.9151372,89492649.8013745,1.606191929800643,False
752,1075656,2022-09-21,342017209.20722,332884881.04539144,88462018.39384821,0.10323445392315007,False
752,1075656,2022-09-22,441883599.97007,339433054.9089379,93113728.1570605,1.100273258185116,False
752,1075656,2022-09-23,311008262.89113,339569906.0546015,93067101.87466276,-0.3068930114739862,False
752,1075656,2022-09-24,306628874.67868,345271062.97132576,87931435.36930484,-0.439458177048421,False
752,1075656,2022-09-25,382579414.48532,356286063.8532821,81591136.68136966,0.322257437529261,False
752,1075656,2022-09-26,387163158.17674,370878638.2588428,64712699.4241362,0.2516433414586234,False
752,1075656,2022-09-27,367655248.2368,370917975.66810995,64710396.09286418,-0.050420452173213164,False
752,1075656,2022-09-28,343951140.71105,367652926.3354321,64844957.1691497,-0.3655147086080331,False
752,1075656,2022-09-29,378968974.91962,370117588.31972,64550850.17636329,0.13712269591673226,False
752,1075656,2022-09-30,501212232.20849,378181950.68456644,73439081.94186324,1.6752698736255764,False
752,1075656,2022-10-01,248534228.9872,379240973.2157571,71270323.29174984,-1.8339575042125216,False
752,1075656,2022-10-02,219411135.55548,369447537.07094496,83075270.41287255,-1.8060296496154016,False
752,1075656,2022-10-03,222739929.24956,352383226.07713854,87119041.91270302,-1.4881166502896879,False
752,1075656,2022-10-04,369441654.89917,344513933.15546644,79374180.77192976,0.31405327905468094,False
752,1075656,2022-10-05,349153013.07637,345023633.4318343,79379825.84367068,0.052020517816051305,False
752,1075656,2022-10-06,556405612.08631,353203777.1544228,94575455.84436858,2.148568390368342,False
752,1075656,2022-10-07,505708380.96268,367110928.44524777,101923118.758367,1.3598235042827764,False
752,1075656,2022-10-08,357771355.31869,370763962.77667713,100495124.77551804,-0.12928594782094646,False
752,1075656,2022-10-09,288274103.58523,364027869.1409564,102776918.20831662,-0.7370698292605204,False
752,1075656,2022-10-10,339984957.22212,360657997.6441979,102733437.53965685,-0.20122991031131174,False
752,1075656,2022-10-11,211024759.00599,349470105.5562829,110172190.0661384,-1.2566269806126353,False
752,1075656,2022-10-12,399031206.43858,353404395.9653921,110940729.77702954,0.41127195183310367,False
752,1075656,2022-10-13,318780227.8337,349105199.74496925,111040018.39001025,-0.2730994856715319,False
752,1075656,2022-10-14,555740446.60416,353000072.20180285,117551203.04067488,1.7246984221182764,False
752,1075656,2022-10-15,425552277.5581,365644218.5282957,114941516.02077168,0.5212047056955295,False
752,1075656,2022-10-16,361888861.70914,375821198.9678429,107033485.94786038,-0.1301680229819833,False
752,1075656,2022-10-17,372150537.25428,386493385.25389427,97631659.92690457,-0.14690775523383073,False
752,1075656,2022-10-18,392342914.85082,388129189.53615505,97515768.65401846,0.04321070707666846,False
752,1075656,2022-10-19,333285737.0627,386995812.6780357,98094109.09731266,-0.547536198754336,False
752,1075656,2022-10-20,310230786.06334,369411896.53353786,86804987.80098122,-0.6817708517612266,False
752,1075656,2022-10-21,693102606.43206,382797198.35277927,118206791.59599453,2.6251064248477203,False
752,1075656,2022-10-22,413887875.27941,386805521.2071164,118244335.29289787,0.2290372219963778,False
752,1075656,2022-10-23,262704259.68029,384979103.785335,120066769.37974688,-1.018390390086323,False
752,1075656,2022-10-24,295781723.16193,381821729.92389286,121908071.21953471,-0.7057777709157592,False
752,1075656,2022-10-25,386692237.71018,394369406.97419214,111579019.7919144,-0.06880477421588252,False
752,1075656,2022-10-26,427431994.486,396398034.691865,111927929.16161945,0.2772673453944027,False
752,1075656,2022-10-27,420523128.1411,403665384.7138222,109783105.10589306,0.1535549883656269,False
752,1075656,2022-10-28,290952303.70392,384751945.93523353,104237027.23886463,-0.899868738738747,False
752,1075656,2022-10-29,258191445.76546,372797600.80718786,108699252.00268683,-1.0543417082474036,False
752,1075656,2022-10-30,252620723.16929,364992733.76862717,113365479.09459019,-0.9912365871587409,False
752,1075656,2022-10-31,226257135.47675,354571776.49880356,119211672.51551099,-1.0763597080257234,False
752,1075656,2022-11-01,244647708.04011,344022118.86946714,122111867.15468612,-0.8137981438239239,False
752,1075656,2022-11-02,251711019.24687,338195353.3111936,124584774.27750075,-0.6941806056628391,False
752,1075656,2022-11-03,198366296.93366,330205032.65907353,129986411.30501229,-1.0142501389322518,False
752,1075656,2022-11-04,187335540.63993,294078813.6739214,83251086.17292352,-1.2821847490646727,False
752,1075656,2022-11-05,254547849.12979,282697383.23466283,76205507.58807005,-0.3693897592945057,False
752,1075656,2022-11-06,116008505.00211,272219115.0433643,88292769.8515412,-1.7692344492523306,False
752,1075656,2022-11-07,181050604.0415,264024035.1061907,91213714.3489098,-0.9096596017053046,False
752,1075656,2022-11-08,420266327.90864,266422184.40608072,95047717.7156448,1.6185990279410638,False
752,1075656,2022-11-09,123776589.53383,244732512.62378284,89991586.3949947,-1.3440803516791917,False
752,1075656,2022-11-10,245090351.42499,232201600.00120357,74513688.89881705,0.17297159239140888,False
752,1075656,2022-11-11,251153926.06398,229358858.74120787,72840276.69679497,0.2992172505535134,False
752,1075656,2022-11-12,403297679.24614,239723589.70411354,86332801.92796025,1.894692236196847,False
752,1075656,2022-11-13,247931433.09425,239388640.41303927,86288000.28911836,0.09900325251004853,False
752,1075656,2022-11-14,362258621.79636,249103032.29301143,92152244.88668063,1.2279200538467154,False
752,1075656,2022-11-15,350142772.72653,256638394.05632713,95993071.40282792,0.9740742462319867,False
752,1075656,2022-11-16,196446679.69603,252690941.23126715,97338156.37621379,-0.5778233698802764,False
752,1075656,2022-11-17,329948799.80675,262089691.43648785,98039323.18799782,0.6921621464087137,False
752,1075656,2022-11-18,333167576.92191,272506265.4566293,97229715.35667233,0.6238968328021323,False
752,1075656,2022-11-19,318029699.26898,277040683.3237143,97806344.45443174,0.4190834058250956,False
752,1075656,2022-11-20,405602342.85344,297725957.45595217,91553037.64446743,1.178293895789779,False
752,1075656,2022-11-21,366102526.38906,310943951.9093493,86638801.45425004,0.6366497868606528,False
752,1075656,2022-11-22,316369980.39091,303522784.22951144,80807793.13202086,0.15898461848115691,False
752,1075656,2022-11-23,504097585.182,330688569.63295215,79652384.3472508,2.1770725003417053,False
752,1075656,2022-11-24,385293876.24165,340703107.1198564,76826047.9730307,0.5804121167009252,False
752,1075656,2022-11-25,351631000.10338,347880040.9798136,72381673.79378337,0.051821945072077165,False
752,1075656,2022-11-26,554084857.48654,358650553.7112707,90270381.72241725,2.1649881173232726,False
752,1075656,2022-11-27,672986766.85528,389011648.97991574,117531347.48875318,2.4161649121102644,False
752,1075656,2022-11-28,593151361.228,405503987.51074713,129117229.31656247,1.4533101020715793,False
752,1075656,2022-11-29,709976626.59926,431206405.64451355,151179081.1392066,1.8439735104491948,False
752,1075656,2022-11-30,603457136.01927,460278581.0961736,141378378.0807247,1.0127330421158447,False
752,1075656,2022-12-01,435090677.2385,467788715.19844145,136635659.34605062,-0.23930823122190004,False
752,1075656,2022-12-02,497286744.81954,479511512.905415,131126565.7938769,0.13555782389715462,False
752,1075656,2022-12-03,497451261.92443,492327338.8093757,122622094.34769364,0.04178629587360888,False
752,1075656,2022-12-04,549451256.81093,502602261.2349108,120809511.51460625,0.38779227718634585,False
752,1075656,2022-12-05,377175745.95676,503393205.48974645,119879769.82203852,-1.052867049380861,False
752,1075656,2022-12-07,719170796.57009,532164692.35968786,119877557.22972839,1.559975933210179,False
752,1075656,2022-12-08,762705084.9415,550636656.6282235,134279357.21618325,1.5793077410391274,False
752,1075656,2022-12-09,1077549991.96352,600083522.0369285,186149614.76702178,2.5649608274729525,False
752,1075656,2022-12-10,894032124.93934,638826459.5252115,186904899.84787667,1.3654305779133795,False
752,1075656,2022-12-11,780912917.72017,655028463.8276136,188815557.92958343,0.6667059392399411,False
752,1075656,2022-12-12,569395091.85602,647629058.4705236,190083210.69873807,-0.4115774682409813,False
752,1075656,2022-12-13,799414040.58844,662362106.9962692,193498784.35309875,0.708283176301908,False
752,1075656,2022-12-14,849495455.95862,672327737.6647949,199635145.81736967,0.8874575544724058,False
752,1075656,2022-12-15,851725391.23534,690061184.4659427,204025299.19126436,0.792373335121761,False
752,1075656,2022-12-16,1507878703.00047,766688900.591798,285919896.39326364,2.5922987933278177,False
752,1075656,2022-12-17,1000373658.77739,802623680.1602157,281029037.68836594,0.7036638642176894,False
752,1075656,2022-12-18,1018389100.52201,839833525.7743285,271852003.78937733,0.6568116926076474,False
752,1075656,2022-12-19,795294470.16268,857393755.2994535,259302386.24027205,-0.23948597634281577,False
752,1075656,2022-12-20,1214209462.78469,917181877.93002,235462539.19469815,1.261464290118205,False
752,1075656,2022-12-21,1637958926.51183,982809601.497287,296228483.5087298,2.2116351447859195,False
752,1075656,2022-12-22,2219583088.77557,1086872316.0568635,435918399.96014595,2.598446802938956,False
752,1075656,2022-12-23,1006636750.28959,1081807084.5087256,436446729.219938,-0.17223255253507733,False
752,1075656,2022-12-24,1944530026.07958,1156842648.8758857,488838612.06560653,1.611344435079076,False
752,1075656,2022-12-25,1044187884.16978,1175648003.6222866,478212891.64050215,-0.27489873600340337,False
752,1075656,2022-12-26,1807869996.31198,1264110496.797712,471947021.45125896,1.15216215973179,False
752,1075656,2022-12-27,1048031714.56252,1281868902.0815752,457575052.61145794,-0.5110357004484989,False
752,1075656,2022-12-28,1049496279.03256,1296154675.1582851,446013724.0642654,-0.5530287137312048,False
752,1075656,2022-12-29,1062436509.76035,1311205469.3386428,433234930.888902,-0.5742126080828112,False
752,1075656,2022-12-30,1113411432.24849,1283029235.7135015,432286415.71401334,-0.39237366083977293,False
752,1075656,2022-12-31,1159535772.54237,1294397958.1252859,426332939.42684495,-0.3163306728403916,False
752,1075656,2023-01-01,1100189609.65836,1300240851.635025,422805203.337387,-0.47315227059074194,False
752,1075656,2023-01-02,1077604981.93274,1320405888.1900291,403145154.24878263,-0.6022667113777478,False
752,1075656,2023-01-03,2165810023.80714,1388377356.8344898,460065796.64716053,1.6898293084127889,False
752,1075656,2023-01-04,1543292149.75828,1381615444.2092364,456799441.6717184,0.3539336759199315,False
752,1075656,2023-01-05,929959358.30584,1289499463.4613986,401503231.20802885,-0.8954849605413807,False
752,1075656,2023-01-06,895493771.70006,1281560679.276432,408563130.53592134,-0.9449381961361993,False
752,1075656,2023-01-07,1033185469.25518,1216464639.5032609,365097118.7830044,-0.502001141118325,False
752,1075656,2023-01-08,794458630.16956,1198626835.6461022,379959709.3926528,-1.06371332403266,False
752,1075656,2023-01-09,777289668.77199,1125013955.1075313,351621052.8764753,-0.9889177098212523,False
752,1075656,2023-01-10,1002816490.8809,1121784296.27313,352588850.54746455,-0.3374122727009338,False
752,1075656,2023-01-11,632679918.67994,1092011699.1050858,375984195.356195,-1.2216784271742862,False
752,1075656,2023-01-12,983763537.14727,1086392201.0612943,377046657.71025455,-0.2721908862348023,False
752,1075656,2023-01-13,668686706.0863,1054626149.1925665,392991980.74965125,-0.982054245407421,False
752,1075656,2023-01-14,886768563.49188,1035142777.1175314,394150574.0311408,-0.37644043520771,False
752,1075656,2023-01-15,682675746.53725,1005320358.3231665,404509334.2140715,-0.7976196950134377,False
752,1075656,2023-01-16,284000849.41614,948634348.8576949,446977192.22606635,-1.486951708053607,False
752,1075656,2023-01-17,503542795.31762,829900975.3941578,293057516.8699183,-1.1136318343316918,False
752,1075656,2023-01-18,695059187.45196,769312906.6579921,210189978.09890643,-0.3532695510872147,False
752,1075656,2023-01-19,519562198.23986,739998823.7961365,214633044.12302533,-1.0270395523530134,False
752,1075656,2023-01-20,785444144.04895,732138136.1067715,210475103.54135177,0.2532651465435936,False
752,1075656,2023-01-21,420759943.82784,688393455.7191042,206701851.93240476,-1.294780425957602,False
752,1075656,2023-01-22,568205556.94943,672232521.9176664,206616026.54729396,-0.5034796511509958,False
752,1075656,2023-01-23,566999173.44411,657211772.2513894,206034109.23339218,-0.4378527377963808,False
752,1075656,2023-01-24,654564233.0188,632336610.975525,180544531.2689808,0.12311434684310434,False
752,1075656,2023-01-25,791178080.26424,643657908.2315464,185469954.17640203,0.7953858223978745,False
752,1075656,2023-01-26,617350246.52663,617485530.3300722,157533561.2258621,-0.0008587617926580027,False
752,1075656,2023-01-27,765174108.79092,624377487.6661165,161993368.00494012,0.8691505267086603,False
752,1075656,2023-01-28,981644448.62527,631154336.6042157,175256232.5868923,1.9998724544491207,False
752,1075656,2023-01-29,585676469.04604,624225816.783415,174979873.815558,-0.22030732390405555,False
752,1075656,2023-01-30,710532179.59221,654692340.3674201,145901511.60120225,0.38272282865320123,False
752,1075656,2023-01-31,575413379.80231,659825953.5448979,141368116.57122576,-0.5971118225944404,False
752,1075656,2023-02-01,527577678.26208,647862988.6027635,145191896.12331358,-0.8284574659630002,False
752,1075656,2023-02-02,695003900.53533,660394538.7667258,140770282.96959043,0.2458570163994107,False
752,1075656,2023-02-03,769457456.39231,659252632.5055372,139738933.59140918,0.7886479526815854,False
752,1075656,2023-02-04,691816652.09317,678613825.9530607,121776679.51290298,0.10841834572037565,False
752,1075656,2023-02-05,674316806.85327,686193200.9461921,117607069.81175862,-0.1009836748074023,False
752,1075656,2023-02-06,509563836.97367,682090676.9125893,122964530.05866396,-1.4030618411391491,False
752,1075656,2023-02-07,760484595.98472,689656417.1244408,124390860.092084,0.5694001858966692,False
752,1075656,2023-02-08,452504403.80021,665465440.2341529,135559155.7570135,-1.5709823157623555,False
752,1075656,2023-02-09,235162629.01121,638166324.6973372,177872848.87672025,-2.2656841571444115,False
752,1075656,2023-02-10,414678459.31502,613130921.1633443,183207491.34603816,-1.0832115018347788,False
752,1075656,2023-02-11,354460546.37031,568332071.0022757,161568234.86392957,-1.3237226043354697,False
752,1075656,2023-02-12,540118205.68031,565077909.333295,161650803.32907346,-0.1544050703056165,False
752,1075656,2023-02-13,347661126.24272,539158548.37976,165578356.0367205,-1.1565365590087837,False
752,1075656,2023-02-14,316423644.73316,520659281.5891065,175393140.84860396,-1.1644448344319167,False
752,1075656,2023-02-15,238181766.4988,499988145.0345864,190884447.53633797,-1.3715437895271552,False
752,1075656,2023-02-16,340333662.7039,474654556.61805576,186496582.57380983,-0.7202324678576646,False
752,1075656,2023-02-17,201938408.94692,434117481.80052793,179017073.62725085,-1.2969660834533074,False
752,1075656,2023-02-18,195238879.79581,398647640.922145,173128021.55317655,-1.1749037463808691,False
752,1075656,2023-02-19,171839440.06465,362756400.4372436,163393576.02741474,-1.1684483871052609,False
752,1075656,2023-02-20,243304894.02924,343737904.51264143,160460726.8679336,-0.6259039980920833,False
752,1075656,2023-02-21,325498932.04145,312667499.945265,106647895.85539028,0.12031584864631431,False
752,1075656,2023-02-22,222643935.63132,296248895.07605857,101008359.22189909,-0.7287016640181267,False
752,1075656,2023-02-23,317943787.05265,302161834.9361614,99570079.16815494,0.15850094976660467,False
752,1075656,2023-02-24,294694752.378,293591570.15494573,94157022.31853886,0.01171640941789937,False
752,1075656,2023-02-25,295132558.97823,289353856.76979715,92527754.85865408,0.062453716911865326,False
752,1075656,2023-02-26,222984226.79231,266701429.7063686,59249359.11508098,-0.7378510682140201,False
752,1075656,2023-02-27,245369712.81375,259394900.17572787,54624240.654113755,-0.25675757125461546,False
752,1075656,2023-02-28,235940531.91345,253646106.40289143,52348424.80804816,-0.3382255445959347,False
752,1075656,2023-03-01,172454427.85165,248951296.49952358,56615446.407785386,-1.3511660421590217,False
752,1075656,2023-03-02,404798942.0683,253555959.31126642,66396202.93653782,2.277886024620914,False
752,1075656,2023-03-03,365296657.77306,265224405.65599075,70833173.5422075,1.4127879228429463,False
752,1075656,2023-03-04,435457103.96319,282382850.239375,80948619.42021988,1.8910051192989108,False
752,1075656,2023-03-05,408656899.56427,299298383.0607764,80815184.84005348,1.3531926793205022,False
752,1075656,2023-03-06,198095196.0211,296069118.91733783,84062725.43846959,-1.165485920010417,False
752,1075656,2023-03-07,185016079.01587,286034629.4155107,88544657.81688966,-1.1408768511878724,False
752,1075656,2023-03-08,165012964.45197,281918131.4741286,92948562.74831958,-1.2577404487545143,False
752,1075656,2023-03-09,176847663.52657,271839836.93655145,96329804.55967554,-0.9861140468849863,False
752,1075656,2023-03-10,188170820.49719,264230984.6593507,98566743.68748067,-0.7716615292001513,False
752,1075656,2023-03-11,201640312.99405,257552967.08905214,99474998.99192107,-0.562077453245746,False
752,1075656,2023-03-12,221563278.01609,257451470.7478936,99513700.72295734,-0.36063569610093255,False
752,1075656,2023-03-13,202958883.44111,254422125.792705,100549908.14941338,-0.5118178952000888,False
752,1075656,2023-03-14,233038656.70802,254214848.99231717,100593918.73402967,-0.2105116546884611,False
752,1075656,2023-03-15,263903166.6611,260746901.76442072,97806922.58329773,0.032270363010258644,False
752,1075656,2023-03-16,504677368.38467,267881075.07273287,111768667.5492517,2.1186285790478006,False
752,1075656,2023-03-17,424970032.76639,272143459.00082785,116794312.83456776,1.308510406512961,False
752,1075656,2023-03-18,525125859.44337,278548370.106555,128328388.10928415,1.9214570756302978,False
752,1075656,2023-03-19,510065307.14732,285791827.79105854,138681592.34552068,1.6171827534074699,False
752,1075656,2023-03-20,533098935.0212,309720666.29106575,150761515.293493,1.481666380808627,False
752,1075656,2023-03-21,185176068.89226,309732094.1393793,150751341.17073652,-0.8262349394693004,False
752,1075656,2023-03-22,416449484.29889,327691845.55701643,147117641.75790498,0.60331064093545,False
752,1075656,2023-03-23,173905745.20523,327481708.5340635,147351590.50492698,-1.0422416398939272,False
752,1075656,2023-03-24,212344677.45297,329208412.6023336,145726207.2464627,-0.8019404152316625,False
752,1075656,2023-03-25,173363691.63871,327188653.934095,147811340.8481274,-1.0406844387768357,False
752,1075656,2023-03-26,135645568.761,321051674.7015886,154180528.68324438,-1.2025260746218833,False
752,1075656,2023-03-27,208492005.19326,321446897.68388504,153861287.56893945,-0.7341345849586381,False
752,1075656,2023-03-28,154570057.43195,315841997.7355943,158683259.66015372,-1.0163135081106516,False
752,1075656,2023-03-29,123211345.49883,305792581.9382893,166488612.46585417,-1.0966590070951885,False
752,1075656,2023-03-30,128720974.37117,278938553.79446787,162206707.4851772,-0.9260873471402229,False
752,1075656,2023-03-31,193255373.21194,262387506.6834357,157925128.73773032,-0.43775258582378584,False
752,1075656,2023-04-01,134799838.7064,234507076.630795,141581511.02095702,-0.7042391143122935,False
752,1075656,2023-04-02,155163994.54591,209156982.87355143,118307103.67482083,-0.45637993535913685,False
752,1075656,2023-04-03,103567214.71417,178476145.70876357,75949293.88940747,-0.9863018753495087,False
752,1075656,2023-04-04,76299589.51158,170699254.32442927,80639881.93534075,-1.170632477965946,False
752,1075656,2023-04-05,100257638.57886,148114122.48728427,41103891.296252385,-1.1642811033024396,False
752,1075656,2023-04-06,101834188.1489,142966154.12611786,42125719.22280168,-0.9764098212702816,False
752,1075656,2023-04-07,137786410.87396,137640563.65618858,37092269.8848057,0.003932011123189716,False
752,1075656,2023-04-08,157152756.97968,136482639.75197214,36131902.688281514,0.572073865194254,False
752,1075656,2023-04-10,104752915.67762,134276021.67458785,37116856.53717841,-0.7954096534924984,False
752,1075656,2023-04-12,166527468.36986,131278554.75863072,32004747.007450595,1.1013651694551263,False
752,1075656,2023-04-14,71151567.14146,125320091.16645285,34963348.18169311,-1.5492945281869666,False
752,1075656,2023-04-15,115461513.31057,124766531.72443429,35060518.08081154,-0.26539877113101984,False
752,1075656,2023-04-17,66189528.70559,120299999.89117858,38347046.86113646,-1.4110727061078556,False
752,1075656,2023-04-19,87835363.98026,112769999.23177285,32879852.83052466,-0.7583560480040925,False
752,1075656,2023-04-21,127300663.5617,112234343.86429429,32552810.103458464,0.46282700785346453,False
752,1075656,2023-04-24,167219083.93013,113095421.67745285,33906996.2779085,1.5962387764775399,False
752,1075656,2023-04-27,103739474.2501,113107725.93001927,33903303.74243639,-0.276322677904488,False
752,1075656,2023-04-28,192603116.38601,121415120.7067643,38170811.38771311,1.8649851310774221,False
752,1075656,2023-05-01,118005910.45855,122682854.41245642,37705972.31616583,-0.12403721921530327,False
752,1075656,2023-05-03,128554484.83766,124591447.03308214,37242898.67859881,0.10641056268950326,False
752,1075656,2023-05-05,133508373.33341,124285872.92304286,37143725.81055519,0.24829228110838464,False
752,1075656,2023-05-08,83282059.24912,119009394.51371714,37361885.45184942,-0.9562508645512866,False
752,1075656,2023-05-11,82925998.7478,117450329.01873001,38442335.403793745,-0.8980809804682921,False
752,1075656,2023-05-12,103886108.09343,112975946.14184216,35848733.50352248,-0.25356092559083004,False
752,1075656,2023-05-15,65931255.36129,112603066.72897287,36341002.192442104,-1.2842741958665431,False
752,1075656,2023-05-17,79678587.36293,110047143.44699857,37368314.36031019,-0.8126819901816005,False
752,1075656,2023-05-19,113510731.41259,113427229.35464142,35171708.775103904,0.0023741257066156787,False
752,1075656,2023-05-22,119761282.62468,115707652.11495714,34411548.08631255,0.11779855121761351,False
752,1075656,2023-05-24,114800825.87496,114814806.56590427,34249395.656699136,-0.00040820255879565263,False
752,1075656,2023-05-26,106002553.99578,110442197.28487928,30775922.006295495,-0.14425703600987508,False
752,1075656,2023-05-29,105716461.01062,110583410.62491643,30747323.573002383,-0.15828856136830882,False
752,1075656,2023-05-31,130791508.52123,106168295.77743216,20936538.780797508,1.1760880344931541,False
752,1075656,2023-06-02,126172297.83317,106751609.16133356,21400341.37652137,0.9074943399334349,False
752,1075656,2023-06-05,97344255.6593,104522307.07716501,20563645.71577664,-0.3490651179794414,False
752,1075656,2023-06-07,113450897.07318,103089630.20143428,19030375.77237979,0.5444593945845149,False
752,1075656,2023-06-12,95400870.5053,103955259.57687572,18322546.821017385,-0.4668777302161492,False
752,1075656,2023-06-13,76397248.7347,103488920.29022571,18970572.198590655,-1.4280893202334926,False
752,1075656,2023-06-14,99363665.57129,103165888.68150142,19001767.125326965,-0.20009839532995496,False
752,1075656,2023-06-16,63788838.86244,103012858.93158355,19330484.65508908,-2.029127606938565,False
752,1075656,2023-06-19,42877540.45934,100384212.72418429,24546205.48265182,-2.3427927508179414,False
752,1075656,2023-06-21,57410638.32812,96377063.21815072,26721256.00163028,-1.458255737965811,False
752,1075656,2023-06-23,32344536.26441,90133009.90670286,30746906.981657114,-1.8794890060573608,False
752,1075656,2023-06-26,41682933.56717,84910303.31328928,32399994.314592667,-1.3341783126995816,False
752,1075656,2023-06-28,80850141.41554,83113702.41470072,31832842.546112783,-0.07110772454209036,False
752,1075656,2023-06-30,117990178.55274,83990396.52485214,32661447.32194667,1.0409759767455833,False
752,1075656,2023-07-03,96082476.04126,81511179.91914,30048467.16732693,0.4849264370451496,False
752,1075656,2023-07-05,77370732.15657,78025353.79938285,27160844.286186714,-0.02410166767701589,False
752,1075656,2023-07-07,55968962.03019,75069975.68301785,27148075.185847685,-0.7035862956054146,False
752,1075656,2023-07-10,96404302.01684,73852361.75042213,25634315.947978243,0.8797558831756739,False
752,1075656,2023-07-12,190075365.84972,80614825.703595,40139901.10928826,2.726975830062425,False
752,1075656,2023-07-14,60697332.46094,79493403.11261214,40484625.69973701,-0.46427675510889654,False
752,1075656,2023-07-17,117646422.80807,80799314.3438107,41458054.6672583,0.8887804495409545,False
752,1075656,2023-07-19,171538743.43172,88495736.09875928,47603339.30092789,1.744478613317407,False
752,1075656,2023-07-21,108378511.21133,93174376.86675857,45965591.080944,0.33077208379192624,False
752,1075656,2023-07-24,136790285.36354,98844351.65500285,46110306.045408495,0.8229382314480577,False
752,1075656,2023-07-26,195387376.01563,110490268.78009,48547859.74284938,1.7487301744140122,False
752,1075656,2023-07-28,184684050.42958,120704634.27026214,47997782.87841187,1.33296607306614,False
752,1075656,2023-07-31,163304281.69304,126594215.718655,47789572.471470706,0.7681605855817205,False
752,1075656,2023-08-02,271071290.74425,137528580.87519142,61278502.350526534,2.1792750270749903,False
752,1075656,2023-08-04,171261180.65023,142898488.3472607,60658006.66806718,0.4675836523639103,False
752,1075656,2023-08-07,87774088.83617,143641585.25294644,59851869.02561833,-0.9334294371469591,False
752,1075656,2023-08-09,169459053.42134,151748020.3523143,54511292.884883195,0.32490576047109737,False
752,1075656,2023-08-11,138160232.20901,154730586.79461214,52349722.405430004,-0.3165318520176788,False
752,1075656,2023-08-14,113754199.6668,149279074.92440358,52359820.046726294,-0.678475885247522,False
752,1075656,2023-08-16,89312067.94548,151322984.60187072,49092527.01442302,-1.2631437089839022,False
752,1075656,2023-08-18,152821011.95488,153835455.25521427,48127034.51150278,-0.021078450202283168,False
752,1075656,2023-08-21,104682625.3669,149060018.2505843,49531711.64082242,-0.895939013888426,False
752,1075656,2023-08-23,107148981.13689,148972194.67383856,49610419.18336253,-0.8430328593348088,False
752,1075656,2023-08-24,129084339.14745,148421769.94411784,49798365.998654425,-0.3883145643210532,False
752,1075656,2023-08-25,146982863.09769,144964304.73569357,47932123.24950218,0.04211285094735245,False
752,1075656,2023-08-26,124613710.62433,140673566.17817572,46777782.42285875,-0.3433222936621681,False
752,1075656,2023-08-27,158509017.78337,140331047.32748502,46616606.19446472,0.38994624319183974,False
752,1075656,2023-08-28,133374172.28624,130495538.86619857,27528264.269716837,0.10457010263477239,False
752,1075656,2023-08-29,163443117.65556,129937105.79515073,26704665.20930416,1.2546875835288676,False
752,1075656,2023-08-30,212743780.45155,138863512.3391064,31906719.773027807,2.3155081010520524,False
752,1075656,2023-08-31,172958430.74786,139113467.8624293,32177399.623939075,1.051824052937175,False
752,1075656,2023-09-01,133567310.01372,138785401.99133715,32211261.806194633,-0.16199588855018524,False
752,1075656,2023-09-02,174036505.71472,143091280.99476,32634173.85423396,0.9482459969166698,False
752,1075656,2023-09-03,203380482.36604,151239024.88194284,32413250.80461774,1.6086463464710192,False
752,1075656,2023-09-04,294924770.56019,161389293.3537507,50275199.7951257,2.656090433267376,False
752,1075656,2023-09-05,180679281.3344,166817625.92285785,47719264.45940675,0.29048342568930025,False
752,1075656,2023-09-06,203047641.15029,173667530.2095293,45317713.294864774,0.6483140653985721,False
752,1075656,2023-09-07,161282135.95463,175967372.83861357,43668087.27161143,-0.3362921941747249,False
752,1075656,2023-09-08,142125514.28318,175620419.35186288,43934574.00494746,-0.7623814689750043,False
752,1075656,2023-09-09,175958487.14624,179287903.38914213,41420296.13540184,-0.08038127569195444,False
752,1075656,2023-09-10,180190214.64508,180836560.30783573,40986684.00866154,-0.01576965003119399,False
752,1075656,2023-09-11,129989310.05515,180594784.43418643,41297004.60534449,-1.2254030252956234,False
752,1075656,2023-09-12,252887564.32737,186983673.48217282,45176039.74156953,1.458823996574329,False
752,1075656,2023-09-13,270048337.0499,191076856.09634072,50025352.47658021,1.5786291758869753,False
752,1075656,2023-09-14,300926034.0782,200217399.19136497,57580604.20532428,1.749002746267168,False
752,1075656,2023-09-15,261365138.62803,209345815.52095857,56317819.02305004,0.9236743185275108,False
752,1075656,2023-09-16,300155434.60764,218354310.44188142,60189160.43670484,1.3590673731324263,False
752,1075656,2023-09-17,301078706.78853,225332755.04348785,63870592.739625804,1.185928429595562,False
752,1075656,2023-09-18,296407330.1671,225438652.15826717,63995957.58049881,1.108955638636444,False
752,1075656,2023-09-19,191863899.48931,226237553.45504642,63461800.115484536,-0.5416432232175105,False
752,1075656,2023-09-20,238963439.29899,228802967.608525,63177550.906812094,0.16082408299511108,False
752,1075656,2023-09-21,279366280.59305,237237549.36841217,61325006.65860601,0.6869747517381758,False
752,1075656,2023-09-22,153316096.99483,238036876.7049586,60049594.72967617,-1.4108468190587145,False
752,1075656,2023-09-23,205010564.60886,240112025.0951457,58213217.652050644,-0.6029809363243335,False
752,1075656,2023-09-24,409426625.89382,256486054.47005573,70915665.06268601,2.156654263745143,False
752,1075656,2023-09-25,196976224.35069,261270834.06259426,63607502.024559885,-1.01080230578901,False
752,1075656,2023-09-26,255712274.01379,261472599.04019573,63583339.93836695,-0.09059487960194228,False
752,1075656,2023-09-27,304996804.34061,263968918.1323893,64623468.68818922,0.6348759520505141,False
752,1075656,2023-09-28,206409967.72712,257217770.5358836,65397963.74585898,-0.7769019079279935,False
752,1075656,2023-09-29,301116858.48729,260057179.09725928,66446436.20387118,0.6179365175289656,False
752,1075656,2023-09-30,293333005.50104,259569862.73250216,66154109.90259751,0.5103710535634026,False
752,1075656,2023-10-01,247751898.68572,255760805.01087284,65107199.525229156,-0.12301107071959651,False
752,1075656,2023-10-02,324918280.16251,257797301.43911642,66897666.11110985,1.0033381226172047,False
752,1075656,2023-10-03,322743104.29501,267145816.068095,66115335.216133654,0.8409136555863361,False
752,1075656,2023-10-04,86711897.94407,256270705.971315,81774779.04127195,-2.0734853706136973,False
752,1075656,2023-10-05,109240554.25876,244118868.37600857,90277183.45464465,-1.4940465459360677,False
752,1075656,2023-10-06,161350160.82655,244692730.07827428,89679134.56828052,-0.9293418101427856,False
752,1075656,2023-10-07,289467522.54004,250725369.93050146,89645079.0932877,0.4321726635906267,False
752,1075656,2023-10-08,169993391.26908,233622996.02873427,79279355.01199616,-0.8025999297046014,False
752,1075656,2023-10-09,89811409.83453,225968366.42043716,87804980.23007186,-1.5506746454374292,False
752,1075656,2023-10-10,137225337.84133,217505013.83668998,90389804.3760034,-0.8881496818093851,False
752,1075656,2023-10-11,158184813.50332,207018443.06259784,87941692.21545301,-0.5552955410459663,False
752,1075656,2023-10-12,109105341.58875,200068112.62414286,91755922.83522521,-0.9913558517496828,False
752,1075656,2023-10-13,134966998.12102,188200265.4551236,88363065.20370407,-0.6024379893497871,False
752,1075656,2023-10-14,79103933.96853,172898188.91708714,87299384.81743363,-1.0743976620763827,False
752,1075656,2023-10-15,109658730.16287,163034391.165455,85982736.12755023,-0.6207718363766119,False
752,1075656,2023-10-16,94949095.18383,146608020.80983502,73777762.37040655,-0.7001964273007858,False
752,1075656,2023-10-17,77529650.23639,129092774.09136215,55618436.59824002,-0.9270868979550535,False
752,1075656,2023-10-18,82168550.81214,128768249.29622428,55897300.06123918,-0.8336663565687651,False
752,1075656,2023-10-19,78407288.43583,126565873.16601501,57315318.84128222,-0.8402393235139446,False
752,1075656,2023-10-20,137136948.55168,124836358.00352429,56545093.58393566,0.21753594818791283,False
752,1075656,2023-10-21,101780066.09619,111430111.11467786,30980771.692044888,-0.3114849789544059,False
752,1075656,2023-10-22,114046501.71401,107433904.71788713,26063707.7320683,0.2537089912187302,False
752,1075656,2023-10-23,102074791.68306,108309860.56421073,25628326.8388035,-0.24328817563346702,False
752,1075656,2023-10-24,95806925.98031,105351402.57413785,24394559.12032337,-0.39125431809408073,False
752,1075656,2023-10-25,101513837.33045,101303475.70464715,19075127.422080293,0.0110280587462468,False
752,1075656,2023-10-26,95777105.50968,100351458.8418564,18988193.236347977,-0.24090513906399413,False
752,1075656,2023-10-27,88346561.44021,97021427.65037,16356141.553370468,-0.530373632549811,False
752,1075656,2023-10-28,134228273.45046,100958880.47050786,18237887.599681538,1.824191140454943,False
752,1075656,2023-10-29,122158569.27983,101851726.12171927,18987133.431369115,1.0695054749318442,False
752,1075656,2023-10-30,104529963.01896,102536073.82422855,18891626.27146664,0.10554354432381273,False
752,1075656,2023-10-31,40185517.83941,99868635.79587285,24498467.006073903,-2.4361980666653804,False
752,1075656,2023-11-01,152748164.90406,104910036.80243857,27636938.723613646,1.7309488789634802,False
752,1075656,2023-11-02,67964192.66152,104164101.38998784,28533670.824691016,-1.268673384188024,False
752,1075656,2023-11-03,86756687.9189,100565511.34478928,27201140.118824862,-0.5076560528553996,False
752,1075656,2023-11-04,105656444.95246,100842395.54880857,27234163.30585641,0.17676509278389405,False
752,1075656,2023-11-05,86301697.4168,98860623.81329358,27208871.68128391,-0.46157468577178973,False
752,1075656,2023-11-06,62517628.29041,96035112.14239,28853620.35388421,-1.161638762862143,False
752,1075656,2023-11-07,87034334.84923,95408498.49017,28954039.435772493,-0.2892226371217061,False
752,1075656,2023-11-08,162364080.70201,99754944.44528142,34058395.246794485,1.8382879111904502,False
752,1075656,2023-11-09,233345289.45017,109581243.29817358,49270397.350591905,2.5119352147970773,False
752,1075656,2023-11-10,121438847.72862,111944978.03306,48966162.88415675,0.1938863316290561,False
752,1075656,2023-11-11,153781838.07451,113341661.22049214,49920223.94802681,0.8100960623918904,False
752,1075656,2023-11-12,134176365.54286,114200075.23928,50186118.72049687,0.3980441367628882,False
752,1075656,2023-11-13,89511634.45807,113127337.48493072,50567777.79815062,-0.46701089221532704,False
752,1075656,2023-11-14,31405800.58967,112500214.82423499,51586146.43221923,-1.5720192308048764,False
752,1075656,2023-11-15,89122354.406,107955514.07437359,50560065.688756764,-0.3724908069603554,False
752,1075656,2023-11-16,167625384.26704,115074170.61762501,51503470.3674651,1.0203431589070504,False
752,1075656,2023-11-17,130650263.56461,118209426.02089001,50980399.13949526,0.24403177993327818,False
752,1075656,2023-11-18,115818886.9559,118935314.73542143,50860120.991752185,-0.06127448615442374,False
752,1075656,2023-11-19,107699564.50908,120463733.81344143,50120131.82989708,-0.2546715030136353,False
752,1075656,2023-11-20,204718164.22508,130620914.95163214,51852646.46288799,1.4289964799864325,False
752,1075656,2023-11-21,100530006.03894,131584891.46518286,51099995.19176221,-0.6077277563276404,False
752,1075656,2023-11-22,149066733.80671,130635080.97266142,50605069.65615001,0.36422542166797695,False
752,1075656,2023-11-24,180357563.98567,126850243.43948285,43864948.713329434,1.2198195168509942,False
752,1075656,2023-11-25,233260490.20484,134837503.61635572,52193756.84325068,1.885723361207168,False
752,1075656,2023-11-26,228594819.19814,140181287.9823293,57810172.96189866,1.5293766942036653,False
752,1075656,2023-11-27,193277578.5185,144402803.194875,59471951.7458835,0.821812196990962,False
752,1075656,2023-11-28,141461623.72445,148113516.71390215,57367042.38896281,-0.1159532148154103,False
752,1075656,2023-11-29,268866046.74214,165074962.86765,55272417.31673334,1.8778097451342692,False
752,1075656,2023-11-30,206758822.76891,173477567.750715,51661482.59368038,0.6442179617637651,False
752,1075656,2023-12-01,239131178.2787,178585124.4658336,54495407.579666965,1.111030387732287,False
752,1075656,2023-12-02,224394241.57233,185281122.89495644,53908581.88105244,0.7255453086055093,False
752,1075656,2023-12-03,297200111.71553,198236924.66350144,57599863.94881387,1.718114944507025,False
752,1075656,2023-12-04,294635735.89705,211589508.3340707,56657074.107828826,1.4657697890457082,False
752,1075656,2023-12-06,274730666.03327,216590401.32037,59043515.89519841,0.9847019411259035,False
752,1075656,2023-12-07,219924977.60582,225118613.57514715,48708438.999442354,-0.10662702554246528,False
752,1075656,2023-12-08,249794908.38682,232313483.18801212,43802846.24909572,0.3990933625498995,False
752,1075656,2023-12-09,289695949.50368,240123367.86787003,43573431.50636256,1.1376790838373931,False
752,1075656,2023-12-10,354624013.83306,248792190.98417142,53127995.69808126,1.9920161010837976,False
752,1075656,2023-12-11,580729537.75386,273944670.88100857,102885671.41534595,2.9818036141725837,False
752,1075656,2023-12-12,515348093.17077,296949707.641885,118311904.09169833,1.8459544473193,False
752,1075656,2023-12-13,831890845.55927,346266080.6300864,177570397.35477233,2.7348295220567747,False
752,1075656,2023-12-14,965130467.10122,395999253.5128779,240557225.40418747,2.3658870051900553,False
752,1075656,2023-12-15,728956425.11224,433299082.2516871,249283863.432241,1.1860268000897574,False
752,1075656,2023-12-16,544878303.18024,455138162.6017971,244308016.64518842,0.3673237653464874,False
752,1075656,2023-12-17,637334793.05148,484633916.2788793,239180677.317673,0.6384331647735397,False
752,1075656,2023-12-18,324161300.17302,486559715.4544143,237659138.71957532,-0.6833249340056538,False
752,1075656,2023-12-19,292750116.42238,486425028.3490807,237776778.57754415,-0.8145240804645654,False
752,1075656,2023-12-20,322736268.92289,489853999.9840536,234816827.24967483,-0.7116940170708955,False
752,1075656,2023-12-21,667601862.52384,521830920.3353408,225529044.36834812,0.6463510835013203,False
752,1075656,2023-12-22,851182569.57494,564787181.8487779,226996967.02703395,1.2616705477481298,False
752,1075656,2023-12-23,612260406.25812,587827500.1883807,212857054.35756856,0.1147855124815151,False
752,1075656,2023-12-24,690265238.78759,611801873.3994186,203255895.7260385,0.3860324204023556,False
752,1075656,2023-12-25,817071158.60818,628683417.7461557,210173673.0146941,0.8963431916082722,False
752,1075656,2023-12-26,722798360.60701,643501293.9916013,208877476.24154377,0.3796343581043192,False
752,1075656,2023-12-27,1006221538.69508,655953486.358445,225506601.38810682,1.5532496617862117,False
752,1075656,2023-12-28,807878384.48589,644721194.7430643,212461113.63761166,0.7679390687046755,False
752,1075656,2023-12-29,784086011.74988,648659022.3600386,214642154.77447122,0.6309431133513226,False
752,1075656,2023-12-30,792400549.11394,666339182.7838743,215628110.35963225,0.5846239904426936,False
752,1075656,2023-12-31,904953475.94129,685454802.9902893,224537318.27530554,0.9775598757346564,False
752,1075656,2024-01-01,781561467.14309,718126243.4881514,199842374.08810043,0.3174262913178423,False
752,1075656,2024-01-02,593800597.5269,739629849.2813313,163429357.62818027,-0.8923075625507187,False
752,1075656,2024-01-03,640865139.86484,762353340.0628994,116336457.07030389,-1.044283135807051,False
752,1075656,2024-01-04,615945851.5283,758663624.9917892,120323583.08667538,-1.1861163855192218,False
752,1075656,2024-01-05,609519198.68029,741401955.6421715,123326873.98171324,-1.0693756575832527,False
752,1075656,2024-01-06,529066100.25156,735459505.2131315,131745188.10860868,-1.5666105754953574,False
752,1075656,2024-01-07,614866581.10788,730073886.8074379,135229830.82799694,-0.851937068871244,False
752,1075656,2024-01-08,502942493.26332,707636124.9970906,145365373.44453633,-1.4081319841404372,False
752,1075656,2024-01-09,339414563.85187,680251568.0860093,175315676.3053456,-1.9441330713661156,False
752,1075656,2024-01-10,162138464.18413,619959919.9066557,198233783.81493253,-2.309502683709753,False
752,1075656,2024-01-11,188648863.74012,575729239.8533865,220869464.51600727,-1.7525300609637386,False
752,1075656,2024-01-12,221116442.64387,535517127.77438575,231031576.39034715,-1.3608559056849854,False
752,1075656,2024-01-13,135654028.58234,488606662.0221286,241306664.37597245,-1.4626725472026914,False
752,1075656,2024-01-14,166666631.21574,435871887.39887506,223321621.3223266,-1.2054598860115888,False
752,1075656,2024-01-15,199482461.58435,394294815.5732507,207646267.1914964,-0.9381933835065769,False
752,1075656,2024-01-16,175304029.57596,364402203.576755,206837931.98698094,-0.9142335362968985,False
752,1075656,2024-01-17,228674083.56594,334959985.2696907,193354922.70977336,-0.5496932801824049,False
752,1075656,2024-01-18,504927321.96948,327030090.3012036,182940745.5556817,0.972430888088459,False
752,1075656,2024-01-19,426560647.54146,313961622.3627157,167053736.2900858,0.6740287746885115,False
752,1075656,2024-01-20,302058117.3541,297746766.44146854,155162747.26339406,0.027785992376847948,False
752,1075656,2024-01-21,436761799.35792,285024996.3164714,132860716.6081857,1.1420742482439683,False
752,1075656,2024-01-22,375302443.15078,275907849.8798614,120567210.47187993,0.824391581109862,False
752,1075656,2024-01-23,332971751.35046,275447648.9869036,120318200.0031823,0.4780997584906932,False
752,1075656,2024-01-24,320173144.94218,286735840.4696214,116213190.42258371,0.28772383195892953,False
752,1075656,2024-01-25,347486401.79767,298081378.9023036,113625244.84925757,0.4348067452871961,False
752,1075656,2024-01-26,427383609.2691,312814747.94696283,116221111.06671952,0.9857835660886616,False
752,1075656,2024-01-27,296166680.9291,324279937.4003028,104751146.94778815,-0.2683813713773992,False
752,1075656,2024-01-28,310423557.95336,334548289.31013286,94673663.98526512,-0.25481987641808795,False
752,1075656,2024-01-29,311726012.95358,342565685.8365064,86779345.24773023,-0.35538033612592895,False
752,1075656,2024-01-30,394159183.79302,358198196.8520107,72939745.24242648,0.4930232045846527,False
752,1075656,2024-01-31,373537115.93079,368545556.3066429,62709660.84129064,0.07959793685984135,False
752,1075656,2024-02-01,1074879862.2894,409256452.04378,197723079.01466924,3.36644267104619,True
752,1075656,2024-02-02,322432334.8689,401818715.42431146,198976597.16517535,-0.3989734556044844,False
752,1075656,2024-02-03,357524382.8955,405780591.53441143,197383262.74361682,-0.2444797394072461,False
752,1075656,2024-02-04,240615595.26866,391770148.3851786,201924115.00344837,-0.748571081338835,False
752,1075656,2024-02-05,208280980.01287,379840043.8753279,207819824.50461695,-0.825518278977502,False
752,1075656,2024-02-06,319982577.92339,378912245.7733942,208073999.59523028,-0.28321495220277926,False
752,1075656,2024-02-07,224367616.2545,372068993.7242743,211698334.02280244,-0.6976974011229823,False
752,1075656,2024-02-08,113334654.76851,355343868.9364771,222750867.61552414,-1.0864568868287579,False
752,1075656,2024-02-09,286602494.77044,345288075.04371566,222426016.00890985,-0.2638431480556882,False
752,1075656,2024-02-10,214722943.80244,339470665.2489543,224861303.28766447,-0.5547762982006952,False
752,1075656,2024-02-11,234171845.66877,334024114.3714836,226536237.96430072,-0.44077834787054737,False
752,1075656,2024-02-12,169317535.16701,323852080.2438714,230772138.7752143,-0.6696412569430106,False
752,1075656,2024-02-13,104622805.44332,303170910.36175,236879647.39438224,-0.8381813596162028,False
752,1075656,2024-02-14,179617031.45224,289319475.7561393,238114979.059804,-0.4607120674938592,False
752,1075656,2024-02-15,244190788.41381,229984541.90788284,74795237.69729906,0.18993517426097006,False
752,1075656,2024-02-16,164492962.66397,218703158.17895928,71622426.88802207,-0.7568885594974896,False
752,1075656,2024-02-17,135578101.9964,202849852.40045217,62515780.59815021,-1.0760763084200005,False
752,1075656,2024-02-19,128682464.4667,194854628.7717407,64442291.65316677,-1.0268437482202564,False
752,1075656,2024-02-20,141669597.38479,190096672.869735,65819077.799279176,-0.7357604680002878,False
752,1075656,2024-02-21,151664919.77062,178073983.00168,54702681.23220204,-0.48277456673391855,False
752,1075656,2024-02-22,187080168.61071,175410593.88426644,53161353.269733295,0.2195123714634156,False
752,1075656,2024-02-23,146003980.0162,177744117.1162443,50895651.432609454,-0.6236316110831425,False
752,1075656,2024-02-24,108061099.45348,164991160.30789,43326507.44312689,-1.313977613569245,False
752,1075656,2024-02-25,97990895.17642,156653156.83460283,44242247.669552475,-1.3259331238397776,False
752,1075656,2024-02-26,97916296.03143,146920617.57479286,40724830.2988701,-1.2033032718302688,False
752,1075656,2024-02-27,91004002.14319,141326793.78737715,42740385.60093964,-1.1774061215554597,False
752,1075656,2024-02-28,121276711.405,142516358.49892572,41862999.489597976,-0.5073608521339541,False
752,1075656,2024-02-29,268328621.57714,148852900.6507043,53112927.818255745,2.2494659178884513,False
752,1075656,2024-03-01,108541347.61199,139163654.8791457,46321741.04366579,-0.6610785038992639,False
752,1075656,2024-03-02,95465413.91138,134233115.68253213,47085656.324128695,-0.8233441943398359,False
752,1075656,2024-03-03,139487057.51216,134512326.79080072,47105830.85084084,0.10560753587197336,False
752,1075656,2024-03-04,134459415.25191,134924966.13260144,47076127.062506,-0.009889319910987944,False
752,1075656,2024-03-05,111288833.2316,132754911.55023073,47440125.3573605,-0.4524878076718697,False
752,1075656,2024-03-06,124082195.04252,130784716.926795,47166346.93846547,-0.1421039007540546,False
752,1075656,2024-03-07,139224237.34437,127366436.12205644,44427207.792503856,0.26690403947272867,False
752,1075656,2024-03-08,75424102.24761,122325016.28144287,46121848.242442705,-1.016891469467896,False
752,1075656,2024-03-09,140056532.05639,124610404.32450785,46153380.45639412,0.33466947770977895,False
752,1075656,2024-03-10,122554761.52402,126364966.2064793,45526220.20048135,-0.08369253291137509,False
752,1075656,2024-03-11,137317432.30915,129179333.08345929,44845047.63053232,0.18147152596956942,False
752,1075656,2024-03-12,128910435.72528,131886935.48218001,43486601.582642704,-0.0684463639046022,False
752,1075656,2024-03-13,119232471.64804,131740918.35668285,43528380.51171636,-0.2873630160735249,False
752,1075656,2024-03-14,134527574.63438,122183700.7179143,19022573.404105395,0.6489066255253191,False
752,1075656,2024-03-15,130020783.87991,123717946.16562286,18701109.043207917,0.3370301568599368,False
752,1075656,2024-03-16,144576667.17661,127225892.827425,17565504.304844826,0.9877754744792263,False
752,1075656,2024-03-17,142242415.69311,127422704.12606429,17728134.426588327,0.8359430953332222,False
752,1075656,2024-03-18,115979396.86361,126102702.81261429,17851455.62326599,-0.5670857415016892,False
752,1075656,2024-03-19,151582079.49474,128980791.83141,18515167.247935627,1.220690440473875,False
752,1075656,2024-03-20,102385710.27579,127431042.91950071,19818845.82069427,-1.2637129765427149,False
752,1075656,2024-03-21,157424806.56335,128731083.57799928,21200710.054193333,1.3534321686398103,False
752,1075656,2024-03-22,112043022.94356,131346720.77056715,15650477.227134785,-1.2334255081716237,False
752,1075656,2024-03-23,267029311.71823,140416205.03212717,39580991.68261317,3.1988361408771993,True
752,1075656,2024-03-24,164397158.02224,143404947.63914284,39708081.450713985,0.5286634260875305,False
752,1075656,2024-03-25,142125933.42023,143748412.00421998,39672155.52127322,-0.04089716232131535,False
752,1075656,2024-03-26,121571353.1489,143224191.82019284,39930948.198447555,-0.5422570624590043,False
752,1075656,2024-03-27,127120611.13464,143787630.35495,39620824.2688646,-0.4206631115801276,False
752,1075656,2024-03-28,111485900.21763,142141796.4680393,40503804.8298459,-0.7568646051696358,False
752,1075656,2024-03-29,174256783.63809,145301510.7364807,41204869.95973375,0.7027148230271081,False
752,1075656,2024-03-30,162039604.30054,146548863.38819,41444859.5181469,0.3737674850982973,False
752,1075656,2024-03-31,75837647.51709,141805665.66133144,45570193.1588722,-1.447613309740776,False
752,1075656,2024-04-01,190301657.76944,147114398.58317643,46646510.80711736,0.9258411495093867,False
752,1075656,2024-04-02,113132624.4644,144368008.93815213,47487540.252964996,-0.6577595787729158,False
752,1075656,2024-04-03,168405626.56868,149083717.24478716,46259990.37489547,0.4176807899722027,False
752,1075656,2024-04-04,184850608.29674,151042703.08288643,47211306.656365715,0.7160976386425665,False
752,1075656,2024-04-05,82406707.23659,148925823.38953143,49693665.86362691,-1.3385833988478166,False
752,1075656,2024-04-06,85412276.06431,135953177.98568,39058603.78589393,-1.2939761543555977,False
752,1075656,2024-04-07,119086669.84481,132716714.544435,38391948.519087546,-0.355023519914559,False
752,1075656,2024-04-08,114200060.78996,130722009.35655858,38590424.70673308,-0.42813596098401857,False
752,1075656,2024-04-09,98101288.77569,129045576.18704358,39517184.514487766,-0.7830590106946713,False
752,1075656,2024-04-10,134685440.91551,129585921.17139144,39540551.04597324,0.12896936459457575,False
752,1075656,2024-04-11,121435340.99726,130296595.51279356,39278754.96188429,-0.22559916993632878,False
752,1075656,2024-04-12,140837206.9139,127909482.88963714,37370800.76009942,0.34593114841857225,False
752,1075656,2024-04-13,62567558.32618,120804336.74861144,39762212.67388527,-1.464626199252733,False
752,1075656,2024-04-14,98881018.2944,122450291.80413356,38204043.922455676,-0.6169313792428122,False
752,1075656,2024-04-15,93525042.14693,115537676.40252571,33441130.038278986,-0.6582503112304686,False
752,1075656,2024-04-16,128753109.86868,116653425.35997428,33614848.11994509,0.35995059283122194,False
752,1075656,2024-04-17,93952068.65096,111335314.08013713,30547016.905782513,-0.5690652374597831,False
752,1075656,2024-04-18,90726127.69293,104612136.89415072,22391598.12055005,-0.6201437309861656,False
752,1075656,2024-04-19,42069232.66841,101730888.71070929,27484679.859161884,-2.17072406693547,False
752,1075656,2024-04-20,80207347.64229,101359108.10913642,27756260.223165292,-0.7620536879530054,False
752,1075656,2024-04-21,88876106.86761,99201210.75362214,27444625.845559333,-0.37621587352347896,False
752,1075656,2024-04-22,63271067.85405,95563425.54391429,28652343.534919143,-1.1270407131098714,False
752,1075656,2024-04-23,114164292.39673,96710782.94541714,29080207.070415653,0.6001851846876619,False
752,1075656,2024-04-24,77073340.67721,92595632.92839572,27315861.576933827,-0.5682519735820126,False
752,1075656,2024-04-25,72926307.18681,89130701.94193502,26438760.847884208,-0.6129029589683584,False
752,1075656,2024-04-26,56974625.34993,83140517.54450856,23113770.87864053,-1.1320477446957173,False
752,1075656,2024-04-27,60655240.21669,83003923.3938307,23249951.346575554,-0.9612356965397437,False
752,1075656,2024-04-28,67679281.55497,80775227.91244285,23105953.98520077,-0.5667779986864308,False
752,1075656,2024-04-29,52079689.05714,77814845.54888643,23985073.11322021,-1.0729655219421284,False
752,1075656,2024-04-30,87844296.70568,74892787.465815,19345112.103033952,0.6694977610304869,False
752,1075656,2024-05-01,92000378.55147,74753381.03013715,19203715.796139367,0.8981073092531451,False
752,1075656,2024-05-02,53758997.07038,72112871.699955,19379208.869901914,-0.9470910166039144,False
752,1075656,2024-05-03,64390262.52076,73707230.97512285,17549116.302106302,-0.530908126310873,False
752,1075656,2024-05-04,43678774.98659,71098047.21400143,19150770.566102397,-1.4317581703967883,False
752,1075656,2024-05-05,50567669.1681,68361730.235465,19152001.626147576,-0.9290966769275636,False
752,1075656,2024-05-06,107050650.06218,71488843.25033143,21666001.608886205,1.6413645421895964,False
752,1075656,2024-05-07,105346480.83158,70858999.56710644,20422451.73659002,1.6887042608446388,False
752,1075656,2024-05-08,77703312.85798,70903997.58001857,20437885.62680764,0.3326819320802449,False
752,1075656,2024-05-09,63549703.41403,70234240.16767715,20519988.477060217,-0.32575733466517054,False
752,1075656,2024-05-10,26373653.91215,68048456.49355,23460204.586401083,-1.776404055979852,False
752,1075656,2024-05-11,76833860.11296,69204072.20042643,23466478.53467236,0.32513561424481935,False
752,1075656,2024-05-12,65259849.15497,69031255.60042642,23487470.93742935,-0.16057098933739838,False
752,1075656,2024-05-13,82864156.30882,71230146.11840357,23217862.228617318,0.5010801630167679,False
752,1075656,2024-05-14,52687209.70365,68718925.61825857,23183916.735549804,-0.691501617154526,False
752,1075656,2024-05-15,120958601.4531,70787370.11123215,26478556.115602646,1.8947872808028288,False
752,1075656,2024-05-16,98583753.8841,73989138.45506929,26966697.57684928,0.9120366095604164,False
752,1075656,2024-05-17,84500753.09254,75425602.06733929,26951671.493433423,0.3367194137629573,False
752,1075656,2024-05-18,66352756.28148,77045172.15983142,25541575.685906235,-0.41862788771686715,False
752,1075656,2024-05-19,74549384.45221,78758151.82298215,24408270.590393957,-0.17243201869568517,False
752,1075656,2024-05-20,92036334.64722,77685700.72191358,23377619.664280664,0.613862066856754,False
752,1075656,2024-05-21,99278162.90709,77252249.44159284,22876181.200188424,0.9628317450692221,False
752,1075656,2024-05-22,70642207.67383,76747884.78558214,22943213.315335464,-0.2661212720221297,False
752,1075656,2024-05-23,132171867.38332,81649467.9262457,26896313.870289937,1.8784135142355727,False
752,1075656,2024-05-24,103538541.14669,87161245.58585572,22192778.29087349,0.7379560749980203,False
752,1075656,2024-05-25,123530139.3894,90496694.10560143,23959967.923568573,1.3786932181701606,False
752,1075656,2024-05-26,144305465.77,96142809.57810357,26711025.8185715,1.8031002073462175,False
752,1075656,2024-05-27,106086603.93883,97801555.83738999,26543522.99547913,0.31213068826060186,False
752,1075656,2024-05-28,133305202.12375,103559983.86739714,24682964.74903446,1.2050909831452246,False
752,1075656,2024-05-29,129186540.04379,104147693.76673214,25221185.510223527,0.9927703940367213,False
752,1075656,2024-05-30,109571315.26309,104932519.57951714,25205679.30869003,0.18403771732403043,False
752,1075656,2024-05-31,99157348.85644,105979419.27693857,24588604.352101915,-0.27744846038467436,False
752,1075656,2024-06-01,106928521.57367,108877688.22638072,21790650.652485054,-0.08944967655146331,False
752,1075656,2024-06-02,138623481.61013,113454409.45194642,20728932.641094927,1.214200103496218,False
752,1075656,2024-06-03,83222998.68236,112824885.45445643,21547101.34351194,-1.3738222278798482,False
752,1075656,2024-06-04,114839089.77311,113936380.23060071,21192988.55452117,0.042594726090044985,False
752,1075656,2024-06-05,122430217.65275,117635523.80052356,17198042.24771084,0.2787930034806513,False
752,1075656,2024-06-06,65746774.51835,112890874.31016858,21503162.159776397,-2.1924263715969117,False
752,1075656,2024-06-07,85466043.86134,111599981.64692928,22621200.595050324,-1.1552851793068653,False
752,1075656,2024-06-08,95034845.22735,109564603.49249713,22746799.76527061,-0.6387605472014969,False
752,1075656,2024-06-09,90299779.08489,105707054.44356072,20906929.393531393,-0.7369458741960327,False
752,1075656,2024-06-10,104473799.32447,105591854.11396357,20909120.42700992,-0.05347211009647724,False
752,1075656,2024-06-11,119533232.71007,104608142.01298644,19799517.957783304,0.753810811399902,False
752,1075656,2024-06-12,118248069.43412,103826822.68372428,18952725.35600271,0.7609062274428102,False
752,1075656,2024-06-13,96246128.17149,102875023.60575286,18976625.72941686,-0.3493189742361304,False
752,1075656,2024-06-14,68637052.81863,100695002.46019499,21073758.49124267,-1.5212260145662613,False
752,1075656,2024-06-15,97716550.23695,100037004.50757216,21007866.32731584,-0.11045644685985807,False
752,1075656,2024-06-16,78180790.01028,95719669.39329715,18532969.294378743,-0.9463610015442528,False
752,1075656,2024-06-18,60511521.51993,94097421.02455215,20590747.73981265,-1.6311160686837565,False
752,1075656,2024-06-19,94598416.51013,92651658.648625,19714298.934909083,0.09874852095591294,False
752,1075656,2024-06-20,74480042.78205,89226646.15786071,18254002.029920094,-0.8078559075231606,False
752,1075656,2024-06-21,87477958.93127,90778873.61592643,16983551.918694142,-0.19435950150233544,False
752,1075656,2024-06-22,70047044.36233,89677516.50885428,17833275.346496847,-1.1007777183444023,False
752,1075656,2024-06-23,67478015.66675,87709171.54024,18696379.214283265,-1.0820895127134689,False
752,1075656,2024-06-24,335342880.48089,105212250.21138285,68820247.25500059,3.3439378591129,True
752,1075656,2024-06-25,91020305.27122,104251286.35043643,68925199.86243507,-0.19196144669327905,False
752,1075656,2024-06-26,256590382.54671,114041082.76733927,80091669.61386421,1.7798267968020338,False
752,1075656,2024-06-27,235603117.0241,122423586.16662358,86454382.09761882,1.3091242816319162,False
752,1075656,2024-06-28,144884195.66486,125897733.84472144,86298643.46609658,0.22000880961237385,False
752,1075656,2024-06-29,106889561.08356,128630055.863645,84941125.81107391,-0.2559478058772168,False
752,1075656,2024-06-30,89083306.99448,128013395.63204,85213717.67543633,-0.4568523671955926,False
752,1075656,2024-07-01,109688008.69622,130263911.2524643,84206492.33894819,-0.24435054809577061,False
752,1075656,2024-07-02,104184525.19241,133383411.51478429,82208943.05358508,-0.35517895301660785,False
752,1075656,2024-07-03,104448852.80455,134087014.10724285,81893005.33274174,-0.36191322057688824,False
752,1075656,2024-07-04,105739338.40039,136319820.93712428,80558072.65580557,-0.37960792169635454,False
752,1075656,2024-07-05,104539266.74467,137538485.78093857,79888635.96609083,-0.41306524560358326,False
752,1075656,2024-07-06,121032824.09041,141180327.19008714,77707629.61946268,-0.2592731653035906,False
752,1075656,2024-07-07,188144981.84596,149799396.20288786,75566473.67510837,0.5074417764673751,False
752,1075656,2024-07-08,115167605.02988,134072590.81353,53740199.794398755,-0.3517848064573148,False
752,1075656,2024-07-09,141452562.13228,137674894.8750343,52303412.393289134,0.07222601899929552,False
752,1075656,2024-07-10,208064586.17441,134208766.56272714,44900770.18366154,1.6448675448012124,False
752,1075656,2024-07-11,158218634.83959,128681303.54954787,35166580.20844144,0.8399261774948468,False
752,1075656,2024-07-12,191244295.2554,131992739.23458643,38804266.67299678,1.5269340487767986,False
752,1075656,2024-07-13,223991224.12196,140357143.73732927,45088878.42325381,1.8548716071300169,False
752,1075656,2024-07-14,1809780577.59994,263264091.6377193,447152446.5438293,3.458588894941075,True
752,1075656,2024-07-15,187041292.65178,268789326.20597357,445583967.96933234,-0.18346269038077226,False
752,1075656,2024-07-16,138194348.40099,271218599.29230076,444709380.5734095,-0.2991262534642038,False
752,1075656,2024-07-17,203893822.42582,278321811.40810573,442630053.0077421,-0.16814942518370732,False
752,1075656,2024-07-18,356676182.46675,296245871.69856,440177815.4761542,0.13728613447458876,False
752,1075656,2024-07-19,142919802.25441,298987338.5206843,439009975.55769646,-0.3554988381938562,False
752,1075656,2024-07-20,166172975.91051,302211635.07926285,437766460.638763,-0.31075623968600347,False
752,1075656,2024-07-21,155992955.03391,299915061.73554504,438494629.763546,-0.3282186301329246,False
752,1075656,2024-07-22,155643696.03455,302806211.09302145,437314673.37047404,-0.3365140115794874,False
752,1075656,2024-07-23,186330543.1346,306011781.16461575,436204021.40488,-0.27436986400207636,False
752,1075656,2024-07-24,165922402.01328,303001625.1531064,437076463.50608546,-0.31362755624089517,False
752,1075656,2024-07-25,117816482.53253,300115757.13117355,438237789.4956768,-0.41598255323538663,False
752,1075656,2024-07-26,159772563.59364,297867776.2981907,438919403.04119724,-0.3146254454638202,False
752,1075656,2024-07-27,142519095.66641,292048338.55136573,440511459.4153789,-0.33944461531920694,False
752,1075656,2024-07-28,113275526.30921,170869406.31631356,59175355.2485265,-0.9732747655712246,False
752,1075656,2024-07-29,139639125.23645,167483537.21521857,59533893.19665839,-0.46770688902857577,False
752,1075656,2024-07-30,188407849.94824,171070215.897165,59144912.191207215,0.29313821609921187,False
752,1075656,2024-07-31,156622284.18877,167693677.4516614,58472418.03043683,-0.18934385879387414,False
752,1075656,2024-08-01,117257045.87084,150592310.55195358,23505121.896733467,-1.4182127975156864,False
752,1075656,2024-08-02,130288940.25586,149690106.1234857,24058172.54732285,-0.8064272475169624,False
752,1075656,2024-08-03,89054681.50965,144181656.5234243,28426032.4159337,-1.9393130285348532,False
752,1075656,2024-08-04,142027966.58704,143184157.34864786,28223984.194078974,-0.040964831671440965,False
752,1075656,2024-08-05,132282379.83842,141515491.90606716,28121083.134882182,-0.32833415495984747,False
752,1075656,2024-08-06,204268427.06605,142796769.32974213,30617865.27967155,2.0077055397170813,False
752,1075656,2024-08-07,221803490.89994,146788275.6787893,36868910.408121884,2.0346469258452933,False
752,1075656,2024-08-08,190548752.60153,151983437.82657498,37589763.14910805,1.0259525877291966,False
752,1075656,2024-08-09,136663459.06322,150332787.5029736,37728544.626359686,-0.36230733454275055,False
752,1075656,2024-08-10,120908509.82672,148789174.22871,38506878.49101922,-0.7240437421717388,False
752,1075656,2024-08-11,143216753.65709,150927833.32498714,37191742.868589975,-0.2073331087263854,False
752,1075656,2024-08-12,143869695.65547,151230016.92634574,37110063.48780062,-0.19833760923894184,False
752,1075656,2024-08-13,192563615.40447,151526857.31607643,37445427.011340305,1.0959084022720753,False
752,1075656,2024-08-14,228868677.35495,156687313.97080356,42797420.32513085,1.6865821078884329,False
752,1075656,2024-08-15,179973981.84075,161167095.11151144,41618795.805044755,0.4518844518552582,False
752,1075656,2024-08-16,137894280.94654,161710333.7322743,41232591.71361953,-0.5776026147264378,False
752,1075656,2024-08-17,149011852.87081,165992988.8295,35870791.39959834,-0.4733973044954936,False
752,1075656,2024-08-18,128526639.16924,165028608.29965714,36735711.43653626,-0.9936371912512725,False
752,1075656,2024-08-19,136259271.86468,165312672.01581857,36477487.24210761,-0.7964748218073784,False
752,1075656,2024-08-20,171932710.20621,163002977.95440143,34806586.934506215,0.25655294121802796,False
752,1075656,2024-08-21,149600957.92739,157845654.17064786,30507530.47008464,-0.27025118441961443,False
752,1075656,2024-08-22,162220063.74035,155822176.3948493,29077539.230023615,0.2200285001728983,False
752,1075656,2024-08-23,148567930.69011,156672495.79677,28645026.10538144,-0.28293097296697634,False
752,1075656,2024-08-24,156467737.08851,159212440.6011836,26743293.230616923,-0.10263147058984219,False
752,1075656,2024-08-25,148602126.65192,159597110.1008143,26533424.058080655,-0.41438238143809564,False
752,1075656,2024-08-26,134749322.91735,158945654.90523428,27056085.832908668,-0.8943027508603617,False
752,1075656,2024-08-27,74641588.64921,150522652.9941443,33397563.25775337,-2.2720539148112313,False
752,1075656,2024-08-28,13983372.5975,135173702.65432644,42703607.93335516,-2.8379412401397226,False
752,1075656,2024-08-29,9189301.53283,122974796.91804644,52248219.543693565,-2.177787039997816,False
752,1075656,2024-08-30,10189110.30991,113852999.01542999,60013788.88583982,-1.7273345114522398,False
752,1075656,2024-08-31,6711000.09371,103688652.38849428,65408997.775080904,-1.482634738239793,False
752,1075656,2024-09-01,11263848.22765,95312738.74980928,69371694.90179422,-1.2115732596867177,False
752,1075656,2024-09-02,16656028.86343,86769649.96400571,71279566.06970587,-0.9836426477682264,False
752,1075656,2024-09-04,8279136.35856,75080108.97488786,69639220.68270819,-0.9592435406577564,False
752,1075656,2024-09-05,38369967.57073,67135038.23512642,66769185.20678215,-0.4308135643008353,False
752,1075656,2024-09-07,16607650.81976,56734151.59794142,61988193.55034046,-0.6473248933378707,False
752,1075656,2024-09-08,18832666.94348,47467347.04461072,56673028.47787104,-0.505261159853344,False
752,1075656,2024-09-09,8918032.76205,36928082.44986357,47881036.28646644,-0.5849925536329839,False
752,1075656,2024-09-10,8560273.7232,26925092.954955004,35880700.30410955,-0.5118300110115636,False
752,1075656,2024-09-11,10959455.06019,18082959.53658643,18125186.481887307,-0.3930168930132126,False
752,1075656,2024-09-12,15186745.12573,13836184.999195,7979826.585043495,0.16924680156162053,False
752,1075656,2024-09-13,10385653.34719,13579205.052744286,8032478.222086773,-0.3975798772504642,False
752,1075656,2024-09-14,14066633.3372,13927585.895913571,7932582.989455489,0.01752864627716606,False
752,1075656,2024-09-15,4720987.01689,13537005.660697859,8258729.04093185,-1.0674788578380492,False
752,1075656,2024-09-16,15491344.51566,14164173.119408572,8030730.457683936,0.16526160394059392,False
752,1075656,2024-09-17,10146352.57882,14084352.001635,8067246.263362006,-0.4881466728863498,False
752,1075656,2024-09-18,5241375.70182,13269019.632948572,8358892.001087996,-0.9603717729674808,False
752,1075656,2024-09-19,4423524.82485,12993618.809112143,8596090.28316134,-0.9969757996899915,False
752,1075656,2024-09-20,6556889.26571,10721256.073039284,4688673.2838501325,-0.8881759412994733,False
752,1075656,2024-09-21,11705973.72465,10371136.280531427,4388721.512508967,0.3041517763918143,False
752,1075656,2024-09-22,5794587.8957,9439844.919975715,3798749.169336226,-0.9595940299771538,False
752,1075656,2024-09-23,13362039.41989,9757273.966964286,3935021.290517223,0.9160726681740265,False
752,1075656,2024-09-24,9972803.69916,9858168.965247143,3920049.3473257544,0.02924318643872703,False
752,1075656,2024-09-25,12954270.72759,10000655.798632856,3998624.855962051,0.7386576724128618,False
752,1075656,2024-09-26,16190899.00327,10072381.0756,4106360.6834376063,1.4900098650243097,False
752,1075656,2024-09-27,6117123.36202,9767486.076659286,4237679.385190153,-0.8614060628080026,False
752,1075656,2024-09-28,5935063.05451,9186659.627895715,4159648.7776510464,-0.7816997893802685,False
752,1075656,2024-09-29,10520845.55077,9600935.237458572,3964941.4941166323,0.23201106868195515,False
752,1075656,2024-09-30,10625577.35787,9253380.440473571,3605889.8716755984,0.3805432129736093,False
752,1075656,2024-10-01,7348199.38084,9053512.354903571,3630054.0054660263,-0.4697761993336084,False
752,1075656,2024-10-02,11200376.75127,9479155.287007142,3495546.9613748407,0.49240404528448417,False
752,1075656,2024-10-03,9580222.97524,9847490.869177857,3179216.7777820937,-0.08406721297070878,False
752,1075656,2024-10-04,1159181.44537,9461940.310582142,3862781.2183165215,-2.1494250893222095,False
752,1075656,2024-10-06,6665263.99703,9101889.615752142,3872435.3798749596,-0.6292230546661363,False
752,1075656,2024-10-07,4597257.05248,9016365.984093571,3963253.275235261,-1.1150205714145913,False
752,1075656,2024-10-08,2545609.49809,8243763.846822143,4102765.5759253204,-1.3888569169460785,False
752,1075656,2024-10-09,6015404.65528,7961092.486544999,4110795.09741065,-0.47331180104076936,False
752,1075656,2024-10-10,9593483.15062,7721036.231047143,3888922.7753048986,0.4814821552804051,False
752,1075656,2024-10-11,6167102.75073,7005050.784437142,3039580.0092482255,-0.2756788869375379,False
752,1075656,2024-10-12,5677757.93815,6973667.539875,3051696.989493077,-0.42465212181510387,False
752,1075656,2024-10-13,9635419.86289,7237978.740473571,3114424.123891928,0.7697863319336467,False
752,1075656,2024-10-14,11597835.02376,7314906.559972857,3213476.0830245973,1.332802346472096,False
752,1075656,2024-10-15,5656189.03824,6959950.251427857,3091806.2672094316,-0.42168269953233256,False
752,1075656,2024-10-16,8297546.29309,7027760.7451599995,3111325.564929112,0.40811722252503363,False
752,1075656,2024-10-17,3788018.25119,6498306.566582858,2974315.8351585926,-0.9112308394943347,False
752,1075656,2024-10-18,4459780.21358,6132560.655035714,2879500.6360763186,-0.5809272692973206,False
752,1075656,2024-10-19,3718330.53973,6315357.018918572,2607917.1472292286,-0.9958239976863424,False
752,1075656,2024-10-20,5775834.31965,6251826.327677143,2609570.518392758,-0.1824024316155701,False
752,1075656,2024-10-21,2664156.45128,6113747.713305715,2751153.79402854,-1.2538707467074917,False
752,1075656,2024-10-22,5472571.50472,6322816.428065,2563989.8896036167,-0.33161009206492825,False
752,1075656,2024-10-23,5257398.76565,6268673.150234285,2578940.537921079,-0.392127840760333,False
752,1075656,2024-10-24,6009062.78637,6012643.124216429,2394825.5539322747,-0.0014950307510082376,False
752,1075656,2024-10-25,2929944.49034,5781417.534188571,2531161.513572579,-1.1265472505639882,False
752,1075656,2024-10-26,4596860.79564,5704210.595437856,2550974.150229323,-0.4340889929042635,False
752,1075656,2024-10-27,5690332.58216,5422418.646814286,2287611.972193927,0.11711511331564328,False
752,1075656,2024-10-28,5726657.29824,5003048.809277142,1455118.0189698576,0.497285085834572,False
752,1075656,2024-10-29,5059996.35077,4960463.617315001,1443208.2775871966,0.06896629890552017,False
752,1075656,2024-10-30,3977347.37299,4651877.980165,1094542.3051520868,-0.6162672781124471,False
752,1075656,2024-10-31,3999923.45501,4667014.066152143,1083082.5242767595,-0.6159185437763391,False
752,1075656,2024-11-01,7071530.46699,4853567.6556814285,1255798.9389117474,1.7661766884678352,False
752,1075656,2024-11-02,8481484.0697,5193792.907822142,1538077.5153413499,2.1375328155344704,False
752,1075656,2024-11-03,6562519.91343,5249984.735949285,1574906.7828508052,0.8334049937259392,False
752,1075656,2024-11-04,3491140.23885,5309055.0064900005,1483304.1018622655,-1.2255846696288621,False
752,1075656,2024-11-05,1846020.52277,5050015.650636428,1745960.93272286,-1.8350898166259286,False
752,1075656,2024-11-06,3123434.30889,4897589.618010715,1818121.8266660825,-0.9758176174442668,False
752,1075656,2024-11-07,5386459.19387,4853117.932832143,1796327.5211698131,0.2969064687549469,False
752,1075656,2024-11-08,3732518.36431,4910444.638115714,1742223.1975306245,-0.6761052633642303,False
752,1075656,2024-11-09,3262822.40077,4815156.181339285,1796334.8895628012,-0.8641672494303654,False
752,1075656,2024-11-10,3951682.17687,4690966.866675715,1791268.980414934,-0.41271562109810284,False
752,1075656,2024-11-11,1751835.27076,4407051.00757,1924531.9938566864,-1.3796682753447256,False
752,1075656,2024-11-12,6048563.18777,4477662.924498571,1967976.785296918,0.7982310944965845,False
752,1075656,2024-11-13,1261243.97354,4283655.538823571,2146844.1105373423,-1.4078393258498307,False
752,1075656,2024-11-14,3291572.48801,4233059.041180714,2162336.7001149175,-0.4354023835051584,False
752,1075656,2024-11-15,2659338.37641,3917902.4632821428,2034571.3099007662,-0.618589321862367,False
752,1075656,2024-11-16,4510989.19498,3634295.686516429,1574133.7284416223,0.5569371220649021,False
752,1075656,2024-11-17,6266758.88083,3613169.8984735715,1533266.4502415976,1.7306770013380919,False
752,1075656,2024-11-18,9180734.50233,4019569.4887221428,2134558.388836804,2.4179076293248447,False
752,1075656,2024-11-20,3427932.69114,4132563.215034286,2050879.4837985176,-0.3435748075207283,False
752,1075656,2024-11-21,7423288.29113,4439695.6423371425,2204353.9491104567,1.3534998088654746,False
752,1075656,2024-11-22,3991367.33389,4340046.223767143,2189747.2507014964,-0.15923248208917345,False
752,1075656,2024-11-23,5130607.48845,4439909.732634285,2191788.6656435374,0.31512972333622175,False
752,1075656,2024-11-24,8544127.48896,4817145.810362143,2416576.6982482066,1.5422567308952253,False
752,1075656,2024-11-25,16366130.74277,5703892.136497857,3898121.0188812707,2.735225139144633,False
752,1075656,2024-11-26,8080113.20087,6155911.988648571,3769377.4535404486,0.5104824963639796,False
752,1075656,2024-11-27,9053604.68244,6370557.8096964285,3847544.297921235,0.6973400862969081,False
752,1075656,2024-11-28,10268256.10188,7013915.818863571,3676735.522456022,0.8851167735999036,False
752,1075656,2024-11-29,6156775.43899,7218573.172505,3530433.164005549,-0.30075565353864636,False
752,1075656,2024-11-30,13772096.26665,8012341.593236429,3672900.184728091,1.5681762051042432,False
752,1075656,2024-12-01,10201297.8469,8418792.211230714,3569009.5196351605,0.49943986584028527,False
752,1075656,2024-12-02,4120986.6039,8265522.762878572,3711756.5882588504,-1.1165969697713216,False
752,1075656,2024-12-03,7245855.32029,8127317.10701857,3711079.860834232,-0.23752164323686153,False
752,1075656,2024-12-04,16587434.20145,9067281.500612142,4077682.062543952,1.8442224247729222,False
752,1075656,2024-12-05,11698277.68497,9372637.885886429,4105075.797879742,0.5665278580933285,False
752,1075656,2024-12-06,13522226.4206,10053413.534937143,3930590.584468491,0.8825169681547801,False
752,1075656,2024-12-07,11997927.03173,10543936.359457145,3690138.488581962,0.39402062463828874,False
752,1075656,2024-12-08,8516268.45172,10541946.428225715,3691307.1796801966,-0.5487698199858875,False
752,1075656,2024-12-09,12780039.48381,10285797.052585715,3366167.5947874812,0.7409739298443206,False
752,1075656,2024-12-10,8945567.68513,10347615.230032858,3330301.0752708847,-0.420997235149022,False
752,1075656,2024-12-11,25620922.33919,11530995.062657857,5234323.006941752,2.6918337400741414,False
752,1075656,2024-12-12,27867796.41502,12788105.085025,6789968.82093074,2.2208778460823537,False
752,1075656,2024-12-13,19026463.98425,13707368.55254357,6693623.544509153,0.7946511177895178,False
752,1075656,2024-12-14,48347668.17382,16177052.260198573,11425394.090411387,2.8157117084145216,False
752,1075656,2024-12-15,20815603.70379,16935216.964262143,11350277.252471527,0.3418759430464928,False
752,1075656,2024-12-16,19621494.29489,18042396.085047144,10743957.392575512,0.14697547208573952,False
752,1075656,2024-12-17,23071659.95839,19172810.702054285,10345800.142417654,0.3768533320444189,False
752,1075656,2024-12-18,18018996.11861,19275065.12470857,10325335.831881603,-0.12164921573012667,False
752,1075656,2024-12-19,195472385.09315,32401787.08243571,48007771.42674385,3.3967541746766443,True
752,1075656,2024-12-20,22206408.17745,33022085.779353566,47800724.712334484,-0.22626597540084348,False
752,1075656,2024-12-21,30805234.94556,34365464.91605572,47427235.36828409,-0.07506720437844751,False
752,1075656,2024-12-22,36620043.55296,36372877.42328714,46840105.110702455,0.005276805615373989,False
752,1075656,2024-12-23,38764550.69373,38228913.938281424,46345533.93596486,0.011557462175075079,False
752,1075656,2024-12-24,30427676.78975,39763350.30289714,45651853.706901684,-0.20449713987705537,False
752,1075656,2024-12-25,37180021.32198,40589000.23023928,45480608.090847395,-0.07495455868685515,False
752,1075656,2024-12-26,39234389.88688,41400899.76394357,45337275.94443727,-0.04778650309115866,False
752,1075656,2024-12-27,36091231.41904,42619811.72357143,44916904.83819526,-0.14534795592103716,False
752,1075656,2024-12-28,43491114.16336,42272915.00853857,44888009.81670484,0.02713863144736897,False
752,1075656,2024-12-29,48376651.58103,44241561.28548428,44477060.60983734,0.09297130338310013,False
752,1075656,2024-12-30,34926022.36529,45334741.861941434,44011027.394645214,-0.2365025338608172,False
752,1075656,2024-12-31,58163978.57717,47841336.04899715,43643308.780745715,0.236522913054817,False
752,1075656,2025-01-01,55463018.45283,50515909.07287,42814600.78866931,0.11554724997620977,False
752,1075656,2025-01-02,51969861.38635,40265728.80809857,10186634.64348593,1.1489695064047376,False
752,1075656,2025-01-03,37130108.4453,41331707.39865929,8843783.29292921,-0.4750906726444278,False
752,1075656,2025-01-04,44989911.29298,42344898.56633215,8343429.394323811,0.3170174518942181,False
752,1075656,2025-01-05,41807013.12122,42715396.392636426,8183285.862671758,-0.11100470968025648,False
752,1075656,2025-01-06,41945036.83678,42942573.97428286,8108978.473988595,-0.12301637508382747,False
752,1075656,2025-01-07,45666247.45281,44031043.30735857,7280273.364597465,0.22460752001471568,False
752,1075656,2025-01-08,34990038.60684,43874615.97056286,7460107.413174824,-1.1909449652202555,False
752,1075656,2025-01-09,22005583.03259,42643986.90954214,9442181.410043584,-2.1857665067734464,False
752,1075656,2025-01-10,29553820.67527,42177028.99927286,9939716.05772032,-1.2699767529272865,False
752,1075656,2025-01-11,22467807.83044,40675364.26120715,11230213.50735855,-1.621301003657386,False
752,1075656,2025-01-12,31455206.30129,39466689.59836857,11248175.936658505,-0.7122473316734534,False
752,1075656,2025-01-13,23032080.0241,38617122.28828357,12038889.0142363,-1.2945581810542364,False
752,1075656,2025-01-14,27909016.27546,36456053.55244715,10924052.233248638,-0.7824053835053291,False
752,1075656,2025-01-15,12988633.16294,33422168.88888357,11135344.429821739,-1.83501604774974,False
752,1075656,2025-01-16,18758135.46732,31049902.751810003,10392958.299795028,-1.1827014917140988,False
752,1075656,2025-01-17,18552836.06902,29722954.724932853,10737186.525740724,-1.0403208167366975,False
752,1075656,2025-01-18,20134656.74731,27947579.400242146,10051641.113611218,-0.7772783135235937,False
752,1075656,2025-01-19,25887767.88427,26810490.45474571,9230045.756343368,-0.09996944704651824,False
752,1075656,2025-01-20,28282100.17783,25834566.40767786,8167928.996445174,0.2996516952115218,False
752,1075656,2025-01-21,15597935.84417,23686829.864203572,6289246.339574593,-1.2861467945904481,False
752,1075656,2025-01-22,19075463.28834,22550074.484310716,5474565.303877577,-0.6346825735204377,False
752,1075656,2025-01-23,18139311.79901,22273912.253340714,5600218.9991457565,-0.7382926372988975,False
752,1075656,2025-01-24,14195513.23278,21176890.293162856,5568641.254431761,-1.2536948855929226,False
752,1075656,2025-01-25,21431329.81202,21102856.148989998,5557036.337175331,0.05910950425725793,False
752,1075656,2025-01-26,13926316.18845,19850792.56950143,4991013.264745154,-1.1870287788854312,False
752,1075656,2025-01-27,17118321.58097,19428381.252135,4951150.166725393,-0.4665703106098345,False
752,1075656,2025-01-28,14585571.42652,18476706.620067857,4450865.048062198,-0.8742424565853703,False
752,1075656,2025-01-29,19467132.55115,18939456.57636857,4163917.0143779074,0.12672586244139317,False
752,1075656,2025-01-30,16976522.1642,18812198.48328857,4196978.52109078,-0.43738044163530404,False
752,1075656,2025-01-31,17361781.99034,18727123.191954285,4214674.757529297,-0.3239493626821799,False
752,1075656,2025-02-01,11460628.10404,18107549.717435,4610789.062634748,-1.4416017569011799,False
752,1075656,2025-02-02,12263449.3746,17134384.109601427,4267361.651412216,-1.1414394028191792,False
752,1075656,2025-02-03,14146282.3683,16124682.837492142,2870528.044229724,-0.6892113362797766,False
752,1075656,2025-02-04,16020768.98252,16154885.204517143,2866781.516424449,-0.046782854301508886,False
752,1075656,2025-02-05,14979800.52255,15862337.864103572,2752516.943769497,-0.3206292130376359,False
752,1075656,2025-02-06,30407714.73594,16738652.359598571,4756573.933053795,2.8737201541962945,False
752,1075656,2025-02-07,17623395.95986,16983501.12581857,4703524.4094292745,0.13604581975988433,False
752,1075656,2025-02-08,10880345.51552,16229859.390354287,4780686.389219761,-1.1189844803242492,False
752,1075656,2025-02-09,12312806.22482,16114608.678666428,4859293.606655543,-0.7823775967435433,False
752,1075656,2025-02-10,9271931.9919,15554152.279447142,5176743.645435933,-1.2135467231578774,False
752,1075656,2025-02-11,8055213.42093,15087698.136190714,5551386.483807238,-1.266797895584044,False
752,1075656,2025-02-12,6580030.17208,14167190.8234,5830759.88592985,-1.3012301654932668,False
752,1075656,2025-02-13,14126658.15335,13963629.108339284,5774613.327880775,0.028232027973818595,False
752,1075656,2025-02-14,16720285.11134,13917807.902696429,5748059.092317206,0.4875519133735649,False
752,1075656,2025-02-15,21484160.41997,14633774.496691426,6035521.944383152,1.1350113521919605,False
752,1075656,2025-02-16,22247708.97845,15346935.896966428,6317198.718169743,1.0923786617057547,False
752,1075656,2025-02-17,14283017.01745,15356702.657619998,6315305.0624573445,-0.17001326611326317,False
752,1075656,2025-02-18,14368589.13803,15238689.811585,6317377.865324614,-0.13773130119869603,False
752,1075656,2025-02-19,17475745.59629,15416971.60256643,6344669.6802832885,0.3244887594576311,False
752,1075656,2025-02-20,10877585.79431,14021962.392450001,4738969.115842981,-0.6635148955978522,False
752,1075656,2025-02-21,93400356.61394,19434602.43917,21785241.124773175,3.395223112341848,True
752,1075656,2025-02-22,11021017.39508,19444650.43056714,21781024.185757328,-0.38674182461058826,False
752,1075656,2025-02-23,15590911.61115,19678800.815305,21715980.859589774,-0.18824336006677714,False
752,1075656,2025-02-24,7794216.00733,19573249.67355,21773968.55061979,-0.5409686175873857,False
752,1075656,2025-02-25,4603814.64557,19326721.18959571,21933364.36642828,-0.6712561875168106,False
752,1075656,2025-02-26,11312661.01653,19664766.249913573,21757561.5992354,-0.3838713816936674,False
752,1075656,2025-02-27,14361755.29128,19681558.902622856,21753048.705362536,-0.24455439250827518,False
752,1075656,2025-02-28,10241882.8518,19218815.884084284,21889367.228744842,-0.4101047297747323,False
752,1075656,2025-03-01,9270910.73317,18346440.906455714,22035027.47790448,-0.41186833927873057,False
752,1075656,2025-03-03,22353158.62349,18353973.02395857,22036481.58327701,0.181480223347738,False
752,1075656,2025-03-04,6783656.56418,17818304.42015357,22233320.68979845,-0.49631128025948523,False
752,1075656,2025-03-05,16644053.8834,17980837.616251428,22214471.41959862,-0.06017625662126065,False
752,1075656,2025-03-06,24441855.55758,18478416.899200715,22280206.92620415,0.26765634081098144,False
752,1075656,2025-03-07,11121789.44917,18495860.017405,22273893.209226657,-0.3310633888277955,False
752,1075656,2025-03-08,10873906.86985,12601113.607112857,5619883.718127656,-0.30733851871196716,False
752,1075656,2025-03-09,16907020.26412,13021542.383472856,5711996.095831203,0.6802311863418273,False
752,1075656,2025-03-10,12836377.63337,12824789.95648857,5663923.339167025,0.002045874597436701,False
752,1075656,2025-03-11,11896911.1002,13117839.605979284,5486994.064642943,-0.22251318142417834,False
752,1075656,2025-03-12,9354167.6018,13457150.531424286,5049425.782444104,-0.8125642610471827,False
752,1075656,2025-03-13,8440564.04125,13252000.747475713,5199372.774163756,-0.9253879102753051,False
752,1075656,2025-03-14,5125482.54329,12592266.979762143,5616941.859829166,-1.3293326907783298,False
752,1075656,2025-03-15,13894618.45713,12853176.665857142,5584106.883059085,0.18650104897389347,False
752,1075656,2025-03-16,22789040.85756,13818757.389027858,6065064.956343105,1.4790086393305049,False
752,1075656,2025-03-17,19151232.80316,13590048.40186143,5771762.485256489,0.9635158091664682,False
752,1075656,2025-03-18,11892489.63408,13954965.04971143,5461491.66792441,-0.3776395792644787,False
752,1075656,2025-03-19,9980365.30712,13478987.294262858,5499350.052025736,-0.6361882684398512,False
752,1075656,2025-03-20,10911772.97575,12512552.824132143,4527584.12009396,-0.35356159177202046,False
752,1075656,2025-03-21,9421199.75903,12391082.131979287,4590147.498385108,-0.6470124051556387,False
752,1075656,2025-03-22,11194268.20232,12413965.08429857,4582794.870560113,-0.26614695102630614,False
752,1075656,2025-03-23,12493478.57767,12098712.106695,4398019.747756229,0.08976004966244215,False
752,1075656,2025-03-24,18487150.69234,12502338.753764285,4718545.283255003,1.2683595428901346,False
752,1075656,2025-03-25,18209139.57284,12953212.216095714,4952044.809276532,1.0613650641647063,False
752,1075656,2025-03-26,8164050.67404,12868203.864112858,5028208.86883035,-0.9355524626738758,False
752,1075656,2025-03-27,12660131.32154,13169601.526990715,4866249.777307797,-0.10469462702602468,False
752,1075656,2025-03-28,18017980.49053,14090494.237507856,4426939.823461124,0.887178595066492,False
752,1075656,2025-03-29,17506423.82845,14348480.335459288,4518932.5039789155,0.6988251075248739,False
752,1075656,2025-03-30,20582051.47482,14190838.236692144,4231168.191716353,1.5105079610497096,False
752,1075656,2025-03-31,12520065.44044,13717183.425069286,3997896.356636822,-0.29943697330771885,False
752,1075656,2025-04-01,16994004.26962,14081577.327607857,4050929.2875816626,0.7189527970632177,False
752,1075656,2025-04-02,12860160.08166,14287276.954360714,3896842.0404839786,-0.36622394694845495,False
752,1075656,2025-04-03,8392903.77558,14107357.725777144,4116629.760523876,-1.388138910376514,False
752,1075656,2025-04-04,17989624.54863,14719388.067891428,4001673.7925633546,0.8172171571845575,False
752,1075656,2025-04-05,14164511.9422,14931548.335025715,3877205.184844986,-0.19783229317444082,False
752,1075656,2025-04-06,14592092.4204,15081449.323792143,3815775.175567772,-0.12824573798935343,False
752,1075656,2025-04-07,12327082.7321,14641444.469489286,3747400.085193393,-0.6175913125832806,False
752,1075656,2025-04-08,22894754.86077,14976131.27577,4264158.016165442,1.8570192649945105,False
752,1075656,2025-04-09,14953294.24842,15461077.24536857,3789491.844623561,-0.13399764870031325,False
752,1075656,2025-04-10,20622717.06837,16029833.370142143,3931643.6952943327,1.1681841118321434,False
752,1075656,2025-04-11,13982386.17841,15741576.633562144,3922594.428845991,-0.4484762539342336,False
752,1075656,2025-04-12,27357650.58212,16445235.687395712,4999340.6884711385,2.1827708041360636,False
752,1075656,2025-04-13,16285524.85347,16138340.928727856,4855670.565614423,0.030311760806927678,False
752,1075656,2025-04-14,5899509.38525,15665444.067642856,5513053.670311167,-1.7714202085468993,False
752,1075656,2025-04-15,7343485.12104,14976121.271315712,5922294.875401419,-1.2887970475732797,False
752,1075656,2025-04-16,16724665.40334,15252157.365721429,5906123.729169538,0.24931886041365098,False
752,1075656,2025-04-17,14668027.33551,15700380.477145001,5574316.517103545,-0.18519815630624054,False
752,1075656,2025-04-18,9905023.72152,15122908.989494285,5735355.634245619,-0.9097753654225842,False
752,1075656,2025-04-19,12047916.27407,14971723.584627857,5790197.367389237,-0.504958143054834,False
752,1075656,2025-04-20,8151832.1685,14511704.995206429,6071669.215827268,-1.0474669486486334,False
752,1075656,2025-04-21,9550363.6504,14313367.917942142,6192667.991098572,-0.7691360612886969,False
752,1075656,2025-04-22,12505600.30645,13571285.44977643,5687077.060822318,-0.1873871466711474,False
752,1075656,2025-04-23,9059603.08184,13150307.509306429,5794036.7683245735,-0.7060197563518938,False
752,1075656,2025-04-24,17863867.90295,12953246.854633572,5562638.370196178,0.88278631856186,False
752,1075656,2025-04-25,11228971.99569,12756574.413010715,5572119.943486877,-0.274151029197836,False
752,1075656,2025-04-26,10297978.17968,11538026.384265,3676285.8410383607,-0.3373100618951739,False
752,1075656,2025-04-27,5808079.63146,10789637.439835714,3701853.5119390474,-1.3456928515159834,False
752,1075656,2025-04-28,5362419.84727,10751273.901408572,3758775.2328262147,-1.4336728642554943,False
752,1075656,2025-04-29,6292877.3441,10676230.488770002,3841619.4557813453,-1.1410170099158023,False
752,1075656,2025-04-30,4440617.71174,9798798.510798572,3755768.9582953937,-1.4266534652574725,False
752,1075656,2025-05-01,8285468.55374,9342901.454957856,3497761.8617474665,-0.30231700813661644,False
752,1075656,2025-05-02,9520172.46927,9315412.079797143,3494515.0295078675,0.058594794340230245,False
752,1075656,2025-05-03,8311891.77581,9048553.187064286,3411459.6611658544,-0.2159373067312,False
752,1075656,2025-05-04,6760014.53017,8949137.641469285,3459542.8060098295,-0.6327781542394549,False
752,1075656,2025-05-05,5599898.74919,8666961.577097142,3566196.8036580184,-0.8600374563627866,False
752,1075656,2025-05-06,7252594.85369,8291746.9019,3403902.246523064,-0.30528257656971425,False
752,1075656,2025-05-07,3084388.5823,7864945.866218572,3664821.39736211,-1.3044448188824573,False
752,1075656,2025-05-08,3004240.53504,6803543.911367857,2518819.6755409483,-1.508366562807601,False
752,1075656,2025-05-09,4882514.81559,6350225.5413607145,2213713.4948685444,-0.6630084377101703,False
752,1075656,2025-05-10,4906943.73262,5965151.652285,1924122.6086621042,-0.5499690689673886,False
752,1075656,2025-05-11,3736172.65468,5817158.296800715,2014682.0489259106,-1.0329102019994434,False
752,1075656,2025-05-12,9918967.66868,6142625.99833,2285427.291757725,1.6523569504788795,False
752,1075656,2025-05-13,7598764.61188,6235903.660314285,2318442.230010592,0.5878347685029393,False
752,1075656,2025-05-14,2552875.14514,6101064.905557143,2480142.2634461387,-1.4306396099580836,False
752,1075656,2025-05-15,9013678.81523,6153079.924235,2536475.386594316,1.1277849988664308,False
752,1075656,2025-05-16,11453684.81158,6291187.948685714,2775306.8080352717,1.860153568588326,False
752,1075656,2025-05-17,6802437.23772,6183369.767393571,2719525.5194044276,0.22763804417691336,False
752,1075656,2025-05-19,7548452.85696,6239686.790735714,2740468.486315141,0.4775701938408583,False
752,1075656,2025-05-20,6962466.5803,6337013.064386428,2740194.350979523,0.2282515164261957,False
752,1075656,2025-05-21,5483000.87195,6210613.494262143,2735521.563940178,-0.2659867982411764,False
752,1075656,2025-05-22,11185108.54615,6789236.348822856,2876497.256410168,1.5282031601216046,False
752,1075656,2025-05-23,10491078.07587,7324010.458882144,2813958.9691181695,1.1254846469848645,False
752,1075656,2025-05-24,3445332.10435,7221354.550936429,2933552.002188115,-1.2871844248098965,False
752,1075656,2025-05-25,7999104.72026,7442223.192910714,2861412.938175799,0.19461767294038573,False
752,1075656,2025-05-26,10993295.60488,7960589.117925,2794959.0814120057,1.0850629288722482,False
752,1075656,2025-05-27,10629354.81866,8011331.057209285,2839344.031282113,0.9220523235673347,False
752,1075656,2025-05-28,6784516.99753,7953170.513327143,2856731.233754577,-0.40908766704706473,False
752,1075656,2025-05-29,8512544.48208,8378861.180251428,2397187.5669268793,0.055766725838624916,False
752,1075656,2025-05-30,8355152.04221,8331823.553607143,2390223.680560165,0.009759960455830219,False
752,1075656,2025-05-31,5919781.47661,7936544.743966429,2289704.2923739264,-0.8807963867096055,False
752,1075656,2025-06-01,12007569.16403,8308339.88156,2503958.281125051,1.4773526022198358,False
752,1075656,2025-06-02,14267247.68469,8788253.797826428,2951065.0324490513,1.856615773159233,False
752,1075656,2025-06-03,8580406.10411,8903820.90667,2905391.8554952256,-0.1113153814168979,False
752,1075656,2025-06-04,9254163.42729,9173189.660622858,2733577.82817595,0.029621899121553212,False
752,1075656,2025-06-05,5900163.59613,8795693.592764286,2798511.3726142906,-1.0346679398802525,False
752,1075656,2025-06-06,10165840.95439,8772462.369801428,2784670.624431046,0.5003746483924871,False
752,1075656,2025-06-07,16992807.40506,9740139.176995,3124263.0431273994,2.3214012802216075,False
752,1075656,2025-06-08,9505190.01952,9847716.698370714,3085390.3071641843,-0.1110156721680811,False
752,1075656,2025-06-09,4529486.57656,9386016.053490715,3371168.5866933134,-1.4406071224383208,False
752,1075656,2025-06-10,4694636.99324,8962107.637389285,3570062.256378206,-1.1953490829256836,False
752,1075656,2025-06-11,7060981.80041,8981855.123309286,3557834.233781039,-0.5398996121463212,False
752,1075656,2025-06-12,3208597.8556,8603001.792846428,3879504.5957817226,-1.3904878326763401,False
752,1075656,2025-06-13,2388037.93324,8176779.356491429,4221540.506067442,-1.3712391045239327,False
752,1075656,2025-06-14,2852336.56903,7957676.148807144,4422510.7707422385,-1.1543984502089308,False
752,1075656,2025-06-15,4273119.66688,7405215.470439286,4360338.409088801,-0.7183148438732795,False
752,1075656,2025-06-16,5492077.12415,6778417.573257857,3904982.1954775644,-0.3294100676304218,False
752,1075656,2025-06-17,3796886.52134,6436737.60306,3944260.184415101,-0.6692892857704483,False
752,1075656,2025-06-18,4127412.5806,6070541.114010714,3900307.1363749737,-0.49819885087734345,False
752,1075656,2025-06-19,3852882.60905,5924306.7577907145,3945306.2938873093,-0.5250350655790886,False
752,1075656,2025-06-20,4560037.41533,5523892.219286428,3761921.7270356063,-0.2562134126899937,False
752,1075656,2025-06-21,6104244.31112,4746137.712576428,1846178.5903816156,0.7356312144551752,False
752,1075656,2025-06-22,5165015.67282,4436125.259240714,1255457.37380744,0.5805775877270701,False
752,1075656,2025-06-23,5364606.29817,4495776.667927143,1279837.6238077425,0.6788592662699944,False
752,1075656,2025-06-24,775628.76124,4215847.508498572,1617136.7574905588,-2.127351772398666,False
752,1075656,2025-06-25,10566914.80656,4466271.294652143,2242251.6922751893,2.720766599452356,False
752,1075656,2025-06-26,4428766.60596,4553426.205392143,2213130.8295557634,-0.05632726170877349,False
752,1075656,2025-06-27,2451283.47989,4557943.744438571,2208430.2961514285,-0.9539174807644102,False
752,1075656,2025-06-28,4230692.73634,4656397.756389285,2156661.050709201,-0.1973907860529569,False
752,1075656,2025-06-29,3179711.92898,4578297.203682142,2191131.2977144574,-0.6382936869921898,False
752,1075656,2025-06-30,3776269.90473,4455739.545152143,2184062.9298419077,-0.31110350857487684,False
752,1075656,2025-07-01,4364395.6336,4496275.910313572,2176146.083653546,-0.060602676311213834,False
752,1075656,2025-07-02,3374768.12334,4442515.591937857,2195173.206076642,-0.4864069339230891,False
752,1075656,2025-07-03,5146881.81993,4534944.107000714,2195678.8430542657,0.2787009197019266,False
752,1075656,2025-07-04,5591095.93532,4608591.144142857,2213802.2489875485,0.44380874200777337,False
752,1075656,2025-07-05,5903436.41012,4594247.722642858,2203995.1620018897,0.5940070604728578,False
752,1075656,2025-07-06,4240637.86787,4528220.736575001,2199422.3150576423,-0.13075381964443866,False
752,1075656,2025-07-07,2527117.04333,4325542.932657857,2246651.180557812,-0.8004918186192721,False
752,1075656,2025-07-08,2173741.46372,4425408.125692143,2103211.3905734904,-1.0705850453568402,False
752,1075656,2025-07-09,1249326.00382,3759866.0683535715,1349462.0611199087,-1.8604006269358124,False
752,1075656,2025-07-10,7694104.14668,3993104.464119286,1708414.0496453869,2.166336482264897,False
752,1075656,2025-07-11,2909938.09517,4025865.5080678575,1680746.9213404194,-0.6639473193310326,False
752,1075656,2025-07-12,7137100.06348,4233466.031435,1876131.1943598667,1.5476711014528577,False
752,1075656,2025-07-13,9172310.34952,4661508.775759286,2261296.166363345,1.9947858404655863,False
752,1075656,2025-07-14,3076286.78406,4611509.981425715,2289932.2658478445,-0.6704229728809469,False
752,1075656,2025-07-15,4461450.75638,4618442.490195714,2289273.4252605396,-0.06857710052605304,False
752,1075656,2025-07-16,5474459.17937,4768420.422769286,2270228.350435864,0.31099900433591227,False
752,1075656,2025-07-17,4819312.20264,4745022.592962857,2267714.3770521707,0.03275968544756171,False
752,1075656,2025-07-18,4231468.35806,4647906.337444286,2257785.2721859287,-0.18444534319293396,False
752,1075656,2025-07-19,3516930.71688,4477441.64507,2245759.4482279876,-0.4276998273113751,False
752,1075656,2025-07-20,6546423.65119,4642140.629592857,2310669.423926225,0.8241261176864658,False
752,1075656,2025-07-21,6820714.32021,4948826.14937,2293227.250121555,0.816268065339263,False
752,1075656,2025-07-22,5099491.82534,5157808.318057143,2149700.53991204,-0.027127728553079912,False
752,1075656,2025-07-23,10333179.58154,5806655.002180001,2247904.4393199114,2.013664148788046,False
752,1075656,2025-07-24,6158947.10943,5697000.928090715,2185323.000599531,0.21138576824229324,False
752,1075656,2025-07-25,5923934.0793,5912286.355528572,2032773.5131903754,0.005729966322292317,False
752,1075656,2025-07-26,7454095.67628,5934928.8993,2049165.2297084704,0.7413588494257872,False
752,1075656,2025-07-27,7948625.25966,5847522.821452857,1922646.2666310756,1.092817995006832,False
752,1075656,2025-07-28,2677030.92729,5819004.545969285,1969308.2786597454,-1.5954706800997263,False
752,1075656,2025-07-29,5912948.6856,5922682.969485001,1930158.6313021972,-0.0050432558895083975,False
752,1075656,2025-07-30,3471848.58403,5779639.355532142,2037171.5763223285,-1.1328406494205845,False
752,1075656,2025-07-31,11056927.55472,6225183.309252143,2451048.3643791038,1.9712969828287445,False
752,1075656,2025-08-01,6026921.44135,6353429.958058572,2384782.569019096,-0.13691332742459253,False
752,1075656,2025-08-02,10580576.86941,6857976.111810714,2483678.263052507,1.4988256784210492,False
752,1075656,2025-08-03,3041212.07178,6607603.856138571,2685940.106991409,-1.3278001899876237,False
752,1075656,2025-08-04,5222480.65575,6493444.308677143,2710042.036815219,-0.4689830030905172,False
752,1075656,2025-08-05,14757120.37049,7183274.919045,3454755.614998552,2.192295576151245,False
752,1075656,2025-08-06,16144827.28408,7598392.612083571,4142967.8724051043,2.0628773708146073,False
752,1075656,2025-08-07,7868876.28456,7720530.410307142,4122421.687184028,0.035985128526283966,False
752,1075656,2025-08-08,9322451.21896,7963281.634568571,4108528.5132535333,0.330816636663696,False
752,1075656,2025-08-09,4999367.64765,7787943.9182378575,4183623.7002591216,-0.6665456719769375,False
752,1075656,2025-08-10,8006848.62045,7792102.729722857,4183824.6496293084,0.051327650824508256,False
752,1075656,2025-08-11,12356914.60753,8483522.992597144,4071833.203682307,0.9512648041255733,False
752,1075656,2025-08-12,8777633.96891,8688143.369976427,4004134.4912936157,0.022349548729733156,False
752,1075656,2025-08-13,15033491.56385,9513975.011392143,4037668.321091312,1.3670059335052136,False
752,1075656,2025-08-14,7246153.74462,9241776.882099286,4054067.05923129,-0.49225212812776825,False
752,1075656,2025-08-15,5812137.56889,9226435.176923571,4067552.7657928984,-0.8393984797805109,False
752,1075656,2025-08-16,5628266.65622,8872698.733124286,4155127.6561827864,-0.7808260889594101,False
752,1075656,2025-08-17,10635489.76126,9415147.139515715,3817246.3656244962,0.31969186813139794,False
752,1075656,2025-08-18,10191280.92461,9770061.444434285,3623515.512708617,0.11624608165699526,False
752,1075656,2025-08-19,5459528.81311,9105947.761764284,3488701.7398536922,-1.0452079944235089,False
752,1075656,2025-08-20,18760888.85406,9292809.302477142,3936092.7429662663,2.405451337116526,False
752,1075656,2025-08-21,15086838.4318,9808378.027280001,4199162.662209288,1.257026895391298,False
752,1075656,2025-08-22,9678154.36757,9833785.395037858,4197071.943499128,-0.03708085769387774,False
752,1075656,2025-08-23,12462000.44161,10366830.59460643,4005365.31008093,0.5230908256308926,False
752,1075656,2025-08-24,7293489.19231,10315876.349739285,4042066.591003089,-0.74773314327789,False
752,1075656,2025-08-25,9267460.55378,10095201.060185716,4006240.349398428,-0.20661279259743048,False
752,1075656,2025-08-26,7375978.88518,9995082.839919286,4058868.3300373806,-0.6452793591151464,False
752,1075656,2025-08-27,11683819.23738,9755820.530885713,3831370.26485042,0.5032138825584265,False
752,1075656,2025-08-28,2965354.93,9450049.186984286,4200139.425113933,-1.5439235703010934,False
752,1075656,2025-08-29,10039527.93034,9752005.641373571,4068375.426270754,0.0706725065513395,False
752,1075656,2025-08-30,9412775.60622,10022327.709230715,3895348.700022508,-0.15648203792569168,False
752,1075656,2025-08-31,6508636.72628,9727552.492446428,4000117.325736769,-0.8047053383799302,False
752,1075656,2025-09-01,6728122.89342,9480184.061647143,4075603.3998614675,-0.6752524468697538,False
752,1075656,2025-09-02,3307470.62183,9326465.619412858,4274638.729658573,-1.4080710390381017,False
752,1075656,2025-09-03,9345824.03763,8653960.989667857,3307373.229127954,0.20918807767714917,False
752,1075656,2025-09-04,10084298.96991,8296636.74239,2788434.296026217,0.6410989242484886,False
752,1075656,2025-09-05,11378886.9354,8418117.640092142,2888502.7328098817,1.0250186927909453,False
752,1075656,2025-09-06,9219188.659,8186488.227048571,2660283.682992661,0.38819184531091144,False
752,1075656,2025-09-07,12608374.05581,8566122.860155713,2892168.9120178246,1.397653912555912,False
752,1075656,2025-09-08,8651696.43868,8522139.709077144,2885356.9067873554,0.04490145718129165,False
752,1075656,2025-09-09,5561841.20128,8392558.445941428,2979975.511031811,-0.9499129218284406,False
752,1075656,2025-09-10,11720790.4222,8395199.244857142,2983131.233860016,1.1147988193062888,False
